from_bus,to_bus,ckt,r_pu,x_pu,b_pu,rate_a_mva,rate_b_mva,rate_c_mva,status
10,30,2,0.000243,0.003789,0.08909,2141.65,2355.81,2634.22,1
10,1550,W,0.000393,0.006141,0.14439,2141.65,2355.81,2634.22,1
10,1750,R,0.000701,0.010936,0.25712,2141.65,2355.81,2634.22,1
10,1750,W,0.000701,0.010936,0.25712,2141.65,2355.81,2634.22,1
30,100,1,0.00018,0.00281,0.06608,2141.65,2355.81,2634.22,1
30,1550,2,0.000311,0.004855,0.11415,2141.65,2355.81,2634.22,1
30,1550,4,0.000232,0.003618,0.08506,2141.65,2355.81,2634.22,1
51,4127,1,0.00033,0.002954,0.00544,412.16,501.95,614.65,1
51,7511,M,0.007399,0.04564,0.0441,370.33,407.36,455.5,1
100,1550,1,0.000408,0.006372,0.14983,2141.65,2355.81,2634.22,1
100,1650,R,0.000401,0.006265,0.1473,2141.65,2355.81,2634.22,1
100,1650,W,0.000401,0.006265,0.1473,2141.65,2355.81,2634.22,1
210,1750,1,0.0003,0.0043,0.3989,2141.65,2355.81,2634.22,1
210,1750,2,0.0003,0.0043,0.3993,2141.65,2355.81,2634.22,1
220,230,@1,-0.0,0.0001,0.0,557.72,557.72,557.72,1
220,230,@2,-0.0,0.0001,0.0,557.72,557.72,557.72,1
220,295,3,0.0011,0.0107,1.3419,538.2,692.13,1266.58,1
220,295,4,0.0011,0.0107,1.35,538.2,692.13,1266.58,1
220,3291,1,0.0006,0.0045,0.2768,397.1,549.69,614.65,1
220,3291,2,0.0006,0.0045,0.2765,499.72,549.69,614.65,1
230,294,1,0.0011,0.011,1.3887,538.2,692.13,1266.58,1
230,294,2,0.0011,0.011,1.3924,538.2,692.13,1266.58,1
230,3281,M,0.004,0.0119,0.2852,564.41,721.69,832.48,1
230,3281,O,0.0043,0.0119,0.3185,564.41,721.69,832.48,1
230,4611,R,0.001,0.0068,0.0832,439.48,483.43,540.56,1
230,4611,W,0.0011,0.007,0.0834,439.48,483.43,540.56,1
230,40000,1,4.7e-05,0.00017,0.00427,317.9,384.6,384.5,1
233,20233,1,-0.0,0.0001,0.0,0.0,0.0,0.0,1
291,292,@1,-0.0,0.0001,0.0,557.72,557.72,557.72,1
291,292,@2,-0.0,0.0001,0.0,557.72,557.72,557.72,1
291,294,@1,-0.0,0.0001,0.0,1115.4,0.0,0.0,0
291,294,@2,-0.0,0.0001,0.0,1115.4,0.0,0.0,0
291,4759,R,7.4e-05,0.0006,0.07289,824.31,1003.9,1606.23,1
291,4759,W,0.0001,0.0007,0.0783,824.31,1003.9,1606.2,1
291,7635,1,0.001183,0.010293,0.49823,490.24,549.69,614.65,1
291,91851,1,0.0001,0.0007,0.0383,304.52,0.0,0.0,1
291,91852,1,0.0001,0.0007,0.0191,481.59,0.0,0.0,1
291,91853,1,0.0001,0.0007,0.0229,472.11,0.0,0.0,1
292,293,@1,-0.0,0.0001,0.0,557.72,557.72,557.72,1
292,293,@2,-0.0,0.0001,0.0,557.72,557.72,557.72,1
292,3341,R,0.000534,0.004823,0.47663,490.24,549.69,614.65,1
292,3341,W,0.000519,0.004727,0.4749,490.24,549.69,614.65,1
292,4705,1,0.001044,0.008487,0.9409,490.24,557.72,1194.64,1
292,40030,1,2.3e-05,0.000271,0.0074,555.2,557.7,27885.7,1
292,91861,1,0.0001,0.0007,0.0341,304.52,0.0,0.0,1
292,91862,1,0.0001,0.0006,0.0169,481.59,0.0,0.0,1
292,91863,1,0.0002,0.0008,0.0245,472.11,0.0,0.0,1
293,3371,1,0.0021,0.0114,1.252,567.0,0.0,0.0,1
293,3371,2,0.0021,0.0114,1.252,567.0,0.0,0.0,1
293,4757,1,0.00024,0.001278,0.1808,537.64,557.72,1266.58,1
293,4757,2,0.000225,0.001292,0.1791,537.64,557.72,1266.58,1
294,295,@1,-0.0,0.0001,0.0,1115.4,0.0,0.0,1
294,295,@2,-0.0,0.0001,0.0,1115.4,0.0,0.0,1
300,2030,1,0.000323,0.004811,0.14427,3267.44,3267.44,3594.19,1
300,2030,2,0.000323,0.004811,0.1147,3267.44,3267.44,3594.19,1
410,1501,W,0.0085,0.076,0.074,507.53,557.72,624.26,1
410,4001,W,0.0011,0.0101,0.0119,509.2,557.72,626.31,1
450,7501,O,0.000709,0.002818,0.00132,295.0,0.0,0.0,1
450,7502,M,0.0007,0.0028,0.0013,295.0,0.0,0.0,1
511,521,@1,-0.0,0.0001,0.0,1115.44,1115.44,1115.44,1
511,521,@2,-0.0,0.0001,0.0,1115.44,1115.44,1115.44,1
511,5683,1,0.000337,0.002934,0.13633,499.72,549.69,614.65,1
511,5789,1,0.000325,0.002546,0.07704,499.72,549.69,614.65,1
511,7686,R,0.0023,0.0145,0.0177,691.6,0.0,0.0,0
511,7687,W,0.00161,0.014422,0.01406,499.72,549.69,614.65,0
511,7709,1,0.000635,0.007409,0.20274,283.6,362.24,653.37,1
511,7710,1,0.0003,0.0035,0.0967,342.44,425.26,725.32,1
511,8400,1,0.000538,0.001341,0.02741,415.5,415.5,0.0,1
511,8400,2,0.000534,0.001243,0.02788,415.5,415.5,0.0,1
511,8403,1,0.00063,0.007414,0.23316,283.6,356.38,502.23,1
513,10513,1,-0.0,0.0001,0.0,0.0,0.0,0.0,1
513,20513,1,-0.0,0.0001,0.0,0.0,0.0,0.0,1
521,8410,1,0.0008,0.0071,0.2068,283.6,0.0,0.0,1
521,8410,2,0.0008,0.0071,0.2068,283.6,0.0,0.0,1
530,540,@1,-0.0,0.0001,0.0,3585.34,3585.34,3585.34,0
530,540,@2,-0.0,0.0001,0.0,3585.34,3585.34,3585.34,0
530,2130,R,0.001,0.0122,0.3228,3280.59,3621.2,3874.68,1
530,2150,N,0.0002,0.0029,0.069,3621.2,3621.2,3874.7,1
530,2150,S,0.0002,0.0029,0.069,2390.23,2390.23,3107.3,1
530,2170,W,0.0004,0.0043,0.1293,3280.59,3585.34,3874.68,1
530,90530,1,6.2e-05,0.000375,0.2964,2182.3,2400.53,2684.23,1
530,90540,1,0.0001,0.0004,0.3142,1152.2,0.0,0.0,1
540,550,@1,-0.0,0.0001,0.0,3585.34,0.0,0.0,1
540,550,@2,-0.0,0.0001,0.0,3585.34,0.0,0.0,1
540,2350,1,0.0001,0.0016,0.0385,3621.2,3621.2,3874.68,1
540,2480,1,0.0011,0.0131,0.3053,3621.0,0.0,0.0,1
550,2300,1,0.0002,0.0029,0.0673,3621.2,3621.2,3874.68,1
550,2350,2,0.0001,0.0016,0.0385,3621.2,3621.2,3874.68,1
600,601,@1,-0.0,0.0001,0.0,557.72,557.72,557.72,1
600,610,@1,-0.0,0.0001,0.0,836.58,836.58,836.58,1
600,3411,2,0.003997,0.026836,0.03511,439.48,483.43,540.56,1
600,8310,1,0.0004,0.0031,0.0625,283.6,362.24,653.37,1
601,628,@1,-0.0,0.0001,0.0,836.58,836.58,836.58,0
601,3411,1,0.003994,0.02683,0.0343,439.48,483.43,540.56,1
610,611,@1,-0.0,0.0001,0.0,836.58,836.58,836.58,0
610,7653,1,0.0035,0.015,0.0257,591.18,0.0,0.0,1
611,620,@1,-0.0,0.0001,0.0,836.58,836.58,836.58,1
611,7652,1,0.0035,0.015,0.0257,591.18,0.0,0.0,1
620,628,@1,-0.0,0.0001,0.0,836.58,836.58,836.58,1
620,3461,W,0.005091,0.03496,0.08434,439.48,483.43,540.56,1
628,5027,1,0.0017,0.013445,0.21399,439.48,483.43,540.56,1
650,660,@1,-0.0,0.0001,0.0,3585.34,3585.34,3585.34,1
650,660,@2,-0.0,0.0001,0.0,3585.34,3585.34,3585.34,1
650,2060,R,0.0004,0.0066,0.1729,3267.44,3267.44,3594.19,1
650,2060,W,0.0005,0.0066,0.1726,3267.44,3267.44,3594.19,1
652,10652,1,-0.0,0.0001,0.0,0.0,0.0,0.0,1
652,20652,1,-0.0,0.0001,0.0,0.0,0.0,0.0,1
691,697,1,-0.0,0.0001,0.0,0.0,0.0,0.0,1
692,697,2,-0.0,0.0001,0.0,0.0,0.0,0.0,1
693,697,3,-0.0,0.0001,0.0,0.0,0.0,0.0,1
694,698,1,-0.0,0.0001,0.0,0.0,0.0,0.0,1
695,698,2,-0.0,0.0001,0.0,0.0,0.0,0.0,1
696,698,3,-0.0,0.0001,0.0,0.0,0.0,0.0,1
700,2480,1,0.00034,0.003579,0.05982,1196.31,1315.94,1471.46,1
700,2480,2,0.00034,0.003579,0.05982,1196.31,1315.94,1471.46,1
700,2480,3,0.000214,0.003236,0.08755,1792.67,1792.67,2684.2,1
700,3000,1,0.001325,0.019658,0.43126,1792.67,1792.67,2684.2,1
710,720,@1,-0.0,0.0001,0.0,1115.4,0.0,0.0,1
710,720,@2,-0.0,0.0001,0.0,1115.4,0.0,0.0,1
710,2490,3,0.000216,0.003376,0.07937,2182.28,2400.51,2684.2,1
710,3000,1,0.00137,0.020074,0.44192,2182.28,2400.51,2684.2,1
720,2490,1,0.00021,0.003253,0.07988,2182.28,2400.51,2684.2,1
720,2490,2,0.00021,0.003253,0.07988,2182.28,2400.51,2684.2,1
800,820,N,0.0046,0.0248,0.0126,254.6,280.06,313.16,1
800,820,S,0.0046,0.0248,0.0126,254.6,280.06,313.16,1
800,840,N,0.0059,0.0401,0.039,439.48,483.43,540.56,1
800,840,S,0.0059,0.0401,0.039,439.48,483.43,540.56,1
800,5525,1,0.002192,0.01649,0.01882,439.48,483.43,540.56,1
800,5609,N,0.0008,0.0049,0.0939,421.64,483.43,540.57,0
800,5609,S,0.0008,0.0048,0.0925,421.64,483.43,540.57,0
800,7668,1,0.0023,0.0158,0.0154,439.48,483.43,540.56,1
805,20805,1,-0.0,0.0001,0.0,0.0,0.0,0.0,1
822,20822,1,-0.0,0.0001,0.0,0.0,0.0,0.0,1
830,7661,2,0.0111,0.0694,0.0658,368.1,404.9,452.76,1
830,7664,1,0.0111,0.0694,0.0658,368.1,0.0,0.0,1
834,20834,1,-0.0,0.0001,0.0,0.0,0.0,0.0,1
844,20844,1,-0.0,0.0001,0.0,0.0,0.0,0.0,1
850,860,M,0.002451,0.00919,0.0039,170.1,185.16,209.23,1
850,860,O,0.002451,0.00919,0.0039,170.1,185.16,209.23,1
850,870,1,0.0161,0.0673,0.031,185.16,203.68,227.75,1
850,2201,O,0.00724,0.048951,0.0558,439.48,483.43,540.56,1
850,3481,1,0.010927,0.043237,0.02237,185.16,203.68,227.75,1
850,5647,1,0.0078,0.056,0.115,439.48,483.43,540.56,1
850,6009,M,0.00622,0.044256,0.07658,412.16,483.43,540.56,1
850,6009,O,0.006229,0.044239,0.07662,412.16,483.43,540.56,1
853,20853,1,-0.0,0.0001,0.0,0.0,0.0,0.0,1
870,875,1,0.002244,0.009865,0.00582,185.16,203.68,227.75,1
872,20872,1,-0.0,0.0001,0.0,0.0,0.0,0.0,1
875,3481,1,0.007197,0.030609,0.0198,185.16,203.68,227.75,1
880,7654,1,0.0019,0.0108,0.0101,368.1,0.0,0.0,1
880,7655,1,0.0019,0.0108,0.0101,368.1,0.0,0.0,1
883,20883,1,-0.0,0.0001,0.0,0.0,0.0,0.0,1
890,5525,1,0.001439,0.011776,0.01413,439.48,483.43,540.56,1
890,7669,1,0.0008,0.0054,0.0053,439.48,483.43,540.56,1
1000,2930,1,0.001796,0.027809,0.68292,2182.28,2400.51,2684.2,1
1000,2950,1,0.0009,0.0151,0.22719,2182.28,2400.51,2684.2,1
1000,2950,2,0.000865,0.015114,0.22719,2182.28,2400.51,2684.2,1
1000,2950,3,0.00077,0.016094,0.30731,2182.28,2400.51,2684.2,1
1020,3921,1,0.000561,0.002885,0.0271,219.74,241.72,270.28,1
1020,3941,1,0.011981,0.058675,0.02812,219.7,241.7,270.3,1
1030,1043,1,-0.0,0.0001,0.0,0.0,0.0,0.0,1
1030,3692,R,0.000296,0.002705,0.00207,128.0,0.0,0.0,1
1030,3692,W,0.00031,0.002693,0.00207,128.0,0.0,0.0,1
1050,1090,1,-0.0,0.0004,0.0082,3453.88,3453.88,3695.65,0
1050,2660,1,0.0006,0.0073,0.1472,3453.88,3453.88,3695.65,1
1050,2680,R,0.0001,0.0013,0.1106,3453.88,3453.88,3695.65,1
1051,6111,1,0.0006,0.003,0.3375,557.7,557.7,1306.7,0
1051,6111,2,0.0006,0.003,0.3375,557.72,557.72,1306.74,0
1070,1080,@1,-0.0,0.0001,0.0,2390.0,2390.0,2390.0,1
1070,1080,@2,-0.0,0.0001,0.0,2390.0,0.0,0.0,1
1070,2650,1,0.0006,0.0077,0.1551,2390.23,2390.23,3107.3,1
1080,1090,1,-0.0,0.0001,0.0,2390.2,0.0,0.0,1
1080,2690,1,-0.0,0.00011,0.0,1196.3,1315.9,1471.5,1
1085,21085,1,-0.0,0.0001,0.0,0.0,0.0,0.0,1
1090,2670,W,0.0001,0.0016,0.0327,3453.88,3453.88,3695.65,1
1100,1110,@1,-0.0,0.0001,0.0,1115.44,1115.44,1115.44,1
1100,1110,@2,-0.0,0.0001,0.0,1115.44,1115.44,1115.44,1
1100,1120,@1,-0.0,0.0001,0.0,1115.44,1115.44,1115.44,0
1100,1120,@2,-0.0,0.0001,0.0,1115.44,1115.44,1115.44,0
1100,2901,1,0.002373,0.015893,0.01523,439.48,483.43,540.56,1
1100,2901,2,0.002373,0.015893,0.01523,439.48,483.43,540.56,1
1100,3901,4,0.0005,0.0025,0.2813,824.3,0.0,0.0,1
1110,3891,1,0.001334,0.008925,0.00855,439.48,483.43,540.57,1
1110,3891,2,0.001334,0.008925,0.00855,439.48,483.43,540.56,1
1110,7886,3,0.001318,0.008817,0.00845,439.48,483.43,540.56,1
1110,8717,1,0.0002,0.0014,0.0447,341.6,425.26,725.32,1
1110,8719,1,0.0002,0.0018,0.0564,341.6,425.26,568.6,1
1120,3881,1,0.000377,0.00315,0.81185,394.31,557.72,1025.09,1
1120,3881,2,0.000384,0.003154,0.80975,394.31,557.72,1025.09,1
1120,9906,R,0.00017,0.001037,0.04329,412.16,501.95,803.12,1
1120,9906,W,0.000172,0.000992,0.04295,412.16,501.95,803.12,1
1123,21123,1,-0.0,0.0001,0.0,0.0,0.0,0.0,1
1130,1140,@1,-0.0,0.0001,0.0,3585.3,3585.3,3585.3,1
1130,1140,@2,-0.0,0.0001,0.0,3585.3,3585.3,3585.3,1
1130,2920,1,0.0002,0.0015,1.2582,1287.74,1465.21,1887.68,1
1140,2920,2,0.0002,0.0015,1.2618,1287.74,1465.21,1887.68,1
1200,1210,@1,-0.0,0.0001,0.0,1115.44,1115.44,1115.44,0
1200,1210,@2,-0.0,0.0001,0.0,1115.44,1115.44,1115.44,0
1200,2851,1,0.0005,0.0056,0.364,278.86,389.85,574.45,1
1200,6361,1,0.0006,0.0047,0.1373,283.0,0.0,0.0,1
1200,6367,1,0.000415,0.00411,0.12193,342.44,425.26,725.32,1
1200,6371,1,0.0001,0.0006,0.0188,342.44,425.26,725.32,1
1210,6317,1,0.0001,0.0013,0.0702,226.99,337.42,535.69,1
1210,6319,1,2e-05,0.000103,0.00327,414.39,498.88,800.05,1
1210,6319,2,4.5e-05,8.5e-05,0.00348,414.39,498.88,800.05,1
1210,6319,3,4.7e-05,9.2e-05,0.00393,414.39,498.88,800.05,1
1400,1498,1,0.0127,0.0796,0.0,106.0,0.0,0.0,1
1400,3952,1,0.02497,0.1625,0.0,106.0,0.0,0.0,1
1497,1498,1,0.0006336,0.003968,0.0,106.0,0.0,0.0,1
1498,3952,1,0.0123,0.0663,0.0,106.0,0.0,0.0,1
1500,1650,1,0.000833,0.012892,0.31661,2141.65,2355.81,2634.22,1
1500,1650,2,0.000833,0.012892,0.31661,2141.65,2355.81,2634.22,1
1500,9120,R,0.000804,0.014365,0.29513,2182.28,2400.51,2684.2,1
1500,9120,W,0.000853,0.014312,0.2952,2182.28,2400.51,2684.2,1
1501,3101,M,0.001008,0.009031,0.00881,499.72,549.69,614.65,1
1501,3101,O,0.001008,0.009031,0.00881,499.72,549.69,614.65,1
1501,4015,1,0.003,0.027,0.0879,283.6,356.38,502.23,1
1501,4047,R,0.0005,0.0045,0.1676,499.72,549.69,614.65,1
1501,4047,W,0.0005,0.0045,0.1673,499.72,549.69,614.65,1
1550,1700,R,0.0005,0.007809,0.18361,2141.65,2355.81,2634.22,1
1550,1700,W,0.0005,0.007809,0.18361,2141.65,2355.81,2634.22,1
1551,3131,1,0.0003,0.0027,0.0534,414.39,552.14,686.68,1
1551,3131,2,0.0003,0.0027,0.0546,414.39,552.14,686.68,1
1551,3131,3,0.0003,0.0021,0.081,542.66,557.72,686.68,1
1551,3131,4,0.0003,0.0023,0.0822,542.66,557.72,686.68,1
1551,3141,M,0.001763,0.014065,0.01386,370.33,407.36,455.5,1
1551,3141,O,0.001763,0.014065,0.01386,370.33,407.36,455.5,1
1551,4109,R,0.0008,0.0044,0.2083,473.5,557.72,739.98,1
1551,4109,W,0.0008,0.0044,0.2089,473.5,557.72,739.98,1
1551,7530,1,0.0023,0.013,0.0122,370.33,407.36,455.5,1
1551,7534,O,0.002148,0.012003,0.01126,370.33,407.36,455.5,1
1570,1610,R,-0.0,0.0001,0.0672,1287.74,0.0,0.0,1
1570,1610,W,-0.0,0.0001,0.0672,1287.74,0.0,0.0,1
1571,3121,1,0.0001,0.0007,0.0207,473.5,0.0,0.0,1
1571,3121,2,0.0001,0.0007,0.0207,473.5,0.0,0.0,1
1571,4143,1,0.0002,0.0008,0.0961,567.2,0.0,0.0,1
1571,4143,2,0.0002,0.0008,0.0961,567.2,0.0,0.0,1
1580,1750,1,0.00033,0.005075,0.35713,2141.65,2355.81,2634.22,1
1580,1750,2,0.00033,0.005075,0.35713,2141.65,2355.81,2634.22,1
1581,1591,@1,-0.0,0.0001,0.0,557.72,557.72,557.72,0
1581,1591,@2,-0.0,0.0001,0.0,557.72,557.72,557.72,0
1581,4161,1,0.001,0.008,0.2341,268.82,346.07,633.29,1
1581,4161,2,0.0008,0.0087,0.2619,268.82,346.07,633.29,1
1581,8060,1,0.0002,0.0014,0.0335,277.47,332.12,423.03,1
1581,8060,2,0.0003,0.0015,0.0291,277.47,332.12,423.03,0
1583,21583,1,-0.0,0.0001,0.0,0.0,0.0,0.0,1
1591,4207,1,0.0008,0.005765,0.119,270.22,406.02,529.0,1
1591,4213,1,0.0008,0.0086,0.1948,270.22,406.02,529.0,1
1593,21593,1,-0.0,0.0001,0.0,0.0,0.0,0.0,1
1601,1611,2,1e-07,0.0001,0.0038,412.15,501.94,803.11,1
1601,1621,1,-0.0,0.0001,0.0038,412.2,501.9,803.1,1
1610,1650,1,0.0001,0.0012,0.0837,1287.74,0.0,0.0,1
1610,1650,2,0.0001,0.0012,0.0837,1287.74,0.0,0.0,1
1611,1621,@1,-0.0,0.0001,0.0,557.72,557.72,557.72,1
1611,1621,@2,-0.0,0.0001,0.0,557.72,557.72,557.72,1
1611,4307,2,0.0001,0.0011,0.0665,348.58,389.85,574.45,1
1611,4409,1,0.0003,0.0031,0.1623,230.9,280.0,364.2,1
1611,8101,1,0.0001,0.0003,0.0202,132.46,158.95,198.69,1
1611,8101,2,4.4e-05,0.000174,0.01494,132.46,158.95,198.69,0
1621,4307,1,0.0001,0.0013,0.0725,255.99,0.0,0.0,1
1621,4311,1,0.0006,0.006,0.2834,250.14,328.78,429.17,1
1621,4425,1,0.0004,0.0016,0.3067,511.99,0.0,0.0,1
1621,4425,R,0.0003,0.0015,0.1664,538.2,692.13,1266.58,1
1621,7500,1,0.000345,0.002203,0.1116,278.86,360.01,509.76,1
1621,7585,1,0.0003,0.0026,0.0765,286.66,360.0,509.75,1
1621,8102,1,0.0004,0.0031,0.09,342.44,0.0,0.0,0
1621,8102,2,0.0004,0.0031,0.09,342.0,0.0,0.0,0
1650,1700,R,0.000363,0.005663,0.13316,2141.65,2355.81,2634.22,1
1650,1700,W,0.000363,0.005663,0.13316,2141.65,2355.81,2634.22,1
1650,1910,R,0.0012,0.0184,0.5031,2175.11,2392.62,2675.38,1
1650,1910,W,0.0012,0.0186,0.4371,2141.65,2355.81,2634.22,1
1651,1661,@1,-0.0,0.0001,0.0,557.72,557.72,557.72,1
1651,1661,@2,-0.0,0.0001,0.0,557.72,557.72,557.72,1
1651,7569,O,0.000666,0.005148,0.00515,499.72,549.69,614.65,1
1651,7570,M,0.0006,0.0048,0.0048,499.72,549.69,614.65,1
1651,7574,2,0.0012,0.0092,0.0093,499.72,549.69,614.65,1
1661,3211,R,0.0015,0.011,0.1165,499.7,561.62,636.08,1
1661,4437,1,0.0014,0.0111,0.1065,499.72,549.7,614.7,1
1661,4437,2,0.0014,0.0111,0.1063,499.7,549.7,614.7,1
1661,8140,R,0.000703,0.005941,0.00589,499.72,549.69,614.65,1
1661,8140,W,0.000703,0.005941,0.00589,499.72,549.69,614.65,0
1663,21663,1,-0.0,0.0001,0.0,0.0,0.0,0.0,1
1700,1910,R,0.0008,0.0105,0.2673,2182.28,2400.51,2684.2,1
1700,1910,W,0.0008,0.0104,0.2844,2182.28,2400.51,2684.2,1
1701,1711,@1,-0.0,0.0001,0.0,1115.4,1115.4,1115.4,1
1701,1711,@2,-0.0,0.0001,0.0,1115.4,1115.4,1115.4,1
1701,3181,1,0.000107,0.000158173,0.0191,557.72,557.72,1581.69,1
1701,3181,2,7e-05,0.000158173,0.0189,557.72,557.72,1581.69,1
1701,4557,M,0.001,0.0058,0.0678,241.77,303.96,455.5,1
1701,4557,O,0.001,0.0058,0.0669,241.77,303.96,455.5,1
1701,7563,R,0.0013,0.0088,0.1727,271.05,316.51,414.94,1
1701,7564,W,0.0013,0.0086,0.1747,271.05,316.51,414.94,1
1711,3191,3,4.3e-05,0.000148914,0.0184,557.72,557.72,1581.69,1
1711,3191,4,8.8e-05,0.000185178,0.0183,557.72,557.72,1581.69,1
1711,4551,1,0.0015,0.0091,0.088,263.52,330.45,455.5,1
1711,4551,2,0.0016,0.0091,0.0877,263.52,330.45,455.5,1
1711,4559,1,0.0009,0.0065,0.05,370.33,407.36,455.5,1
1711,4903,O,0.0032,0.0171,0.0391,370.33,407.36,455.5,1
1750,1900,R,0.0006,0.0094,0.2727,2141.65,2355.81,2634.22,1
1750,1900,W,0.0006,0.0094,0.2701,2141.65,2355.81,2634.22,1
1750,9160,1,0.00017,0.001456,0.01502,1070.82,1177.91,1317.11,1
1750,9160,2,0.00017,0.00143,0.01504,1070.82,1177.91,1317.11,1
1751,1761,@1,-0.0,0.0001,0.0,557.72,557.72,557.72,0
1751,1761,@2,-0.0,0.0001,0.0,557.72,557.72,557.72,0
1751,4603,R,0.00074,0.000883,0.08015,436.14,557.72,954.26,1
1751,4603,W,8.3e-05,0.000689,0.17721,397.1,557.72,1027.32,1
1751,4611,M,0.0018,0.0081,0.446,537.64,557.72,862.32,1
1751,4611,O,0.0017,0.0082,0.4596,537.64,557.72,862.32,1
1751,4901,1,0.000961,0.00778,0.06114,436.14,549.69,614.65,1
1751,4901,2,0.000956,0.007787,0.06134,436.14,549.69,614.65,1
1751,7604,1,0.0006,0.0052,0.067,499.72,549.69,614.65,1
1751,7605,2,0.0006,0.0052,0.0659,499.72,549.69,614.65,1
1752,21752,1,-0.0,0.0001,0.0,0.0,0.0,0.0,1
1761,1781,@1,-0.0,0.0001,0.0,557.0,0.0,0.0,1
1761,1781,@2,-0.0,0.0001,0.0,557.0,0.0,0.0,1
1761,3281,M,0.0012,0.0101,0.0717,499.72,549.69,614.65,0
1761,3301,1,0.00137,0.010588,0.08372,499.72,549.69,614.65,1
1761,3301,3,0.001298,0.010579,0.0834,499.72,549.69,614.65,1
1761,4635,R,0.0003,0.0012,0.0322,537.64,597.04,638.83,1
1761,4635,W,0.0004,0.0012,0.0372,537.64,597.04,638.83,1
1761,7584,O,0.0007,0.0063,0.0667,499.72,549.69,614.65,1
1781,3301,4,0.001331,0.010582,0.08352,499.72,549.69,614.65,1
1781,4607,2,0.001593,0.012488,0.05501,499.72,549.69,614.65,1
1891,1901,1,-0.0,0.0001,0.0032,353.0,0.0,0.0,1
1891,1901,2,-0.0,0.0001,0.0034,353.0,0.0,0.0,1
1900,1910,1,-0.0,1e-06,0.1054,3508.26,3585.34,5928.36,0
1900,2000,1,0.0005,0.0077,0.188,2182.28,2400.51,2684.2,1
1900,2100,M,0.002619,0.027506,0.5177,1196.31,1315.94,1471.46,1
1900,2100,O,0.0026,0.0275,0.5201,1196.31,1315.94,1471.46,1
1901,1911,1,-0.0,0.0001,0.0,557.7,557.7,557.7,0
1901,3361,1,0.0045,0.0235,0.1034,537.64,557.72,687.11,1
1901,3361,2,0.0041,0.0217,0.1089,537.64,557.72,687.11,1
1901,4805,R,0.0012,0.0098,0.0916,499.72,549.69,614.65,1
1901,4805,W,0.0012,0.0098,0.0916,499.72,549.69,614.65,1
1901,4811,1,0.000357,0.002986,0.09148,499.72,549.69,614.65,1
1901,4819,1,0.0007,0.0053,0.2027,499.72,549.69,614.65,1
1901,4819,2,0.001,0.0053,0.2127,499.72,549.69,614.65,1
1901,7502,M,0.0006,0.0044,0.22866,499.72,549.69,614.65,1
1901,8260,1,8.5e-05,0.000761,0.00074,499.72,549.69,614.65,1
1910,1930,1,0.0006,0.0074,0.2703,2182.28,2400.51,2684.2,1
1910,1930,2,0.0004,0.0073,0.2718,2182.28,2400.51,2684.2,1
1910,2000,2,0.0006,0.0078,0.1827,3621.2,3621.2,3874.68,1
1910,2030,R,0.0002,0.0027,0.1336,3267.44,3267.44,3594.19,1
1910,2030,W,0.0002,0.0027,0.1336,3267.44,3267.44,3594.19,1
1911,3371,1,0.001966,0.017609,0.01717,499.72,549.69,614.65,1
1911,3371,2,0.001966,0.017609,0.01717,499.72,549.69,614.65,1
1911,7627,R,0.002551,0.014333,0.0133,370.33,407.36,455.5,1
1911,7628,W,0.002551,0.014333,0.0133,370.33,407.36,455.5,1
1911,7630,R,0.002163,0.014964,0.01728,439.48,483.43,540.56,1
1911,7639,W,0.002164,0.014964,0.01752,439.48,483.43,540.56,1
1911,9110,R,2.8e-05,0.00019,0.02967,1093.13,1311.76,1639.7,1
1911,9110,W,2.6e-05,0.000207,0.02853,1093.13,1311.76,1639.7,1
1930,2000,N,0.0003,0.003,0.1024,3280.59,3621.2,3874.68,1
1930,2000,S,0.0003,0.003,0.1024,3280.59,3621.2,3874.68,1
1931,1941,@1,-0.0,0.0001,0.0,557.72,557.72,557.72,1
1931,1941,@2,-0.0,0.0001,0.0,557.72,557.72,557.72,1
1931,2001,R,0.0032,0.0118,0.1075,499.72,549.69,614.65,0
1931,2001,W,0.0032,0.0119,0.1085,499.72,549.69,614.65,0
1931,5003,1,0.0001,0.0002,0.0294,557.72,557.72,1195.19,1
1931,5003,2,0.0001,0.0002,0.0295,557.72,557.72,1195.19,1
1931,5003,3,0.0001,0.0003,0.0319,557.72,557.72,1606.23,1
1931,5003,4,0.0001,0.0003,0.0319,557.72,557.72,1606.23,1
1931,7656,M,0.0004,0.0031,0.0794,283.6,362.24,502.23,1
1931,7657,O,0.0004,0.0031,0.0793,412.15,0.0,0.0,1
1931,8353,R,0.0001,0.0004,0.0493,567.2,712.77,862.32,1
1931,8355,W,0.0002,0.0005,0.0583,567.2,712.77,862.32,1
1941,5005,1,0.0003,0.0016,0.1781,557.72,557.72,1306.74,1
1941,5005,2,0.0003,0.0016,0.1781,557.72,557.72,1306.74,1
1941,5017,1,0.0001,0.0006,0.0918,557.72,557.72,1306.74,1
1941,5017,2,0.0001,0.0006,0.0918,557.72,557.72,1306.74,1
1941,8305,R,0.0002,0.0015,0.0425,283.6,362.24,653.37,1
1941,8312,1,0.0002,0.0015,0.0425,283.6,362.24,653.37,1
1941,8323,1,0.0001,0.0001,0.0117,557.72,557.72,1004.45,1
1941,8340,1,0.0001,0.0007,0.1023,557.72,557.72,1004.45,1
2000,2060,R,0.0009,0.0102,0.2985,3280.59,3621.2,3874.68,1
2000,2060,W,0.0005,0.0102,0.2729,2182.28,2400.51,2684.2,1
2000,3070,W,0.0014,0.0208,0.5107,2182.28,2400.51,2684.2,1
2000,3071,R,0.0013,0.0207,0.5077,2182.28,2400.51,2684.2,1
2001,3421,R,0.0011,0.0069,0.0084,691.57,0.0,0.0,1
2001,3421,W,0.0011,0.0069,0.0083,499.72,549.7,614.6,1
2001,5021,R,0.0032,0.0119,0.1077,499.72,549.69,614.65,1
2001,5021,W,0.0012,0.0098,0.10714,499.72,549.69,614.65,1
2001,7654,1,0.0108,0.0464,0.0796,591.18,0.0,0.0,1
2001,7655,1,0.0108,0.0464,0.0796,591.18,0.0,0.0,1
2001,8324,1,0.0034,0.0116,0.0344,567.2,0.0,0.0,1
2001,8354,1,0.0034,0.0116,0.0251,0.0,0.0,0.0,1
2003,22003,1,-0.0,0.0001,0.0,0.0,0.0,0.0,1
2031,2041,@1,-0.0,0.0001,0.0,557.7,557.7,557.7,1
2031,2041,@2,-0.0,0.0001,0.0,557.7,557.7,557.7,1
2031,4995,1,0.0018,0.0083,0.6901,538.2,0.0,0.0,1
2032,22032,1,-0.0,0.0001,0.0,0.0,0.0,0.0,1
2041,4815,1,0.0009,0.0049,0.56251,557.72,557.72,1102.61,0
2041,4821,1,0.0008,0.004,0.4556,557.72,557.72,1004.45,1
2041,4821,2,0.0008,0.004,0.4556,557.72,557.72,1004.45,1
2041,4839,1,0.0004,0.0031,0.4799,557.72,557.72,1306.74,1
2041,8245,1,4.8e-05,0.0004,0.0113,283.6,356.38,502.23,1
2042,22042,1,-0.0,0.0001,0.0,0.0,0.0,0.0,1
2060,2130,R,0.0003,0.0043,0.1362,2182.28,2400.51,2684.2,1
2060,2130,W,0.0002,0.0044,0.1138,2182.28,2400.51,2684.2,1
2100,2660,M,0.0047,0.0499,0.9143,1196.31,1315.94,1471.46,1
2100,2660,O,0.0047,0.0501,0.9199,1196.31,1315.94,1471.46,1
2130,2170,W,0.000611,0.009066,0.23562,2182.28,2400.51,2684.2,1
2131,2141,@1,-0.0,0.0001,0.0,1115.44,1115.44,1115.44,0
2131,2141,@2,-0.0,0.0001,0.0,1115.44,1115.44,1115.44,0
2131,5541,1,0.0004,0.0047,0.214,500.0,0.0,0.0,1
2131,5541,2,0.0007,0.0047,0.214,500.0,0.0,0.0,1
2131,5681,R,0.0008,0.0046,0.46481,499.16,549.08,613.97,1
2131,5681,W,0.0008,0.0046,0.4659,567.2,721.97,740.0,1
2131,7662,1,0.0004,0.0025,0.0124,567.2,0.0,0.0,1
2131,7663,1,0.0004,0.0025,0.0124,567.2,0.0,0.0,1
2133,22133,1,-0.0,0.0001,0.0,0.0,0.0,0.0,1
2141,8326,R,0.0002,0.0014,0.0523,283.6,362.24,653.37,1
2141,8327,W,0.0001,0.0008,0.03,283.6,362.24,653.37,1
2141,8334,1,0.0003,0.0022,0.0653,283.6,362.24,653.37,1
2141,8338,1,0.0003,0.0021,0.0612,283.6,362.24,653.37,1
2141,8365,R,0.000131,0.004326,0.12794,283.6,362.24,653.37,1
2141,8365,W,0.000332,0.004291,0.12483,283.6,362.24,653.37,1
2143,22143,1,-0.0,0.0001,0.0,0.0,0.0,0.0,1
2150,2170,N,0.0001,0.0014,0.0979,3280.6,3621.2,3874.7,1
2150,2170,S,0.0001,0.0014,0.0578,3280.59,3621.2,3874.68,1
2150,3068,1,0.0005,0.0087,0.2144,2182.28,2400.51,2684.2,1
2150,3069,2,0.0006,0.0085,0.2093,2182.28,2400.51,2684.2,1
2151,2161,@1,-0.0,0.0001,0.0,1115.44,1115.44,1115.44,1
2151,2161,@2,-0.0,0.0001,0.0,1115.44,1115.44,1115.44,1
2151,2171,R,0.000233,0.002281,0.29097,557.72,557.72,1306.74,0
2151,2171,W,0.000228,0.002459,0.29155,557.72,557.72,1306.74,0
2151,5657,R,0.000128,0.001264,0.14735,537.64,557.72,979.36,1
2151,5657,W,0.0001,0.001132,0.14688,537.64,557.72,979.36,1
2151,5685,1,0.0003,0.0026,0.3088,557.72,557.72,1004.45,1
2151,5685,2,0.0003,0.0026,0.3088,557.72,557.72,1004.45,1
2151,5822,R,0.0045,0.0193,1.2669,778.02,778.02,832.48,1
2151,5822,W,0.0037,0.0191,1.2104,778.02,778.02,832.48,1
2161,5545,1,0.001735,0.010455,0.0307,283.6,362.24,540.56,1
2161,5545,2,0.00174,0.01047,0.03068,283.6,362.24,540.56,1
2161,7686,R,-0.0,1e-06,0.0,499.7,549.7,614.7,1
2161,7687,W,-0.0,1e-06,0.0,499.7,549.7,614.7,1
2161,7688,R,0.0004,0.004,0.0039,499.72,549.69,614.65,1
2161,7689,W,0.0004,0.004,0.0039,499.72,549.69,614.65,1
2162,22162,1,-0.0,0.0001,0.0,0.0,0.0,0.0,1
2171,2181,@1,-0.0,0.0001,0.0,557.72,557.72,557.72,1
2171,2181,@2,-0.0,0.0001,0.0,557.72,557.72,557.72,1
2171,5653,R,5.2e-05,0.0005,0.0563,557.72,557.72,1306.74,0
2171,5653,W,5.2e-05,0.0005,0.05156,557.72,557.72,1306.74,0
2171,8373,W,0.0001,0.00065,0.0761,557.72,557.72,1004.45,1
2171,8376,1,0.0002,0.0008,0.0961,557.72,557.72,1004.45,1
2173,22173,1,-0.0,0.0001,0.0,0.0,0.0,0.0,1
2181,5777,R,0.0004,0.0021,0.2409,557.72,557.72,1306.74,1
2181,5777,W,0.0004,0.0021,0.2423,557.72,557.72,1004.45,1
2181,8368,1,0.0002,0.0016,0.0459,283.6,356.38,502.23,1
2181,8368,2,0.0002,0.0015,0.0443,283.6,356.38,502.23,1
2181,8371,1,0.0003,0.0024,0.0698,283.6,356.38,502.23,1
2181,8372,1,0.0003,0.0023,0.0666,283.6,362.24,653.37,1
2181,8379,1,0.0002,0.0014,0.0405,283.6,362.24,653.37,1
2181,8380,1,0.0002,0.0014,0.0398,283.6,356.38,502.23,1
2183,22183,1,-0.0,0.0001,0.0,0.0,0.0,0.0,1
2200,3068,1,0.0001,0.0019,0.0529,2182.28,2400.51,2684.2,1
2200,3069,2,0.0001,0.0019,0.0477,2182.28,2400.51,2684.2,1
2200,3070,W,0.0003,0.0041,0.1319,2182.28,2400.51,2684.2,1
2200,3071,R,0.0003,0.0047,0.1426,2182.28,2400.51,2684.2,1
2201,5601,M,0.0006,0.0046,0.2213,429.44,549.69,614.65,0
2201,5601,O,0.0005,0.0041,0.2206,429.44,549.69,614.65,0
2201,5607,N,0.0003,0.002,0.0466,439.48,483.43,540.56,1
2201,5607,S,0.0003,0.002,0.0471,439.48,483.43,540.56,1
2201,5647,1,0.0024,0.0193,0.0792,439.48,483.43,540.56,1
2201,5787,1,0.0007,0.0037,0.4153,557.72,557.72,1004.45,1
2201,5787,2,0.0003,0.0034,0.5968,557.72,557.72,1148.9,1
2201,7666,N,0.0013,0.0058,0.0543,439.48,483.43,540.56,1
2201,7667,S,0.0009,0.0058,0.0527,439.48,483.43,540.56,1
2202,22202,1,-0.0,0.0001,0.0,0.0,0.0,0.0,1
2300,2350,1,0.0003,0.0034,0.0794,3621.2,3621.2,3874.68,1
2300,2370,1,0.0002,0.0019,0.0804,3621.2,3621.2,3874.68,1
2300,2370,2,0.0002,0.0019,0.0841,3621.2,3621.2,3874.68,1
2301,2311,@1,-0.0,0.0001,0.0,557.72,557.72,557.72,0
2301,2311,@2,-0.0,0.0001,0.0,557.72,557.72,557.72,0
2301,5801,1,0.000126,0.001228,0.14448,557.72,557.72,1306.74,1
2301,5801,2,0.000162,0.001162,0.14627,557.72,557.72,1306.74,1
2301,5809,W,0.0011,0.0098,0.0312,499.72,549.69,614.65,1
2301,5819,R,0.0004,0.0028,0.0678,499.72,549.69,614.65,1
2301,7711,1,0.0011,0.0098,0.0182,499.72,549.69,614.65,1
2301,7712,1,0.0011,0.0097,0.0281,499.72,549.69,614.65,1
2301,9240,R,4.2e-05,0.000372,0.04752,557.72,557.72,978.8,1
2301,9240,W,4.4e-05,0.000396,0.04955,557.72,557.72,978.8,1
2301,41530,1,7.5e-05,0.000246,0.00354,179.3,215.2,269.0,1
2301,50500,R,0.0005,0.0027,0.3047,557.72,557.72,1004.45,1
2301,50500,W,0.0005,0.0027,0.3047,557.72,557.72,1004.45,1
2301,50560,1,0.0006,0.0061,0.134,270.77,333.8,568.32,1
2303,22303,1,-0.0,0.0001,0.0,0.0,0.0,0.0,1
2311,7715,1,-0.0,0.0001,0.0,557.0,0.0,0.0,1
2311,9230,1,6.8e-05,0.000689,0.08824,557.72,557.72,557.72,1
2311,9230,2,6.8e-05,0.000685,0.08774,557.72,557.72,557.72,1
2311,41590,1,8.7e-05,0.000132,0.00218,179.31,215.17,268.96,1
2320,2400,N,0.000379,0.006,0.1425,2182.28,2400.51,2684.2,1
2320,2400,S,0.0005,0.0062,0.1453,2528.86,2617.3,3151.52,1
2321,2331,@1,-0.0,0.0001,0.0,1115.4,0.0,0.0,1
2321,2331,@2,-0.0,0.0001,0.0,1115.4,0.0,0.0,1
2321,3066,@1,-0.0,0.0001,0.0,557.7,0.0,0.0,1
2321,5824,1,-0.0,0.0001,0.0117,824.3,0.0,0.0,1
2321,5824,2,-0.0,0.0001,0.0117,824.3,0.0,0.0,1
2321,5841,1,0.0018,0.0186,0.3513,283.6,356.38,502.23,1
2321,5841,2,0.0018,0.0186,0.3511,283.6,356.38,502.23,1
2321,5845,1,0.001,0.0113,0.3292,269.1,335.19,489.68,1
2321,5845,2,0.001,0.0114,0.3286,269.1,335.2,489.7,1
2322,2332,@1,-0.0,0.0001,0.0,0.0,0.0,0.0,1
2322,22322,1,-0.0,0.0001,0.0,0.0,0.0,0.0,1
2331,3066,@1,-0.0,0.0001,0.0,557.7,0.0,0.0,1
2331,5824,1,-0.0,0.0001,0.0117,824.31,0.0,0.0,1
2331,5824,4,-0.0,0.0001,0.0117,824.3,0.0,0.0,1
2331,5824,5,-0.0,0.0001,0.0117,824.3,0.0,0.0,1
2331,8450,R,0.0003,0.0021,0.0619,269.1,335.19,489.68,1
2331,8450,W,0.0003,0.0021,0.0619,269.1,335.19,489.68,1
2332,22332,1,-0.0,0.0001,0.0,0.0,0.0,0.0,1
2350,2400,1,0.000658,0.010328,0.24458,2182.28,2400.51,2684.2,1
2350,2400,2,0.000658,0.010328,0.24458,2182.28,2400.51,2684.2,1
2350,2490,1,0.0009,0.011,0.2581,3621.0,0.0,0.0,1
2351,7750,R,0.001995,0.013897,0.04502,439.48,483.43,540.56,1
2351,7751,W,0.002072,0.013911,0.0459,439.48,483.43,540.56,1
2351,8440,1,0.000381,0.001588,0.02382,175.68,210.82,263.52,1
2353,22353,1,-0.0,0.0001,0.0,0.0,0.0,0.0,1
2370,32460,1,-0.0,0.0001,0.054,372.88,415.9,553.34,1
2370,32490,R,-0.0,0.0002,0.1135,327.46,432.63,576.04,1
2370,32491,W,-0.0,0.0002,0.1012,327.5,432.6,576.0,1
2371,5821,R,0.0002,0.0002,0.016,1236.47,1505.84,2409.35,1
2371,5821,W,0.0002,0.0003,0.0167,1236.47,1505.84,2409.35,1
2371,32370,1,0.0006,0.0004,0.0406,587.84,738.4,1040.1,1
2371,32400,1,-0.0,0.0004,0.0112,683.0,0.0,0.0,1
2371,32412,1,-0.0,0.0004,0.0112,683.0,0.0,0.0,1
2400,2490,1,0.0003,0.0037,0.0864,3585.34,3585.34,3874.68,1
2400,2490,2,0.0003,0.0037,0.0871,3585.34,3585.34,3874.68,1
2401,5905,1,0.002175,0.019289,0.03217,499.72,549.69,614.65,1
2401,5905,2,0.002173,0.019283,0.03055,499.72,549.69,614.65,1
2401,5909,1,0.001273,0.011452,0.24818,499.72,549.69,614.65,1
2401,5909,2,0.001249,0.011386,0.24729,499.72,549.69,614.65,1
2401,5915,R,0.001,0.0084,0.0806,283.6,362.24,614.65,1
2401,5915,W,0.001,0.0084,0.0808,283.6,362.24,614.65,1
2402,22402,1,-0.0,0.0001,0.0,0.0,0.0,0.0,1
2480,2490,@1,-0.0,0.0001,0.0,2390.23,2390.23,2390.23,0
2480,2500,1,0.000863,0.013358,0.32805,2182.28,2400.51,2684.2,1
2480,2500,2,0.000863,0.013358,0.32805,2182.28,2400.51,2684.2,1
2480,3068,1,0.0003,0.0041,0.1135,2182.28,2400.51,2684.2,1
2480,3069,2,0.0003,0.0041,0.1009,2182.28,2400.51,2684.2,1
2480,9760,R,0.001171,0.020016,0.375,3159.88,3159.88,3475.87,1
2480,9760,W,0.00131,0.019932,0.375,3159.88,3159.88,3475.87,1
2490,2500,3,0.001057,0.016358,0.40171,2182.28,2400.51,2684.2,1
2490,2930,1,0.0026,0.0403,0.9887,2182.28,2400.51,2684.2,1
2490,3070,W,0.0004,0.0051,0.119,3621.2,3621.2,3874.68,1
2490,3071,R,0.0003,0.0051,0.1244,2182.28,2400.51,2684.2,1
2500,2600,1,0.001199,0.018372,1.01717,2182.28,2400.51,2684.2,1
2500,2600,2,0.001223,0.018667,0.98577,2182.28,2400.51,2684.2,1
2500,2930,1,0.0019,0.0299,0.5646,2175.1,0.0,0.0,1
2500,9300,1,0.00076,0.01302,0.24622,3193.35,3193.35,3512.68,1
2500,9300,2,0.00082,0.01302,0.2566,3193.35,3193.35,3512.68,1
2501,2511,@1,-0.0,0.0001,0.0,557.72,557.72,557.72,0
2501,2511,@2,-0.0,0.0001,0.0,557.72,557.72,557.72,0
2501,3075,3,-0.0,1e-06,0.0,0.0,0.0,0.0,1
2501,3661,M,0.0054,0.0231,0.0397,557.72,557.72,640.92,1
2501,3661,O,0.0054,0.0231,0.0397,557.72,557.72,640.92,1
2501,3661,W,0.005598,0.04233,0.0977,439.48,483.43,540.56,1
2501,3701,N,0.0102,0.0344,0.0394,805.91,805.91,862.32,1
2501,3701,S,0.0103,0.0344,0.0394,805.91,805.91,862.32,1
2501,6009,R,0.006557,0.049214,0.08116,439.48,483.43,540.56,1
2501,9800,1,0.002613,0.023402,0.02282,499.72,549.69,614.65,1
2501,9800,2,0.002576,0.023078,0.0225,499.72,549.69,614.65,1
2511,3075,3,-0.0,1e-06,0.0,0.0,0.0,0.0,0
2511,3671,M,0.0013,0.0107,0.0155,439.48,483.43,540.57,1
2511,3671,N,0.001077,0.009643,0.0094,499.72,549.69,614.65,1
2511,3671,O,0.001372,0.010664,0.01432,439.48,483.43,540.56,1
2511,3671,S,0.001077,0.009643,0.0094,499.72,549.69,614.65,1
2511,6017,M,0.008259,0.046986,0.07454,370.33,407.36,455.5,1
2511,6017,O,0.008242,0.04697,0.07582,370.33,407.36,455.5,1
2511,7801,1,0.0002,0.003,0.0127,1115.44,1115.44,1371.99,1
2511,7802,2,0.0002,0.003,0.0127,1115.44,1115.44,1371.99,1
2600,2650,1,0.0007,0.0108,0.7873,2182.28,2400.51,2684.2,1
2600,2650,2,0.0008,0.0114,0.7751,2182.28,2400.51,2684.2,1
2601,2611,@1,-0.0,0.0001,0.0,557.72,557.72,557.72,1
2601,2611,@2,-0.0,0.0001,0.0,557.72,557.72,557.72,1
2601,6073,2,0.000395,0.003506,0.0094,499.72,549.69,614.65,1
2601,6075,R,0.000787,0.006192,0.02125,499.72,549.69,614.65,1
2601,6075,W,0.000786,0.006198,0.02346,499.72,549.69,614.65,1
2601,7798,2,4.34e-08,3.491e-07,0.0,499.72,549.69,614.65,1
2601,8526,1,9.9e-05,0.001148,0.0315,268.82,362.24,653.37,1
2601,8528,1,0.0002,0.0014,0.0368,301.17,359.73,490.79,1
2601,8530,1,0.0002,0.0009,0.1031,557.72,557.72,1057.99,1
2601,8541,1,0.000155,0.000995,0.04127,342.44,425.26,725.32,1
2601,8555,W,6.6e-05,0.000411,0.06908,538.2,557.72,1606.23,1
2603,22603,1,-0.0,0.0001,0.0,0.0,0.0,0.0,1
2611,2621,@1,-0.0,0.0001,0.0,557.0,0.0,0.0,0
2611,2621,@2,-0.0,0.0001,0.0,557.0,0.0,0.0,0
2611,6095,2,0.000384,0.003128,0.06852,499.72,549.69,614.65,1
2611,6095,3,0.000577,0.00363,0.11531,499.72,549.69,614.65,1
2611,8532,R,0.0001,0.0007,0.0869,538.2,557.72,1266.58,1
2611,8567,1,0.0003,0.0012,0.2019,538.2,557.72,1266.58,1
2613,22613,1,-0.0,0.0001,0.0,0.0,0.0,0.0,1
2621,6082,1,0.0007,0.0072,0.9081,538.2,0.0,0.0,1
2621,6082,2,0.0007,0.0072,0.9081,538.2,0.0,0.0,1
2621,8534,1,0.0001,0.0011,0.1684,538.2,557.72,1266.58,1
2621,8535,1,0.0001,0.001,0.1095,538.2,557.72,1081.98,1
2621,8537,1,0.0001,0.0003,0.0746,538.2,557.72,1266.58,1
2621,8544,1,0.0002,0.0012,0.1448,538.0,0.0,0.0,1
2621,8544,2,0.0002,0.0012,0.1448,538.0,0.0,0.0,1
2621,8546,1,0.0001,0.0003,0.0317,538.0,0.0,0.0,1
2621,8546,2,0.0001,0.0003,0.0317,538.0,0.0,0.0,1
2621,8583,1,0.0002,0.0013,0.11,538.2,557.72,1081.98,1
2650,2680,R,0.0004,0.0043,0.6051,3453.88,3453.88,3695.65,1
2650,2930,R,0.0004,0.0052,0.5492,2182.28,0.0,0.0,1
2650,2930,W,0.0004,0.0052,0.5492,2182.28,2400.51,2684.2,1
2651,2661,@1,-0.0,0.0001,0.0,1115.44,1115.44,1115.44,0
2651,2661,@2,-0.0,0.0001,0.0,1115.44,1115.44,1115.44,0
2651,3721,1,0.004178,0.023342,0.02189,370.33,407.36,455.5,1
2651,3721,2,0.004178,0.023342,0.02189,370.33,407.36,455.5,1
2651,3761,M,0.004307,0.024913,0.02358,370.33,407.36,455.5,1
2651,3761,O,0.004307,0.024913,0.02358,370.33,407.36,455.5,1
2651,7827,3,0.0002,0.0014,0.0017,691.57,691.57,739.98,1
2651,7828,4,0.0002,0.0014,0.0017,691.57,691.57,739.98,1
2660,2670,W,0.0004,0.0046,0.6248,3453.88,0.0,0.0,1
2660,2750,M,0.0007,0.0074,0.1362,1196.31,1315.94,1471.46,1
2660,2750,O,0.0007,0.0074,0.1362,1196.31,1315.94,1471.46,1
2661,3791,2,0.0034,0.0199,0.0189,370.33,407.36,455.5,1
2661,3791,3,0.0034,0.0199,0.0189,370.33,407.36,455.5,1
2661,6139,1,0.0051,0.0251,0.0353,370.33,407.36,455.5,1
2661,7839,1,0.003313,0.018511,0.01736,370.33,407.36,455.5,1
2661,8574,1,0.0007,0.005728,0.02311,499.72,549.69,614.65,0
2661,65200,1,0.0007,0.0057,0.0231,499.72,0.0,0.0,1
2670,2680,@1,-0.0,0.0001,0.0,4780.5,4780.5,4780.5,1
2670,2680,@2,-0.0,0.0001,0.0,4780.5,0.0,0.0,1
2671,2681,@1,-0.0,0.0001,0.0,557.72,557.72,557.72,1
2671,2681,@2,-0.0,0.0001,0.0,557.72,557.72,557.72,1
2671,6111,1,0.0006,0.0033,0.37032,537.64,557.72,1266.58,1
2671,6111,2,0.0006,0.0033,0.37032,537.64,557.72,1266.58,1
2672,22672,1,-0.0,0.0001,0.0,0.0,0.0,0.0,1
2681,6127,1,0.000316,0.00163,0.26593,537.64,557.72,1266.58,1
2681,6127,2,0.00025,0.001691,0.26539,537.64,557.72,1266.58,1
2681,6129,R,0.000656,0.005046,0.01429,499.72,549.69,614.65,1
2681,6129,W,0.000663,0.005052,0.01508,499.72,549.69,614.65,1
2681,8572,R,0.0001,0.0009,0.027,341.6,425.26,558.0,1
2681,8573,W,0.0001,0.0007,0.0271,373.39,451.2,593.69,1
2681,8576,R,3.3e-05,0.000197,0.0297,537.64,557.72,1266.58,1
2681,8576,W,2.9e-05,0.000204,0.0297,537.64,557.72,1266.58,1
2750,2900,R,0.0005,0.005184,0.09037,1196.31,1315.94,1471.46,1
2750,2900,W,0.000494,0.00517,0.0927,1196.31,1315.94,1471.46,1
2751,2761,@1,-0.0,0.0001,0.0,557.7,557.7,557.7,1
2751,2761,@2,-0.0,0.0001,0.0,557.7,557.7,557.7,1
2751,3791,1,0.0026,0.0146,0.0821,370.33,407.36,455.5,0
2751,3811,3,0.0003,0.0023,0.2507,499.72,549.69,614.65,1
2751,3811,4,0.0005,0.0027,0.2708,499.72,549.69,614.65,1
2751,6233,R,0.0005,0.0025,0.28594,537.64,557.72,1266.58,1
2751,6233,W,0.0005,0.0025,0.28594,537.64,557.72,1266.58,1
2751,9860,1,0.00051,0.003264,0.0769,249.86,274.84,307.33,1
2753,22753,1,-0.0,0.0001,0.0,0.0,0.0,0.0,1
2761,3811,1,0.0007,0.0055,0.14944,499.72,549.69,614.65,1
2761,3811,2,0.0007,0.0055,0.14944,499.72,549.69,614.65,1
2761,7853,M,0.001663,0.009506,0.14669,370.33,407.36,455.5,1
2761,7854,O,0.00166,0.009506,0.14629,370.33,407.36,455.5,1
2761,8601,1,0.00051,0.004849,0.10368,322.92,387.89,636.36,1
2761,8617,1,0.0007,0.0057,0.138,276.07,351.92,521.19,1
2761,8618,1,0.0007,0.0059,0.1428,319.9,395.7,550.2,1
2761,53800,1,0.0005,0.0049,0.1073,266.31,326.55,547.96,1
2763,22763,1,-0.0,0.0001,0.0,0.0,0.0,0.0,1
2800,2850,R,0.0001,0.0011,0.9406,1287.74,1465.21,1887.68,1
2800,2850,W,0.0001,0.0011,0.9346,1287.74,1465.21,1887.68,1
2800,2920,1,0.0003,0.0022,1.8704,1287.74,1465.21,1887.68,1
2800,2920,2,0.0003,0.0023,1.8741,1287.74,1465.21,1887.68,1
2801,2811,@1,-0.0,0.0001,0.0,557.7,557.7,557.7,1
2801,2811,@2,-0.0,0.0001,0.0,557.7,557.7,557.7,1
2801,6301,M,0.000131,0.000878,0.09257,537.64,557.72,1266.58,1
2801,6301,O,0.0002,0.0014,0.1486,538.0,0.0,0.0,1
2801,6309,1,0.0002,0.0015,0.045,342.44,425.26,725.32,1
2801,6309,2,0.000192,0.001625,0.0454,342.44,425.26,725.32,1
2801,8621,R,0.000208,0.001446,0.04159,342.44,425.26,725.32,1
2801,8621,W,0.000192,0.001403,0.0435,342.44,425.26,725.32,1
2802,2812,@1,-0.0,0.0001,0.0,0.0,0.0,0.0,1
2802,22802,1,-0.0,0.0001,0.0,0.0,0.0,0.0,1
2811,6305,1,0.0002,0.002,0.043,270.22,406.02,529.0,1
2811,6305,2,0.0002,0.002,0.0433,270.22,406.02,529.0,1
2811,6311,R,0.000139,0.001062,0.10713,430.56,551.03,1018.96,1
2811,6311,W,0.000242,0.001024,0.1074,430.56,551.03,1018.96,1
2812,22812,1,-0.0,0.0001,0.0,0.0,0.0,0.0,1
2850,2870,R,0.0001,0.0013,1.0982,1293.11,1459.83,1654.64,1
2850,2870,W,0.0002,0.0013,1.1031,1293.11,1459.83,1654.64,1
2851,2861,@1,-0.0,0.0001,0.0,557.7,557.7,557.7,1
2851,2861,@2,-0.0,0.0001,0.0,557.7,557.7,557.7,1
2851,6353,1,0.0003,0.0034,0.1876,278.86,389.85,574.45,1
2851,6353,2,0.0003,0.0034,0.1876,278.86,389.85,574.45,1
2851,6361,1,0.0006,0.0045,0.1328,283.0,0.0,0.0,1
2851,6367,1,0.0003,0.0021,0.0706,342.44,425.26,725.32,1
2851,6371,1,0.0002,0.0016,0.0523,342.44,425.26,725.32,1
2853,22853,1,-0.0,0.0001,0.0,0.0,0.0,0.0,1
2861,6369,1,0.0001,0.0009,0.0964,435.02,557.72,961.51,1
2861,6369,2,0.0002,0.0012,0.116,435.02,557.72,961.51,1
2861,6409,1,0.0002,0.0015,0.2463,537.64,557.72,1266.58,1
2861,6409,2,0.0002,0.0015,0.2434,537.64,557.72,1266.58,1
2862,22862,1,-0.0,0.0001,0.0,0.0,0.0,0.0,1
2870,3080,1,-0.0,0.0001,0.0354,2588.62,2922.06,3311.66,1
2870,3081,2,-0.0,0.0001,0.0354,2588.62,2922.06,3311.66,1
2871,2881,@1,-0.0,0.0001,0.0,1115.4,1115.4,1115.4,1
2871,2881,@2,-0.0,0.0001,0.0,1115.4,1115.4,1115.4,1
2881,6407,1,0.0001,0.0017,0.349,538.2,557.72,1266.58,1
2881,6407,2,0.0001,0.0016,0.3484,538.2,557.72,1266.58,1
2881,7883,1,-0.0,0.0003,0.0099,414.11,441.7,570.2,1
2900,2950,R,0.000516,0.008388,0.19792,2182.28,2400.51,2684.2,1
2900,2950,W,0.000516,0.008388,0.19792,2182.28,2400.51,2684.2,1
2900,3080,1,-0.0,0.0001,0.0,2588.62,2922.06,3311.66,1
2900,3081,2,-0.0,0.0001,0.0,2588.62,2922.06,3311.66,1
2901,2911,@1,-0.0,0.0001,0.0,1115.44,1115.44,1115.44,0
2901,2911,@2,-0.0,0.0001,0.0,1115.44,1115.44,1115.44,0
2901,3901,4,0.000949,0.006458,0.00629,439.48,483.43,540.56,1
2901,7853,M,0.001906,0.011647,0.01093,370.33,407.36,455.5,0
2901,7854,O,0.001906,0.011647,0.01093,370.33,407.36,455.5,0
2901,7892,S,0.000844,0.005748,0.0056,439.48,483.43,540.57,0
2901,7893,N,0.000844,0.005748,0.0056,439.48,483.43,540.56,0
2902,22902,1,-0.0,0.0001,0.0,0.0,0.0,0.0,1
2911,6369,1,0.001946,0.00389,0.10904,435.02,483.43,540.56,1
2911,6369,2,0.002749,0.00403,0.11949,435.02,483.43,540.56,1
2911,7883,1,-0.0,0.0002,0.0272,828.21,883.43,1140.54,1
2911,7884,2,0.0004,0.0006,0.0372,1236.47,1505.84,2409.35,1
2920,3080,1,-0.0,0.0001,0.0,2588.6,2922.06,3311.66,1
2920,3081,2,-0.0,0.0001,0.0,2588.62,2922.06,3311.66,1
2921,3891,1,0.001065,0.006954,0.03353,439.48,483.43,540.56,1
2921,3891,2,0.001057,0.006939,0.03468,439.48,483.43,540.56,1
2921,7883,@2,-0.0,0.0001,0.0397,557.72,557.72,557.72,0
2921,7884,@1,-0.0,0.0001,0.0355,557.72,557.72,557.72,0
2921,7885,3,0.001075,0.006956,0.03803,439.48,483.43,540.56,1
2923,22923,1,-0.0,0.0001,0.0,0.0,0.0,0.0,1
2930,2950,1,0.000946,0.014652,0.35983,2182.28,2400.51,2684.2,1
2931,2941,@1,-0.0,0.0001,0.0,557.7,557.7,557.7,1
2931,2941,@2,-0.0,0.0001,0.0,557.7,557.7,557.7,1
2931,6451,1,0.0023,0.0172,0.5396,499.16,549.08,613.97,1
2931,6451,2,0.0023,0.0172,0.5396,499.16,549.08,613.97,1
2932,22932,1,-0.0,0.0001,0.0,0.0,0.0,0.0,1
2941,6223,R,0.001229,0.010157,0.1165,499.16,549.08,613.97,1
2941,6223,W,0.001215,0.010162,0.12085,499.16,549.08,613.97,1
2941,6457,R,0.002367,0.020453,0.27791,499.72,549.69,614.65,1
2941,6457,W,0.00236,0.020458,0.27623,499.72,549.69,614.65,1
2951,2961,@1,-0.0,0.0001,0.0,1115.4,1115.4,1115.4,1
2951,2961,@2,-0.0,0.0001,0.0,1115.4,1115.4,1115.4,1
2951,3931,M,0.003663,0.022281,0.02107,370.33,407.36,455.5,1
2951,3931,O,0.003663,0.022281,0.02107,370.33,407.36,455.5,1
2951,3931,R,0.002757,0.024699,0.02408,499.72,549.69,614.65,1
2951,3931,W,0.002757,0.024699,0.02408,499.72,549.69,614.65,1
2951,3941,M,0.007569,0.040496,0.0261,557.72,557.72,640.92,1
2951,6513,1,0.0022,0.0201,0.2347,342.44,425.26,614.65,1
2951,6513,2,0.0021,0.0202,0.2355,342.44,425.26,614.65,1
2951,7954,O,0.0023,0.0122,0.0078,557.72,557.72,640.92,1
2951,53640,1,0.0001,0.0013,0.0287,280.53,324.04,390.4,1
2952,22952,1,-0.0,0.0001,0.0,0.0,0.0,0.0,1
2961,6515,1,0.0005,0.0043,0.0769,348.58,426.66,566.09,1
2961,6515,2,0.0009,0.0043,0.0761,348.58,426.66,566.09,1
3001,7019,1,0.006899,0.061535,0.10553,378.13,541.55,614.65,1
3001,7019,2,0.006895,0.061535,0.10511,378.13,541.55,614.65,1
3001,7952,1,0.002483,0.022129,0.02624,509.2,557.72,626.31,1
3001,7953,2,0.002483,0.022129,0.02624,509.2,557.72,626.31,1
3002,23002,1,-0.0,0.0001,0.0,0.0,0.0,0.0,1
3101,4011,1,0.000492,0.0053,0.52906,537.64,557.72,1266.58,1
3101,4011,2,0.000492,0.0053,0.52906,537.64,557.72,1266.58,1
3101,4047,M,0.0007,0.0042,0.0655,370.33,407.36,455.5,1
3101,4047,O,0.0008,0.0042,0.0658,370.33,407.36,455.5,1
3102,23102,1,-0.0,0.0001,0.0,0.0,0.0,0.0,1
3121,4255,1,0.00012,0.001249,0.06489,248.46,316.51,414.94,1
3121,4265,1,0.000169,0.001897,0.11238,307.02,367.54,457.89,1
3121,4275,1,0.0002,0.0018,0.096,263.52,330.45,455.94,1
3121,7515,R,0.0002,0.0012,0.0748,439.48,483.43,540.56,1
3121,7516,W,0.0002,0.0012,0.0748,439.48,483.43,540.56,1
3121,7517,2,0.00012,0.001249,0.06489,248.46,316.51,414.94,1
3122,23122,1,-0.0,0.0001,0.0,0.0,0.0,0.0,1
3131,4111,M,0.0003,0.002,0.0297,499.72,549.69,614.65,1
3131,4111,O,0.0004,0.002,0.0305,499.72,549.69,614.65,1
3131,4147,1,0.000248,0.003021,0.16855,196.32,301.73,506.97,1
3131,7511,M,0.000142,0.00044,0.03733,249.58,359.45,527.88,1
3131,7512,O,0.0001,0.0007,0.038,249.58,359.45,527.88,1
3131,7567,O,0.0005,0.0044,0.1982,499.72,549.69,614.65,0
3131,7568,M,0.0006,0.0046,0.2306,499.72,549.69,614.65,0
3132,23132,1,-0.0,0.0001,0.0,0.0,0.0,0.0,1
3141,7518,M,0.0015,0.0132,0.01291,509.2,557.72,626.31,1
3141,7519,O,0.0015,0.0132,0.0129,509.2,557.72,626.31,1
3142,13142,1,-0.0,0.0001,0.0,0.0,0.0,0.0,1
3142,23142,1,-0.0,0.0001,0.0,0.0,0.0,0.0,1
3161,4213,1,0.0008,0.0047,0.0462,370.33,407.36,455.5,1
3161,7534,O,0.001159,0.006479,0.00607,370.33,407.36,455.5,1
3162,23162,1,-0.0,0.0001,0.0,0.0,0.0,0.0,1
3181,3191,@1,-0.0,0.0001,0.0,557.72,557.72,557.72,1
3181,3191,@2,-0.0,0.0001,0.0,557.72,557.72,557.72,1
3181,4573,R,0.000115,0.002432,0.15042,263.52,330.45,455.94,1
3181,4573,W,0.000207,0.002522,0.14073,263.52,330.45,455.94,1
3181,7619,3,0.0003,0.0031,0.0859,268.82,346.06,633.29,1
3181,8184,1,0.0002,0.0005,0.0082,156.99,185.72,238.15,1
3181,8184,2,0.0002,0.0006,0.0081,157.0,185.7,238.2,0
3182,23182,1,-0.0,0.0001,0.0,0.0,0.0,0.0,1
3191,4353,1,0.0009,0.0066,0.0913,229.5,290.85,528.72,1
3191,4357,1,0.0012,0.0087,0.1717,229.5,290.85,528.44,1
3191,4575,1,0.0003,0.0052,0.3352,303.96,384.27,574.45,1
3211,3221,1,0.0001,0.0002,0.0052,515.33,586.72,858.33,1
3211,3221,2,-0.0,0.0002,0.0056,515.33,586.72,858.33,1
3211,4351,1,0.0004,0.0044,0.2301,253.48,0.0,0.0,1
3211,4351,2,0.0004,0.0044,0.2301,253.48,0.0,0.0,1
3211,7569,O,0.000759,0.0064,0.0542,499.72,549.69,614.65,1
3211,8141,1,-0.0,0.0002,0.0046,277.67,0.0,0.0,0
3211,8141,2,0.0001,0.0003,0.0054,277.67,0.0,0.0,1
3221,4403,1,0.0004,0.0029,0.0805,293.64,0.0,0.0,1
3221,7571,M,0.000123,0.001076,0.04052,293.64,407.36,455.5,1
3221,7573,M,0.0003,0.0024,0.0524,499.72,549.69,614.65,1
3221,7574,2,0.0003,0.0023,0.0502,499.72,549.69,614.65,1
3222,23222,1,-0.0,0.0001,0.0,0.0,0.0,0.0,1
3231,7588,2,0.0003,0.0035,0.1832,253.48,372.0,527.32,0
3231,7591,W,0.0007,0.0044,0.096,245.4,320.41,540.56,1
3231,7592,R,0.0007,0.0044,0.096,245.4,320.41,540.56,1
3232,23232,1,-0.0,0.0001,0.0,0.0,0.0,0.0,1
3241,3281,M,0.0027,0.0075,0.1379,778.02,778.02,832.48,1
3241,3281,O,0.0028,0.0075,0.1283,778.02,778.02,832.48,1
3241,7581,1,0.0004,0.0017,0.0029,557.72,557.72,638.53,1
3241,7582,1,0.0004,0.0018,0.003,557.72,557.72,638.53,1
3241,7589,O,1.95032e-07,1.13009e-06,2e-05,370.3,407.4,449.0,0
3241,7590,1,1.2002e-07,7.70128e-07,3e-05,370.3,407.4,449.0,0
3241,7591,W,4.95082e-08,4.74679e-07,1e-05,245.4,320.4,540.6,1
3241,7592,R,4.94082e-08,4.73679e-07,1e-05,245.4,320.4,540.6,1
3241,8160,R,0.000431,0.003713,0.10034,147.24,172.06,219.74,1
3241,8160,W,0.000441,0.00371,0.10068,147.24,172.06,219.74,0
3242,23242,1,-0.0,0.0001,0.0,0.0,0.0,0.0,1
3281,7584,O,0.000396,0.0038,0.0037,499.72,549.69,614.65,0
3281,7604,1,0.0005,0.0049,0.0069,499.72,549.69,614.65,1
3281,7605,2,0.0005,0.0049,0.0069,499.72,549.69,614.65,1
3282,23282,1,-0.0,0.0001,0.0,0.0,0.0,0.0,1
3291,4611,M,0.000306,0.003026,0.17492,278.86,389.85,574.45,1
3291,4611,O,0.000283,0.003057,0.17669,278.86,389.85,574.45,1
3291,4651,R,0.0003,0.0037,0.2384,198.55,308.7,513.66,1
3291,4651,W,0.0003,0.0037,0.2384,198.55,308.7,513.66,1
3292,23292,1,-0.0,0.0001,0.0,0.0,0.0,0.0,1
3301,4607,1,0.00138,0.010851,0.10098,499.72,549.69,614.65,1
3301,4613,1,0.0009,0.005,0.17,370.33,407.36,455.5,1
3301,4627,1,0.00012,0.001182,0.16322,557.72,557.72,1116.0,1
3301,4629,1,0.000125,0.001302,0.37681,557.72,557.72,1148.9,1
3301,7609,1,0.0004,0.0018,0.0061,539.87,596.76,638.53,1
3301,8203,R,0.00017,0.001646,0.14249,315.67,397.1,628.83,1
3301,8203,W,0.000152,0.001632,0.14235,315.67,397.1,628.83,0
3302,23302,1,-0.0,0.0001,0.0,0.0,0.0,0.0,1
3321,3331,@1,-0.0,0.0001,0.0,1115.44,1115.44,1115.44,0
3321,3331,@2,-0.0,0.0001,0.0,1115.44,1115.44,1115.44,0
3321,4715,1,0.000107,0.000718,0.13311,511.99,557.72,1021.74,0
3321,4715,2,9.6e-05,0.001013,0.0978,557.72,557.72,1450.63,0
3321,4907,R,0.0002,0.0012,0.1567,537.64,692.13,1266.58,1
3321,4907,W,0.0002,0.0012,0.1571,537.64,692.13,1266.58,1
3321,9100,1,0.001651,0.028844,0.02841,999.43,1099.38,1229.3,1
3321,9100,2,0.001651,0.028844,0.02841,999.43,1099.38,1229.3,1
3322,23322,1,-0.0,0.0001,0.0,0.0,0.0,0.0,1
3331,4649,R,0.0015,0.0102,0.0681,439.48,483.43,540.56,1
3331,4649,W,0.0016,0.0103,0.0697,439.48,483.43,540.56,1
3331,4709,R,0.0006,0.0052,0.1761,342.44,425.26,725.32,1
3331,4709,W,0.0006,0.0051,0.1778,342.44,425.26,725.32,1
3331,4713,R,0.0002,0.001157,0.14063,557.72,557.72,1306.74,1
3331,4713,W,0.0002,0.001157,0.14063,557.72,557.72,1306.74,1
3341,4701,1,0.000366,0.005056,0.52442,490.24,549.69,614.65,1
3341,4755,1,0.001324,0.010001,0.01272,499.72,549.69,614.65,1
3341,4755,2,0.001323,0.009988,0.01209,499.72,549.69,614.65,1
3341,7636,1,0.000841,0.007537,0.00735,499.72,549.69,614.65,1
3342,3352,@1,-0.0,0.0001,0.0,239.0,239.0,239.0,1
3342,23342,1,-0.0,0.0001,0.0,0.0,0.0,0.0,1
3352,13352,1,-0.0,0.0001,0.0,0.0,0.0,0.0,1
3352,23352,1,-0.0,0.0001,0.0,0.0,0.0,0.0,1
3361,4583,R,0.0023,0.0149,0.0779,370.33,407.36,455.5,1
3361,4583,W,0.0023,0.0148,0.0775,370.33,407.36,455.5,1
3361,4801,R,0.0011,0.005583,0.08745,439.48,483.43,540.56,1
3361,4801,W,0.001048,0.005517,0.0783,439.48,483.43,540.56,1
3361,4813,M,0.0036,0.0141,0.0974,283.6,306.75,343.56,1
3361,4813,O,0.0036,0.0138,0.3403,283.6,306.75,343.56,1
3361,4907,M,0.0017,0.0081,0.2221,567.2,596.76,638.53,1
3361,4907,O,0.0017,0.0081,0.2238,567.2,596.76,638.53,1
3362,3364,@1,-0.0,0.0001,0.0,239.0,239.0,239.0,1
3362,23362,1,-0.0,0.0001,0.0,0.0,0.0,0.0,1
3364,23364,1,-0.0,0.0001,0.0,0.0,0.0,0.0,1
3371,4751,1,0.00146,0.012483,0.08947,411.04,549.69,614.65,1
3371,7630,R,0.000851,0.007621,0.00743,439.48,483.43,540.56,1
3371,7636,1,0.001627,0.014576,0.01421,499.72,549.69,614.65,1
3371,7639,W,0.000851,0.007621,0.00743,439.48,483.43,540.56,1
3372,3374,@1,-0.0,0.0001,0.0,239.0,239.0,239.0,0
3372,13372,1,-0.0,0.0001,0.0,0.0,0.0,0.0,1
3372,23372,1,-0.0,0.0001,0.0,0.0,0.0,0.0,1
3374,23374,1,-0.0,0.0001,0.0,0.0,0.0,0.0,1
3391,3401,@1,-0.0,0.0001,0.0,557.72,557.72,557.72,0
3391,3401,@2,-0.0,0.0001,0.0,557.72,557.72,557.72,0
3391,4993,1,0.000265,0.002975,0.09252,342.44,409.92,532.62,1
3391,4993,2,0.00031,0.002971,0.09222,342.44,409.92,532.62,1
3391,4995,R,0.0006,0.004,0.306,439.48,483.43,540.56,1
3391,4995,W,0.0006,0.0039,0.3044,439.48,483.43,540.56,1
3391,4999,R,0.0006,0.0033,0.1071,370.33,407.36,455.5,1
3391,4999,W,0.0005,0.0033,0.107,370.33,407.36,455.5,1
3392,3394,@1,-0.0,0.0001,0.0,239.0,239.0,239.0,0
3392,23392,1,-0.0,0.0001,0.0,0.0,0.0,0.0,1
3394,23394,1,-0.0,0.0001,0.0,0.0,0.0,0.0,1
3401,5005,R,7.1e-05,0.000579,0.07031,557.72,557.72,1031.22,1
3401,5005,W,7.1e-05,0.000579,0.07031,557.72,557.72,1031.22,1
3401,5017,R,9.8e-05,0.000943,0.12309,557.72,557.72,2145.55,1
3401,5017,W,9.8e-05,0.000943,0.12309,557.72,557.72,2145.55,1
3401,5091,M,0.000367,0.002475,0.01508,439.48,483.43,540.56,1
3401,5091,O,0.000372,0.002475,0.01559,439.48,483.43,540.56,1
3411,3431,R,0.0059,0.0281,0.0636,439.48,483.43,540.56,1
3411,3431,W,0.0059,0.0281,0.0636,439.48,483.43,540.56,1
3411,7650,1,0.001509,0.013012,0.02049,491.91,549.69,614.65,1
3411,8301,1,0.001641,0.01411,0.02393,342.44,425.26,614.65,1
3411,8302,1,0.0001,0.0012,0.0349,342.44,0.0,0.0,1
3411,8302,2,0.0001,0.0012,0.0349,342.44,0.0,0.0,1
3412,23412,1,-0.0,0.0001,0.0,0.0,0.0,0.0,1
3421,3431,@1,-0.0,0.0001,0.0,557.7,0.0,0.0,1
3421,3431,@2,-0.0,0.0001,0.0,557.7,0.0,0.0,1
3421,7656,M,0.0018,0.0125,0.0122,439.48,483.43,540.56,0
3421,7657,O,0.002,0.0135,0.0142,412.16,0.0,0.0,0
3422,13422,1,-0.0,0.0001,0.0,0.0,0.0,0.0,1
3422,23422,1,-0.0,0.0001,0.0,0.0,0.0,0.0,1
3431,5055,1,0.001716,0.013771,0.04187,499.72,549.69,614.65,1
3431,5055,2,0.001702,0.01377,0.04106,499.72,549.69,614.65,1
3431,5079,R,0.0005,0.003032,0.12084,499.72,549.69,614.65,1
3431,5079,W,0.0005,0.003019,0.1235,499.72,549.69,614.65,1
3441,5091,R,9.5e-05,0.00059,0.03579,499.72,549.69,614.65,1
3441,5091,W,0.0001,0.000588,0.03632,499.72,549.69,614.65,1
3441,7656,M,0.0001,0.0005,0.0019,439.48,483.43,540.56,1
3441,7657,O,0.0001,0.0005,0.0032,439.48,483.43,540.56,1
3442,23442,1,-0.0,0.0001,0.0,0.0,0.0,0.0,1
3451,5505,1,0.0002,0.0026,0.1685,226.99,337.42,486.05,1
3451,5505,2,0.0002,0.0026,0.1684,226.99,337.42,486.05,1
3451,5505,3,0.0004,0.0037,0.0844,248.46,290.29,392.08,1
3451,7662,1,0.0014,0.0091,0.0212,439.48,0.0,0.0,1
3451,7663,1,0.0014,0.0091,0.0212,439.48,0.0,0.0,1
3452,23452,1,-0.0,0.0001,0.0,0.0,0.0,0.0,1
3461,7661,2,0.004,0.025,0.0303,691.57,0.0,0.0,1
3462,23462,1,-0.0,0.0001,0.0,0.0,0.0,0.0,1
3471,5013,1,0.0004,0.002,0.2306,557.72,557.72,1306.74,1
3471,5021,1,0.0006,0.0051,0.1486,283.6,0.0,0.0,1
3471,5021,2,0.0006,0.0051,0.1486,283.6,0.0,0.0,1
3471,5023,1,0.0003,0.0017,0.19688,557.72,557.72,1306.74,1
3471,5025,1,0.0002,0.0013,0.14297,557.72,557.72,1306.74,1
3472,23472,1,-0.0,0.0001,0.0,0.0,0.0,0.0,1
3481,5913,R,0.0009,0.0061,0.2313,499.72,549.69,614.65,1
3481,5913,W,0.000601,0.005886,0.22064,499.72,549.69,614.65,1
3482,23482,1,-0.0,0.0001,0.0,0.0,0.0,0.0,1
3521,5651,1,0.000372,0.001478,0.35321,394.31,557.72,1025.09,1
3521,5655,R,0.000125,0.001787,0.2223,557.72,557.72,1306.74,1
3521,5655,W,0.000195,0.001785,0.22158,557.72,557.72,1306.74,1
3521,5665,1,0.000448,0.004471,0.23042,210.26,306.47,462.07,1
3521,5667,1,0.000212,0.002225,0.06108,342.44,425.26,725.32,1
3521,5669,1,0.0006,0.0049,0.1418,342.44,425.26,725.32,1
3521,5671,1,0.0004,0.0035,0.1013,269.0,0.0,0.0,1
3521,5685,1,0.0003,0.0026,0.0659,499.72,549.69,614.65,1
3521,5685,2,0.0003,0.0026,0.0659,499.72,549.69,614.65,1
3522,23522,1,-0.0,0.0001,0.0,0.0,0.0,0.0,1
3531,5681,1,0.001134,0.009785,0.07119,471.27,549.69,614.65,0
3531,5681,2,0.0013,0.0098,0.0719,471.27,549.69,614.65,0
3531,7688,R,0.0016,0.0146,0.0143,499.72,549.69,614.65,1
3531,7689,W,0.0016,0.0146,0.0143,499.72,549.69,614.65,1
3532,13532,1,-0.0,0.0001,0.0,0.0,0.0,0.0,1
3532,23532,1,-0.0,0.0001,0.0,0.0,0.0,0.0,1
3551,5853,1,0.000985,0.006354,0.1401,439.48,483.43,540.56,1
3551,5855,1,0.000342,0.003163,0.35809,537.64,557.72,1266.58,1
3551,5855,2,0.000323,0.003195,0.37727,537.64,557.72,1266.58,1
3551,5903,M,0.0011,0.0091,0.0437,499.72,549.69,614.65,0
3551,5903,O,0.0011,0.0091,0.0441,499.72,549.69,614.65,0
3551,7720,R,0.0022,0.0149,0.0145,439.48,483.43,540.56,1
3551,7721,W,0.0022,0.0149,0.0145,439.48,483.43,540.56,1
3551,7750,R,0.0009,0.005519,0.00521,439.48,483.43,540.56,1
3552,23552,1,-0.0,0.0001,0.0,0.0,0.0,0.0,1
3661,3701,1,0.0047,0.0417,0.0407,499.72,549.69,614.65,1
3661,5995,1,0.000108,0.000787,0.10948,522.58,557.72,1245.39,1
3661,5995,2,0.000107,0.000801,0.1096,522.58,557.72,1245.39,1
3661,6009,W,0.003761,0.030875,0.12183,439.48,483.43,540.56,1
3661,6011,1,0.000244,0.002094,0.25181,557.72,557.72,1306.74,1
3661,6033,1,0.0005,0.0027,0.30469,557.72,557.72,1306.74,1
3661,7810,1,0.0032,0.0291,0.0284,499.72,549.69,614.66,1
3662,23662,1,-0.0,0.0001,0.0,0.0,0.0,0.0,1
3671,6023,M,0.0005,0.0029,0.3043,683.0,0.0,0.0,1
3671,6023,O,0.0005,0.0029,0.3043,683.8,0.0,0.0,1
3671,7820,R,0.0072,0.0408,0.0992,370.33,407.36,455.5,1
3671,7821,W,0.0072,0.0408,0.0992,370.33,407.36,455.5,1
3672,23672,1,-0.0,0.0001,0.0,0.0,0.0,0.0,1
3681,5955,1,0.000925,0.007803,0.10251,499.72,549.69,614.65,1
3681,5955,2,0.000915,0.0079,0.10178,499.72,549.69,614.65,1
3681,6017,M,0.001232,0.006569,0.06871,370.33,407.36,455.5,1
3681,6017,O,0.001171,0.006525,0.07883,370.33,407.36,455.5,1
3681,7818,1,0.0006,0.0049,0.0866,499.72,549.69,614.65,1
3681,7819,2,0.0011,0.0098,0.0876,499.16,549.08,613.97,1
3681,7820,R,0.0021,0.0115,0.0492,370.33,407.36,455.5,1
3681,7821,W,0.0021,0.0116,0.049,370.33,407.36,455.5,1
3682,23682,1,-0.0,0.0001,0.0,0.0,0.0,0.0,1
3691,7805,1,0.0152,0.0302,1.309,186.84,225.32,299.22,1
3691,7806,2,0.015,0.0299,1.2768,186.84,225.32,299.22,0
3692,3694,R,0.005815,0.053132,0.0406,128.0,0.0,0.0,1
3692,3694,W,0.006091,0.052895,0.04035,128.0,0.0,0.0,1
3694,13694,1,-0.0,0.0001,0.0,0.0,0.0,0.0,1
3694,23694,1,-0.0,0.0001,0.0,0.0,0.0,0.0,1
3701,5941,1,0.0031,0.0267,0.2724,499.72,549.69,614.65,1
3701,7790,1,0.001,0.0106,0.2854,269.1,335.19,489.68,1
3701,7791,2,0.001,0.0106,0.2839,269.1,335.2,489.7,1
3701,7805,1,0.0014,0.0122,0.0119,499.72,549.69,614.65,1
3701,7806,2,0.0014,0.0122,0.0119,499.72,549.69,614.65,1
3702,13702,1,-0.0,0.0001,0.0,0.0,0.0,0.0,1
3702,23702,1,-0.0,0.0001,0.0,0.0,0.0,0.0,1
3711,3721,@1,-0.0,0.0001,0.0,1115.4,0.0,0.0,0
3711,3721,@2,-0.0,0.0001,0.0,1115.4,0.0,0.0,0
3711,6073,1,0.0006,0.0056,0.8255,539.9,678.2,981.0,1
3711,6073,2,0.0006,0.0056,0.8909,539.87,678.19,981.03,1
3711,6073,3,0.0006,0.0056,0.7335,539.87,678.19,981.03,1
3711,9350,1,0.0007,0.002,0.0386,609.59,749.58,904.09,1
3711,9350,2,0.0007,0.002,0.0384,609.59,749.58,904.09,1
3711,9350,3,0.0007,0.002,0.0386,609.59,749.58,904.09,1
3721,6043,1,0.0015,0.0129,0.015,499.72,549.69,614.65,1
3721,6043,2,0.0015,0.0129,0.0158,499.72,549.69,614.65,1
3721,6063,1,0.0016,0.0098,0.0145,557.72,557.72,739.98,1
3721,6063,2,0.0016,0.0102,0.0242,691.57,691.57,739.98,1
3721,7820,R,0.00479,0.027275,0.02535,370.33,407.36,455.5,0
3721,7821,W,0.00479,0.027275,0.02535,370.33,407.36,455.5,0
3721,7827,3,0.0025,0.0222,0.0216,499.72,549.69,614.65,1
3721,7828,4,0.00248,0.022217,0.0216,499.72,549.69,614.65,1
3721,7830,R,0.004,0.0224,0.033,370.33,407.36,455.5,0
3721,7831,W,0.0038,0.0214,0.0321,370.33,407.36,455.5,0
3721,9340,R,0.000166,0.001398,0.00346,1018.4,1018.4,1120.24,1
3721,9340,W,0.000158,0.001413,0.0029,1018.4,1018.4,1120.24,1
3722,23722,1,-0.0,0.0001,0.0,0.0,0.0,0.0,1
3731,6055,1,0.000396,0.002502,0.12776,231.45,327.1,496.93,1
3731,6055,2,0.000216,0.002573,0.12543,231.45,327.1,496.93,1
3731,6059,1,0.000843,0.007548,0.00736,499.72,549.69,614.65,1
3731,6067,R,0.0004,0.0039,0.1266,315.67,396.82,693.52,1
3731,6067,W,0.0004,0.0039,0.1267,315.67,396.82,693.52,1
3731,6071,1,0.000961,0.008189,0.03119,499.72,549.69,614.65,1
3731,6083,1,0.0005,0.0024,0.2756,538.2,557.72,1266.58,1
3731,6083,2,0.0004,0.0023,0.2625,537.64,557.72,1266.58,1
3731,7823,W,0.0014,0.0123,0.111,499.72,549.69,614.65,1
3731,7824,R,0.0015,0.0137,0.0134,499.72,549.69,614.65,1
3732,23732,1,-0.0,0.0001,0.0,0.0,0.0,0.0,1
3761,6079,1,0.0003,0.0032,0.0718,269.1,341.88,431.4,1
3761,6079,2,0.0003,0.0043,0.2515,278.86,389.85,574.45,1
3761,6107,R,0.000341,0.004259,0.25175,278.86,389.85,574.45,1
3761,6109,1,0.0007,0.0037,0.1817,370.33,407.36,455.5,1
3761,7830,R,0.0007,0.0038,0.0035,370.33,407.36,455.5,1
3762,23762,1,-0.0,0.0001,0.0,0.0,0.0,0.0,1
3791,6161,1,0.0008,0.005,0.3842,370.33,407.36,455.5,0
3791,6161,2,0.0009,0.0051,0.4111,370.33,407.36,455.5,0
3791,7838,1,0.0014,0.0077,0.0215,499.72,549.69,614.65,1
3791,7839,1,0.0017,0.0092,0.0241,370.33,407.36,455.5,1
3791,8580,R,0.000248,0.002758,0.08126,342.44,425.26,725.32,0
3791,8580,W,0.000247,0.002765,0.08147,342.44,425.26,725.32,1
3792,23792,1,-0.0,0.0001,0.0,0.0,0.0,0.0,1
3811,6161,R,0.000214,0.0018,0.50591,394.31,557.72,1025.09,1
3811,6161,W,0.00017,0.001848,0.50706,394.31,557.72,1025.09,1
3811,6207,R,0.000238,0.001502,0.07019,394.31,549.69,614.65,1
3811,6207,W,0.000406,0.001545,0.03184,499.72,549.69,614.65,1
3811,7845,M,6e-08,0.0001,0.0,0.0,0.0,0.0,0
3811,7846,O,6.001e-08,0.0001,0.0,0.0,0.0,0.0,0
3811,8615,R,0.000303,0.002508,0.06618,342.44,425.26,725.32,0
3811,8615,W,0.000306,0.002492,0.06642,342.44,425.26,725.32,0
3812,23812,1,-0.0,0.0001,0.0,0.0,0.0,0.0,1
3881,7890,R,-0.0,1e-06,0.0,0.0,0.0,0.0,1
3881,7892,S,0.0012,0.008,0.0309,437.25,483.43,540.56,1
3881,7893,N,0.001193,0.007953,0.06142,394.31,483.43,540.56,1
3881,9902,W,0.00016,0.001949,0.10874,278.86,389.85,574.45,1
3882,23882,1,-0.0,0.0001,0.0,0.0,0.0,0.0,1
3891,7886,3,-0.0,0.0001,0.0,0.0,0.0,0.0,1
3891,7887,1,0.0006,0.0026,0.0045,557.72,557.72,640.92,1
3891,7888,2,0.0006,0.0026,0.0045,557.72,557.72,640.92,1
3891,9925,1,0.0001,0.0003,0.03,537.64,557.72,1266.58,1
3891,9925,2,0.0001,0.0003,0.03,537.64,557.72,1266.58,1
3892,23892,1,-0.0,0.0001,0.0,0.0,0.0,0.0,1
3901,7891,1,-0.0,1e-06,0.0,0.0,0.0,0.0,1
3901,7894,1,-0.0,0.0001,0.0,0.0,0.0,0.0,1
3901,65080,1,0.0002,0.0024,0.0542,270.2,0.0,0.0,1
3921,3941,1,0.01157,0.056815,0.05267,219.74,241.72,270.28,1
3922,23922,1,-0.0,0.0001,0.0,0.0,0.0,0.0,1
3923,13923,1,-0.0,0.0001,0.0,0.0,0.0,0.0,1
3931,6511,1,0.000663,0.004964,0.0521,499.72,549.69,614.65,1
3931,6511,2,0.000665,0.004966,0.05198,499.72,549.69,614.65,1
3931,6521,R,0.004583,0.033885,0.0359,437.81,481.59,538.51,1
3931,6521,W,0.004583,0.033879,0.03665,437.81,481.59,538.51,1
3932,23932,1,-0.0,0.0001,0.0,0.0,0.0,0.0,1
3941,7003,1,0.007163,0.035985,0.0271,557.72,557.72,640.92,1
3941,7003,2,0.0073,0.0356,0.0257,557.72,557.72,640.92,1
3941,7954,O,0.0053,0.0283,0.0182,557.72,557.72,640.92,1
3942,23942,1,-0.0,0.0001,0.0,0.0,0.0,0.0,1
3951,7011,R,0.00016,0.001591,0.19393,550.47,557.72,1260.45,1
3951,7011,W,0.000182,0.001583,0.19387,550.47,557.72,1260.45,1
3951,7952,1,0.0029,0.0261,0.0254,509.2,557.72,626.31,1
3951,7953,2,0.002893,0.0261,0.0254,509.2,557.72,626.31,1
3952,23952,1,-0.0,0.0001,0.0,0.0,0.0,0.0,1
3971,7021,R,0.001,0.0096,0.1619,499.72,549.69,614.65,1
3971,7023,1,0.002319,0.019692,0.05275,509.2,557.72,626.31,1
3971,7023,2,0.002302,0.019611,0.0512,509.2,557.72,626.31,1
3971,7029,1,0.0011,0.0064,0.2061,499.72,549.69,614.65,1
3971,7950,1,0.0034,0.017,0.0206,557.72,557.72,640.92,1
3971,7951,2,0.0033,0.017,0.0206,557.72,557.72,640.92,1
3971,67500,1,0.0003,0.0035,0.0794,270.2,0.0,0.0,1
3971,67520,1,0.0002,0.0022,0.0504,270.22,0.0,0.0,1
3972,23972,1,-0.0,0.0001,0.0,0.0,0.0,0.0,1
4001,4015,1,0.0053,0.0479,0.1104,283.6,356.38,502.23,1
4001,7513,W,0.0004,0.002,0.001,254.6,280.06,313.16,1
4001,7514,1,0.000715,0.003902,0.015,254.6,280.06,313.16,1
4001,8009,R,0.0008,0.0044,0.0081,254.6,280.06,313.16,1
4001,8011,R,0.00068,0.004047,0.04485,254.6,280.06,313.16,1
4001,60000,1,0.0001,0.0003,0.0075,206.91,267.43,387.89,1
4001,60020,1,0.0002,0.0001,0.0028,206.91,267.43,387.89,1
4001,60120,1,0.0001,0.0005,0.0018,345.23,423.87,572.22,1
4002,24002,1,-0.0,0.0001,0.0,0.0,0.0,0.0,1
4011,7509,1,-0.0,1e-06,0.0,0.0,0.0,0.0,1
4011,9500,1,0.000553,0.004818,0.08947,294.48,353.37,441.71,1
4011,9500,2,0.000514,0.004551,0.08104,294.48,353.37,441.71,1
4011,60080,1,-0.0,0.0001,0.0014,316.5,373.39,385.94,1
4011,60085,2,0.0001,0.0002,0.0052,316.5,373.4,385.9,1
4012,24012,1,-0.0,0.0001,0.0,0.0,0.0,0.0,1
4015,60040,1,0.0001,0.0002,0.0043,416.9,477.97,551.59,1
4016,24016,1,-0.0,0.0001,0.0,0.0,0.0,0.0,1
4025,4029,1,0.000217,0.002317,0.27852,537.64,557.72,1266.58,1
4025,4029,2,0.000229,0.002363,0.29021,537.64,557.72,1266.58,1
4025,4047,M,0.0011,0.0049,0.2316,557.72,557.72,597.36,1
4025,4047,O,0.001,0.0049,0.2311,557.72,557.72,597.36,1
4025,4117,R,0.007018,0.039532,0.05138,370.33,407.36,455.5,1
4025,4117,W,0.006998,0.039523,0.05233,370.33,407.36,455.5,1
4026,24026,1,-0.0,0.0001,0.0,0.0,0.0,0.0,1
4027,4029,1,0.000223,0.002611,0.07517,315.67,399.33,693.52,1
4027,4029,2,0.00023,0.002704,0.07499,315.67,399.33,693.52,1
4028,24028,1,-0.0,0.0001,0.0,0.0,0.0,0.0,1
4030,24030,1,-0.0,0.0001,0.0,0.0,0.0,0.0,1
4048,24048,1,-0.0,0.0001,0.0,0.0,0.0,0.0,1
4107,4203,R,0.0001,0.001213,0.06769,278.86,389.85,574.45,1
4107,4203,W,0.0001,0.001213,0.06769,278.86,389.85,574.45,1
4107,7515,R,0.00028,0.003412,0.19039,278.86,389.85,574.45,1
4107,7516,W,0.00028,0.003412,0.19039,278.86,389.85,574.45,1
4107,8026,R,1.7e-05,9.9e-05,0.00297,154.49,182.1,301.17,1
4107,8026,W,1.7e-05,9.9e-05,0.00297,154.49,182.1,301.17,0
4108,24108,1,-0.0,0.0001,0.0,0.0,0.0,0.0,1
4109,7515,R,0.00015509,0.00082404,0.09375,473.5,557.72,1172.89,1
4109,7516,W,0.000155,0.000824,0.09375,473.5,557.72,1172.89,1
4110,24110,1,-0.0,0.0001,0.0,0.0,0.0,0.0,1
4111,4113,1,0.0001,0.0005,0.0444,538.2,557.72,1266.58,1
4111,4113,2,0.0001,0.0005,0.0455,538.2,557.72,1266.58,1
4112,24112,1,-0.0,0.0001,0.0,0.0,0.0,0.0,1
4113,4143,1,0.0004,0.0021,0.2344,537.64,557.72,1266.58,1
4113,4143,2,0.0004,0.0021,0.2344,537.64,557.72,1266.58,1
4113,8028,1,1.7e-05,9.9e-05,0.00297,153.37,184.05,230.06,1
4113,8028,2,1.7e-05,9.9e-05,0.00297,153.37,184.05,230.06,0
4114,24114,1,-0.0,0.0001,0.0,0.0,0.0,0.0,1
4115,4147,1,0.0001,0.0016,0.1037,196.32,301.73,506.97,1
4115,7512,O,0.001,0.0055,0.0351,370.33,407.36,455.5,1
4115,7518,M,0.0041,0.0228,0.0531,370.33,407.36,455.5,1
4116,24116,1,-0.0,0.0001,0.0,0.0,0.0,0.0,1
4117,7511,M,0.003651,0.021192,0.02633,370.33,407.36,455.5,1
4117,7512,O,0.0037,0.0213,0.0254,370.33,407.36,455.5,1
4117,8002,1,0.000412,0.001486,0.01007,249.86,274.84,307.33,1
4117,8002,2,0.000421,0.001485,0.01017,249.86,274.84,307.33,0
4118,24118,1,-0.0,0.0001,0.0,0.0,0.0,0.0,1
4127,7519,O,0.0022068,0.0199,0.025,412.15,501.95,626.31,1
4128,24128,1,-0.0,0.0001,0.0,0.0,0.0,0.0,1
4139,7518,M,0.0003,0.003,0.0898,342.44,425.26,725.32,1
4139,7519,O,0.0004,0.0029,0.0756,342.44,425.26,725.32,1
4140,24140,1,-0.0,0.0001,0.0,0.0,0.0,0.0,1
4141,7575,1,-0.0,0.0001,0.0,0.0,0.0,0.0,1
4141,7576,1,-0.0,0.0001,0.0,0.0,0.0,0.0,1
4143,8029,1,0.0002,0.0017,0.0506,283.6,0.0,0.0,0
4143,8029,2,0.0002,0.0017,0.0506,283.6,0.0,0.0,0
4144,24144,1,-0.0,0.0001,0.0,0.0,0.0,0.0,1
4148,24148,1,-0.0,0.0001,0.0,0.0,0.0,0.0,1
4162,24162,1,-0.0,0.0001,0.0,0.0,0.0,0.0,1
4203,8025,1,0.0002,0.0008,0.0178,270.22,381.2,565.81,1
4203,8025,2,0.0002,0.0009,0.018,270.22,381.2,565.81,0
4204,24204,1,-0.0,0.0001,0.0,0.0,0.0,0.0,1
4207,4213,1,0.00049,0.003899,0.08361,270.22,337.42,427.21,1
4207,7530,1,0.0014,0.0049,0.0822,370.33,407.36,455.5,1
4207,7590,1,0.0017,0.0091,0.2812,370.33,407.36,455.5,1
4208,24208,1,-0.0,0.0001,0.0,0.0,0.0,0.0,1
4213,7530,1,0.0004,0.0026,0.0819,370.33,407.36,455.5,1
4214,24214,1,-0.0,0.0001,0.0,0.0,0.0,0.0,1
4255,7517,2,-0.0,1e-06,0.0,248.46,316.51,414.94,1
4256,24256,1,-0.0,0.0001,0.0,0.0,0.0,0.0,1
4257,4259,1,0.0001,0.0013,0.0346,268.82,346.07,568.87,1
4257,7517,2,0.000211,0.002731,0.13578,248.5,316.5,414.9,1
4258,24258,1,-0.0,0.0001,0.0,0.0,0.0,0.0,1
4259,4263,1,0.0005,0.0044,0.2042,255.99,346.07,510.87,1
4259,8081,1,0.0001,0.0006,0.0191,166.2,197.99,247.63,1
4259,8081,2,0.0001,0.0006,0.0191,166.2,197.99,247.63,0
4260,24260,1,-0.0,0.0001,0.0,0.0,0.0,0.0,1
4263,4265,1,5.7e-05,0.00037,0.03295,264.92,353.04,511.43,1
4263,4275,1,0.0001,0.0013,0.0639,263.52,330.45,455.94,1
4264,24264,1,-0.0,0.0001,0.0,0.0,0.0,0.0,1
4266,24266,1,-0.0,0.0001,0.0,0.0,0.0,0.0,1
4269,4309,1,0.0001,0.0007,0.1482,511.79,0.0,0.0,1
4269,4425,1,8.9e-05,0.000462,0.05476,538.2,557.72,1266.58,1
4270,24270,1,-0.0,0.0001,0.0,0.0,0.0,0.0,1
4275,8027,R,-0.0,0.0002,0.0055,153.09,187.12,330.45,1
4275,8027,W,-0.0,0.0002,0.0054,153.09,187.12,330.45,0
4276,24276,1,-0.0,0.0001,0.0,0.0,0.0,0.0,1
4301,7500,1,-0.0,1e-06,0.0,278.9,389.8,574.5,1
4301,7586,1,0.000132,0.001131,0.06051,278.86,389.85,574.45,1
4302,24302,1,-0.0,0.0001,0.0,0.0,0.0,0.0,1
4305,7585,1,-0.0,1e-06,0.0,0.0,0.0,0.0,1
4305,7586,1,-0.0,1e-06,0.0,0.0,0.0,0.0,1
4306,24306,1,-0.0,0.0001,0.0,0.0,0.0,0.0,1
4308,24308,1,-0.0,0.0001,0.0,0.0,0.0,0.0,1
4309,4425,1,0.0001,0.0007,0.0797,538.0,0.0,0.0,1
4310,24310,1,-0.0,0.0001,0.0,0.0,0.0,0.0,1
4311,4313,@1,-0.0,0.0001,0.0,557.72,557.72,557.72,1
4311,4313,@2,-0.0,0.0001,0.0,557.72,557.72,557.72,1
4311,4409,1,0.0004,0.0034,0.1444,210.26,279.98,364.2,1
4313,4401,1,0.0002,0.0014,0.0421,269.1,346.07,633.29,1
4313,7574,2,0.0006,0.0041,0.0654,255.99,346.07,510.87,1
4314,24314,1,-0.0,0.0001,0.0,0.0,0.0,0.0,1
4351,4357,1,0.000153,0.001675,0.11079,307.86,369.21,459.0,0
4351,7500,1,0.000137,0.001027,0.07112,308.14,389.85,560.51,1
4352,24352,1,-0.0,0.0001,0.0,0.0,0.0,0.0,1
4353,4357,1,0.000128,0.001559,0.087,278.86,389.85,574.45,1
4354,24354,1,-0.0,0.0001,0.0,0.0,0.0,0.0,1
4358,24358,1,-0.0,0.0001,0.0,0.0,0.0,0.0,1
4359,7563,R,0.0003,0.0009,0.0153,278.86,389.85,540.56,1
4359,7564,W,0.0002,0.0009,0.0163,278.86,389.85,540.56,1
4360,24360,1,-0.0,0.0001,0.0,0.0,0.0,0.0,1
4361,7563,R,0.0002,0.0022,0.049,270.77,334.9,580.0,1
4361,7564,W,0.0002,0.0022,0.049,270.77,334.9,580.0,1
4362,24362,1,-0.0,0.0001,0.0,0.0,0.0,0.0,1
4401,7573,M,0.000589,0.002909,0.10908,499.72,547.12,601.84,1
4402,24402,1,-0.0,0.0001,0.0,0.0,0.0,0.0,1
4403,7572,O,0.000174,0.001319,0.03948,255.99,269.66,350.81,1
4404,24404,1,-0.0,0.0001,0.0,0.0,0.0,0.0,1
4410,24410,1,-0.0,0.0001,0.0,0.0,0.0,0.0,1
4411,4437,M,0.000154,0.001551,0.03528,246.23,296.43,398.77,1
4411,4437,O,0.0001,0.001552,0.03528,246.23,296.43,398.77,1
4411,7571,M,0.000371,0.00176,0.09113,278.86,389.85,455.5,1
4411,7572,1,0.0002,0.0011,0.0905,278.86,0.0,0.0,1
4412,24412,1,-0.0,0.0001,0.0,0.0,0.0,0.0,1
4425,8143,R,0.0003,0.001,0.0181,153.09,187.12,330.45,1
4425,8143,W,0.0002,0.0014,0.0426,153.09,187.12,330.45,0
4426,24426,1,-0.0,0.0001,0.0,0.0,0.0,0.0,1
4437,8142,R,0.0004,0.0026,0.0782,155.32,187.12,239.26,1
4437,8142,W,0.0004,0.0026,0.0782,155.32,187.12,239.26,0
4438,24438,1,-0.0,0.0001,0.0,0.0,0.0,0.0,1
4505,4507,R,7.3e-05,0.000843,0.04656,278.86,389.85,574.45,1
4505,4507,W,7.3e-05,0.000843,0.04632,278.86,389.85,574.45,1
4505,4527,1,0.0001,0.0001,0.0052,557.72,557.72,1306.74,1
4505,4527,2,0.0001,0.0001,0.0052,557.72,557.72,1306.74,1
4506,24506,1,-0.0,0.0001,0.0,0.0,0.0,0.0,1
4508,24508,1,-0.0,0.0001,0.0,0.0,0.0,0.0,1
4513,7581,1,0.0004,0.0029,0.149,242.61,365.31,522.3,1
4513,7582,1,0.0004,0.0029,0.149,242.61,365.31,522.3,1
4514,24514,1,-0.0,0.0001,0.0,0.0,0.0,0.0,1
4527,4617,1,0.0002,0.0013,0.143,557.72,557.72,1306.74,1
4527,7581,1,0.0006,0.003,0.1829,557.72,557.72,638.53,1
4528,24528,1,-0.0,0.0001,0.0,0.0,0.0,0.0,1
4551,4553,1,-0.0,0.0001,0.0016,411.6,496.37,790.57,1
4551,4553,2,-0.0,0.0001,0.0015,411.6,496.37,790.57,1
4552,24552,1,-0.0,0.0001,0.0,0.0,0.0,0.0,1
4553,4625,1,0.0007,0.0046,0.0771,249.86,359.45,527.88,1
4553,4625,2,0.0007,0.0046,0.0771,249.86,359.45,527.88,1
4554,24554,1,-0.0,0.0001,0.0,0.0,0.0,0.0,1
4557,7571,1,0.0002,0.001,0.0897,278.86,0.0,0.0,0
4557,7572,O,0.000329,0.002794,0.09974,198.55,308.7,455.5,0
4557,8180,R,8.3e-05,0.000207,0.00524,147.24,172.06,219.74,1
4557,8180,W,4e-05,0.000197,0.0052,147.24,172.06,219.74,0
4558,24558,1,-0.0,0.0001,0.0,0.0,0.0,0.0,1
4559,4903,1,0.0034,0.02,0.0509,370.33,407.36,455.5,1
4560,24560,1,-0.0,0.0001,0.0,0.0,0.0,0.0,1
4563,4583,1,0.000129,0.001372,0.15324,537.64,557.72,1266.58,1
4563,4583,2,0.000131,0.0014,0.15147,537.64,557.72,1266.58,1
4564,24564,1,-0.0,0.0001,0.0,0.0,0.0,0.0,1
4567,4573,1,0.0002,0.0019,0.0428,269.1,341.6,434.46,1
4567,4575,1,0.0002,0.0017,0.0649,186.28,328.5,472.11,1
4567,4575,2,0.0002,0.002,0.0445,186.28,328.5,434.46,1
4567,7619,2,0.0003,0.0028,0.063,269.1,404.63,527.88,1
4567,8209,R,0.0002,0.0008,0.0112,155.32,187.12,239.26,1
4567,8209,W,0.0002,0.0008,0.0113,155.32,187.12,239.26,0
4568,24568,1,-0.0,0.0001,0.0,0.0,0.0,0.0,1
4573,4625,1,0.0002,0.002436,0.13593,226.99,337.42,535.69,1
4573,7615,1,4.57e-08,0.0001,0.0,187.7,187.7,187.7,1
4573,7616,2,-0.0,0.0001,0.0,187.7,187.7,187.7,1
4573,7619,1,-0.0,0.0001,0.0,0.0,0.0,0.0,1
4574,24574,1,-0.0,0.0001,0.0,0.0,0.0,0.0,1
4576,24576,1,-0.0,0.0001,0.0,0.0,0.0,0.0,1
4583,4903,R,0.00172,0.011665,0.08196,370.33,407.36,455.5,0
4583,4903,W,0.001739,0.011686,0.08215,370.33,407.36,455.5,0
4584,24584,1,-0.0,0.0001,0.0,0.0,0.0,0.0,1
4601,4635,R,5.1e-05,0.001188,0.13897,537.64,557.72,1266.58,1
4601,4635,W,0.0004,0.0013,0.1613,537.64,557.72,1153.92,1
4601,8206,R,7e-06,8.6e-05,0.0024,283.6,362.24,653.37,1
4601,8216,R,0.0001,0.0008,0.0229,283.6,362.24,653.37,0
4601,8216,W,0.0001,0.0008,0.0228,283.6,362.24,653.37,1
4601,9610,W,7e-06,7.9e-05,0.00245,246.79,296.15,370.19,1
4602,24602,1,-0.0,0.0001,0.0,0.0,0.0,0.0,1
4603,8192,1,0.0008,0.0063,0.185,286.67,0.0,0.0,1
4603,8195,1,0.0006,0.0065,0.1859,286.67,0.0,0.0,1
4603,8200,1,0.000943,0.006827,0.1048,198.55,308.7,513.66,1
4603,8200,2,0.000743,0.007129,0.10489,198.55,308.7,513.66,1
4604,24604,1,-0.0,0.0001,0.0,0.0,0.0,0.0,1
4607,7611,1,0.0003,0.0016,0.015,249.58,274.54,306.98,1
4607,7612,2,0.0003,0.0016,0.015,249.58,274.54,306.98,1
4608,24608,1,-0.0,0.0001,0.0,0.0,0.0,0.0,1
4611,4639,R,0.0002,0.001,0.096,437.81,557.72,955.37,1
4611,4639,W,0.0002,0.001,0.096,437.81,557.72,955.37,1
4612,24612,1,-0.0,0.0001,0.0,0.0,0.0,0.0,1
4613,4617,1,0.0005,0.0028,0.0798,370.33,407.36,455.5,1
4613,4627,1,0.0007,0.0036,0.0065,370.33,407.36,455.5,1
4613,7582,1,0.0011,0.0045,0.0697,484.38,557.72,638.53,1
4614,24614,1,-0.0,0.0001,0.0,0.0,0.0,0.0,1
4617,7584,O,0.00025,0.0022,0.1975,538.2,557.72,1164.52,1
4617,8181,R,0.0001,0.001,0.022,269.1,329.61,572.5,1
4617,8181,W,0.0001,0.0011,0.0217,269.1,329.61,572.5,0
4618,24618,1,-0.0,0.0001,0.0,0.0,0.0,0.0,1
4626,24626,1,-0.0,0.0001,0.0,0.0,0.0,0.0,1
4628,24628,1,-0.0,0.0001,0.0,0.0,0.0,0.0,1
4629,7609,1,0.0002,0.0013,0.1958,453.98,596.76,638.53,1
4629,8193,1,0.0002,0.002,0.0585,342.44,0.0,0.0,1
4630,24630,1,-0.0,0.0001,0.0,0.0,0.0,0.0,1
4635,8213,1,0.0001,0.0004,0.0131,269.1,346.07,633.29,1
4635,9612,1,2.5e-05,0.000295,0.0081,268.82,346.07,633.29,1
4636,24636,1,-0.0,0.0001,0.0,0.0,0.0,0.0,1
4637,7604,1,0.000799999,0.0073,0.0462,270.22,406.02,529.0,1
4637,7605,2,0.0008,0.0072,0.0453,270.22,406.02,529.0,1
4638,24638,1,-0.0,0.0001,0.0,0.0,0.0,0.0,1
4639,4649,R,0.000136,0.001142,0.15012,537.64,557.72,1266.58,1
4639,4649,W,0.000144,0.00116,0.15163,537.64,557.72,1266.58,1
4639,7618,R,0.0006,0.0041,0.123,283.6,362.24,653.37,1
4639,7620,1,-0.0,0.0001,0.0,0.0,0.0,0.0,1
4639,8190,1,0.0001,0.0007,0.0235,269.1,441.16,568.6,1
4639,8190,2,0.0002,0.0007,0.0233,269.1,441.16,568.6,1
4639,8207,1,0.0005,0.0044,0.1283,283.6,362.2,653.4,1
4639,8208,W,0.0002,0.0044,0.1228,283.6,362.24,653.37,1
4640,24640,1,-0.0,0.0001,0.0,0.0,0.0,0.0,1
4650,24650,1,-0.0,0.0001,0.0,0.0,0.0,0.0,1
4651,7617,R,0.0001,0.0007,0.021,342.44,425.26,725.31,1
4651,8204,W,0.0001,0.0007,0.0209,342.44,425.26,725.32,1
4652,24652,1,-0.0,0.0001,0.0,0.0,0.0,0.0,1
4701,4703,1,0.000188,0.001342,0.16739,490.24,557.72,1266.58,1
4702,24702,1,-0.0,0.0001,0.0,0.0,0.0,0.0,1
4703,4705,1,0.0002,0.002067,0.53163,557.72,557.72,1203.0,1
4703,4715,1,0.000163,0.001349,0.34698,394.31,557.72,1025.09,1
4703,4715,2,0.000163,0.001347,0.34653,394.31,557.72,1025.09,1
4704,24704,1,-0.0,0.0001,0.0,0.0,0.0,0.0,1
4705,8244,1,0.000115,0.000181,0.01251,414.39,498.88,800.05,1
4706,24706,1,-0.0,0.0001,0.0,0.0,0.0,0.0,1
4709,8221,1,8.9e-05,0.000811,0.0215,342.44,425.26,725.32,1
4709,8221,2,8.9e-05,0.000801,0.02144,342.44,425.26,725.32,0
4710,24710,1,-0.0,0.0001,0.0,0.0,0.0,0.0,1
4711,4713,R,0.0002,0.0022,0.0648,269.1,346.07,633.29,1
4711,4713,W,0.0002,0.0022,0.0649,269.1,346.07,633.29,1
4712,24712,1,-0.0,0.0001,0.0,0.0,0.0,0.0,1
4713,8220,R,0.0002,0.0016,0.0473,283.6,362.24,653.37,1
4713,8223,1,0.0001,0.0007,0.0207,283.6,0.0,0.0,1
4714,24714,1,-0.0,0.0001,0.0,0.0,0.0,0.0,1
4715,8282,1,0.0001,0.0008,0.0226,342.44,425.26,725.32,1
4715,8282,2,0.0001,0.0006,0.0182,342.44,425.26,725.32,1
4716,24716,1,-0.0,0.0001,0.0,0.0,0.0,0.0,1
4751,7629,1,9.8e-05,0.0008,0.04309,185.44,281.09,458.17,1
4751,7635,1,0.000401,0.002999,0.08022,499.72,549.69,614.65,1
4751,8240,1,0.000204,0.002131,0.1076,185.44,281.09,458.17,1
4751,8251,1,0.000135,0.001306,0.03419,414.39,498.88,800.05,1
4752,24752,1,-0.0,0.0001,0.0,0.0,0.0,0.0,1
4753,4755,R,0.000152,0.0013,0.15,557.72,557.72,1306.74,1
4753,4755,W,0.000133,0.001102,0.28354,397.1,557.72,1027.32,1
4753,4763,R,0.00027,0.002157,0.265,557.72,557.72,1306.74,1
4753,4763,W,0.000275,0.002141,0.27288,557.72,557.72,1306.74,1
4753,7623,1,0.0002,0.0019,0.0522,283.6,362.24,653.37,1
4754,24754,1,-0.0,0.0001,0.0,0.0,0.0,0.0,1
4755,4759,1,0.0005,0.0029,0.32541,537.64,557.72,1266.58,1
4755,4759,2,0.0005,0.0029,0.32541,537.64,557.72,1266.58,1
4755,8241,R,0.0001,0.0012,0.0338,315.67,396.82,693.52,1
4755,8241,W,0.0001,0.0012,0.0338,315.67,396.82,693.52,1
4756,24756,1,-0.0,0.0001,0.0,0.0,0.0,0.0,1
4757,8230,1,0.0002,0.0012,0.036,283.6,362.24,653.37,1
4757,8230,2,0.0002,0.0012,0.036,283.6,362.24,653.37,1
4757,40060,1,4e-06,3.4e-05,0.00071,196.04,248.74,433.35,1
4758,24758,1,-0.0,0.0001,0.0,0.0,0.0,0.0,1
4759,70000,1,0.0004,0.0018,0.0212,154.49,182.1,226.71,1
4760,24760,1,-0.0,0.0001,0.0,0.0,0.0,0.0,1
4764,24764,1,-0.0,0.0001,0.0,0.0,0.0,0.0,1
4801,4805,R,0.002044,0.01295,0.04405,439.48,483.43,540.56,1
4801,4805,W,0.001975,0.013,0.04323,439.48,483.43,540.56,1
4801,4823,R,0.000202,0.002,0.26891,537.64,557.72,1266.58,1
4801,4823,W,0.000193,0.002058,0.26291,537.64,557.72,1266.58,1
4802,24802,1,-0.0,0.0001,0.0,0.0,0.0,0.0,1
4805,7626,1,0.0002,0.0015,0.0432,268.82,346.07,633.29,1
4805,8279,1,2.6e-05,6.7e-05,0.00322,342.44,425.26,725.32,1
4805,8279,2,2.7e-05,7e-05,0.00327,342.44,425.26,725.32,1
4805,8281,1,6e-05,0.000698,0.02086,268.82,346.07,633.29,1
4806,24806,1,-0.0,0.0001,0.0,0.0,0.0,0.0,1
4811,7501,O,0.0004,0.0024,0.26766,537.64,557.72,1266.58,1
4812,24812,1,-0.0,0.0001,0.0,0.0,0.0,0.0,1
4813,7501,O,0.003006,0.01009,0.01128,306.75,306.75,343.56,1
4813,7502,M,0.002927,0.010099,0.00965,306.75,306.75,343.56,1
4814,24814,1,-0.0,0.0001,0.0,0.0,0.0,0.0,1
4815,4821,R,6.6e-05,0.00016,0.03041,557.72,557.72,1306.74,1
4815,4821,W,6.4e-05,0.00016,0.03032,557.72,557.72,1306.74,1
4815,4839,O,0.0004,0.002,0.2317,557.72,557.72,1306.74,1
4815,4997,1,0.0002,0.0015,0.0428,269.1,346.07,633.29,1
4815,4997,2,0.0002,0.0015,0.0428,269.1,346.07,633.29,1
4815,7627,R,0.0019,0.0156,0.2381,499.72,549.69,614.65,1
4815,7628,W,0.0018,0.0156,0.236,499.72,549.69,614.65,1
4815,8270,1,0.000173,0.0019,0.0552,283.6,362.24,653.37,1
4816,24816,1,-0.0,0.0001,0.0,0.0,0.0,0.0,1
4817,7635,1,0.000764,0.006207,0.09576,490.24,549.69,614.65,1
4817,7636,1,0.0008,0.0062,0.09759,499.72,549.69,614.65,1
4817,8232,1,0.0004,0.0029,0.0833,286.67,0.0,0.0,1
4818,24818,1,-0.0,0.0001,0.0,0.0,0.0,0.0,1
4819,8278,1,0.0001,0.0001,0.0232,557.72,557.72,1336.3,1
4819,8278,2,0.0003,0.0016,0.0361,295.03,374.51,614.65,1
4820,24820,1,-0.0,0.0001,0.0,0.0,0.0,0.0,1
4821,8231,R,-0.0,0.0004,0.0113,283.6,356.38,502.23,1
4821,8231,W,-0.0,0.0004,0.0113,283.6,356.38,502.23,1
4821,8252,1,0.000117,0.001439,0.04124,283.6,362.24,653.37,1
4822,24822,1,-0.0,0.0001,0.0,0.0,0.0,0.0,1
4824,24824,1,-0.0,0.0001,0.0,0.0,0.0,0.0,1
4839,8242,1,0.0003,0.0029,0.082,283.6,362.24,653.37,1
4840,24840,1,-0.0,0.0001,0.0,0.0,0.0,0.0,1
4901,4909,R,0.000165,0.001712,0.08897,253.48,322.64,462.07,1
4901,4921,W,0.0003,0.0027,0.1186,253.48,322.64,462.07,1
4902,24902,1,-0.0,0.0001,0.0,0.0,0.0,0.0,1
4903,8186,1,0.0001,0.0006,0.0158,268.82,346.07,633.29,1
4903,8186,2,0.0001,0.0007,0.0159,268.82,346.07,633.29,0
4904,24904,1,-0.0,0.0001,0.0,0.0,0.0,0.0,1
4908,24908,1,-0.0,0.0001,0.0,0.0,0.0,0.0,1
4909,4921,R,8.8e-05,0.000373,0.06015,557.72,557.72,1610.7,1
4910,24910,1,-0.0,0.0001,0.0,0.0,0.0,0.0,1
4921,8191,1,0.0001,0.001,0.0293,286.67,0.0,0.0,1
4921,8191,2,0.0001,0.001,0.0293,286.67,0.0,0.0,1
4921,8280,1,0.0001,0.0006,0.0187,415.5,500.0,801.16,1
4921,8280,2,0.0002,0.0007,0.0188,283.6,362.24,653.37,1
4922,24922,1,-0.0,0.0001,0.0,0.0,0.0,0.0,1
4989,4991,1,0.0007,0.0025,0.1532,278.86,389.85,574.45,1
4989,4991,2,0.0002,0.0021,0.1549,278.86,389.85,574.45,1
4989,4993,1,0.000138,0.001383,0.0395,268.82,346.07,633.29,1
4989,4993,2,0.000131,0.001302,0.08507,198.55,308.7,513.66,1
4990,24990,1,-0.0,0.0001,0.0,0.0,0.0,0.0,1
4992,24992,1,-0.0,0.0001,0.0,0.0,0.0,0.0,1
4994,24994,1,-0.0,0.0001,0.0,0.0,0.0,0.0,1
4995,7630,R,0.000982,0.008528,0.17094,439.48,483.43,540.56,1
4995,7639,W,0.000978,0.008526,0.17173,439.48,483.43,540.56,1
4996,24996,1,-0.0,0.0001,0.0,0.0,0.0,0.0,1
4998,24998,1,-0.0,0.0001,0.0,0.0,0.0,0.0,1
4999,7627,R,0.001669,0.009046,0.03311,370.33,407.36,455.5,1
4999,7628,W,0.001665,0.009044,0.03325,370.33,407.36,455.5,1
5000,25000,1,-0.0,0.0001,0.0,0.0,0.0,0.0,1
5003,8315,1,0.000216,0.000675,0.02576,322.36,397.38,528.44,1
5003,8335,1,0.000127,0.000126,0.00413,322.36,397.38,528.44,1
5004,25004,1,-0.0,0.0001,0.0,0.0,0.0,0.0,1
5006,25006,1,-0.0,0.0001,0.0,0.0,0.0,0.0,1
5013,5023,1,0.0015,0.0018,0.1643,435.02,674.84,854.43,1
5013,32100,1,0.0002,0.0021,0.06,393.19,469.32,591.74,1
5013,32130,1,0.0002,0.0009,0.0967,358.61,431.68,566.36,1
5013,32130,2,0.0002,0.0009,0.0967,358.61,431.68,566.36,1
5014,25014,1,-0.0,0.0001,0.0,0.0,0.0,0.0,1
5017,8304,W,0.0001,0.0006,0.0227,322.36,397.38,528.44,1
5017,8308,1,4.4e-05,0.00037,0.01249,342.44,417.45,550.19,1
5017,8333,1,0.0001,0.0008,0.0225,342.44,417.45,550.19,1
5017,8359,1,0.0001,0.0006,0.0179,295.03,362.8,508.64,1
5018,25018,1,-0.0,0.0001,0.0,0.0,0.0,0.0,1
5021,5025,1,0.000144,0.001586,0.19613,557.72,557.72,1306.74,1
5021,5079,R,6e-05,0.00059,0.0781,557.72,557.72,1306.74,1
5021,5079,W,0.00011,0.000633,0.076,557.72,557.72,1306.74,1
5022,25022,1,-0.0,0.0001,0.0,0.0,0.0,0.0,1
5024,15024,1,-0.0,0.0001,0.0,0.0,0.0,0.0,1
5024,25024,1,-0.0,0.0001,0.0,0.0,0.0,0.0,1
5026,25026,1,-0.0,0.0001,0.0,0.0,0.0,0.0,1
5027,7664,1,0.0053,0.0382,0.2367,439.5,0.0,0.0,1
5028,25028,1,-0.0,0.0001,0.0,0.0,0.0,0.0,1
5055,5097,R,0.0003,0.0029,0.0981,283.6,362.24,653.37,1
5055,5097,W,0.0003,0.0029,0.0986,283.6,362.24,653.37,1
5055,41740,1,1e-06,1e-06,0.0007,283.6,362.24,653.37,1
5056,25056,1,-0.0,0.0001,0.0,0.0,0.0,0.0,1
5079,8320,1,0.000145,0.001676,0.05652,283.6,362.24,653.37,1
5079,8331,R,0.0001,0.0003,0.0122,283.6,362.24,653.37,1
5079,8331,W,6.5e-05,0.000315,0.01204,283.6,362.24,653.37,1
5079,8332,1,0.000118,0.000421,0.01754,283.6,362.24,653.37,1
5079,8341,R,0.0001,0.0011,0.0303,283.6,356.38,502.23,1
5079,8342,W,0.0001,0.0016,0.045,283.6,356.38,502.23,1
5080,25080,1,-0.0,0.0001,0.0,0.0,0.0,0.0,1
5092,25092,1,-0.0,0.0001,0.0,0.0,0.0,0.0,1
5098,25098,1,-0.0,0.0001,0.0,0.0,0.0,0.0,1
5107,7652,1,0.0005,0.0047,0.0139,499.72,0.0,0.0,1
5107,7653,1,0.0005,0.0047,0.0139,499.72,0.0,0.0,1
5107,8319,1,0.0002,0.0016,0.0474,283.6,356.38,502.23,1
5107,8346,1,0.0002,0.0022,0.0607,283.6,356.38,502.23,1
5108,25108,1,-0.0,0.0001,0.0,0.0,0.0,0.0,1
5501,5503,R,0.000175,0.001836,0.23234,557.72,557.72,1306.74,1
5501,5503,W,0.000224,0.001785,0.2209,557.72,557.72,1306.74,1
5501,7668,1,0.0039,0.029,0.1148,439.48,483.43,540.57,1
5501,7669,2,0.0039,0.029,0.1106,439.48,483.43,540.57,1
5501,8364,1,0.0004,0.0037,0.0844,264.08,334.91,598.99,1
5501,8364,2,0.0004,0.0037,0.0844,264.08,334.91,598.99,0
5502,25502,1,-0.0,0.0001,0.0,0.0,0.0,0.0,1
5503,5537,1,0.000228,0.001981,0.23066,557.72,557.72,1306.74,1
5503,5537,2,0.000226,0.001993,0.24595,557.72,557.72,1306.74,1
5503,5643,R,0.000223,0.001703,0.22547,557.72,557.72,1306.74,0
5503,5643,W,0.000212,0.00173,0.2245,557.72,557.72,1306.74,0
5504,25504,1,-0.0,0.0001,0.0,0.0,0.0,0.0,1
5505,5521,R,0.000315,0.003,0.38686,557.72,557.72,1306.74,1
5505,5521,W,0.000295,0.003115,0.37037,557.72,557.72,1306.74,1
5506,25506,1,-0.0,0.0001,0.0,0.0,0.0,0.0,1
5521,5523,1,9.7e-05,0.000885,0.10145,557.72,557.72,1306.74,1
5521,5523,2,9.7e-05,0.000885,0.10145,557.72,557.72,1306.74,1
5522,25522,1,-0.0,0.0001,0.0,0.0,0.0,0.0,1
5523,5537,1,0.000254,0.002387,0.07209,283.6,362.24,653.37,1
5523,5537,2,0.000262,0.002375,0.07201,283.6,362.24,653.37,1
5523,5541,1,0.0007,0.0038,0.4359,567.2,0.0,0.0,1
5523,5541,2,0.0007,0.0038,0.4359,567.2,0.0,0.0,1
5523,7683,1,1.54e-08,2.806e-07,1e-05,283.6,362.24,653.37,1
5524,25524,1,-0.0,0.0001,0.0,0.0,0.0,0.0,1
5526,25526,1,-0.0,0.0001,0.0,0.0,0.0,0.0,1
5529,7668,1,0.0006,0.0065,0.1871,283.6,362.24,653.37,1
5529,7669,2,0.0006,0.0066,0.1871,283.6,362.24,653.37,1
5530,25530,1,-0.0,0.0001,0.0,0.0,0.0,0.0,1
5537,5625,1,0.000204,0.001914,0.23799,557.72,557.72,1306.74,0
5538,25538,1,-0.0,0.0001,0.0,0.0,0.0,0.0,1
5542,25542,1,-0.0,0.0001,0.0,0.0,0.0,0.0,1
5546,25546,1,-0.0,0.0001,0.0,0.0,0.0,0.0,1
5601,5605,1,0.000134,0.000857,0.10846,557.72,557.72,1004.45,1
5601,5605,2,0.000127,0.000855,0.11035,557.72,557.72,1004.45,1
5601,5607,1,0.0001,0.0013,0.147,537.64,557.72,1004.45,1
5601,5607,2,0.0001,0.0013,0.1482,537.64,557.72,1004.45,1
5602,25602,1,-0.0,0.0001,0.0,0.0,0.0,0.0,1
5603,5617,1,0.0007,0.0048,0.237,499.72,549.7,614.66,1
5603,5627,1,9.2e-05,0.000455,0.05072,557.72,557.72,1306.74,1
5603,5627,2,0.000109,0.000471,0.05019,557.72,557.72,1306.74,1
5603,5787,1,0.0007,0.0066,0.2761,255.99,352.2,510.9,1
5604,25604,1,-0.0,0.0001,0.0,0.0,0.0,0.0,1
5605,5627,1,0.000204,0.001594,0.19281,557.72,557.72,1004.45,1
5605,5627,2,0.000178,0.001591,0.1924,557.72,557.72,1004.45,1
5606,25606,1,-0.0,0.0001,0.0,0.0,0.0,0.0,1
5607,5609,@1,-0.0,0.0001,0.0,557.72,557.72,557.72,1
5607,5609,@2,-0.0,0.0001,0.0,557.72,557.72,557.72,1
5609,5617,R,0.0013,0.011,0.1013,499.72,549.7,614.66,1
5609,5617,W,0.0013,0.011,0.1013,499.72,549.69,614.65,1
5610,25610,1,-0.0,0.0001,0.0,0.0,0.0,0.0,1
5611,7666,N,0.0017,0.0129,0.0146,319.02,367.26,418.29,1
5611,7667,S,0.0018,0.0129,0.0155,319.02,367.26,418.29,1
5611,7720,R,0.0009,0.0074,0.0089,439.48,483.43,540.56,0
5611,7721,W,0.001,0.0074,0.0097,439.48,483.43,540.56,0
5612,25612,1,-0.0,0.0001,0.0,0.0,0.0,0.0,1
5615,5617,1,0.0011,0.0031,0.2093,264.08,328.5,570.83,1
5615,5643,1,0.000252,0.001964,0.05837,283.6,362.24,653.37,1
5615,5643,2,0.000496,0.002471,0.05683,283.6,362.24,653.37,1
5615,5787,1,0.0005,0.005,0.1738,264.0,352.2,510.87,1
5616,25616,1,-0.0,0.0001,0.0,0.0,0.0,0.0,1
5618,25618,1,-0.0,0.0001,0.0,0.0,0.0,0.0,1
5625,5651,1,0.0006,0.0059,0.1336,270.22,338.54,436.42,1
5625,5663,1,0.000339,0.001956,0.11805,355.55,465.14,629.11,1
5626,25626,1,-0.0,0.0001,0.0,0.0,0.0,0.0,1
5628,25628,1,-0.0,0.0001,0.0,0.0,0.0,0.0,1
5637,7666,N,0.0002,0.0019,0.0583,335.47,410.76,546.29,1
5637,7667,S,0.0002,0.0019,0.0587,335.47,410.76,546.29,1
5638,25638,1,-0.0,0.0001,0.0,0.0,0.0,0.0,1
5644,25644,1,-0.0,0.0001,0.0,0.0,0.0,0.0,1
5648,25648,1,-0.0,0.0001,0.0,0.0,0.0,0.0,1
5651,5653,1,0.000496,0.004479,0.13357,283.6,362.24,653.37,1
5651,5653,2,0.00049,0.004483,0.1337,283.6,362.24,653.37,1
5651,5663,1,0.000297,0.002427,0.15585,356.94,466.25,629.94,1
5651,8360,R,0.0003,0.002,0.0589,283.6,362.24,653.37,0
5651,8360,W,0.0003,0.002,0.0589,283.6,362.24,653.37,1
5652,25652,1,-0.0,0.0001,0.0,0.0,0.0,0.0,1
5653,7686,R,0.0005,0.0025,0.28904,557.72,557.72,1306.74,1
5653,7687,W,0.0005,0.0025,0.28904,557.72,557.72,1306.74,1
5654,25654,1,-0.0,0.0001,0.0,0.0,0.0,0.0,1
5655,5657,R,8.6e-05,0.000438,0.05261,537.64,557.72,979.36,1
5655,5657,W,0.000109,0.000436,0.05261,537.64,557.72,979.36,1
5655,8770,R,0.0001,0.0007,0.0207,283.6,0.0,0.0,1
5655,8770,W,0.0001,0.0007,0.0207,283.6,0.0,0.0,1
5656,25656,1,-0.0,0.0001,0.0,0.0,0.0,0.0,1
5658,25658,1,-0.0,0.0001,0.0,0.0,0.0,0.0,1
5659,7688,R,0.0001,0.0008,0.0848,557.72,557.72,1306.74,1
5659,7689,W,0.0001,0.0008,0.0839,557.72,557.72,1306.74,1
5660,25660,1,-0.0,0.0001,0.0,0.0,0.0,0.0,1
5663,5665,1,0.000189,0.002497,0.14922,351.36,413.27,505.29,1
5664,25664,1,-0.0,0.0001,0.0,0.0,0.0,0.0,1
5665,5671,1,7.6e-05,0.0008,0.04186,255.99,322.64,462.07,1
5666,25666,1,-0.0,0.0001,0.0,0.0,0.0,0.0,1
5667,5669,1,0.0004,0.0036,0.1058,342.44,425.26,725.32,1
5667,5671,1,0.000248,0.002298,0.06523,283.6,356.38,502.23,1
5667,5671,2,0.000211,0.002349,0.06533,283.6,356.38,502.23,1
5668,25668,1,-0.0,0.0001,0.0,0.0,0.0,0.0,1
5669,5693,1,0.000425,0.003076,0.08532,283.6,362.24,653.37,1
5669,5693,2,0.0003,0.002923,0.08094,283.6,362.24,653.37,1
5669,7681,1,-0.0,0.0001,0.0,0.0,0.0,0.0,1
5669,8374,1,0.0001,0.0012,0.0297,316.51,390.96,529.56,1
5670,25670,1,-0.0,0.0001,0.0,0.0,0.0,0.0,1
5671,5787,1,0.000263,0.002762,0.05492,268.54,331.84,576.12,0
5671,5787,2,0.000262,0.002768,0.05538,268.54,331.84,576.12,0
5672,25672,1,-0.0,0.0001,0.0,0.0,0.0,0.0,1
5681,7684,1,0.001146,0.009909,0.06884,471.27,549.69,614.65,1
5682,25682,1,-0.0,0.0001,0.0,0.0,0.0,0.0,1
5683,5789,1,0.000138,0.000621,0.09243,557.72,557.72,998.88,1
5683,7700,1,-0.0,0.0001,0.0,0.0,0.0,0.0,1
5683,9720,1,0.0003,0.0015,0.16875,557.72,557.72,1306.74,1
5683,9720,2,0.0003,0.0015,0.16875,557.72,557.72,1306.74,1
5684,25684,1,-0.0,0.0001,0.0,0.0,0.0,0.0,1
5685,8377,W,0.0001,0.0008,0.0225,283.6,356.38,502.23,1
5685,8378,R,0.0001,0.0022,0.0586,269.1,335.2,489.7,1
5686,25686,1,-0.0,0.0001,0.0,0.0,0.0,0.0,1
5694,25694,1,-0.0,0.0001,0.0,0.0,0.0,0.0,1
5777,8370,1,0.000196,0.001367,0.048,283.6,362.24,653.37,1
5777,8382,1,0.0002,0.002,0.0571,283.6,362.24,653.37,1
5778,25778,1,-0.0,0.0001,0.0,0.0,0.0,0.0,1
5788,25788,1,-0.0,0.0001,0.0,0.0,0.0,0.0,1
5789,62500,1,2.5e-05,0.0002,0.0045,428.61,499.16,619.91,1
5790,25790,1,-0.0,0.0001,0.0,0.0,0.0,0.0,1
5801,7713,1,-0.0,0.0001,0.0,0.0,0.0,0.0,1
5801,7714,1,-0.0,0.0001,0.0,0.0,0.0,0.0,1
5801,41560,1,3.5e-05,0.0002,0.0045,283.6,356.38,502.23,1
5802,25802,1,-0.0,0.0001,0.0,0.0,0.0,0.0,1
5809,5811,2,0.0003,0.0014,0.16266,557.72,557.72,1306.74,1
5809,5819,R,0.0013,0.0108,0.0616,499.72,549.69,614.65,1
5809,7711,1,0.0001,0.0001,0.0043,557.72,557.72,1004.45,0
5809,8427,1,0.000154,0.001749,0.09415,267.71,322.64,412.43,1
5809,41620,1,-0.0,0.000115,0.0033,179.31,215.17,268.96,1
5810,25810,1,-0.0,0.0001,0.0,0.0,0.0,0.0,1
5811,7712,1,0.0002,0.0013,0.1562,557.16,557.72,987.72,1
5812,25812,1,-0.0,0.0001,0.0,0.0,0.0,0.0,1
5817,5855,1,0.0005,0.0037,0.5706,557.72,557.72,1004.45,1
5817,7712,1,0.0004,0.005,0.598,557.72,557.72,1306.74,1
5817,41650,1,7e-06,0.0001,0.0033,270.22,337.42,427.21,1
5818,25818,1,-0.0,0.0001,0.0,0.0,0.0,0.0,1
5820,25820,1,-0.0,0.0001,0.0,0.0,0.0,0.0,1
5821,5823,R,-0.0,0.0001,0.0011,515.33,557.72,858.33,0
5821,5823,W,-0.0,0.0001,0.0011,515.33,557.72,858.33,0
5821,32190,R,0.0002,0.0017,0.0763,316.51,539.59,539.59,1
5821,32191,W,0.0002,0.0017,0.0761,316.51,539.59,539.59,1
5821,32220,1,0.0002,0.0019,0.083,307.86,307.86,307.86,1
5821,32250,1,0.0001,0.0005,0.0099,370.61,448.13,582.26,1
5821,50500,R,0.0001,0.0002,0.0226,538.2,557.72,979.36,0
5821,50500,W,0.0001,0.0002,0.0226,538.2,557.72,979.36,0
5822,5823,@1,-0.0,0.0001,0.0,1115.44,1115.44,1115.44,1
5822,5823,@2,-0.0,0.0001,0.0,1115.44,1115.44,1115.44,1
5822,32280,W,0.0001,0.0004,0.0104,370.61,448.13,582.26,1
5822,32281,R,0.0001,0.0004,0.0104,370.61,448.13,582.26,1
5823,7730,1,-0.0,0.0001,0.0,0.0,0.0,0.0,1
5823,32310,1,0.0004,0.003,0.0325,587.8,738.4,1040.1,1
5823,32430,1,-0.0,0.0001,0.0127,373.39,447.29,588.12,1
5824,5826,1,0.0016,0.0142,0.4137,283.6,0.0,0.0,1
5824,5826,2,0.0016,0.0142,0.4137,283.6,0.0,0.0,1
5824,5826,3,0.0016,0.0142,0.4137,283.6,0.0,0.0,1
5824,5826,4,0.0016,0.0142,0.4137,283.6,0.0,0.0,1
5824,5826,5,0.0016,0.0142,0.4137,283.6,0.0,0.0,1
5824,5826,6,0.0016,0.0142,0.4137,283.6,0.0,0.0,1
5824,5826,7,0.0016,0.0142,0.4137,283.6,0.0,0.0,1
5824,5826,8,0.0016,0.0142,0.4137,283.6,0.0,0.0,1
5841,32160,1,-0.0,0.0001,0.0006,548.24,557.72,677.63,1
5841,40090,1,0.0001,0.0001,0.0021,96.76,96.76,96.76,1
5841,50540,1,0.0002,0.0031,0.0827,415.5,499.72,611.54,1
5842,25842,1,-0.0,0.0001,0.0,0.0,0.0,0.0,1
5851,7750,R,0.000242,0.001781,0.06516,262.1,315.4,408.5,1
5851,7751,W,0.000218,0.001925,0.06652,262.1,315.4,408.5,1
5851,8445,1,0.000111,0.000467,0.01421,292.25,366.42,510.59,1
5851,9740,1,0.000398,0.003146,0.18873,267.71,322.64,412.43,1
5852,25852,1,-0.0,0.0001,0.0,0.0,0.0,0.0,1
5853,7751,W,0.000192,0.001482,0.13654,439.48,483.43,540.56,1
5854,25854,1,-0.0,0.0001,0.0,0.0,0.0,0.0,1
5855,7711,1,0.0006,0.0036,0.6393,557.72,779.69,1148.9,1
5856,25856,1,-0.0,0.0001,0.0,0.0,0.0,0.0,1
5863,7720,R,0.0004,0.0041,0.1283,283.6,356.38,502.23,1
5863,7721,W,0.0004,0.0041,0.1278,283.6,356.38,502.23,1
5864,25864,1,-0.0,0.0001,0.0,0.0,0.0,0.0,1
5901,5905,R,0.0003,0.003484,0.09403,342.44,425.26,725.32,1
5901,5905,W,0.000308,0.003489,0.09403,342.44,425.26,725.32,1
5902,25902,1,-0.0,0.0001,0.0,0.0,0.0,0.0,1
5903,5905,R,0.0014,0.0123,0.0474,499.72,549.69,614.65,1
5903,5905,W,0.0014,0.0123,0.0478,499.72,549.69,614.65,1
5904,25904,1,-0.0,0.0001,0.0,0.0,0.0,0.0,1
5906,25906,1,-0.0,0.0001,0.0,0.0,0.0,0.0,1
5910,25910,1,-0.0,0.0001,0.0,0.0,0.0,0.0,1
5914,25914,1,-0.0,0.0001,0.0,0.0,0.0,0.0,1
5916,25916,1,-0.0,0.0001,0.0,0.0,0.0,0.0,1
5941,5943,R,0.0008,0.0088,0.244,283.6,356.38,502.22,1
5941,5943,W,0.0008,0.0088,0.2416,283.6,356.4,502.2,1
5941,7799,1,-0.0,0.0001,0.0,376.46,421.08,542.38,1
5941,7811,2,0.0051,0.0456,0.2791,499.72,549.69,614.65,1
5941,37200,1,0.0001,0.0016,0.183,557.72,557.72,1162.29,1
5941,53600,1,0.0003,0.0025,0.0539,281.09,335.75,440.04,1
5942,25942,1,-0.0,0.0001,0.0,0.0,0.0,0.0,1
5943,7805,1,0.0008,0.007,0.0428,499.72,549.69,614.65,1
5943,7806,2,0.0008,0.007,0.0413,499.72,549.69,614.65,1
5943,7808,1,-0.0,0.0001,0.0,0.0,0.0,0.0,1
5943,37230,1,0.0001,0.0016,0.1814,557.72,557.72,1162.29,1
5944,25944,1,-0.0,0.0001,0.0,0.0,0.0,0.0,1
5947,7790,1,0.0002,0.0021,0.0591,269.1,0.0,0.0,1
5947,7791,2,0.0002,0.0021,0.0592,269.1,0.0,0.0,1
5948,25948,1,-0.0,0.0001,0.0,0.0,0.0,0.0,1
5955,7800,1,0.001421,0.012395,0.07367,269.1,498.88,614.65,1
5955,7814,1,0.00025,0.00205,0.05975,283.0,0.0,0.0,1
5955,7815,2,0.00025,0.00205,0.05975,283.0,0.0,0.0,1
5955,53720,1,0.0008,0.0062,0.1823,328.78,406.58,549.63,1
5955,53840,1,0.0013,0.0107,0.313,293.92,358.89,510.04,1
5956,25956,1,-0.0,0.0001,0.0,0.0,0.0,0.0,1
5957,7814,1,0.00025,0.00205,0.05975,283.0,0.0,0.0,1
5957,7815,2,0.00025,0.00205,0.05975,283.0,0.0,0.0,1
5958,25958,1,-0.0,0.0001,0.0,0.0,0.0,0.0,1
5975,6003,R,0.000602,0.0065,0.7654,537.64,557.72,1266.58,1
5975,6003,W,0.000596,0.0065,0.7549,537.64,557.72,1266.58,1
5975,6039,1,0.000255,0.001977,0.26883,537.64,557.72,1266.58,1
5975,6039,2,0.000264,0.001975,0.26839,537.64,557.72,1266.58,1
5975,7817,1,0.0014,0.0135,0.2103,415.5,500.0,613.97,1
5975,7819,2,0.0014,0.0135,0.2103,415.5,500.0,613.97,1
5976,25976,1,-0.0,0.0001,0.0,0.0,0.0,0.0,1
5977,7792,1,0.0003,0.0026,0.0717,316.23,392.63,538.76,1
5977,7793,2,0.0003,0.0026,0.0715,316.23,392.63,538.76,1
5977,7817,1,0.0008,0.0069,0.0068,499.16,549.08,613.97,1
5977,7819,2,0.0008,0.0069,0.0068,499.16,549.08,613.97,1
5977,53620,1,0.0005,0.0054,0.1448,415.5,499.72,611.54,1
5977,53860,1,0.0008,0.0076,0.1656,316.23,380.64,616.56,1
5977,53920,1,0.0007,0.0082,0.1736,342.44,406.86,624.37,1
5978,25978,1,-0.0,0.0001,0.0,0.0,0.0,0.0,1
5979,5983,1,0.000393,0.002959,0.41921,557.72,557.72,1306.74,1
5979,5983,2,0.000386,0.003012,0.40654,557.72,557.72,1306.74,1
5979,6033,1,0.000467,0.003725,0.16461,499.72,549.69,614.65,1
5979,6033,2,0.000487,0.003732,0.16485,499.72,549.69,614.65,1
5980,25980,1,-0.0,0.0001,0.0,0.0,0.0,0.0,1
5983,5987,2,0.0013,0.007,0.8144,538.0,0.0,0.0,1
5983,7794,R,0.0016,0.0086,0.9999,538.2,0.0,0.0,1
5983,7810,1,0.0007,0.0035,0.4031,538.2,670.38,979.36,1
5983,7811,2,0.0007,0.0035,0.4031,538.2,670.38,979.36,1
5983,8491,R,0.0001,0.0007,0.0186,283.6,356.38,502.23,1
5983,8491,W,0.0001,0.0007,0.0185,283.6,356.38,502.23,1
5984,25984,1,-0.0,0.0001,0.0,0.0,0.0,0.0,1
5985,7792,1,0.0008,0.0068,0.1976,283.0,0.0,0.0,1
5985,53940,1,0.000191,0.006872,0.14425,210.0,0.0,0.0,1
5985,53960,1,0.000356,0.002385,0.08212,324.0,0.0,0.0,1
5987,7795,2,0.0003,0.0016,0.1855,538.0,0.0,0.0,1
5996,25996,1,-0.0,0.0001,0.0,0.0,0.0,0.0,1
5997,6009,1,9.1e-05,0.000819,0.09968,482.99,557.72,1187.39,1
5997,6009,2,8.9e-05,0.000814,0.09952,482.99,557.72,1187.39,1
5998,25998,1,-0.0,0.0001,0.0,0.0,0.0,0.0,1
6003,6023,1,0.000224,0.001902,0.24914,537.64,557.72,1266.58,1
6003,6023,2,0.00023,0.0019,0.24896,537.64,557.72,1266.58,1
6003,65100,1,0.0001,0.001,0.0595,338.54,404.07,486.33,1
6004,26004,1,-0.0,0.0001,0.0,0.0,0.0,0.0,1
6009,8493,1,7.4e-05,0.000862,0.02344,414.39,489.12,605.96,1
6009,65140,1,0.0001,0.0003,0.0146,463.19,535.13,546.01,1
6010,26010,1,-0.0,0.0001,0.0,0.0,0.0,0.0,1
6011,6033,1,0.0006,0.0033,0.37501,557.72,557.72,1306.74,1
6011,7812,R,9.2e-05,0.000136,0.00456,283.6,356.38,502.23,1
6011,7813,W,1.4e-05,0.000164,0.0045,283.6,356.38,502.23,1
6011,65120,1,0.0003,0.0016,0.0238,213.32,242.32,295.02,1
6012,26012,1,-0.0,0.0001,0.0,0.0,0.0,0.0,1
6017,7809,W,-0.0,1e-06,0.0,269.1,362.24,653.37,1
6017,8492,R,3.7e-05,8.6e-05,0.00288,269.1,362.24,653.37,1
6017,65040,1,0.0005,0.0027,0.0813,153.4,0.0,0.0,1
6018,26018,1,-0.0,0.0001,0.0,0.0,0.0,0.0,1
6024,26024,1,-0.0,0.0001,0.0,0.0,0.0,0.0,1
6034,26034,1,-0.0,0.0001,0.0,0.0,0.0,0.0,1
6039,6041,1,0.0011,0.0095,0.2781,283.0,0.0,0.0,1
6039,8512,1,0.0003,0.0028,0.0822,283.6,0.0,0.0,1
6039,8512,2,0.0003,0.0028,0.0822,283.6,0.0,0.0,1
6040,26040,1,-0.0,0.0001,0.0,0.0,0.0,0.0,1
6043,7824,R,0.0004,0.0028,0.0067,499.72,549.69,614.65,1
6043,7825,W,0.0004,0.0028,0.0061,499.72,549.69,614.65,1
6044,26044,1,-0.0,0.0001,0.0,0.0,0.0,0.0,1
6056,26056,1,-0.0,0.0001,0.0,0.0,0.0,0.0,1
6059,7825,W,0.0011,0.01,0.0098,499.72,549.69,614.65,1
6060,26060,1,-0.0,0.0001,0.0,0.0,0.0,0.0,1
6063,7822,1,0.000358,0.003152,0.00549,499.7,549.7,614.7,1
6063,7823,W,0.0004,0.0032,0.0055,499.7,549.7,614.7,1
6063,8540,1,0.0007,0.0032,0.0593,266.0,0.0,0.0,1
6063,9823,1,0.0004,0.0032,0.0135,163.4,0.0,0.0,1
6064,26064,1,-0.0,0.0001,0.0,0.0,0.0,0.0,1
6068,26068,1,-0.0,0.0001,0.0,0.0,0.0,0.0,1
6071,7822,1,0.000503,0.004258,0.10029,499.72,549.69,614.65,1
6072,26072,1,-0.0,0.0001,0.0,0.0,0.0,0.0,1
6073,6075,1,0.000379,0.002731,0.01307,499.72,549.69,614.65,1
6073,6075,2,0.000381,0.002718,0.0141,499.72,549.69,614.65,1
6073,7798,2,0.000433957,0.00349065,0.00937,499.72,549.69,614.65,1
6073,8543,1,7.2e-05,0.000836,0.023,269.1,374.79,516.45,1
6073,8553,1,7.9e-05,0.000497,0.0159,268.82,362.24,653.37,1
6073,8559,1,0.00018,0.001009,0.03076,268.82,362.24,653.37,1
6073,8575,1,0.000136,0.000608,0.02074,268.82,362.24,653.37,1
6074,26074,1,-0.0,0.0001,0.0,0.0,0.0,0.0,1
6075,7824,R,0.0028,0.0246,0.0978,499.72,549.69,614.65,0
6075,7825,W,0.0028,0.0245,0.0965,499.72,549.69,614.65,0
6075,8545,1,0.0002,0.0014,0.0437,269.1,362.24,374.51,1
6075,8545,2,0.0002,0.0014,0.0437,269.1,362.24,374.51,1
6075,8552,1,0.000135,0.000797,0.02703,268.82,362.24,653.37,1
6075,8558,1,1.3e-05,0.000165,0.00618,268.82,362.24,653.37,1
6076,26076,1,-0.0,0.0001,0.0,0.0,0.0,0.0,1
6079,6107,1,0.0002,0.0025,0.1449,278.86,389.85,574.45,1
6080,26080,1,-0.0,0.0001,0.0,0.0,0.0,0.0,1
6081,6082,@1,-0.0,0.0001,0.0,1115.44,1115.44,1115.44,0
6081,6082,@2,-0.0,0.0001,0.0,1115.44,1115.44,1115.44,0
6081,6083,R,0.0016,0.0059,0.3153,538.2,557.72,904.09,1
6081,6083,W,0.0015,0.0059,0.311,538.2,557.72,904.09,1
6081,53520,1,-0.0,0.0002,0.0047,269.1,346.07,633.29,1
6081,53530,1,0.0004,0.0043,0.0987,337.98,390.96,470.72,1
6081,53540,1,0.0006,0.0045,0.131,269.1,346.07,633.29,1
6081,53680,1,0.0003,0.003,0.1534,292.8,336.31,405.46,1
6082,6087,R,0.0009,0.0048,0.5438,567.2,724.48,1306.74,1
6082,6087,W,0.0009,0.0048,0.5438,567.2,724.48,1306.74,1
6082,53740,1,0.0006,0.0076,0.1901,293.92,358.89,510.03,1
6083,6085,R,0.0002,0.0013,0.14719,537.64,557.72,1266.58,1
6083,6085,W,0.0002,0.0013,0.14719,537.64,557.72,1266.58,1
6083,8539,W,0.000183,0.001255,0.0374,269.1,412.16,545.45,1
6083,8561,R,9.2e-05,0.001,0.0293,269.1,412.16,545.45,1
6084,26084,1,-0.0,0.0001,0.0,0.0,0.0,0.0,1
6086,26086,1,-0.0,0.0001,0.0,0.0,0.0,0.0,1
6087,7832,1,0.0006,0.0046,0.0784,197.43,248.18,449.24,1
6087,53500,1,-0.0,0.0001,0.0023,283.6,362.24,653.37,1
6087,53580,1,0.0001,0.0006,0.0164,293.92,358.89,510.04,1
6093,7796,1,0.0004,0.0034,0.099,269.1,0.0,0.0,1
6093,7798,1,0.0011,0.009,0.2634,269.1,0.0,0.0,1
6095,6097,@1,-0.0,0.0001,0.0,557.72,557.72,557.72,1
6095,6097,@2,-0.0,0.0001,0.0,557.72,557.72,557.72,1
6095,8577,R,6e-05,0.000697,0.0191,269.1,362.24,653.37,1
6095,8577,W,6e-05,0.000697,0.0191,269.1,362.24,653.37,1
6095,8578,R,7.4e-05,0.0008,0.0236,269.1,362.24,653.37,1
6095,8578,W,7.4e-05,0.0008,0.0236,269.1,362.24,653.37,1
6096,26096,1,-0.0,0.0001,0.0,0.0,0.0,0.0,1
6097,7822,1,0.000588,0.004858,0.0544,499.72,549.69,614.65,0
6097,7823,1,0.0006,0.0049,0.0587,499.7,0.0,0.0,0
6097,8551,R,0.0001,0.001,0.0297,283.6,362.24,653.37,1
6097,8551,W,0.0001,0.001,0.0297,283.6,362.24,653.37,1
6098,26098,1,-0.0,0.0001,0.0,0.0,0.0,0.0,1
6105,6125,R,0.000215,0.002076,0.24697,538.2,557.72,1266.58,1
6105,6125,W,0.000201,0.002063,0.25806,538.2,557.72,1266.58,1
6105,7830,R,0.0001,0.0008,0.086,370.33,407.36,455.5,1
6105,7831,W,0.0001,0.0007,0.0868,370.33,407.36,455.5,1
6106,26106,1,-0.0,0.0001,0.0,0.0,0.0,0.0,1
6108,26108,1,-0.0,0.0001,0.0,0.0,0.0,0.0,1
6109,7831,W,0.0006,0.0027,0.1827,370.33,407.36,455.5,1
6110,26110,1,-0.0,0.0001,0.0,0.0,0.0,0.0,1
6112,26112,1,-0.0,0.0001,0.0,0.0,0.0,0.0,1
6115,7837,1,0.0001,0.0007,0.0033,342.44,0.0,0.0,1
6115,7838,1,0.0002,0.002,0.0032,499.72,549.69,614.65,1
6115,7839,1,0.0002,0.002,0.0045,499.72,549.69,614.65,1
6115,7840,N,0.0007,0.0043,0.0098,537.6,691.6,740.0,1
6115,7841,S,0.0007,0.0042,0.0084,537.6,691.6,740.0,1
6115,8570,1,0.0003,0.0029,0.0379,348.57,426.66,566.09,1
6116,26116,1,-0.0,0.0001,0.0,0.0,0.0,0.0,1
6119,6127,R,6.7e-05,0.000285,0.03375,537.64,557.72,1266.58,1
6119,6127,W,6.8e-05,0.000283,0.03496,537.64,557.72,1266.58,1
6119,6129,1,0.000102,0.00062,0.08136,538.2,557.72,1266.58,1
6119,6129,2,0.000104,0.00063,0.0813,538.2,557.72,1266.58,1
6120,26120,1,-0.0,0.0001,0.0,0.0,0.0,0.0,1
6123,7840,N,0.0006,0.005,0.1463,283.6,362.24,653.37,0
6123,7841,S,0.0006,0.005,0.1463,283.6,362.2,653.4,0
6125,7827,3,0.0013,0.0106,0.1279,499.72,549.69,614.65,1
6125,7828,4,0.00127,0.010612,0.12738,499.72,549.69,614.65,1
6125,9820,R,0.000273,0.003183,0.0849,269.1,399.33,693.52,1
6125,9820,W,0.000273,0.003186,0.0849,269.1,399.33,693.52,1
6126,26126,1,-0.0,0.0001,0.0,0.0,0.0,0.0,1
6127,7840,N,1e-05,0.0004,0.0489,537.64,692.13,1266.58,1
6127,7841,S,1e-05,0.0004,0.0492,537.6,692.1,1266.6,1
6127,9872,1,3.6e-05,0.0004,0.02441,355.55,465.14,629.11,1
6128,26128,1,-0.0,0.0001,0.0,0.0,0.0,0.0,1
6130,26130,1,-0.0,0.0001,0.0,0.0,0.0,0.0,1
6139,7838,1,0.0011,0.008,0.0077,370.33,407.36,455.5,1
6140,26140,1,-0.0,0.0001,0.0,0.0,0.0,0.0,1
6140,65000,1,-0.0,0.0001,0.0,0.0,0.0,0.0,1
6161,6163,R,0.0001,0.0002,0.0133,537.64,557.72,1266.58,1
6161,6163,W,0.0001,0.0002,0.0133,557.72,557.72,1306.74,1
6162,26162,1,-0.0,0.0001,0.0,0.0,0.0,0.0,1
6163,6165,R,0.0003,0.0014,0.1641,537.64,557.72,1266.58,1
6163,6165,W,0.0003,0.0016,0.1781,557.72,557.72,1306.74,0
6164,26164,1,-0.0,0.0001,0.0,0.0,0.0,0.0,1
6165,6169,1,0.0001,0.0004,0.045,538.2,557.72,1266.58,1
6165,6203,1,0.0003,0.0018,0.20157,537.64,557.72,1266.58,1
6165,6203,2,0.0003,0.0018,0.20157,537.64,557.72,1266.58,1
6165,6235,1,0.000158,0.001422,0.15898,538.2,557.72,1266.58,1
6166,26166,1,-0.0,0.0001,0.0,0.0,0.0,0.0,1
6169,6235,1,0.0002,0.0011,0.1209,557.72,557.72,1450.63,1
6169,8623,1,0.0001,0.0017,0.0491,269.1,346.07,633.29,1
6169,8623,2,0.0002,0.0016,0.0483,269.1,346.07,633.29,1
6169,8624,1,0.0002,0.001,0.0315,269.1,346.07,633.29,1
6170,26170,1,-0.0,0.0001,0.0,0.0,0.0,0.0,1
6203,6207,R,0.000329,0.003439,0.21372,278.86,389.85,574.45,1
6203,6207,W,0.000329,0.003531,0.21449,278.86,389.85,574.45,1
6204,26204,1,-0.0,0.0001,0.0,0.0,0.0,0.0,1
6207,8614,1,9.3e-05,0.000872,0.02681,414.39,498.88,800.05,1
6208,26208,1,-0.0,0.0001,0.0,0.0,0.0,0.0,1
6217,6219,M,0.00018,0.001967,0.11544,197.15,294.2,512.54,1
6217,6219,O,0.000183,0.00198,0.11596,197.15,294.2,512.54,1
6217,6227,R,0.000294,0.003265,0.3951,537.64,557.72,1266.58,1
6217,6227,W,0.00032,0.003277,0.39395,537.64,557.72,1266.58,1
6217,6305,1,0.000272,0.006858,0.42334,197.15,294.2,512.54,1
6217,6305,2,0.000458,0.006715,0.42224,197.15,294.2,512.54,1
6217,7853,M,7e-06,2.6e-05,0.00165,649.7,649.7,0.0,1
6217,7854,O,7e-06,2.6e-05,0.00165,649.7,649.7,0.0,1
6218,26218,1,-0.0,0.0001,0.0,0.0,0.0,0.0,1
6220,26220,1,-0.0,0.0001,0.0,0.0,0.0,0.0,1
6224,26224,1,-0.0,0.0001,0.0,0.0,0.0,0.0,1
6228,26228,1,-0.0,0.0001,0.0,0.0,0.0,0.0,1
6234,26234,1,-0.0,0.0001,0.0,0.0,0.0,0.0,1
6236,26236,1,-0.0,0.0001,0.0,0.0,0.0,0.0,1
6301,7845,M,0.00059994,0.00579942,0.11869,218.63,292.8,407.14,1
6301,7846,O,0.00059994,0.00579942,0.11869,218.63,292.8,407.14,1
6302,26302,1,-0.0,0.0001,0.0,0.0,0.0,0.0,1
6306,26306,1,-0.0,0.0001,0.0,0.0,0.0,0.0,1
6309,6317,1,0.0007,0.0074,0.1689,232.29,293.92,532.62,1
6310,26310,1,-0.0,0.0001,0.0,0.0,0.0,0.0,1
6311,6319,1,0.000405,0.004108,0.26627,226.99,337.42,535.69,1
6311,6319,2,0.000407,0.004076,0.25807,226.99,337.42,535.69,1
6312,26312,1,-0.0,0.0001,0.0,0.0,0.0,0.0,1
6318,26318,1,-0.0,0.0001,0.0,0.0,0.0,0.0,1
6319,6321,1,7.3e-05,0.000345,0.05651,538.2,557.72,1306.74,1
6319,6321,2,6.2e-05,0.000348,0.05638,538.2,557.72,1306.74,1
6319,8622,1,0.000128,0.000741,0.02959,342.44,425.26,725.32,1
6320,26320,1,-0.0,0.0001,0.0,0.0,0.0,0.0,1
6321,6329,1,0.0001,0.0001,0.0025,268.82,346.07,633.29,1
6321,6329,2,0.0001,0.0001,0.0025,268.82,346.07,633.29,1
6322,26322,1,-0.0,0.0001,0.0,0.0,0.0,0.0,1
6330,26330,1,-0.0,0.0001,0.0,0.0,0.0,0.0,1
6353,8713,R,0.0001,0.0011,0.0315,341.6,425.26,725.32,1
6353,8713,W,0.000176,0.000849,0.0337,341.6,425.26,725.32,1
6354,26354,1,-0.0,0.0001,0.0,0.0,0.0,0.0,1
6362,26362,1,-0.0,0.0001,0.0,0.0,0.0,0.0,1
6367,8640,R,0.000137,0.001034,0.03781,342.44,425.26,725.32,1
6367,8640,W,0.000139,0.001022,0.03782,342.44,425.26,725.32,1
6368,26368,1,-0.0,0.0001,0.0,0.0,0.0,0.0,1
6370,26370,1,-0.0,0.0001,0.0,0.0,0.0,0.0,1
6372,26372,1,-0.0,0.0001,0.0,0.0,0.0,0.0,1
6407,6409,1,0.000104,0.000397,0.04132,537.64,557.72,1266.58,1
6407,6409,2,7.3e-05,0.000383,0.04129,537.64,557.72,1266.58,1
6408,26408,1,-0.0,0.0001,0.0,0.0,0.0,0.0,1
6410,26410,1,-0.0,0.0001,0.0,0.0,0.0,0.0,1
6451,6455,1,0.000112,0.001262,0.15107,537.64,557.72,1266.58,1
6451,6455,2,0.000118,0.001258,0.14851,537.64,557.72,1266.58,1
6451,6521,1,0.000648,0.005589,0.26513,499.72,549.69,614.65,1
6451,6521,2,0.000655,0.005595,0.26587,499.72,549.69,614.65,1
6452,26452,1,-0.0,0.0001,0.0,0.0,0.0,0.0,1
6456,26456,1,-0.0,0.0001,0.0,0.0,0.0,0.0,1
6458,26458,1,-0.0,0.0001,0.0,0.0,0.0,0.0,1
6512,26512,1,-0.0,0.0001,0.0,0.0,0.0,0.0,1
6514,26514,1,-0.0,0.0001,0.0,0.0,0.0,0.0,1
6516,26516,1,-0.0,0.0001,0.0,0.0,0.0,0.0,1
6521,7892,S,0.001591,0.013547,0.01678,439.48,483.43,540.57,1
6521,7893,N,0.001592,0.013532,0.01579,439.48,483.43,540.56,1
6522,26522,1,-0.0,0.0001,0.0,0.0,0.0,0.0,1
7001,7950,1,0.0002,0.0016,0.0355,268.82,346.07,633.29,1
7001,7951,2,0.0002,0.0016,0.0355,268.82,346.07,633.29,1
7002,27002,1,-0.0,0.0001,0.0,0.0,0.0,0.0,1
7003,7007,2,0.0026,0.0129,0.0206,537.64,537.64,575.28,1
7003,7950,1,0.0123,0.0613,0.074,557.72,557.72,640.92,1
7004,27004,1,-0.0,0.0001,0.0,0.0,0.0,0.0,1
7005,7019,1,0.006823,0.060876,0.11259,378.13,541.55,614.65,1
7005,7023,1,0.007139,0.063665,0.10683,509.2,557.72,626.31,1
7006,27006,1,-0.0,0.0001,0.0,0.0,0.0,0.0,1
7007,7951,2,0.0103,0.0521,0.0679,537.64,557.72,640.92,1
7007,8906,1,-0.0,0.0001,0.0009,268.82,280.25,420.24,1
7007,8906,2,-0.0,0.0001,0.0008,268.82,280.25,420.24,1
7012,27012,1,-0.0,0.0001,0.0,0.0,0.0,0.0,1
7013,7019,1,0.004464,0.039248,0.08873,378.13,541.55,614.65,1
7013,7023,1,0.004286,0.037739,0.08079,509.2,557.72,626.31,1
7014,27014,1,-0.0,0.0001,0.0,0.0,0.0,0.0,1
7019,8905,1,0.0001,0.0007,0.0185,283.6,362.24,653.37,1
7019,8905,2,0.0001,0.0007,0.0183,283.6,362.24,653.37,1
7020,27020,1,-0.0,0.0001,0.0,0.0,0.0,0.0,1
7021,7029,1,0.000177,0.001688,0.19098,538.2,557.72,1266.58,1
7022,27022,1,-0.0,0.0001,0.0,0.0,0.0,0.0,1
7024,27024,1,-0.0,0.0001,0.0,0.0,0.0,0.0,1
7030,27030,1,-0.0,0.0001,0.0,0.0,0.0,0.0,1
7031,7952,1,0.000324,0.002925,0.0851,283.6,362.24,653.37,1
7031,7953,2,0.000314,0.002928,0.08523,283.6,362.24,653.37,1
7032,27032,1,-0.0,0.0001,0.0,0.0,0.0,0.0,1
7509,8012,1,0.0007,0.0052,0.1531,323.48,471.27,580.03,1
7509,9505,1,5.3e-05,0.000615,0.0169,268.82,346.07,633.29,1
7513,8009,W,0.0005,0.0024,0.0077,254.6,280.06,313.16,1
7513,8011,W,0.0003,0.0021,0.044,254.6,280.06,313.16,1
7514,8008,1,0.0001,0.0001,0.0006,153.1,187.1,330.4,1
7514,60060,1,-0.0,0.0001,0.0,153.09,187.12,330.45,1
7534,7589,O,0.0017,0.0091,0.2812,370.33,407.36,455.5,1
7567,7569,O,0.0002,0.0019,0.0018,499.72,549.69,614.65,1
7567,7575,1,0.0004,0.0038,0.0423,324.0,0.0,0.0,1
7568,7570,M,0.0002,0.0019,0.0018,528.72,581.59,650.32,1
7568,7576,1,0.0004,0.0038,0.0423,324.0,0.0,0.0,1
7570,7573,M,0.0006,0.0043,0.0043,499.72,549.69,614.65,1
7575,8020,1,0.0004,0.0022,0.0671,131.1,0.0,0.0,1
7576,8020,1,0.0004,0.0022,0.0671,131.1,0.0,0.0,0
7585,8100,1,-0.0,0.0002,0.008,253.48,372.0,527.32,1
7586,7588,2,-0.0,0.0001,0.0073,253.48,316.51,414.94,1
7588,8100,2,-0.0,0.0001,0.0006,210.54,252.65,315.81,0
7589,7592,1,0.0001,0.0002,0.0055,342.44,425.26,725.32,0
7590,7591,1,-0.0,0.0002,0.0054,342.44,425.26,725.32,0
7609,8183,1,0.0007,0.0026,0.0029,185.16,203.68,227.75,1
7611,8210,1,0.0004,0.0023,0.0166,249.58,274.54,306.98,1
7611,8215,1,0.001,0.0056,0.0351,125.49,150.58,188.23,1
7612,7613,2,0.0003,0.0017,0.0008,249.58,274.54,306.98,1
7612,8215,2,0.001,0.0056,0.0351,125.49,150.58,188.23,0
7613,8210,2,0.0001,0.0006,0.0157,368.65,441.16,568.32,1
7613,8217,2,0.0001,0.0005,0.0158,414.39,498.88,800.05,1
7615,8182,1,0.0005,0.0022,0.0296,187.67,225.21,281.51,1
7615,8185,1,0.0001,0.0008,0.0199,283.6,362.24,653.37,1
7616,8182,2,0.0006,0.0021,0.0295,187.67,225.21,281.51,0
7616,8185,2,0.0001,0.0007,0.0197,283.6,362.24,653.37,1
7617,8204,R,-0.0,0.0001,0.0,0.0,0.0,0.0,1
7617,8208,R,0.0001,0.0005,0.0153,412.16,501.95,803.12,0
7618,8204,R,0.0001,0.0005,0.0153,412.16,501.95,803.12,0
7618,8208,R,-0.0,0.0001,0.0,0.0,0.0,0.0,1
7620,8207,1,0.0005,0.0044,0.1283,283.6,362.2,653.4,0
7620,9615,1,0.0001,0.001,0.0248,323.48,471.27,580.03,1
7623,8255,1,0.0002,0.0022,0.0601,283.6,362.24,653.37,1
7623,8256,1,-0.0,0.0001,0.0,0.0,0.0,0.0,1
7626,8222,1,0.0002,0.0015,0.0036,414.39,498.88,626.31,1
7626,8281,1,0.0001,0.0009,0.0263,283.6,362.24,653.37,1
7629,8240,1,0.0002,0.0015,0.07749,185.44,281.09,458.17,0
7629,8250,1,-0.0,1e-06,0.0,0.0,0.0,0.0,1
7650,7651,1,0.000367,0.003291,0.00321,499.72,549.69,614.65,1
7650,8301,1,0.000196,0.001136,0.00433,342.44,425.26,614.65,0
7651,8300,1,4e-06,3.8e-05,4e-05,499.72,549.69,614.65,1
7651,8316,1,0.0006,0.0052,0.005,499.72,549.69,614.65,1
7651,41680,1,1e-05,1e-05,0.0006,249.86,274.84,307.33,1
7652,7654,1,0.0046,0.0197,0.0337,591.18,0.0,0.0,1
7653,7655,1,0.0046,0.0197,0.0337,591.18,0.0,0.0,1
7661,7663,1,0.0009,0.0025,0.0024,845.0,0.0,0.0,1
7662,7664,1,0.0009,0.0025,0.0024,845.0,0.0,0.0,1
7681,8367,1,0.0003,0.0029,0.0638,249.86,274.84,307.33,1
7681,8374,1,0.0001,0.0013,0.0296,316.51,390.96,529.56,0
7683,8336,1,0.000153985,0.00280572,0.0782,283.6,362.24,653.37,1
7683,8362,1,0.0004,0.0036,0.1058,269.1,335.19,489.68,1
7684,8361,1,0.000217,0.001941,0.00189,499.72,549.69,614.65,1
7684,8366,1,0.00012,0.00088,0.05733,342.44,417.45,550.19,1
7700,8407,1,0.0002,0.0024,0.0652,283.6,362.24,653.37,1
7700,8409,1,0.0001,0.0005,0.0129,283.6,356.38,502.23,1
7707,7708,1,0.000169,0.001428,0.03906,283.6,356.38,502.23,1
7707,8405,1,-0.0,0.0001,0.0,0.0,0.0,0.0,1
7707,8406,1,0.00013,0.001202,0.0318,283.6,356.38,502.23,1
7708,7709,1,9.5e-05,0.001196,0.03376,283.6,356.38,502.23,1
7708,8403,1,-0.0,0.0001,0.0,0.0,0.0,0.0,1
7709,8401,1,-0.0,1e-06,0.0,0.0,0.0,0.0,1
7710,8404,1,-0.0,0.0001,0.0,0.0,0.0,0.0,1
7710,8408,1,0.0001,0.0013,0.037,342.44,425.26,725.32,1
7713,8420,2,0.0003,0.0023,0.0675,335.47,410.76,546.29,1
7713,8431,2,0.0001,0.0008,0.0226,434.74,485.77,592.86,1
7714,8420,1,0.0002,0.0024,0.0658,335.47,410.76,546.29,1
7714,8431,1,0.0001,0.0008,0.0225,434.74,485.77,592.86,1
7715,50520,1,0.0004,0.0033,0.0686,317.9,372.8,469.3,1
7715,50530,1,0.000544,0.003634,0.05835,344.95,384.27,440.6,1
7730,32340,1,-0.0,0.0003,0.0083,389.9,466.8,595.4,1
7730,32341,2,-0.0,0.0003,0.0083,389.9,466.8,595.4,1
7796,53980,1,0.0015,0.01395,0.29625,324.0,0.0,0.0,1
7799,45430,1,-0.0,0.0002,0.0032,376.5,421.1,542.4,1
7799,53700,1,0.0001,0.0006,0.0128,227.27,296.15,503.9,1
7800,8503,1,0.000114,0.000618,0.00031,249.86,274.84,307.33,1
7800,8507,1,0.000291,0.001674,0.03774,138.31,165.98,207.47,1
7801,9320,1,-0.0,0.0002,0.0009,1115.44,1115.44,1371.99,1
7801,9330,1,-0.0,0.0003,0.0013,697.15,697.15,1371.99,1
7802,9320,2,-0.0,0.0002,0.0009,1115.44,1115.44,1371.99,1
7802,9330,2,-0.0,0.0003,0.0014,697.15,697.15,1371.99,1
7808,45400,1,0.0001,0.0001,0.0026,268.8,346.1,633.3,1
7808,53820,1,0.0001,0.0004,0.0071,259.9,353.32,371.72,1
7809,8492,W,3.8e-05,9e-05,0.00301,269.1,429.4,729.8,0
7809,8497,W,0.0002,0.00169,0.04587,269.1,362.24,653.37,1
7810,8494,1,0.0002,0.0021,0.0578,283.6,362.24,653.37,0
7811,8494,2,0.0002,0.002,0.058,283.6,362.24,653.37,1
7812,8495,R,-0.0,0.0001,0.0,0.0,0.0,0.0,1
7812,8496,R,0.000215,0.000838,0.02698,283.6,356.38,502.23,1
7813,8495,W,-0.0,0.0001,0.0,0.0,0.0,0.0,1
7813,8496,W,8.5e-05,0.0009,0.027,283.6,356.38,502.23,1
7815,53900,1,0.0002,0.0016,0.0334,463.19,0.0,0.0,1
7817,7818,1,0.0006,0.0053,0.0052,499.72,549.69,614.65,1
7818,8501,1,-0.0,0.0001,0.0001,499.72,549.69,614.65,1
7832,53560,1,-0.0,0.0001,0.0,197.43,248.18,449.24,1
7832,53570,1,0.0001,0.0001,0.0017,197.43,248.18,449.24,1
7837,8560,1,2.4e-05,0.000214,0.00021,499.72,549.69,614.65,1
7837,8569,1,2.9e-05,0.000263,0.00026,499.72,549.69,614.65,1
7845,8616,M,0.0002,0.0024,0.0658,276.07,351.9,521.2,1
7846,8619,1,0.0002,0.0015,0.045,342.4,0.0,0.0,1
7885,7886,3,-0.0,0.0001,0.0,439.48,483.43,540.56,1
7887,9932,R,0.0001,0.0005,0.0009,377.3,450.92,590.63,1
7887,9936,R,0.0002,0.0007,0.0012,557.72,557.72,640.92,1
7888,9932,W,0.0001,0.0005,0.0009,377.3,450.92,590.63,1
7888,9936,W,0.0002,0.0007,0.0012,557.72,557.72,640.92,1
7889,7894,1,6.8e-05,0.000693,0.04254,278.86,389.85,574.45,1
7889,8729,1,0.000161,0.001737,0.03656,269.1,343.83,480.75,1
7889,9904,1,-0.0,0.0001,0.0,278.9,389.8,574.5,1
7890,9900,R,0.00011,0.000895,0.01405,264.36,317.34,527.05,1
7890,9902,R,0.00016,0.001949,0.10874,278.9,389.8,574.5,1
7891,8704,1,0.000337,0.001984,0.0357,269.1,322.92,403.65,1
7891,8708,1,7.1e-05,0.000417,0.01257,206.36,247.63,309.53,1
7894,8730,1,-0.0,0.0002,0.0054,414.39,498.88,800.05,1
7954,53660,1,-0.0,0.0001,0.0,245.96,270.55,302.52,1
8192,8195,1,-0.0,0.0001,0.0027,286.67,0.0,0.0,1
8211,8212,1,1e-05,0.0002,0.0057,269.1,346.07,633.29,1
8211,9612,1,0.0001,0.0004,0.0103,268.82,346.07,633.29,1
8212,8213,1,-0.0,0.0003,0.01,269.1,346.07,633.29,1
8214,9613,1,3.7e-05,0.000426,0.0117,268.82,346.07,633.29,1
8214,9613,2,3.7e-05,0.000426,0.0117,268.82,346.07,633.29,1
8220,8223,1,0.0002,0.0014,0.0414,283.6,0.0,0.0,1
8251,8253,1,0.000205,0.001694,0.04431,342.44,425.26,725.32,1
8304,8314,1,0.0002,0.0009,0.0233,283.6,362.24,653.37,1
8305,8312,R,2e-05,0.0002,0.005,283.6,362.24,653.37,1
8306,8313,1,0.0001,0.0012,0.0342,268.82,340.77,489.68,1
8306,8359,1,0.0001,0.0009,0.027,295.03,362.8,508.64,1
8307,8313,1,-0.0,0.000407,0.0102,268.82,340.77,489.68,1
8307,8333,1,0.0004,0.0023,0.0671,342.44,417.45,550.19,1
8308,8314,1,-0.0,0.0005,0.0132,283.6,362.24,653.37,1
8309,8335,1,0.000133,0.001721,0.0475,322.36,397.38,528.44,1
8309,8339,1,9.9e-05,0.001148,0.0315,342.44,425.26,725.32,1
8311,8315,1,6.7e-05,0.0007,0.0215,322.36,397.38,528.44,1
8311,8339,1,7.8e-05,0.000402,0.01294,322.36,397.38,528.44,1
8316,41710,1,-0.0,0.0001,0.0,283.6,356.38,502.23,1
8319,8346,1,0.0002,0.0019,0.0562,283.6,356.38,502.23,1
8320,8329,1,0.000139,0.001466,0.04814,283.6,362.24,653.37,1
8323,8340,1,0.0001,0.0006,0.0882,557.72,557.72,1004.45,1
8324,8354,1,0.0001,0.0003,0.0328,567.2,0.0,0.0,1
8326,8327,1,0.0002,0.001,0.0346,283.6,362.24,653.37,1
8329,8332,1,0.000108,0.000686,0.02087,283.6,362.24,653.37,1
8334,8337,1,0.0002,0.0014,0.0405,283.6,362.24,653.37,1
8337,8338,1,-0.0,0.0004,0.0111,283.6,362.24,653.37,1
8341,8342,1,0.0001,0.0008,0.0198,283.6,356.38,502.23,1
8353,8355,R,-0.0,0.0001,0.0141,567.2,712.76,1004.45,1
8369,8370,1,0.000201,0.000831,0.03204,283.6,362.24,653.37,1
8369,8383,1,0.0002,0.0015,0.0434,269.1,340.77,489.68,1
8371,8372,1,1.7e-05,0.000197,0.0054,283.6,362.24,653.37,1
8373,8375,R,5e-05,0.0003,0.0394,557.72,557.72,1004.45,1
8375,8376,1,5e-05,0.0004,0.0502,557.72,557.72,1004.45,1
8377,8378,R,0.0001,0.0014,0.0405,269.1,335.2,489.7,1
8379,8380,1,0.0001,0.0006,0.0159,283.6,362.24,653.37,1
8381,8382,1,0.0001,0.001,0.0292,283.6,362.24,653.37,1
8381,8383,1,0.0001,0.0007,0.0203,269.1,340.77,489.68,1
8445,8446,1,7.3e-05,0.000108,0.0033,314.0,368.93,455.38,1
8526,8549,1,9.2e-05,0.001,0.0293,268.82,362.24,653.37,1
8529,8530,1,0.0001,0.0007,0.0797,557.72,557.72,1057.99,1
8529,8531,1,1e-05,0.0002,0.0275,538.2,557.72,1032.9,1
8531,8562,1,-0.0,0.0004,0.0467,538.2,557.72,1266.58,1
8532,8533,1,1e-06,0.0002,0.0153,538.2,557.72,1266.58,1
8533,8557,1,0.0002,0.0008,0.0966,455.1,557.72,907.69,1
8534,8554,1,0.0001,0.0007,0.084,538.2,557.72,1266.58,1
8535,8536,1,4e-05,0.0002,0.014,538.2,557.72,1081.98,1
8536,8537,1,0.0002,0.0007,0.0589,538.2,557.72,1266.58,1
8539,8561,R,0.000176,0.0019,0.0563,269.1,412.16,545.45,1
8541,8549,1,0.000125,0.000118,0.00469,342.44,425.26,725.32,1
8542,8543,1,2.8e-05,0.000384,0.01008,269.1,374.79,516.45,1
8542,8556,1,4.1e-05,0.00042,0.01393,268.82,362.24,653.37,1
8552,8558,1,8.8e-05,0.001025,0.0281,268.82,362.24,653.37,1
8553,8575,1,0.000113,0.000466,0.01512,268.8,362.2,653.4,1
8554,8582,1,-0.0,1e-06,0.0052,537.64,557.72,1266.58,1
8555,8562,1,0.0001,0.0008,0.0905,538.2,557.72,1266.58,1
8556,8559,1,3.9e-05,0.000397,0.01339,268.82,362.24,653.37,1
8557,8567,1,-0.0,0.0001,0.0068,538.2,557.72,1266.58,1
8572,8573,1,0.0001,0.0012,0.0395,341.6,425.26,558.0,1
8582,8583,1,-0.0,0.0002,0.018,538.2,557.72,1081.98,1
8616,8619,1,0.0001,0.0009,0.027,342.4,0.0,0.0,1
8617,8618,1,-0.0,0.0001,0.0014,276.07,351.92,521.19,1
8717,8720,1,0.0001,0.001,0.0282,269.1,346.1,633.3,1
8718,8719,1,0.0001,0.0008,0.0241,341.6,425.26,568.6,1
8718,8720,1,0.0001,0.0013,0.0345,269.1,346.1,633.3,1
9304,9780,1,3.67e-05,0.0003515,0.0159,1022.3,1226.76,1533.45,1
9305,9780,2,3.67e-05,0.0003515,0.0159,1022.3,1226.76,1533.45,1
9760,9771,1,4e-06,1.5e-05,0.0169,0.0,0.0,0.0,1
9760,9772,2,4e-06,1.5e-05,0.0169,0.0,0.0,0.0,1
9761,9780,1,2.3e-05,0.00022,0.0437,0.0,0.0,0.0,1
9762,9780,1,2.3e-05,0.00022,0.0437,0.0,0.0,0.0,1
9770,9773,1,0.00023,0.0014,0.1789,0.0,0.0,0.0,1
9770,9773,2,0.00023,0.0014,0.1789,0.0,0.0,0.0,1
9781,9782,1,0.00014,0.00078,0.10026,697.2,0.0,0.0,1
9781,9782,2,0.00014,0.00078,0.10026,697.2,0.0,0.0,1
9781,9788,1,7.9e-05,0.000454,0.0292,697.2,0.0,0.0,1
9781,9788,2,7.9e-05,0.000454,0.0292,697.2,0.0,0.0,0
9781,9788,3,7.9e-05,0.000454,0.0292,697.2,0.0,0.0,1
9910,9932,M,9.7e-05,0.000649,0.00062,439.5,439.5,0.0,1
9910,9932,O,9.7e-05,0.000649,0.00062,439.5,439.5,0.0,1
9922,9925,1,-0.0,0.0001,0.005,276.0,0.0,0.0,1
9922,9925,2,-0.0,0.0001,0.005,276.0,0.0,0.0,1
32101,32102,@1,-0.0,0.0001,0.0,142.89,0.0,0.0,0
32101,32111,1,0.0094,0.0471,0.0057,0.0,0.0,0.0,1
32101,32112,1,0.0115,0.0585,0.0074,0.0,0.0,0.0,1
32102,32113,1,0.01,0.0503,0.0062,0.0,0.0,0.0,1
32102,32114,1,0.0122,0.0621,0.0079,0.0,0.0,0.0,1
32140,32141,1,0.022569,0.073773,0.21034,0.0,0.0,0.0,1
32140,32142,1,0.026098,0.085157,0.24393,0.0,0.0,0.0,1
32140,32143,1,0.018859,0.062923,0.18259,0.0,0.0,0.0,1
32140,32144,1,0.024834,0.084844,0.25742,0.0,0.0,0.0,1
32161,32162,1,0.1063,0.4268,0.0416,32.0,35.0,0.0,1
32161,32163,2,0.1023,0.4187,0.0404,32.0,35.0,0.0,1
32162,32163,@1,0.0031,0.0064,0.001,32.0,0.0,0.0,0
32171,32172,1,0.1113,0.437,0.0432,32.0,35.0,0.0,1
32171,32173,2,0.1072,0.4287,0.0419,32.0,35.0,0.0,1
32172,32173,@1,0.0031,0.0064,0.001,32.0,0.0,0.0,0
32192,32193,1,0.003544,0.011912,1.93615,308.7,0.0,0.0,1
32194,32195,1,0.003544,0.011912,1.93615,308.74,0.0,0.0,1
32198,32200,1,-0.0,0.0001,0.0,0.0,0.0,0.0,1
32199,32202,1,-0.0,0.0001,0.0,0.0,0.0,0.0,1
32200,32201,1,-0.0,0.0001,0.0,0.0,0.0,0.0,1
32202,32203,1,-0.0,0.0001,0.0,0.0,0.0,0.0,1
32221,32224,1,0.004867,0.015961,2.30419,308.74,308.74,308.74,1
32240,32241,1,-0.0,0.0001,0.0,0.0,0.0,0.0,1
32240,32242,1,-0.0,0.0001,0.0,0.0,0.0,0.0,1
32251,32261,1,0.0182,0.0731,0.2033,101.0,0.0,0.0,1
32282,32283,@1,-0.0,0.0001,0.0,0.0,0.0,0.0,1
32282,32291,1,0.022,0.088,0.2451,101.0,0.0,0.0,1
32282,32292,1,0.0237,0.0945,0.2634,101.0,0.0,0.0,1
32282,32293,1,0.0228,0.0817,0.1992,92.0,0.0,0.0,1
32283,32294,1,0.0236,0.0846,0.2064,92.0,0.0,0.0,1
32283,32295,1,0.0245,0.088,0.2146,92.0,0.0,0.0,1
32283,32296,1,0.0603,0.1009,0.188,53.0,0.0,0.0,1
32311,32312,1,0.00454641,0.0141559,3.10902,254.54,0.0,0.0,1
32313,32321,1,0.0049,0.0209,0.0408,81.6,0.0,0.0,1
32313,32322,1,0.0046,0.0196,0.0383,81.6,0.0,0.0,1
32313,32323,1,0.0017,0.0073,0.0142,81.6,0.0,0.0,1
32313,32324,1,0.003,0.0129,0.0253,81.6,0.0,0.0,1
32313,32325,1,0.0068,0.0292,0.0572,81.6,0.0,0.0,1
32342,32343,1,0.0572,0.1125,0.2897,0.0,0.0,0.0,1
32342,32344,1,0.069,0.1291,0.3201,0.0,0.0,0.0,1
32343,32344,1,0.0036,0.0033,0.0035,0.0,0.0,0.0,0
32347,32348,1,0.0672,0.1299,0.3282,0.0,0.0,0.0,1
32347,32349,1,0.0672,0.1279,0.3012,0.0,0.0,0.0,1
32348,32349,1,0.0028,0.0026,0.0027,0.0,0.0,0.0,0
32371,32372,1,0.00454641,0.0141559,3.10902,254.54,0.0,0.0,1
32373,32374,1,0.0026,0.0111,0.0217,81.6,0.0,0.0,1
32373,32375,1,0.0043,0.0184,0.036,81.6,0.0,0.0,1
32373,32376,1,0.0056,0.0241,0.047,81.6,0.0,0.0,1
32373,32377,1,0.0033,0.0141,0.0275,81.6,0.0,0.0,1
32400,32412,@1,-0.0,0.0001,0.0,0.0,0.0,0.0,0
32401,32402,1,0.0059,0.0186,4.0814,331.0,0.0,0.0,1
32403,32404,1,0.0034,0.0147,0.0287,81.6,0.0,0.0,1
32403,32405,1,0.0037,0.0161,0.0314,81.6,0.0,0.0,1
32403,32406,1,0.0079,0.0337,0.066,81.6,0.0,0.0,1
32403,32407,1,0.0059,0.0253,0.0494,81.6,0.0,0.0,1
32403,32415,@1,-0.0,0.0001,0.0,0.0,0.0,0.0,0
32413,32414,1,0.0059,0.0186,4.0814,331.0,0.0,0.0,1
32415,32416,1,0.0034,0.0147,0.0287,81.6,0.0,0.0,1
32415,32417,1,0.0039,0.0169,0.033,81.6,0.0,0.0,1
32415,32418,1,0.0052,0.0222,0.0433,81.6,0.0,0.0,1
32415,32419,1,0.0048,0.0204,0.04,81.6,0.0,0.0,1
32461,32462,1,0.004063,0.014463,2.46571,365.3,0.0,0.0,1
32464,32465,1,0.002327,0.004191,0.3003,0.0,0.0,0.0,1
32490,32491,@1,-0.0,0.0001,0.0,670.18,670.18,670.18,0
32492,32494,1,0.004664,0.014152,2.3657,327.5,0.0,0.0,1
32493,32495,1,0.004668,0.014171,2.36955,327.5,0.0,0.0,1
32496,32498,1,0.001681,0.003041,0.18148,81.6,0.0,0.0,1
32497,32499,1,0.001499,0.002687,0.192,81.6,0.0,0.0,1
37201,37202,@1,-0.0,0.0001,0.0,0.0,0.0,0.0,0
37201,37211,1,0.0243,0.0493,0.0,0.0,0.0,0.0,1
37201,37212,1,0.0302,0.0597,0.0,0.0,0.0,0.0,1
37201,37213,1,0.0314,0.0682,0.0,0.0,0.0,0.0,1
37202,37214,1,0.0335,0.0739,0.0,0.0,0.0,0.0,1
37202,37215,1,0.0324,0.0703,0.0,0.0,0.0,0.0,1
37202,37216,1,0.0313,0.0648,0.0,0.0,0.0,0.0,1
37231,37240,1,0.031,0.0651,0.1395,0.0,0.0,0.0,1
37232,37240,2,0.0285,0.0618,0.1346,0.0,0.0,0.0,1
37233,37240,3,0.0276,0.0584,0.1254,0.0,0.0,0.0,1
37234,37240,4,0.03,0.0574,0.1155,0.0,0.0,0.0,1
37235,37240,5,0.0294,0.0692,0.1564,0.0,0.0,0.0,1
37236,37240,6,0.029,0.0526,0.1027,0.0,0.0,0.0,1
41500,50501,1,-0.0,0.0001,0.0,0.0,0.0,0.0,1
45431,45440,1,0.0902,0.2385,0.00725,29.62,0.0,0.0,1
45432,45440,2,0.0902,0.2385,0.00725,29.62,0.0,0.0,1
45433,45440,3,0.0902,0.2385,0.00725,29.62,0.0,0.0,1
45434,45440,4,0.0902,0.2385,0.00725,29.6,0.0,0.0,1
50541,50542,@1,-0.0,0.0001,0.0,0.0,0.0,0.0,1
50541,50543,@1,-0.0,0.0001,0.0,0.0,0.0,0.0,1
50561,62520,1,-0.0,0.0001,0.0,0.0,0.0,0.0,1
53501,65020,1,-0.0,0.0001,0.0,0.0,0.0,0.0,1
53532,53536,1,-0.0,0.0001,0.0,0.0,0.0,0.0,1
53533,53536,1,-0.0,0.0001,0.0,0.0,0.0,0.0,1
53534,53537,1,-0.0,0.0001,0.0,0.0,0.0,0.0,1
53535,53537,1,-0.0,0.0001,0.0,0.0,0.0,0.0,1
53661,65060,1,-0.0,0.0001,0.0,0.0,0.0,0.0,1
53981,53982,1,-0.0,0.0001,0.0,0.0,0.0,0.0,1
53981,53983,1,-0.0,0.0001,0.0,0.0,0.0,0.0,1
70001,70002,@1,-0.0,0.0001,0.0,0.0,0.0,0.0,1
