bus_i,name,base_kv,ide,area,zone,vm,va
1,北部汽電,34.5,2,1,102,0.99682,-26.7716
2,中部汽電,34.5,2,2,104,1.00437,-8.4978
3,南部汽電,34.5,2,3,103,1.01468,-8.7919
10,核一E,345.0,1,1,2,1.00411,-30.3729
15,核一STB,4.16,1,1,2,1.00411,-30.3729
16,核一STBS,4.16,1,1,2,1.00411,-30.3729
25,核二STR.1,13.8,1,1,2,1.00554,-31.0349
26,核二STR.2,13.8,1,1,2,1.00554,-31.0349
27,核二4.16,4.16,1,1,2,1.00554,-31.0349
28,核二4.16,4.16,1,1,2,1.00554,-31.0349
30,核二E,345.0,1,1,2,1.00554,-31.0349
40,龍門E,345.0,4,1,2,1.0,0.0
51,龍門H,161.0,1,1,2,1.00711,-38.3492
53,龍門SST1,11.4,1,1,2,1.00711,-38.3492
54,龍門#1RAT1,4.2,1,1,2,1.00711,-38.3492
55,龍門#1RA2,4.2,1,1,2,1.00711,-38.3492
56,龍門#1ABT,13.8,1,1,2,1.00711,-38.3492
57,龍門#2RAT1,4.16,1,1,2,1.00711,-38.3492
58,龍門#2RA2,4.16,1,1,2,1.00711,-38.3492
59,龍門#2ABT,13.8,1,1,2,1.00711,-38.3492
100,協和E,345.0,1,1,4,1.00808,-30.7635
103,協和#3,18.0,2,1,102,1.0,-27.4435
104,協和#4,18.0,2,1,102,1.0,-27.534
105,協和TUS1,4.16,1,1,4,1.00808,-30.7635
106,協和TUS2,4.16,1,1,4,1.03393,-30.7635
210,林口E,345.0,1,1,6,0.99817,-25.5147
211,林口#1,25.0,2,1,102,0.97,-15.005
212,林口#2,25.0,2,1,102,0.97,-15.4806
213,林口#3,25.0,2,1,102,0.97,-15.0748
216,林口ST1,13.8,1,1,6,0.98585,-25.5147
217,林口ST1,6.9,1,1,6,0.98585,-25.5147
218,林口ST2,13.8,1,1,6,0.98585,-25.5147
219,林口ST2,6.9,1,1,6,0.98585,-25.5147
220,林口H1,161.0,1,1,6,1.00695,-31.2609
226,林口ET2,33.0,1,1,6,1.00695,-31.2609
227,林口ET3,33.0,1,1,6,1.00695,-31.2609
229,林口煤場L,6.9,1,1,6,1.00695,-31.2609
230,林口H2,161.0,1,1,6,1.00695,-31.2609
233,林口D2,23.9,1,1,6,0.99516,-34.1262
236,林口ET1,33.0,1,1,6,1.00695,-31.2609
238,林口TE13-2,13.8,1,1,6,0.99451,-31.2609
239,林口TE13-3,6.9,1,1,6,0.99451,-31.2609
291,大潭甲H,161.0,1,1,8,1.00347,-25.6699
292,大潭乙H,161.0,1,1,8,1.00347,-25.6699
293,大潭丙H,161.0,1,1,8,1.00347,-25.6699
294,大潭丁H,161.0,1,1,6,1.00308,-28.1908
295,大潭戊H,161.0,1,1,6,1.00308,-28.1908
296,大潭T.1,33.0,1,1,8,1.00347,-25.6699
297,大潭T.2,33.0,1,1,8,1.00347,-25.6699
299,大潭BSGT,13.2,1,1,8,1.00347,-25.6699
300,大潭E,345.0,1,1,8,0.98895,-15.824
301,大潭G1-1,16.5,2,1,102,0.97,-18.0711
302,大潭G1-2,16.5,2,1,102,0.97,-18.0041
303,大潭G1-3,16.5,2,1,102,0.97,-18.0089
304,大潭ST1,18.0,2,1,102,0.97,-18.6905
305,大潭G2-1,16.5,2,1,102,0.97,-18.0387
306,大潭G2-2,16.5,2,1,102,0.97,-18.021
307,大潭G2-3,16.5,2,1,102,0.97,-18.0258
308,大潭ST2,18.0,2,1,102,0.97,-18.6596
309,大潭G3-1,16.0,2,1,102,0.98,-8.9404
310,大潭G3-2,16.0,2,1,102,0.98,-8.885
311,大潭ST3,16.0,2,1,102,0.98,-8.6659
312,大潭G4-1,16.0,2,1,102,0.98,-8.8806
313,大潭G4-2,16.0,2,1,102,0.98,-8.9449
314,大潭ST4,16.0,2,1,102,0.98,-8.6804
315,大潭G5-1,16.0,2,1,102,0.98,-8.9519
316,大潭G5-2,16.0,2,1,102,0.98,-8.8927
317,大潭ST5,16.0,2,1,102,0.98,-8.6844
318,大潭G6-1,16.0,2,1,102,0.98,-8.9449
319,大潭G6-2,16.0,2,1,102,0.98,-8.9048
320,大潭ST6,16.0,2,1,102,0.98,-8.6185
321,大潭G7-1,25.0,2,1,102,0.98,-18.1338
322,大潭G7-2,25.0,2,1,102,0.98,-18.0169
323,大潭ST7,16.0,2,1,102,0.98,-18.2591
324,大潭G8-1,26.0,2,1,102,0.98,-6.6171
325,大潭G8-2,26.0,2,1,102,0.98,-6.5766
326,大潭ST8,26.0,2,1,102,0.98,-5.9564
327,大潭G9-1,26.0,2,1,102,0.98,-19.3938
328,大潭G9-2,26.0,2,1,102,0.98,-19.3739
329,大潭ST9,26.0,2,1,102,0.98,-18.8253
410,碧海H,161.0,1,1,1,1.00947,-32.0993
411,碧海#1,13.8,2,1,102,0.96556,-32.0993
450,石門H,161.0,1,1,7,0.99994,-32.3739
451,石門#1,13.8,2,1,102,0.95646,-32.3739
452,石門#2,13.8,2,1,102,0.95646,-32.3739
511,中火H1,161.0,1,2,15,1.00622,-14.9343
513,中火D1,23.9,1,2,15,1.00643,-14.621
516,中火ET1,33.0,1,2,15,1.00707,-14.9894
517,中火ET2,33.0,1,2,15,1.00732,-15.0131
518,中火ET3,33.0,1,2,15,1.00776,-15.0444
521,中火H2,161.0,1,2,15,1.00622,-14.9343
530,中火北E,345.0,1,2,15,1.0004,-14.4601
531,中火#1,22.0,2,2,15,0.95038,-14.4601
532,中火#2,22.0,2,2,15,0.96,-8.8941
533,中火#3,22.0,2,2,15,0.96,-9.5044
534,中火#4,22.0,2,2,15,0.96,-7.7048
535,中火#5,21.5,2,2,15,0.96,5.3952
536,中火#6,21.5,2,2,15,0.96,4.3633
537,中火#7,21.5,2,2,15,0.96,4.054
538,中火#8,21.5,2,2,15,0.96,4.054
539,中火#9,19.0,2,2,15,0.96,-9.4301
540,中火中E,345.0,1,2,15,1.00272,-1.2882
541,中火#10,19.0,2,2,15,0.96,-7.9377
542,中火GAS#1,13.8,2,2,15,0.96245,-14.9343
543,中火GAS#2,13.8,2,2,15,0.96245,-14.9343
544,中火GAS#3,13.8,2,2,15,0.96245,-14.9343
545,中火GAS#4,13.8,2,2,15,0.96245,-14.9343
546,中火ST.1,6.9,1,2,15,1.0004,-14.4601
547,中火ST.2,6.9,1,2,15,1.0004,-14.4601
548,中火ST.5,6.9,1,2,15,1.0004,-14.4601
550,中火南E,345.0,1,2,15,1.00272,-1.2882
551,台中新G1-1,26.0,2,2,104,0.96,9.1345
552,台中新G1-2,26.0,2,2,104,0.96,9.1596
553,台中新ST1,26.0,2,2,104,0.96,9.1979
554,台中新G2-1,26.0,2,2,104,0.97539,-14.4601
555,台中新G2-2,26.0,2,2,104,0.97539,-14.4601
556,台中新ST2,26.0,2,2,104,0.97539,-14.4601
590,通霄新G3-1,20.0,2,2,10,0.97,-5.0835
591,通霄新G3-2,20.0,2,2,10,0.97,-5.0676
592,通霄新ST3,20.0,2,2,10,0.97,-5.5486
593,通霄新G2-1,20.0,2,2,10,0.97,-4.999
594,通霄新G2-2,20.0,2,2,10,0.97,-5.0644
595,通霄新ST2,20.0,2,2,10,0.97,-5.5319
596,通霄新G1-1,20.0,2,2,10,0.97,-5.0387
597,通霄新G1-2,20.0,2,2,10,0.97,-5.0639
598,通霄新ST1,20.0,2,2,10,0.97,-5.5565
600,通霄甲H1,161.0,1,2,10,1.00824,-18.5363
601,通霄甲H6,161.0,1,2,10,1.00824,-18.5363
610,通霄甲H2,161.0,1,2,10,1.00824,-18.5363
611,通霄乙H3,161.0,1,2,10,1.01242,-18.8161
616,通霄G4-1,13.8,4,2,10,1.0,0.0
617,通霄G4-2,13.8,4,2,10,1.0,0.0
618,通霄G4-3,13.8,4,2,10,1.0,0.0
619,通霄ST4,13.8,4,2,10,1.0,0.0
620,通霄乙H4,161.0,1,2,10,1.01242,-18.8161
621,通霄G5-1,13.8,4,2,10,1.0,0.0
622,通霄G5-2,13.8,4,2,10,1.0,0.0
623,通霄G5-3,13.8,4,2,10,1.0,0.0
624,通霄ST5,13.8,4,2,10,1.0,0.0
625,通霄G6-1,13.8,2,2,10,0.96183,-15.0443
626,通霄G6-2,13.8,2,2,10,0.96192,-15.0784
627,通霄ST6,13.8,2,2,10,0.96188,-14.9098
628,通霄乙H5,161.0,1,2,10,1.01242,-18.8161
650,通霄甲E,345.0,1,2,10,0.9885,-14.2162
652,通霄甲L,69.0,2,2,10,1.0063,-20.1261
656,通霄MT1,11.0,1,2,10,1.00648,-20.2744
657,通霄MT2,11.0,1,2,10,1.00655,-20.2266
660,通霄乙E,345.0,1,2,10,0.9885,-14.2162
662,通霄TT1,33.0,1,2,10,1.01018,-19.2382
663,通霄TT2,33.0,1,2,10,1.01501,-19.5692
664,通霄TT3,33.0,1,2,10,1.01005,-19.2461
665,通霄TT4,33.0,4,2,10,1.0,0.0
691,通霄GAS#1,13.8,2,2,10,0.96438,-18.5363
692,通霄GAS#2,13.8,2,2,10,0.96438,-18.5363
693,通霄GAS#3,13.8,2,2,10,0.96438,-18.5363
694,通霄GAS#4,13.8,2,2,10,0.96438,-18.5363
695,通霄GAS#5,13.8,2,2,10,0.96438,-18.5363
696,通霄GAS#6,13.8,2,2,10,0.96438,-18.5363
697,通霄GAS#1-3,13.8,1,2,10,0.96438,-18.5363
698,通霄GAS#4-6,13.8,1,2,10,0.96438,-18.5363
700,大觀二E,345.0,1,2,19,1.00354,-8.3729
701,大觀二#1,16.5,2,2,104,0.97,-3.9271
702,大觀二#2,16.5,2,2,104,0.97,-3.9271
703,大觀二#3,16.5,2,2,104,1.00354,-8.3729
704,大觀二#4,16.5,2,2,104,1.00354,-8.3729
705,觀二S.T1,6.9,1,2,19,1.00354,-8.3729
706,觀二S.T2,6.9,1,2,19,1.00354,-8.3729
710,明潭E1,345.0,1,2,19,1.00035,-8.0433
711,明潭#1,16.5,2,2,104,0.98425,-3.771
712,明潭#2,16.5,2,2,104,0.98425,-3.771
713,明潭#3,16.5,2,2,104,1.00035,-8.0433
714,明潭#4,16.5,2,2,104,1.00035,-8.0433
715,明潭#5,16.5,2,2,104,1.00035,-8.0433
716,明潭#6,16.5,2,2,104,1.00035,-8.0433
717,明潭S.T1,13.8,1,2,19,1.00035,-8.0433
718,明潭S.T2,13.8,1,2,19,1.00035,-8.0433
720,明潭E2,345.0,1,2,19,1.00035,-8.0433
800,天輪H,161.0,1,2,12,1.0027,-18.396
801,天輪#1,11.0,2,2,12,0.95,-15.8919
802,天輪#2,11.0,2,2,12,0.95,-16.0092
803,天輪#3,11.0,2,2,12,0.95,-15.9989
804,天輪#4,11.0,2,2,12,0.95,-15.5003
805,天輪#5,13.8,2,2,12,0.95,-16.2564
820,谷關H,161.0,1,2,12,1.00183,-17.6745
822,谷關D,23.9,1,2,12,1.00132,-18.0316
825,谷關#1,13.8,2,2,104,0.95,-15.0983
826,谷關#2,13.8,2,2,104,0.95,-15.1003
827,谷關#3,13.8,2,2,104,0.95,-15.1171
828,谷關#4,13.8,2,2,104,0.95,-15.1403
830,青山H,161.0,1,2,11,1.00684,-18.1019
831,青山#1,13.8,2,2,104,0.95,-14.8605
832,青山#2,13.8,2,2,104,0.96304,-18.1019
833,青山#3,13.8,2,2,104,0.95,-14.8375
834,青山#4,13.8,2,2,104,0.96304,-18.1019
835,青山STR,11.9,1,2,11,1.00684,-18.1019
840,德基H,161.0,1,2,12,1.00222,-17.3945
841,德基#1,13.8,2,2,104,0.95865,-17.3945
842,德基#2,13.8,2,2,104,0.95265,-14.8373
843,德基#3,13.8,2,2,104,0.95265,-14.8373
844,德基D,23.9,1,2,12,1.00203,-18.063
850,鉅工H,161.0,1,2,12,1.01044,-13.6711
851,鉅工#1,11.0,2,2,104,0.99,-11.78
852,鉅工#2,11.0,2,2,104,0.99,-11.758
853,鉅工D,23.9,1,2,12,0.99682,-15.3146
860,大觀一H,161.0,1,2,12,1.01048,-13.534
861,大觀一#1,11.0,2,2,104,0.95497,-10.4587
862,大觀一#2,11.0,2,2,104,0.95514,-10.3566
863,大觀一#3,11.0,2,2,104,0.95506,-10.5109
864,大觀一#4,11.0,2,2,104,0.95508,-10.5166
865,大觀一#5,11.0,2,2,104,0.96455,-13.534
870,萬大H,161.0,1,2,12,1.01161,-14.1823
871,萬大#1-2,11.0,2,2,104,0.99,-12.7696
872,萬大L,69.0,1,2,12,1.01749,-14.2254
873,萬大#3,11.0,2,2,104,0.97163,-14.2219
874,萬大#4,13.8,2,2,104,0.99,-13.1266
875,松林H,161.0,1,2,12,1.01058,-14.2659
876,松林#1,13.8,2,2,104,0.96662,-14.2659
877,松林#2,3.5,2,2,104,0.91139,-14.2659
880,卓蘭H,161.0,1,2,11,1.01038,-21.0293
881,卓蘭#1,13.8,2,2,104,0.96309,-17.0602
882,卓蘭#2,13.8,2,2,104,0.96645,-21.0293
883,卓蘭D,23.9,1,2,11,1.00128,-22.5712
890,馬鞍H,161.0,1,2,12,1.00708,-18.9005
891,馬鞍#1,13.8,2,2,104,0.96,-15.6216
892,馬鞍#2,13.8,2,2,104,0.96,-15.6432
1000,核三E,345.0,1,3,36,1.01538,-10.2223
1001,核三#1,25.0,4,3,103,1.0,0.0
1002,核三#2,25.0,4,3,103,1.0,0.0
1007,核三GAS#1,13.8,2,3,103,1.01328,-10.3281
1008,核三GAS#2,13.8,2,3,103,1.01328,-10.3281
1009,核三STR,13.8,1,3,36,1.04141,-10.2223
1020,核三H,161.0,1,3,36,1.01328,-10.3281
1021,核三S.T,13.8,1,3,36,1.05935,-10.3281
1022,核三S.T.1,4.16,1,3,36,1.05936,-10.3281
1023,核三S.T.2,4.16,1,3,36,1.05933,-10.3281
1030,尖山L,69.0,1,3,26,0.99781,-4.7733
1031,尖山#1,13.8,2,3,103,0.97,-2.7752
1032,尖山#2,13.8,2,3,103,0.97,-2.7773
1033,尖山#3,13.8,2,3,103,0.97,-2.7752
1034,尖山#4,13.8,2,3,103,0.97,-2.7671
1035,尖山#5,13.8,2,3,103,0.97,-2.2982
1036,尖山#6,13.8,2,3,103,0.97,-2.2982
1037,尖山#7,13.8,2,3,103,0.97,-2.3032
1038,尖山#8,13.8,2,3,103,0.97,-2.3158
1039,尖山#9,13.8,2,3,103,0.97,-2.2982
1040,尖山#10,13.8,2,3,103,0.97,-2.2856
1041,尖山#11,13.8,2,3,103,0.97,-2.278
1042,尖山#12,13.8,2,3,103,0.97,-2.2982
1043,尖山#1-2,69.0,1,3,26,0.99781,-4.7733
1050,興二E,345.0,1,3,23,1.00635,-6.1758
1051,興二H,161.0,1,3,23,1.00635,-6.1758
1056,興達南新TT1,33.0,1,3,23,1.00635,-6.1758
1057,興達南新TT2,33.0,1,3,23,1.00635,-6.1758
1058,興達南新TT3,33.0,1,3,23,1.00635,-36.1758
1060,興達新G1-1,26.0,2,3,103,0.99,2.3232
1061,興達新G1-2,26.0,2,3,103,0.99,2.3082
1062,興達新ST1,26.0,2,3,103,0.99,2.2992
1063,興達新G2-1,26.0,2,3,103,0.99,2.2992
1064,興達新G2-2,26.0,2,3,103,0.99,2.2992
1065,興達新ST2,26.0,2,3,103,1.0,2.2272
1066,興達新G3-1,26.0,2,3,103,0.98119,-6.1758
1067,興達新G3-2,26.0,2,3,103,0.98119,-6.1758
1068,興達新ST3,26.0,2,3,103,0.98119,-6.1758
1070,興達北E2,345.0,1,3,24,1.01657,-6.6057
1077,興達G1-1,13.8,2,3,103,0.99,-5.4587
1078,興達G1-23,13.8,2,3,103,0.99,0.4966
1079,興達ST1,16.0,2,3,103,0.99,-3.8314
1080,興達北E1,345.0,1,3,24,1.01657,-6.6057
1081,興達#1,18.0,4,3,103,1.0,0.0
1082,興達#2,18.0,4,3,103,1.0,0.0
1083,興達#3,22.0,2,3,103,0.96574,-6.6057
1084,興達#4,22.0,2,3,103,0.96574,-6.6057
1085,興達4.16,4.16,1,3,24,1.01681,-5.303
1087,興達G2-1,13.8,2,3,103,0.99,-5.453
1088,興達G2-23,13.8,2,3,103,0.99,1.0727
1089,興達ST2,16.0,2,3,103,0.99,-3.8091
1090,興達南E,345.0,1,3,24,1.01657,-6.6057
1091,興達G3-1,13.8,2,3,103,0.99,-5.3132
1092,興達G3-23,13.8,2,3,103,0.99,1.2378
1093,興達ST3,16.0,2,3,103,0.99,-3.8124
1094,興達G4-1,13.8,2,3,103,0.99,-5.2715
1095,興達G4-23,13.8,2,3,103,0.99,1.1857
1096,興達ST4,16.0,2,3,103,0.99,-3.841
1097,興達G5-1,13.8,2,3,103,0.99,-5.3162
1098,興達G5-23,13.8,2,3,103,0.99,1.1842
1099,興達ST5,16.0,2,3,103,0.99,-3.841
1100,大林甲H,161.0,1,3,33,1.00518,-13.0908
1101,大林新#1,25.0,3,3,103,0.95,0.0
1102,大林新#2,25.0,2,3,103,0.95,0.066
1105,大林#5,18.0,4,3,103,1.0,0.0
1106,大林#6,21.5,2,3,103,0.95303,-7.2468
1110,大林乙H,161.0,1,3,33,1.00518,-13.0908
1120,大林丙H,161.0,1,3,33,1.01712,-10.9605
1123,大林丙D,23.9,1,3,33,1.00246,-12.5104
1124,大林ST3,4.2,1,3,33,1.01712,-10.9605
1125,大林TE2-2,13.8,1,3,33,1.00518,-13.0908
1126,大林TE2-3,6.9,1,3,33,1.00518,-13.0908
1130,大林E1,345.0,1,3,33,1.00388,-10.4841
1135,大林ET3,33.0,1,3,33,0.94869,-13.2914
1136,大林ET5,33.0,1,3,33,1.01861,-11.0024
1137,大林ET4,33.0,1,3,33,1.00388,-10.4841
1138,大林ET6,33.0,1,3,33,1.00598,-13.5054
1140,大林E2,345.0,1,3,33,1.00388,-10.4841
1141,大林TSU12-1,13.8,1,3,33,1.00388,-10.4841
1142,大林TSU12-2,6.9,1,3,33,1.00388,-10.4841
1200,南火北H,161.0,1,3,32,1.01125,-11.2037
1201,南火G1-1,13.8,2,3,103,0.97,-7.469
1202,南火G1-2,13.8,2,3,103,0.97,-7.5112
1203,南火ST1,13.8,2,3,103,0.97,-8.1428
1204,南火G2-1,13.8,2,3,103,0.97,-7.5051
1205,南火G2-2,13.8,2,3,103,0.97,-7.5081
1206,南火ST2,13.8,2,3,103,0.97,-8.1463
1210,南火南H,161.0,1,3,31,1.00329,-17.0299
1211,南火G3-1,13.8,2,3,103,0.97,-13.2575
1212,南火G3-2,13.8,2,3,103,0.97,-13.3267
1213,南火ST3,13.8,2,3,103,0.97,-13.9616
1214,南火G4,16.0,2,3,103,0.97,-9.966
1400,龍澗L,69.0,1,4,37,1.00544,-16.1055
1401,龍澗G,11.0,2,4,110,0.95517,-16.1055
1497,銅門,69.0,1,4,37,1.00544,-16.1055
1498,銅門#A,69.0,1,4,37,1.00544,-16.1055
1500,冬山E,345.0,1,1,1,1.00362,-28.8934
1501,冬山H,161.0,1,1,1,1.00997,-31.8929
1507,冬山T2,33.0,1,1,1,1.0151,-32.5096
1508,冬山T3,33.0,1,1,1,1.01538,-32.5528
1509,冬山T4,33.0,1,1,1,1.01441,-32.468
1550,汐止E,345.0,1,1,2,1.00417,-31.5966
1551,汐止H,161.0,1,1,2,1.0067,-37.4134
1555,汐止T1,33.0,1,1,2,1.00395,-36.4318
1556,汐止T2,33.0,1,1,2,1.00395,-36.4318
1557,汐止T3,33.0,1,1,2,1.00395,-36.4318
1558,汐止T4,33.0,1,1,2,1.01209,-38.6311
1559,汐止T5,33.0,1,1,2,1.00848,-37.8022
1570,松湖臨E,345.0,1,1,4,1.0001,-31.2133
1571,松湖臨H,161.0,1,1,10,1.00675,-38.1191
1575,松湖臨T1,33.0,1,1,4,1.00848,-38.4197
1580,仙渡E,345.0,1,1,3,1.00192,-29.0954
1581,仙渡H1,161.0,1,1,3,1.00987,-30.43
1583,仙渡D1,23.9,1,1,3,0.99393,-34.8073
1586,仙渡T1,33.0,1,1,3,1.01199,-30.7313
1587,仙渡T2,33.0,1,1,3,1.01195,-30.7276
1591,仙渡H2,161.0,1,1,3,1.0078,-36.7238
1593,仙渡D2,23.9,1,1,3,0.99897,-39.6575
1596,仙渡T3,33.0,1,1,3,1.01282,-38.4535
1601,大安H,161.0,1,1,4,0.99977,-35.3296
1610,大安E,345.0,1,1,4,1.0001,-31.2133
1611,安超H1,161.0,1,1,4,0.99977,-35.3296
1615,大安T1,33.0,1,1,4,1.00055,-35.5267
1616,大安T2,33.0,1,1,4,0.94229,-35.4613
1617,大安T3,33.0,1,1,4,1.00055,-35.5267
1621,安超H2,161.0,1,1,4,0.99977,-35.3296
1650,深美E,345.0,1,1,4,1.00057,-30.8785
1651,深美H1,161.0,1,1,4,0.996,-34.0401
1656,深美T1,33.0,1,1,4,0.99883,-34.758
1657,深美T2,33.0,1,1,4,0.99806,-34.5749
1658,深美T3,33.0,1,1,4,0.99806,-34.5749
1661,深美H2,161.0,1,1,4,0.996,-34.0401
1663,深美D2,23.9,1,1,4,0.9944,-39.0965
1666,深美T4,33.0,1,1,4,0.99903,-34.7666
1667,深美T5,33.0,1,1,4,0.99909,-34.812
1700,板橋E,345.0,1,1,5,0.99549,-30.5566
1701,板超H1,161.0,1,1,5,0.99657,-36.4909
1706,板橋ET1,33.0,1,1,5,0.99759,-36.7541
1707,板橋ET2,33.0,1,1,5,0.99744,-36.7568
1711,板超H2,161.0,1,1,5,0.99657,-36.4909
1716,板橋ET3,33.0,1,1,5,0.99743,-36.753
1717,板橋ET4,33.0,1,1,5,0.99744,-36.758
1718,板橋ET5,33.0,1,1,5,0.99767,-36.7684
1750,頂湖E,345.0,1,1,6,1.00088,-28.3122
1751,頂湖東H,161.0,1,1,6,0.99727,-33.3119
1752,頂湖L,69.0,2,1,6,0.97938,-36.1906
1756,頂湖東ET1,33.0,1,1,6,0.97647,-28.3122
1757,頂湖東ET2,33.0,1,1,6,0.99927,-33.5805
1758,頂湖東ET3,33.0,1,1,6,1.00306,-33.9599
1759,頂湖東ET8,33.0,1,1,6,1.00002,-33.7747
1761,頂湖西H,161.0,1,1,6,0.99949,-34.9252
1766,頂湖西ET4,33.0,1,1,6,1.0045,-36.3145
1767,頂湖西ET5,33.0,1,1,6,1.00506,-36.4626
1768,頂湖西ET6,33.0,1,1,6,1.00482,-36.3884
1769,頂湖南ET7,33.0,1,1,6,1.00427,-36.153
1777,頂湖東MT7,11.0,1,1,6,0.97951,-36.4835
1778,頂湖東MT8,11.0,1,1,6,0.97953,-36.4606
1779,頂湖東MT9,11.0,1,1,6,0.97954,-36.459
1781,頂湖南H,161.0,1,1,6,0.99949,-34.9252
1891,龍潭北H2,161.0,1,1,7,0.99874,-31.8922
1900,龍潭北E,345.0,1,1,7,0.99682,-26.7709
1901,龍潭北H1,161.0,1,1,7,0.99874,-31.8922
1905,龍潭北ET.8,33.0,1,1,7,1.00081,-32.2633
1906,龍潭北ET.1,33.0,1,1,7,0.99692,-31.1959
1907,龍潭北ET.2,33.0,1,1,7,0.99692,-31.1959
1908,龍潭北ET.3,33.0,1,1,7,0.99692,-31.1959
1909,龍潭北ET.4,33.0,1,1,7,0.9974,-31.3434
1910,龍潭南E,345.0,1,1,8,0.98745,-23.8614
1911,龍潭南H,161.0,1,1,8,0.9985,-25.1556
1917,龍潭南ET.7,33.0,1,1,8,0.96337,-23.8614
1918,龍潭南ET.5,33.0,1,1,8,0.99392,-24.977
1919,龍潭南ET.6,33.0,1,1,8,0.99409,-24.9824
1930,竹園E,345.0,1,2,9,0.97978,-23.6833
1931,竹園H1,161.0,1,2,9,1.01488,-29.2965
1936,竹園ET.1,33.0,1,2,9,1.03308,-23.1047
1937,竹園ET.2,33.0,1,2,9,1.03135,-23.6833
1938,竹園ET.3,33.0,1,2,9,1.01331,-30.3235
1941,竹園H2,161.0,1,2,9,1.01488,-29.2965
1946,竹園ET.4,33.0,1,2,9,1.01332,-30.3192
1947,竹園ET.5,33.0,1,2,9,1.01335,-30.3186
1948,竹園ET.6,33.0,1,2,9,1.01394,-30.2472
2000,峨眉E,345.0,1,2,10,0.9837,-22.2257
2001,峨眉H,161.0,1,2,10,1.00955,-24.0497
2003,峨眉D,23.9,1,2,10,0.99484,-25.2382
2005,峨眉ET.1,33.0,1,2,10,1.0101,-24.3904
2006,峨眉ET.5,33.0,1,2,10,1.00984,-24.1593
2007,峨眉ET.2,33.0,1,2,10,1.00892,-22.2257
2008,峨眉ET.3,33.0,1,2,10,1.00953,-23.7369
2009,峨眉ET.4,33.0,1,2,10,1.00953,-23.7369
2030,竹工E,345.0,1,1,8,0.9867,-21.313
2031,竹工H1,161.0,1,1,8,1.00116,-25.7366
2032,竹工D1,23.9,1,1,8,0.99943,-25.5133
2036,竹工ET3,33.0,1,1,8,1.00163,-25.7822
2041,竹工H2,161.0,1,1,8,1.00116,-25.7366
2042,竹工D2,23.9,1,1,8,1.00147,-24.7074
2046,竹工ET4,33.0,1,1,8,1.00127,-25.723
2047,竹工ET5,33.0,1,1,8,1.00166,-25.7734
2060,義和E,345.0,1,2,10,0.98759,-17.4727
2100,天輪E,345.0,1,2,12,1.00311,-19.9085
2108,天輪ET1,33.0,1,2,12,1.00252,-18.2506
2109,天輪ET2,33.0,1,2,12,1.00257,-18.2545
2130,后里E,345.0,1,2,11,0.9899,-17.597
2131,后里東H,161.0,1,2,11,1.00959,-20.1927
2133,后里東D,23.9,1,2,11,0.99601,-21.4986
2137,后里東ET4,33.0,1,2,11,0.96115,-20.5669
2138,后里東ET5,33.0,1,2,11,0.96141,-20.5803
2139,后里東ET6,33.0,1,2,11,1.0115,-20.6272
2141,后里西H,161.0,1,2,11,1.00762,-20.4723
2143,后里西D,23.9,1,2,11,1.00482,-22.248
2147,后里西ET1,33.0,1,2,11,1.00778,-20.6152
2148,后里西ET2,33.0,1,2,11,1.00678,-21.0779
2149,后里西ET3,33.0,1,2,11,1.00674,-21.1354
2150,中港E,345.0,1,2,13,0.99811,-15.365
2151,中港H1,161.0,1,2,13,0.99789,-22.4658
2156,中港ET1,33.0,1,2,13,0.99471,-21.6185
2157,中港ET2,33.0,1,2,13,0.99471,-21.6185
2161,中港H2,161.0,1,2,13,0.99789,-22.4658
2162,中港L,69.0,2,2,13,1.00924,-25.3458
2164,中港ET3,33.0,1,2,13,0.9947,-21.6167
2165,中港ET4,33.0,1,2,13,0.99435,-21.532
2166,中港ET5,33.0,1,2,13,0.99359,-21.3883
2167,中港MT6,11.0,1,2,13,1.01089,-25.59
2168,中港MT8,11.0,1,2,13,1.01139,-25.6825
2169,中港MT9,11.0,1,2,13,1.01078,-25.5667
2170,中科E,345.0,1,2,14,0.99577,-15.7692
2171,中科H1,161.0,1,2,14,1.00677,-19.5271
2173,中科D1,23.9,1,2,14,0.99514,-22.4229
2176,中科ET1,33.0,2,2,14,1.0061,-19.9125
2177,中科ET2,33.0,1,2,14,1.00534,-20.1659
2178,中科ET3,33.0,1,2,14,1.00636,-19.8056
2181,中科H2,161.0,1,2,14,1.00677,-19.5271
2183,中科D2,23.9,1,2,14,0.9992,-22.0896
2186,中科ET4,33.0,1,2,14,1.00643,-19.7886
2187,中科ET5,33.0,1,2,14,1.00651,-19.7691
2188,中科ET6,33.0,1,2,14,1.0068,-19.7173
2200,霧峰E,345.0,1,2,12,1.00163,-11.534
2201,霧峰H,161.0,1,2,12,1.00879,-17.0268
2202,霧峰L,69.0,2,2,12,1.00079,-20.3816
2203,霧峰D,23.9,1,2,12,0.99811,-22.0476
2206,霧峰ET1,33.0,1,2,12,1.01612,-17.9435
2207,霧峰ET2,33.0,1,2,12,1.01593,-17.9135
2208,霧峰ET3,33.0,1,2,12,1.01628,-17.956
2216,霧峰MT1,11.0,1,2,12,1.00173,-20.5837
2217,霧峰MT2,11.0,1,2,12,1.002,-20.7152
2218,霧峰MT3,11.0,1,2,12,1.00191,-20.6275
2300,彰濱E,345.0,1,2,16,1.00511,-1.0246
2301,彰濱H1,161.0,1,2,16,1.00926,-1.8169
2303,彰濱D1,23.9,1,2,16,1.0029,-0.6218
2306,彰濱ET1,33.0,1,2,16,1.01489,-1.9508
2307,彰濱ET2,33.0,1,2,16,1.01435,-1.9367
2311,彰濱H2,161.0,1,2,16,0.99354,6.0888
2316,彰濱ET3,33.0,1,2,16,0.99654,3.0977
2317,彰濱ET4,33.0,1,2,16,0.99265,7.2858
2320,彰林E,345.0,1,2,18,0.99877,-7.3608
2321,彰林H1,161.0,1,2,18,1.00858,-7.9623
2322,彰林L1,69.0,2,2,18,1.00373,-9.9849
2323,彰林D1,23.9,1,2,18,0.99621,-8.8532
2325,彰林ET1,33.0,1,2,18,0.94982,-7.9274
2326,彰林ET2,33.0,1,2,18,1.00839,-8.0204
2327,彰林ET3,33.0,1,2,18,0.94911,-7.9676
2328,彰林MT2,11.0,1,2,18,1.0038,-10.1603
2329,彰林MT3,11.0,1,2,18,1.00382,-10.1542
2331,彰林H2,161.0,1,2,18,1.00858,-7.9623
2332,彰林L2,69.0,2,2,18,1.00373,-9.9849
2333,彰林D2,23.9,1,2,18,1.00727,-10.253
2337,彰林ET4,33.0,1,2,18,1.00844,-8.0101
2338,彰林ET5,33.0,4,2,18,1.0,0.0
2339,彰林MT1,11.0,1,2,18,1.00382,-10.1645
2350,全興E,345.0,1,2,17,1.00263,-2.2817
2351,全興H,161.0,1,2,17,0.99907,-3.4287
2353,全興D,23.9,1,2,17,0.9956,-5.6037
2357,全興ET2,33.0,1,2,17,1.00109,-3.6583
2358,全興ET3,33.0,1,2,17,1.00146,-3.6843
2359,全興ET4,33.0,1,2,17,1.00107,-3.6546
2370,彰工E,345.0,1,2,16,1.0051,-0.9363
2371,彰工H,161.0,1,2,16,1.00556,-0.5518
2375,彰工ET1,33.0,1,2,16,1.00562,-0.5143
2376,彰工ET2,33.0,1,2,16,1.00552,-0.535
2377,彰工ET3,33.0,1,2,16,1.00553,-0.5141
2378,彰工ET4,33.0,1,2,16,1.00554,-0.543
2379,彰工ET5,33.0,1,2,16,1.00552,-0.533
2400,南投E,345.0,1,2,18,0.99945,-7.1435
2401,南投H,161.0,1,2,18,0.99732,-9.8024
2402,南投L,69.0,2,2,18,1.00349,-12.1392
2407,南投ET1,33.0,1,2,18,0.99761,-10.3779
2408,南投ET2,33.0,1,2,18,0.99761,-10.374
2409,南投ET3,33.0,1,2,18,0.99761,-10.3779
2416,南投MT5,11.0,1,2,18,1.00357,-12.3355
2417,南投MT6,11.0,1,2,18,1.00355,-12.3098
2418,南投MT7,11.0,1,2,18,1.00348,-12.3194
2419,南投MT8,11.0,1,2,18,1.00439,-12.3007
2480,中寮北E,345.0,1,2,19,1.00437,-8.5043
2490,中寮南E,345.0,1,2,19,1.00023,-8.1489
2500,嘉民E,345.0,1,3,20,1.01563,-7.3321
2501,嘉民北H,161.0,1,3,40,0.99934,-7.7909
2503,嘉民北D,23.9,1,3,40,0.99934,-7.7909
2506,嘉民北ET1,33.0,1,3,40,0.93963,-7.6584
2507,嘉民北ET2,33.0,1,3,40,0.99834,-7.7314
2508,嘉民北ET3,33.0,1,3,40,0.99823,-7.7253
2509,嘉民北ET8,33.0,1,3,40,1.00136,-7.891
2511,嘉民南H,161.0,1,3,41,1.00245,0.6084
2517,嘉民南ET4,33.0,1,3,41,0.99884,-0.4076
2518,嘉民南ET5,33.0,1,3,41,0.99877,-0.5186
2519,嘉民南ET6,33.0,1,3,41,0.99884,-0.3885
2600,南科E,345.0,1,3,21,1.0039,-10.4062
2601,南科東H,161.0,1,3,21,1.00599,-11.7159
2603,南科東D,23.9,1,3,21,0.99867,-13.9895
2606,南科東ET7,33.0,1,3,21,1.00611,-11.7335
2607,南科東ET4,33.0,1,3,21,1.00458,-11.916
2608,南科東ET5,33.0,1,3,21,1.01661,-10.4062
2609,南科東ET6,33.0,1,3,21,1.00485,-11.9098
2611,南科西H,161.0,1,3,21,1.00599,-11.7159
2613,南科西D,23.9,1,3,21,1.00252,-15.4706
2617,南科西ET1,33.0,1,3,21,1.00486,-11.908
2618,南科西ET2,33.0,1,3,21,1.00489,-11.9023
2619,南科西ET3,33.0,1,3,21,1.00494,-11.899
2621,南科南H,161.0,1,3,21,1.00759,-12.2861
2626,南科 E.T8,33.0,1,3,21,1.00686,-12.5468
2627,南科 E.T9,33.0,1,3,21,1.00686,-12.5468
2628,南科 E.T10,33.0,1,3,21,1.00688,-12.5487
2629,南科南ET11,33.0,1,3,21,1.00686,-12.5468
2650,龍崎北E,345.0,1,3,22,1.01468,-8.8043
2651,龍崎北H,161.0,1,3,22,1.00918,-10.6945
2656,龍崎北ET1,33.0,1,3,22,1.01019,-10.8894
2657,龍崎北ET2,33.0,1,3,22,1.01021,-10.8899
2658,龍崎北ET5,33.0,1,3,22,1.00842,-10.4437
2659,龍崎北ET7,33.0,1,3,22,1.00848,-10.4513
2660,龍崎南E,345.0,1,3,23,1.00545,-9.5823
2661,龍崎南H,161.0,1,3,23,1.00827,-10.3052
2667,龍崎南ET4,33.0,1,3,23,0.95475,-10.7658
2668,龍崎南ET3,33.0,1,3,23,1.00633,-10.4695
2669,龍崎南ET6,33.0,1,3,23,1.00624,-10.4688
2670,路北西E,345.0,1,3,24,1.00988,-7.2043
2671,路北H1,161.0,1,3,24,1.0034,-10.3545
2672,路北L1,69.0,2,3,24,1.01238,-11.4365
2673,路北D1,23.9,1,3,24,1.00907,-10.3628
2676,路北ET3,33.0,1,3,24,0.94375,-10.3106
2677,路北MT1,11.0,1,3,24,1.01229,-11.5221
2678,路北MT2,11.0,1,3,24,1.0123,-11.5273
2679,路北MT3,11.0,1,3,24,1.0123,-11.5342
2680,路北東E,345.0,1,3,24,1.00988,-7.2043
2681,路北H2,161.0,1,3,24,1.0034,-10.3545
2683,路北D2,23.9,1,3,24,1.00747,-12.0096
2686,路北ET4,33.0,1,3,24,1.00201,-10.6362
2687,路北ET5,33.0,1,3,24,1.00209,-10.6203
2690,興益E,345.0,1,3,24,1.01657,-6.6057
2691,興益H,161.0,1,3,24,1.01657,-6.6057
2692,興益L,69.0,1,3,24,1.01657,-6.6057
2696,興益ET1,33.0,1,3,24,1.01657,-6.6057
2697,興益MT1,11.0,1,3,24,1.01657,-6.6057
2750,仁武E,345.0,1,3,25,1.00442,-11.3677
2751,仁武H1,161.0,1,3,25,1.00802,-16.5392
2753,仁武D1,23.9,1,3,25,0.99765,-17.5806
2756,仁武ET2,33.0,1,3,25,0.94873,-16.5477
2757,仁武ET3,33.0,1,3,25,0.94856,-16.5472
2761,仁武H2,161.0,1,3,25,1.00802,-16.5392
2763,仁武D2,23.9,1,3,25,1.00809,-17.461
2766,仁武ET5,33.0,1,3,25,1.00925,-16.9982
2767,仁武ET6,33.0,1,3,25,1.00925,-16.9988
2800,高雄E,345.0,1,3,31,1.00682,-11.2294
2801,高雄H1,161.0,1,3,31,1.00267,-17.1099
2802,高雄L1,69.0,2,3,31,1.00357,-18.8363
2803,高雄D1,23.9,1,3,31,1.00068,-20.9482
2807,高雄ET2,33.0,1,3,31,1.00475,-17.5098
2808,高雄MT1,11.0,1,3,31,1.004,-18.9526
2809,高雄MT2,11.0,1,3,31,1.004,-18.9614
2811,高雄H2,161.0,1,3,31,1.00267,-17.1099
2812,高雄L2,69.0,2,3,31,1.00357,-18.8363
2813,高雄D2,23.9,1,3,31,1.00521,-21.0979
2816,高雄ET3,33.0,1,3,31,1.00484,-17.4951
2818,高雄MT3,11.0,1,3,31,1.00394,-18.9396
2850,五甲E,345.0,1,3,32,1.00668,-11.1386
2851,五甲H1,161.0,1,3,32,1.01043,-11.3682
2853,五甲D1,23.9,1,3,32,0.9978,-11.3682
2857,五甲T3,33.0,1,3,32,1.0132,-11.3982
2861,五甲H2,161.0,1,3,32,1.01043,-11.3682
2862,五甲L2,69.0,2,3,32,1.00247,-12.4237
2863,五甲D2,23.9,1,3,32,0.9978,-11.3682
2864,五甲T4,33.0,1,3,32,1.01325,-11.3993
2865,五甲MT1,11.0,1,3,32,1.00286,-12.4744
2866,五甲MT2,11.0,1,3,32,1.00296,-12.4975
2867,五甲MT3,11.0,1,3,32,1.00303,-12.4944
2868,五甲MT5,11.0,1,3,32,1.00195,-12.5275
2869,五甲MT6,11.0,1,3,32,1.00199,-12.5228
2870,高港北E,345.0,1,3,33,1.00591,-11.0178
2871,高港北H1,161.0,1,3,33,1.01042,-11.3441
2872,高港北L,69.0,4,3,33,1.0,0.0
2876,高港北MT1,11.0,4,3,33,1.0,0.0
2877,高港北MT2,11.0,4,3,33,1.0,0.0
2878,高港北ET7,33.0,1,3,33,1.0356,-13.0211
2879,高港北ET8,33.0,1,3,33,1.01055,-11.3477
2881,高港北H2,161.0,1,3,33,1.01042,-11.3441
2900,高港E,345.0,1,3,33,1.00591,-11.0178
2901,高港甲H,161.0,1,3,33,1.00528,-12.7054
2902,高港甲L,69.0,2,3,33,1.00516,-13.5352
2905,高港甲ET1,33.0,1,3,33,0.97825,-13.0386
2906,高港甲ET2,33.0,1,3,33,1.00577,-13.0733
2907,高港甲MT5,11.0,1,3,33,1.00532,-13.6126
2908,高港甲MT6,11.0,1,3,33,1.00545,-13.5829
2909,高港甲MT7,11.0,1,3,33,1.00533,-13.6082
2911,高港乙H,161.0,1,3,33,1.01023,-11.3369
2918,高港乙ET3,33.0,1,3,33,1.01338,-11.5571
2919,高港乙ET4,33.0,1,3,33,0.98323,-11.3841
2920,新高港E,345.0,1,3,33,1.00591,-11.0178
2921,高港丙H,161.0,1,3,33,1.00799,-13.484
2923,高港丙D,23.9,1,3,33,1.00011,-18.5206
2928,高港丙ET5,33.0,1,3,33,1.00329,-14.069
2929,高港丙ET6,33.0,1,3,33,1.00312,-14.0864
2930,瀰力E,345.0,1,3,35,1.01731,-9.1545
2931,瀰力H1,161.0,1,3,35,1.00705,-10.6171
2932,瀰力L1,69.0,2,3,35,1.00588,-10.647
2933,瀰力D1,23.9,1,3,35,1.00513,-13.1431
2936,瀰力ET2,33.0,1,3,35,0.95808,-10.8019
2937,瀰力MT1,11.0,1,3,35,1.00583,-10.6497
2938,瀰力MT2,11.0,1,3,35,1.00583,-10.6496
2941,瀰力H2,161.0,1,3,35,1.00705,-10.6171
2943,瀰力D2,23.9,1,3,35,1.00834,-11.1206
2946,瀰力ET3,33.0,1,3,35,0.95778,-10.8121
2950,大鵬E,345.0,1,3,36,1.01132,-10.4091
2951,大鵬H1,161.0,1,3,36,1.0052,-10.277
2952,大鵬L1,69.0,2,3,36,1.00378,-8.6102
2953,大鵬D1,23.9,1,3,36,1.00695,-15.491
2954,大鵬ET1,33.0,1,3,36,0.94845,-10.1946
2955,大鵬ET2,33.0,1,3,36,0.94875,-10.195
2956,大鵬ET3,33.0,1,3,36,0.94875,-10.1954
2957,大鵬ET4,33.0,1,3,36,0.94879,-10.1947
2958,大鵬MT1,11.0,1,3,36,1.00341,-8.4694
2959,大鵬MT2,11.0,1,3,36,1.00342,-8.443
2961,大鵬H2,161.0,1,3,36,1.0052,-10.277
3000,鳳林E,345.0,1,4,37,1.00892,-9.5814
3001,鳳林H,161.0,1,4,37,1.00191,-11.2144
3002,鳳林L,69.0,2,4,37,0.99854,-9.6477
3003,鳳林D,23.9,1,4,37,0.99502,-11.5837
3007,鳳林ET1,33.0,1,4,37,1.00411,-11.687
3008,鳳林ET2,33.0,1,4,37,1.0038,-11.6081
3009,鳳林MT1,11.0,1,4,37,0.99809,-9.5309
3066,彰林ET3 SW.,161.0,1,2,18,1.00858,-7.9623
3068,霧峰#1,345.0,1,2,12,1.00126,-11.1937
3069,霧峰#2,345.0,1,2,12,1.00136,-11.2064
3070,霧峰#3,345.0,1,2,12,0.99749,-11.2065
3071,霧峰#4,345.0,1,2,12,0.99754,-11.1892
3075,嘉民ET3 SW.,161.0,1,3,20,0.99934,-7.7909
3080,高港#A,345.0,1,3,33,1.00591,-11.0178
3081,高港#B,345.0,1,3,33,1.00591,-11.0178
3101,羅東H,161.0,1,1,1,1.01407,-32.3919
3102,羅東L,69.0,2,1,1,0.99629,-35.0994
3106,羅東MT1,11.0,1,1,1,0.99651,-35.3217
3107,羅東MT2,11.0,1,1,1,0.99625,-35.4408
3109,羅東MT4,11.0,1,1,1,0.99627,-35.4462
3121,松山H,161.0,1,1,2,1.00684,-38.2145
3122,松山L,69.0,2,1,2,1.00202,-40.7379
3127,松山MT1,11.0,1,1,2,1.00217,-40.9329
3128,松山MT2,11.0,1,1,2,1.00218,-40.9691
3131,南港H,161.0,1,1,2,1.00654,-37.6221
3132,南港L,69.0,2,1,2,0.99769,-39.6774
3133,南港D,23.9,1,1,2,0.99682,-43.5096
3137,南港MT1,11.0,1,1,2,0.99731,-39.8934
3138,南港MT2,11.0,1,1,2,0.99747,-39.8553
3139,南港MT3,11.0,1,1,2,0.9974,-39.8749
3141,八堵H,161.0,1,1,2,1.00672,-38.7522
3142,八堵L,69.0,2,1,2,0.99996,-42.734
3143,八堵D,23.9,1,1,2,0.99069,-41.7814
3147,八堵MT1,11.0,1,1,2,1.00144,-43.0332
3148,八堵MT2,11.0,1,1,2,1.00121,-43.0165
3149,八堵MT3,11.0,1,1,2,1.0014,-43.0329
3161,陽明H,161.0,1,1,3,1.00499,-38.0841
3162,陽明L,69.0,2,1,3,0.99914,-41.4585
3167,陽明MT1,11.0,1,1,3,0.9993,-41.757
3168,陽明MT2,11.0,1,1,3,0.99946,-41.7582
3169,陽明MT3,11.0,1,1,3,0.99936,-41.8096
3181,板橋H1,161.0,1,1,5,0.99641,-36.5156
3182,板橋L1,69.0,2,1,5,1.00071,-39.6346
3183,板橋D1,23.9,1,1,5,0.99805,-43.3607
3187,板橋MT1,11.0,1,1,5,1.00292,-39.8931
3188,板橋MT2,11.0,1,1,5,1.00324,-39.8753
3191,板橋H2,161.0,1,1,5,0.99641,-36.5156
3193,板橋D2,23.9,1,1,5,0.99496,-42.4002
3211,萬隆H,161.0,1,1,4,0.99692,-35.2044
3212,萬隆L,69.0,1,1,4,0.99002,-37.2494
3213,萬隆D,23.9,1,1,4,0.99692,-5.2044
3215,萬隆MT1,11.0,1,1,4,0.99007,-37.3987
3216,萬隆MT2,11.0,1,1,4,0.99007,-37.3987
3221,台北H,161.0,1,1,4,0.99694,-35.2125
3222,台北L,69.0,2,1,4,0.99421,-38.2267
3223,台北D,23.9,1,1,4,0.99648,-39.3934
3227,台北MT1,11.0,1,1,4,0.99579,-38.4828
3228,台北MT2,11.0,1,1,4,0.99572,-38.4933
3229,台北MT3,11.0,1,1,4,0.99574,-38.4869
3231,大同H,161.0,1,1,6,0.99312,-36.2422
3232,大同L,69.0,2,1,6,0.99895,-39.4342
3238,大同MT1,11.0,1,1,6,0.9992,-39.7121
3239,大同MT2,11.0,1,1,6,0.99921,-39.6985
3241,蘆洲H,161.0,1,1,6,0.99401,-36.0111
3242,蘆洲L,69.0,2,1,6,1.0064,-38.8538
3243,蘆洲D,23.9,1,1,6,1.00654,-40.3472
3247,蘆洲MT1,11.0,1,1,6,1.00719,-39.0793
3248,蘆洲MT2,11.0,1,1,6,1.00705,-39.054
3249,蘆洲MT3,11.0,1,1,6,1.00707,-39.0982
3281,東林H,161.0,1,1,6,0.99874,-34.1067
3282,東林L,69.0,2,1,6,1.00267,-35.7437
3283,東林D,23.9,1,1,6,0.99926,-36.8277
3287,東林MT3,11.0,1,1,6,1.0034,-35.8855
3288,東林MT2,11.0,1,1,6,1.00341,-35.8801
3289,東林MT1,11.0,1,1,6,1.00342,-35.8852
3291,蘆竹H,161.0,1,1,6,1.00661,-32.0227
3292,蘆竹L,69.0,2,1,6,0.99591,-33.8856
3293,蘆竹D,23.9,1,1,6,1.00625,-36.8472
3298,蘆竹MT1,11.0,1,1,6,0.99655,-34.0618
3299,蘆竹MT2,11.0,1,1,6,0.99647,-34.0294
3301,樹德H,161.0,1,1,6,0.99802,-36.1777
3302,樹德L,69.0,2,1,6,0.99645,-39.4162
3303,樹德D,23.9,1,1,6,0.99616,-43.1276
3307,樹德MT1,11.0,1,1,6,0.99696,-39.6673
3308,樹德MT2,11.0,1,1,6,0.99717,-39.7024
3309,樹德MT5,11.0,1,1,6,0.99717,-39.6967
3321,中壢H1,161.0,1,1,7,1.00096,-34.4331
3322,中壢L1,69.0,2,1,7,0.9972,-37.2292
3323,中壢D1,23.9,1,1,7,0.99648,-38.598
3326,中壢MT1,11.0,1,1,7,0.99748,-37.4688
3327,中壢MT3,11.0,1,1,7,0.99745,-37.481
3328,中壢MT2,11.0,1,1,7,0.99748,-37.4688
3329,中壢MT4,11.0,1,1,7,0.99754,-37.4399
3331,中壢H2,161.0,1,1,7,1.00677,-33.3028
3341,觀音H,161.0,1,1,8,1.00385,-26.2428
3342,觀音#1L,69.0,2,1,8,0.99499,-29.0128
3348,觀音MT1,11.0,1,1,8,0.99497,-29.2756
3349,觀音MT3,11.0,1,1,8,0.99483,-29.2849
3352,觀音#2L,69.0,2,1,8,0.99499,-29.0128
3358,觀音MT2,11.0,1,1,8,0.99321,-29.3651
3359,觀音MT4,11.0,1,1,8,1.01568,-26.2428
3361,松樹H,161.0,1,1,7,0.99902,-34.2378
3362,松樹#1L,69.0,2,1,7,1.00519,-37.0599
3363,松樹D,23.9,1,1,7,0.99745,-38.7698
3364,松樹#2L,69.0,2,1,7,1.00519,-37.0599
3365,松樹MT3,11.0,1,1,7,1.00528,-37.3328
3366,松樹MT2,11.0,1,1,7,1.00528,-37.3192
3367,松樹MT4,11.0,1,1,7,1.00544,-37.3172
3368,松樹MT1,11.0,1,1,7,1.00553,-37.3243
3371,梅湖H,161.0,1,1,8,1.00072,-26.3578
3372,梅湖#1L,69.0,2,1,8,0.99666,-29.6567
3374,梅湖#2L,69.0,2,1,8,0.99052,-30.2339
3376,梅湖MT1,11.0,1,1,8,0.9953,-30.1203
3377,梅湖MT2,11.0,1,1,8,0.99599,-29.96
3378,梅湖MT3,11.0,1,1,8,0.99053,-30.6123
3379,梅湖MT4,11.0,1,1,8,0.99026,-30.7226
3391,新竹H1,161.0,1,1,8,0.99905,-27.2744
3392,新竹#1L,69.0,2,1,8,0.998,-28.1361
3393,新竹D1,23.9,1,1,8,0.99058,-31.3217
3394,新竹#2L,69.0,2,1,8,0.99724,-31.5454
3396,新竹MT1,11.0,1,1,8,0.99813,-28.2122
3397,新竹MT2,11.0,1,1,8,0.9981,-28.2205
3398,新竹MT3,11.0,1,1,8,0.99724,-31.9322
3399,新竹MT4,11.0,1,1,8,0.99703,-31.9736
3401,新竹H2,161.0,1,2,9,1.01433,-29.3946
3411,苗栗H,161.0,1,2,10,1.00674,-21.8924
3412,苗栗L,69.0,2,2,10,0.99956,-22.7979
3413,苗栗D,23.9,1,2,10,1.00533,-23.7593
3416,苗栗MT1,11.0,1,2,10,1.00008,-22.859
3417,苗栗MT2,11.0,1,2,10,1.00028,-22.8832
3421,南湖H1,161.0,1,2,10,1.0095,-24.429
3422,南湖L,69.0,2,2,10,0.99699,-25.6514
3426,南湖MT1,11.0,1,2,10,0.99722,-25.7767
3427,南湖MT2,11.0,1,2,10,0.99717,-25.7001
3428,南湖MT3,11.0,4,2,10,1.0,0.0
3429,南湖MT4,11.0,1,2,10,0.99721,-25.7484
3431,南湖H2,161.0,1,2,10,1.0095,-24.429
3441,龍秀H,161.0,1,2,9,1.01327,-29.5156
3442,龍秀L,69.0,2,2,9,1.00566,-32.2729
3443,龍秀D,23.9,1,2,9,0.99873,-32.3906
3446,龍秀MT1,11.0,1,2,9,1.00462,-32.5151
3447,龍秀MT2,11.0,1,2,9,1.00433,-32.5496
3448,龍秀MT3,11.0,1,2,9,1.00459,-32.5347
3451,翁子H,161.0,1,2,11,1.00754,-20.7919
3452,翁子L,69.0,2,2,11,0.99484,-21.9137
3453,翁子D,23.9,1,2,11,0.9928,-23.7314
3458,翁子MT1,11.0,1,2,11,0.99499,-22.0106
3459,翁子MT2,11.0,1,2,11,0.99505,-22.0157
3461,銅中H,161.0,1,2,10,1.01124,-19.9
3462,銅中L,69.0,2,2,10,0.99949,-20.5259
3466,銅中MT1,11.0,1,2,10,0.99964,-20.5712
3467,銅中MT2,11.0,1,2,10,0.99964,-20.5698
3471,頭份H,161.0,1,2,10,1.01174,-24.8638
3472,頭份L,69.0,2,2,10,0.99708,-25.7615
3477,頭份MT2,11.0,1,2,10,0.99711,-25.8326
3478,頭份MT3,11.0,1,2,10,0.99705,-25.8441
3481,埔里H,161.0,1,2,12,1.00696,-14.5204
3482,埔里L,69.0,2,2,12,0.99497,-14.7457
3483,埔里D,23.9,1,2,12,1.00437,-17.0095
3488,埔里MT2,11.0,1,2,12,0.99504,-14.7614
3489,埔里MT3,11.0,1,2,12,0.99502,-14.7594
3521,中市H,161.0,1,2,13,0.99829,-22.952
3522,中市L,69.0,2,2,13,0.99907,-24.4477
3523,中市D,23.9,1,2,13,0.99941,-27.9072
3527,中市MT1,11.0,1,2,13,0.99941,-24.5506
3528,中市MT4,11.0,1,2,13,0.99952,-24.5773
3529,中市MT5,11.0,1,2,13,0.99946,-24.5588
3531,中清H,161.0,1,2,13,0.99439,-23.6292
3532,中清L,69.0,2,2,13,1.00278,-25.9379
3536,中清MT1,11.0,1,2,13,1.00302,-26.1834
3537,中清MT2,11.0,1,2,13,1.00301,-26.2031
3538,中清MT3,11.0,1,2,13,1.00301,-26.1039
3551,彰化H,161.0,1,2,17,1.00715,-4.0195
3552,彰化L,69.0,2,2,17,1.00105,-6.8911
3553,彰化D,23.9,1,2,17,1.00628,-7.155
3556,彰化MT1,11.0,1,2,17,1.00114,-7.1542
3557,彰化MT2,11.0,1,2,17,1.00124,-7.1599
3558,彰化MT3,11.0,1,2,17,1.00152,-7.095
3559,彰化MT4,11.0,1,2,17,1.00127,-7.1477
3661,雲林H,161.0,1,3,40,1.00486,-9.3528
3662,雲林L,69.0,2,3,40,0.99955,-11.02
3663,雲林D,23.9,1,3,40,1.00064,-13.8513
3667,雲林MT1,11.0,1,3,40,0.99939,-11.1919
3668,雲林MT2,11.0,1,3,40,0.99952,-11.1782
3669,雲林MT3,11.0,1,3,40,0.99947,-11.1757
3671,嘉義H,161.0,1,3,41,1.00649,0.5232
3672,嘉義L,69.0,2,3,41,0.99388,-1.1878
3673,嘉義D,23.9,1,3,41,1.00011,-3.0964
3677,嘉義MT1,11.0,1,3,41,0.9942,-1.3226
3678,嘉義MT2,11.0,1,3,41,0.99425,-1.3623
3679,嘉義MT3,11.0,1,3,41,0.99427,-1.3415
3681,新營H,161.0,1,3,41,1.00496,1.8523
3682,新營L,69.0,2,3,41,0.99288,4.5475
3683,新營D,23.9,1,3,41,1.00233,-2.7583
3686,新營MT1,11.0,1,3,41,0.99144,4.7687
3687,新營MT2,11.0,1,3,41,0.9917,4.7137
3688,新營MT3,11.0,1,3,41,0.99131,4.7336
3689,新營MT4,11.0,1,3,41,0.99137,4.7909
3691,澎湖H,161.0,1,3,26,1.01785,-4.9453
3692,澎湖L,69.0,1,3,26,0.99748,-4.8104
3694,馬公L,69.0,1,3,26,0.99351,-5.4285
3695,馬公D,11.4,1,3,26,1.0412,-5.4285
3696,澎湖MT1,11.0,1,3,26,0.99778,-4.7956
3697,澎湖MT2,11.0,1,3,26,0.9978,-4.7968
3701,北港H,161.0,1,3,40,1.0075,-5.5142
3702,北港L,69.0,2,3,40,0.99729,-3.0959
3707,北港MT2,11.0,1,3,40,0.99575,-2.891
3708,北港MT3,11.0,1,3,40,0.99611,-2.9084
3709,北港MT4,11.0,1,3,40,0.99603,-2.8877
3711,山上H2,161.0,1,3,21,1.00281,-10.0416
3721,山上H1,161.0,1,3,22,1.01558,-9.5957
3722,山上L,69.0,2,3,22,0.99887,-11.8332
3723,山上D,23.9,1,3,22,1.00944,-11.3723
3727,山上MT1,11.0,1,3,22,0.99898,-12.0542
3728,山上MT2,11.0,1,3,22,0.99896,-12.0195
3729,山上MT3,11.0,1,3,22,0.99895,-12.0243
3731,安南H,161.0,1,3,22,1.0117,-10.7794
3732,安南L,69.0,2,3,22,1.00911,-12.4649
3733,安南D,23.9,1,3,22,1.00553,-15.206
3738,安南MT1,11.0,1,3,22,1.00927,-12.6056
3739,安南MT2,11.0,1,3,22,1.00927,-12.6164
3761,台南H,161.0,1,3,22,1.0038,-12.8872
3762,台南L,69.0,2,3,22,1.00658,-16.296
3763,台南D,23.9,1,3,22,1.00065,-16.5688
3767,台南MT1,11.0,1,3,22,1.00682,-16.5712
3768,台南MT2,11.0,1,3,22,1.00668,-16.5335
3769,台南MT3,11.0,1,3,22,1.00656,-16.5857
3791,岡山H,161.0,1,3,23,1.00379,-10.826
3792,岡山L,69.0,2,3,23,1.00712,-11.9682
3793,岡山D,23.9,1,3,23,1.00024,-13.5675
3796,岡山MT1,11.0,1,3,23,1.00721,-12.0622
3797,岡山MT2,11.0,1,3,23,1.00706,-12.0735
3798,岡山MT3,11.0,1,3,23,1.00709,-12.064
3799,岡山MT4,11.0,1,3,23,1.00711,-12.0594
3811,社武H,161.0,1,3,25,1.00839,-16.8659
3812,社武L,69.0,2,3,25,0.99806,-18.4296
3813,社武D,23.9,1,3,25,1.00628,-21.3759
3817,社武MT1,11.0,1,3,25,0.99757,-18.5548
3818,社武MT2,11.0,1,3,25,0.99743,-18.5829
3819,社武MT3,11.0,4,3,25,1.0,0.0
3881,林園H,161.0,1,3,33,1.01668,-11.1594
3882,林園L,69.0,2,3,33,1.00093,-13.7241
3888,林園MT1,11.0,1,3,33,0.99987,-14.0313
3889,林園MT2,11.0,1,3,33,1.00033,-13.9414
3890,林園MT3,11.0,1,3,33,1.00019,-13.9545
3891,南工乙H,161.0,1,3,33,1.00654,-13.7446
3892,南工乙L,69.0,2,3,33,1.00437,-16.9906
3896,南工乙MT1,11.0,4,3,33,1.0,0.0
3897,南工乙MT2,11.0,1,3,33,1.00378,-17.3046
3898,南工乙MT3,11.0,1,3,33,1.00381,-17.3205
3899,南工乙MT4,11.0,1,3,33,1.004,-17.3231
3901,南工甲H,161.0,1,3,33,1.00535,-13.0278
3903,南工甲D,23.9,1,3,33,0.9997,-16.7758
3921,墾丁H,161.0,1,3,36,1.01339,-10.326
3922,墾丁L,69.0,2,3,36,0.99421,-9.9012
3923,墾丁D,23.9,1,3,36,0.99913,-10.9433
3926,墾丁MT1,11.0,1,3,36,0.99457,-9.8581
3931,屏東H,161.0,1,3,36,1.00633,-10.4833
3932,屏東L,69.0,2,3,36,1.00118,-10.3739
3933,屏東D,23.9,1,3,36,1.00633,-10.4833
3936,屏東MT1,11.0,1,3,36,1.00073,-10.3677
3938,屏東MT3,11.0,1,3,36,1.00079,-10.3686
3939,屏東MT4,11.0,1,3,36,1.00082,-10.3688
3941,楓港H,161.0,1,3,36,1.00932,-10.3502
3942,楓港L,69.0,2,3,36,1.00241,-9.8031
3948,楓港MT1,11.0,1,3,36,1.00357,-9.7548
3949,楓港MT2,11.0,1,3,36,1.00095,-9.7723
3951,花蓮H,161.0,1,4,37,1.00021,-14.3838
3952,花蓮L,69.0,2,4,37,1.00544,-16.1055
3953,花蓮D,23.9,1,4,37,1.00386,-18.4982
3957,花蓮MT1,11.0,1,4,37,1.00525,-16.2644
3958,花蓮MT2,11.0,1,4,37,1.00529,-16.2374
3959,花蓮MT3,11.0,1,4,37,1.00536,-16.2224
3971,台東H,161.0,1,4,37,1.00452,-11.8088
3972,台東L,69.0,2,4,37,0.99808,-11.2396
3973,台東D,23.9,1,4,37,1.00139,-12.8842
3977,台東MT2,11.0,1,4,37,0.99834,-11.2016
3978,台東MT3,11.0,1,4,37,0.99834,-11.2016
3979,台東MT4,11.0,1,4,37,0.99845,-11.1897
4001,和仁H,161.0,1,1,1,1.00897,-32.1241
4002,和仁D,23.9,1,1,1,0.99869,-32.4943
4011,利澤H,161.0,1,1,1,1.01756,-32.2891
4012,利澤D,23.9,1,1,1,0.99146,-33.2386
4015,蘇東H,161.0,1,1,1,0.9969,-32.0029
4016,蘇東D,23.9,1,1,1,0.99324,-35.3047
4025,員山H,161.0,1,1,1,1.01338,-32.9725
4026,員山D,23.9,1,1,1,0.9927,-35.6478
4027,宜市H,161.0,1,1,1,1.01356,-33.0494
4028,宜市D,23.9,1,1,1,0.99704,-35.8144
4029,宜府H,161.0,1,1,1,1.01366,-33.0226
4030,宜府D,23.9,1,1,1,0.99997,-35.7824
4047,廣安H,161.0,1,1,1,1.01295,-32.423
4048,廣安D,23.9,1,1,1,0.99635,-36.7272
4107,西湖H,161.0,1,1,2,1.00755,-38.3749
4108,西湖D,23.9,1,1,2,1.00197,-44.3904
4109,民權H,161.0,1,1,2,1.00689,-38.0611
4110,民權D,23.9,1,1,2,0.99036,-43.9678
4111,八連H,161.0,1,1,2,1.00645,-37.8732
4112,八連D,23.9,1,1,2,0.99497,-40.2974
4113,北資H,161.0,1,1,2,1.00644,-37.93
4114,北資D,23.9,1,1,2,0.99221,-42.9128
4115,茄苳H,161.0,1,1,2,1.00653,-37.8045
4116,茄苳D,23.9,1,1,2,0.99078,-42.007
4117,坪林H,161.0,1,1,1,1.00874,-36.0024
4118,坪林D,23.9,1,1,1,0.99625,-36.336
4127,澳底H,161.0,1,1,2,1.00711,-38.397
4128,澳底D,23.9,1,1,2,0.99213,-39.2267
4139,光明H,161.0,1,1,2,1.00741,-38.5871
4140,光明D,23.9,1,1,2,0.99237,-40.32
4141,玉成臨H,161.0,1,1,4,0.99583,-34.7098
4142,玉成臨D,23.9,1,1,4,0.96231,-42.8022
4143,週美H,161.0,1,1,2,1.00663,-38.0884
4144,週美D,23.9,1,1,2,0.99859,-45.129
4147,橋東H,161.0,1,1,2,1.00657,-37.7638
4148,橋東D,23.9,1,1,2,0.99857,-40.7628
4161,沙崙H,161.0,1,1,3,1.01086,-30.606
4162,沙崙D,23.9,1,1,3,1.00442,-34.2178
4203,大直H,161.0,1,1,2,1.00756,-38.4109
4204,大直D,23.9,1,1,2,0.99354,-43.5684
4207,百齡H,161.0,1,1,3,1.00777,-37.3578
4208,百齡D,23.9,1,1,3,0.99679,-42.868
4213,蘭雅H,161.0,1,1,3,1.00705,-37.538
4214,蘭雅D,23.9,1,1,3,0.99614,-42.4122
4255,民生H,161.0,1,1,2,1.00685,-38.2817
4256,民生D,23.9,1,1,2,1.0008,-41.8823
4257,榮星H,161.0,1,1,2,1.00696,-38.4703
4258,榮星D,23.9,1,1,2,0.99598,-43.0953
4259,松江H,161.0,1,1,2,1.00699,-38.4945
4260,松江D,23.9,1,1,2,1.00244,-41.8285
4263,長春H,161.0,1,1,2,1.00708,-38.394
4264,長春D,23.9,1,1,2,1.00036,-42.5813
4265,敦化H,161.0,1,1,2,1.00705,-38.3725
4266,敦化D,23.9,1,1,2,0.99749,-41.9747
4269,基信H,161.0,1,1,4,1.00028,-35.5096
4270,基信D,23.9,1,1,4,0.99582,-41.0068
4275,中崙H,161.0,1,1,2,1.00729,-38.3804
4276,中崙D,23.9,1,1,2,0.99123,-43.4557
4301,常德H,161.0,1,1,4,0.99852,-35.4499
4302,常德D,23.9,1,1,4,0.99203,-41.7406
4305,華陰H,161.0,1,1,4,0.99875,-35.4714
4306,華陰D,23.9,1,1,4,0.99633,-40.5409
4307,建國H,161.0,1,1,4,0.99974,-35.3528
4308,建國D,23.9,1,1,4,0.99168,-40.7838
4309,虎林H,161.0,1,1,4,1.0002,-35.5109
4310,虎林D,23.9,1,1,4,1.00191,-39.9732
4311,福和H1,161.0,1,1,4,0.99809,-35.3123
4313,福和H2,161.0,1,1,4,0.99809,-35.3123
4314,福和D2,23.9,1,1,4,0.99224,-38.0268
4351,中正H,161.0,1,1,4,0.99803,-35.4228
4352,中正D,23.9,1,1,4,1.00221,-40.6255
4353,青年H,161.0,1,1,5,0.99529,-36.9358
4354,青年D,23.9,1,1,5,1.00255,-41.7776
4357,南海H,161.0,1,1,5,0.99521,-36.9567
4358,南海D,23.9,1,1,5,0.99354,-43.3548
4359,成都H,161.0,1,1,5,0.995,-36.8173
4360,成都D,23.9,1,1,5,0.99279,-43.368
4361,城中H,161.0,1,1,5,0.99483,-36.8222
4362,城中D,23.9,1,1,5,1.00117,-40.178
4401,臥龍H,161.0,1,1,4,0.99752,-35.3002
4402,臥龍D,23.9,1,1,4,0.99758,-40.7425
4403,秀朗H,161.0,1,1,4,0.99667,-35.2416
4404,秀朗D,23.9,1,1,4,1.00187,-39.6865
4409,三張H,161.0,1,1,4,0.99884,-35.4168
4410,三張D,23.9,1,1,4,1.00156,-41.1389
4411,大豐H,161.0,1,1,4,0.99672,-35.1523
4412,大豐D,23.9,1,1,4,0.99926,-40.9499
4425,世貿H,161.0,1,1,4,1.00022,-35.4787
4426,世貿D,23.9,1,1,4,1.00227,-39.9991
4437,七張H,161.0,1,1,4,0.99665,-35.0601
4438,七張D,23.9,1,1,4,0.99389,-39.1409
4505,化成H,161.0,1,1,6,0.99676,-36.4259
4506,化成D,23.9,1,1,6,1.00299,-41.5566
4507,二重H,161.0,1,1,6,0.99681,-36.4485
4508,二重D,23.9,1,1,6,0.99783,-41.2781
4513,重新H,161.0,1,1,6,0.99587,-36.2425
4514,重新D,23.9,1,1,6,1.00503,-41.1402
4527,頭前H,161.0,1,1,6,0.99683,-36.4194
4528,頭前D,23.9,1,1,6,1.00497,-42.5653
4551,頂埔H1,161.0,1,1,5,0.99664,-36.8156
4552,頂埔D1,23.9,1,1,5,0.99666,-40.8464
4553,頂埔H2,161.0,1,1,5,0.99664,-36.8156
4554,頂埔D2,23.9,1,1,5,0.99429,-40.5946
4557,信南H,161.0,1,1,5,0.99495,-36.7857
4558,信南D,23.9,1,1,5,0.99665,-44.3152
4559,安康H,161.0,1,1,5,0.99645,-36.7243
4560,安康D,23.9,1,1,5,0.99996,-39.5929
4563,柑園H,161.0,1,1,7,0.99936,-34.9195
4564,柑園D,23.9,1,1,7,0.99459,-39.0148
4567,新民H,161.0,1,1,5,0.99599,-36.7937
4568,新民D,23.9,1,1,5,0.99327,-44.4216
4573,景星H,161.0,1,1,5,0.99637,-36.6892
4574,景星D,23.9,1,1,5,1.00106,-40.5679
4575,社后H,161.0,1,1,5,0.99598,-36.7807
4576,社后D,23.9,1,1,5,0.9927,-42.2002
4583,隆恩H,161.0,1,1,7,0.99943,-34.89
4584,隆恩D,23.9,1,1,7,0.99578,-38.7039
4601,林中H,161.0,1,1,6,0.99894,-35.0624
4602,林中D,23.9,1,1,6,1.00443,-41.2652
4603,坪頂H,161.0,1,1,6,0.99688,-33.3746
4604,坪頂D,23.9,1,1,6,0.99567,-37.9462
4607,迴龍H,161.0,1,1,6,0.99692,-36.2955
4608,迴龍D,23.9,1,1,6,0.99269,-40.8952
4611,南崁H,161.0,1,1,6,1.00548,-32.3604
4612,南崁D,23.9,1,1,6,1.00191,-36.5387
4613,宏安H,161.0,1,1,6,0.99738,-36.2675
4614,宏安D,23.9,1,1,6,1.00353,-40.4429
4617,興珍H,161.0,1,1,6,0.99751,-36.2853
4618,興珍D,23.9,1,1,6,1.00411,-40.327
4625,板城H,161.0,1,1,5,0.99652,-36.814
4626,板城D,23.9,1,1,5,0.99132,-41.3099
4627,福營H,161.0,1,1,6,0.99774,-36.2367
4628,福營D,23.9,1,1,6,0.99482,-40.142
4629,樹林H,161.0,1,1,6,0.99829,-36.2378
4630,樹林D,23.9,1,1,6,1.00578,-40.319
4635,樂善H,161.0,1,1,6,0.99909,-35.0112
4636,樂善D,23.9,1,1,6,0.99859,-39.8901
4637,泰山H,161.0,1,1,6,0.99747,-33.9395
4638,泰山D,23.9,1,1,6,1.00219,-38.1634
4639,長安H,161.0,1,1,6,1.00541,-32.4897
4640,長安D,23.9,1,1,6,1.00312,-37.1817
4649,南興H,161.0,1,1,6,1.00553,-32.5997
4650,南興D,23.9,1,1,6,1.00486,-36.3112
4651,福海H,161.0,1,1,6,1.00694,-32.0508
4652,福海D,23.9,1,1,6,1.00365,-33.0131
4701,中大H,161.0,1,1,8,1.00673,-26.766
4702,中大D,23.9,1,1,8,0.99737,-30.4899
4703,興國H,161.0,1,1,8,1.00718,-26.8692
4704,興國D,23.9,1,1,8,0.99765,-31.7494
4705,宋屋H,161.0,1,1,8,1.00694,-26.7805
4706,宋屋D,23.9,1,1,8,0.99855,-32.1262
4709,五權H,161.0,1,1,7,1.00679,-33.4504
4710,五權D,23.9,1,1,7,1.0013,-38.2284
4711,中原H,161.0,1,1,7,1.00648,-33.3975
4712,中原D,23.9,1,1,7,1.00256,-37.6648
4713,自立H,161.0,1,1,7,1.00669,-33.3469
4714,自立D,23.9,1,1,7,0.99651,-36.1909
4715,忠福H,161.0,1,1,8,1.00718,-26.9125
4716,忠福D,23.9,1,1,8,0.99321,-30.2688
4751,富岡H,161.0,1,1,8,1.00186,-26.5229
4752,富岡D,23.9,1,1,8,0.99115,-29.9553
4753,榮成H,161.0,1,1,8,1.00425,-26.1403
4754,榮成D,23.9,1,1,8,0.99095,-28.5183
4755,白玉H,161.0,1,1,8,1.00411,-26.0609
4756,白玉D,23.9,1,1,8,1.00113,-28.8178
4757,塘尾H,161.0,1,1,8,1.00344,-25.6845
4758,塘尾D,23.9,1,1,8,1.00136,-29.0453
4759,保生H,161.0,1,1,8,1.0037,-25.7421
4760,保生D,23.9,1,1,8,1.00009,-27.7269
4763,長發H,161.0,1,1,8,1.00435,-26.1677
4764,長發D,23.9,1,1,8,1.00065,-29.4336
4801,東社H,161.0,1,1,7,0.99991,-34.1083
4802,東社D,23.9,1,1,7,0.99891,-39.1714
4805,聖亭H,161.0,1,1,7,0.99873,-33.1489
4806,聖亭D,23.9,1,1,7,1.00449,-36.4879
4811,高揚H,161.0,1,1,7,0.99941,-32.2214
4812,高揚D,23.9,1,1,7,1.00357,-37.0193
4813,瑞源H,161.0,1,1,7,0.9991,-33.2937
4814,瑞源D,23.9,1,1,7,0.9958,-37.1713
4815,新工H,161.0,1,1,8,1.00024,-26.0847
4816,新工D,23.9,1,1,8,0.99794,-30.6008
4817,楊梅H,161.0,1,1,8,1.00156,-26.7194
4818,楊梅D,23.9,1,1,8,1.00022,-32.2708
4819,龍顯H,161.0,1,1,7,0.99896,-32.0257
4820,龍顯D,23.9,1,1,7,1.00028,-34.9736
4821,湖北H,161.0,1,1,8,1.00029,-26.0774
4822,湖北D,23.9,1,1,8,0.99109,-30.9847
4823,中豐H,161.0,1,1,7,1.00022,-34.1515
4824,中豐D,23.9,1,1,7,1.00455,-39.6616
4839,新崙H,161.0,1,1,8,1.00085,-25.9908
4840,新崙D,23.9,1,1,8,0.99081,-27.6423
4901,青溪H,161.0,1,1,6,0.99634,-34.1617
4902,青溪D,23.9,1,1,6,0.99585,-40.4314
4903,介壽H,161.0,1,1,5,0.99578,-36.7971
4904,介壽D,23.9,1,1,5,1.00008,-38.7567
4907,武陵H,161.0,1,1,7,1.0008,-34.4566
4908,武陵D,23.9,1,1,7,0.99658,-40.5511
4909,桃園H,161.0,1,1,6,0.99597,-34.3129
4910,桃園D,23.9,1,1,6,1.00436,-38.4018
4921,鳳鳴H,161.0,1,1,6,0.99582,-34.3286
4922,鳳鳴D,23.9,1,1,6,0.99993,-39.5063
4989,公園H,161.0,1,1,8,0.99935,-27.5063
4990,公園D,23.9,1,1,8,0.99215,-31.717
4991,境福H,161.0,1,1,8,0.99937,-27.5513
4992,境福D,23.9,1,1,8,0.99794,-30.8887
4993,潭後H,161.0,1,1,8,0.99927,-27.4485
4994,潭後D,23.9,1,1,8,0.99263,-30.2674
4995,六家H,161.0,1,1,8,1.00005,-26.9015
4996,六家D,23.9,1,1,8,0.99639,-32.7043
4997,新豐H,161.0,1,1,8,0.99999,-26.1212
4998,新豐D,23.9,1,1,8,1.00177,-30.9264
4999,隘口H,161.0,1,1,8,0.99919,-27.0629
5000,隘口D,23.9,1,1,8,1.00165,-31.2702
5003,龍梅H,161.0,1,2,9,1.01482,-29.3058
5004,龍梅D,23.9,1,2,9,0.99886,-33.3214
5005,龍山H,161.0,1,2,9,1.01444,-29.3784
5006,龍山D,23.9,1,2,9,1.00069,-32.6372
5013,營盤H,161.0,1,2,10,1.0128,-24.9146
5014,營盤D,23.9,1,2,10,1.00092,-28.7803
5017,龍松H,161.0,1,2,9,1.01437,-29.3785
5018,龍松D,23.9,1,2,9,0.99499,-32.318
5021,頂園H,161.0,1,2,10,1.01017,-24.7286
5022,頂園D,23.9,1,2,10,1.00137,-28.4503
5023,山佳H,161.0,1,2,10,1.01214,-24.9118
5024,山佳D,23.9,1,2,10,0.99945,-29.4649
5025,蟠桃H,161.0,1,2,10,1.0111,-24.823
5026,蟠桃D,23.9,1,2,10,1.00452,-28.7543
5027,房裡H,161.0,1,2,10,1.01284,-19.3111
5028,房裡D,23.9,1,2,10,0.99468,-20.7042
5055,朝山H,161.0,1,2,10,1.01037,-24.6577
5056,朝山D,23.9,1,2,10,0.99556,-27.1299
5079,糖科H,161.0,1,2,10,1.00982,-24.7225
5080,糖科D,23.9,1,2,10,0.99957,-27.9345
5091,龍明H,161.0,1,2,9,1.0134,-29.5033
5092,龍明D,23.9,1,2,9,0.99714,-32.8821
5097,樹下H,161.0,1,2,10,1.01043,-24.6795
5098,樹下D,23.9,1,2,10,0.99465,-26.0463
5107,樟樹H,161.0,1,2,10,1.01032,-20.0193
5108,樟樹D,23.9,1,2,10,0.99707,-20.9858
5501,潭南H,161.0,1,2,11,1.00803,-20.8206
5502,潭南D,23.9,1,2,11,0.99548,-25.562
5503,文心H,161.0,1,2,11,1.00799,-20.8853
5504,文心D,23.9,1,2,11,0.99523,-27.5775
5505,豐原H,161.0,1,2,11,1.00805,-20.8558
5506,豐原D,23.9,1,2,11,1.00285,-25.9459
5521,大雅H,161.0,1,2,11,1.00857,-20.8757
5522,大雅D,23.9,1,2,11,0.99617,-26.9902
5523,潭寶H,161.0,1,2,11,1.00875,-20.8535
5524,潭寶D,23.9,1,2,11,0.99836,-25.0663
5525,上城H,161.0,1,2,12,1.00523,-18.7197
5526,上城D,23.9,1,2,12,1.00308,-19.8006
5529,新社H,161.0,1,2,12,1.00769,-19.2812
5530,新社D,23.9,1,2,12,0.99878,-21.0267
5537,昌平H,161.0,1,2,11,1.00847,-20.89
5538,昌平D,23.9,1,2,11,0.9965,-25.629
5541,豐洲H,161.0,1,2,11,1.00979,-20.5802
5542,豐洲D,23.9,1,2,11,1.00304,-22.9202
5545,中沙H,161.0,1,2,13,0.99719,-22.611
5546,中沙D,23.9,1,2,13,0.99845,-26.5977
5601,塗城H,161.0,1,2,12,1.01015,-17.3068
5602,塗城D,23.9,1,2,12,0.99558,-19.7118
5603,十甲H,161.0,1,2,12,1.01068,-17.4294
5604,十甲D,23.9,1,2,12,1.00104,-22.9602
5605,建平H,161.0,1,2,12,1.01029,-17.3567
5606,建平D,23.9,1,2,12,1.00079,-22.4991
5607,健民H1,161.0,1,2,12,1.00977,-17.2212
5609,健民H2,161.0,1,2,12,1.00977,-17.2212
5610,健民D2,23.9,1,2,12,0.99821,-22.214
5611,茄荖H,161.0,1,2,12,1.00714,-17.4165
5612,茄荖D,23.9,1,2,12,0.99805,-21.6816
5615,中華H,161.0,1,2,12,1.01276,-17.5591
5616,中華D,23.9,1,2,12,1.0,-21.9817
5617,大坑H,161.0,1,2,12,1.01199,-17.4366
5618,大坑D,23.9,1,2,12,1.06879,-17.9641
5625,水湳H,161.0,1,2,13,0.99822,-23.2186
5626,水湳D,23.9,1,2,13,0.99759,-28.458
5627,太平H,161.0,1,2,12,1.0106,-17.4199
5628,太平D,23.9,1,2,12,0.99568,-21.2341
5637,北柳H,161.0,1,2,12,1.00782,-17.2438
5638,北柳D,23.9,1,2,12,0.99535,-21.8752
5643,中西H,161.0,1,2,12,1.01304,-17.6015
5644,中西D,23.9,1,2,12,1.00415,-22.5042
5647,九峰H,161.0,1,2,12,1.00949,-16.29
5648,九峰D,23.9,1,2,12,1.0019,-18.4729
5651,黎明H,161.0,1,2,13,0.99831,-23.0061
5652,黎明D,23.9,1,2,13,1.00046,-28.3233
5653,國安H,161.0,1,2,13,0.9981,-22.6927
5654,國安D,23.9,1,2,13,0.99822,-25.8614
5655,工甲H,161.0,1,2,13,0.99799,-22.7348
5656,工甲D,23.9,1,2,13,1.00286,-27.1665
5657,工乙H,161.0,1,2,13,0.99809,-22.6667
5658,工乙D,23.9,1,2,13,1.0051,-26.7018
5659,明秀H,161.0,1,2,13,0.99723,-22.7722
5660,明秀D,23.9,1,2,13,1.0012,-26.7487
5663,忠明H,161.0,1,2,13,0.99823,-23.1795
5664,忠明D,23.9,1,2,13,0.99915,-28.9534
5665,英才H,161.0,1,2,13,0.99829,-23.1527
5666,英才D,23.9,1,2,13,1.00733,-27.6012
5667,豐樂H,161.0,1,2,13,0.99818,-23.135
5668,豐樂D,23.9,1,2,13,0.99881,-28.9578
5669,烏日H,161.0,1,2,13,0.99821,-23.1806
5670,烏日D,23.9,1,2,13,1.00848,-27.5713
5671,南屯H,161.0,1,2,13,0.99824,-23.1413
5672,南屯D,23.9,1,2,13,1.00583,-29.5234
5681,外埔H,161.0,1,2,11,1.01101,-20.2873
5682,外埔D,23.9,1,2,11,0.99494,-23.3224
5683,港工H,161.0,1,2,15,1.00673,-14.9783
5684,港工D,23.9,1,2,15,1.00813,-15.8811
5685,機科H,161.0,1,2,13,0.99809,-22.7547
5686,機科D,23.9,1,2,13,1.00924,-26.5048
5693,學田H,161.0,1,2,13,0.99813,-23.2188
5694,學田D,23.9,1,2,13,0.99847,-26.8585
5777,航太H,161.0,1,2,14,1.0063,-19.6473
5778,航太D,23.9,1,2,14,0.99217,-22.6888
5787,德義H,161.0,1,2,12,1.01104,-17.2841
5788,德義D,23.9,1,2,12,1.00143,-22.6169
5789,海尾H,161.0,1,2,15,1.00658,-14.9828
5790,海尾D,23.9,1,2,15,1.00389,-18.6488
5801,線西H,161.0,1,2,16,1.0092,-1.8885
5802,線西D,23.9,1,2,16,0.99919,-4.4627
5809,鹿東H,161.0,1,2,16,1.00973,-2.3592
5810,鹿東D,23.9,1,2,16,1.00743,-2.915
5811,鹿西H,161.0,1,2,16,1.00986,-2.4583
5812,鹿西D,23.9,1,2,16,1.00315,-4.0118
5817,漢寶H,161.0,1,2,16,1.0106,-3.1386
5818,漢寶D,23.9,1,2,16,1.00435,-1.8737
5819,草港H,161.0,1,2,16,1.00902,-1.9672
5820,草港D,23.9,1,2,16,0.99953,-4.4998
5821,彰一甲SY,161.0,1,2,13,1.00569,-0.5497
5822,彰一乙SY,161.0,1,2,13,1.0,-22.0671
5823,彰一丙SY,161.0,1,2,13,1.0,-22.0671
5824,彰埤甲SY,161.0,1,2,18,1.00858,-7.9623
5825,彰埤乙SY,161.0,4,2,18,1.0,0.0
5826,永興SY,161.0,1,2,18,1.01155,-7.9813
5841,大城H,161.0,1,2,18,1.00647,-7.5841
5842,大城D,23.9,1,2,18,1.00344,-5.0127
5845,芳興H,161.0,1,2,18,1.00589,-7.9488
5846,芳興D,23.9,1,2,18,1.00589,-7.9488
5851,彰新H,161.0,1,2,17,1.00431,-4.0732
5852,彰新D,23.9,1,2,17,1.00089,-8.1748
5853,大霞H,161.0,1,2,17,1.00469,-4.0615
5854,大霞D,23.9,1,2,17,1.00174,-8.0813
5855,福興H,161.0,1,2,16,1.00905,-3.6389
5856,福興D,23.9,1,2,16,1.00235,-7.428
5863,彰竹H,161.0,1,2,17,1.0086,-4.1362
5864,彰竹D,23.9,1,2,17,1.00313,-7.1767
5901,員林H,161.0,1,2,18,0.994,-10.8031
5902,員林D,23.9,1,2,18,1.00127,-14.9857
5903,花壇H,161.0,1,2,18,0.99346,-10.873
5904,花壇D,23.9,1,2,18,0.99988,-14.1748
5905,員東H,161.0,1,2,18,0.99429,-10.7268
5906,員東D,23.9,1,2,18,1.00489,-14.652
5909,田中H,161.0,1,2,18,0.99717,-9.9691
5910,田中D,23.9,1,2,18,1.00327,-14.1092
5913,藍城H,161.0,1,2,12,1.00625,-14.5423
5914,藍城D,23.9,1,2,12,0.99964,-15.8051
5915,投中H,161.0,1,2,18,0.99639,-9.9866
5916,投中D,23.9,1,2,18,1.00231,-14.1354
5941,台西H,161.0,1,3,40,1.01613,-4.8142
5942,台西D,23.9,1,3,40,0.99753,-2.3315
5943,四湖H,161.0,1,3,40,1.01817,-4.8787
5944,四湖D,23.9,1,3,40,0.99536,-1.6904
5947,宜梧H,161.0,1,3,40,1.00972,-5.5261
5948,宜梧D,23.9,1,3,40,1.00972,-5.5261
5955,下營H,161.0,1,3,41,1.00688,1.937
5956,下營D,23.9,1,3,41,0.99894,2.9977
5957,北門H,161.0,1,3,41,1.00549,1.9466
5958,北門D,23.9,1,3,41,1.10543,1.9475
5975,太鐵H,161.0,1,3,41,1.00927,0.8755
5976,太鐵D,23.9,1,3,41,1.0015,-2.2199
5977,義竹H,161.0,1,3,41,1.00819,2.0339
5978,義竹D,23.9,1,3,41,0.99181,2.8994
5979,虎菁H,161.0,1,3,40,1.01209,-9.339
5980,虎菁D,23.9,1,3,40,0.99602,-12.3888
5983,虎科H,161.0,1,3,40,1.01397,-9.2572
5984,虎科D,23.9,1,3,40,1.00212,-9.9802
5985,布袋H,161.0,1,3,41,1.00843,2.3005
5986,布袋D,23.9,1,3,41,0.99536,-1.6802
5987,台區H,161.0,1,3,40,1.0125,-9.2418
5988,台區D,23.9,1,3,40,1.0125,-9.2418
5995,斗六H,161.0,1,3,40,1.00486,-9.3615
5996,斗六D,23.9,1,3,40,0.99868,-12.4026
5997,榴中H,161.0,1,3,40,1.00736,-11.2933
5998,榴中D,23.9,1,3,40,0.99564,-12.612
6003,北回H,161.0,1,3,41,1.00953,0.5915
6004,北回D,23.9,1,3,41,0.99585,-3.0618
6009,斗工H,161.0,1,3,40,1.00736,-11.2892
6010,斗工D,23.9,1,3,40,0.99622,-11.7963
6011,北勢H,161.0,1,3,40,1.0061,-9.4694
6012,北勢D,23.9,1,3,40,1.00224,-13.1872
6017,柳營H,161.0,1,3,41,1.0024,1.637
6018,柳營D,23.9,1,3,41,0.99981,-0.8032
6023,仁愛H,161.0,1,3,41,1.00861,0.5408
6024,仁愛D,23.9,1,3,41,0.99429,-1.7246
6033,斗南H,161.0,1,3,40,1.0088,-9.3938
6034,斗南D,23.9,1,3,40,0.99549,-10.9654
6039,糠榔H,161.0,1,3,41,1.00992,0.8634
6040,糠榔D,23.9,1,3,41,0.99327,0.2138
6041,貴舍H,161.0,1,3,41,1.01126,0.8546
6042,貴舍D,23.9,1,3,41,0.99862,0.8546
6043,王行H,161.0,1,3,22,1.01333,-10.2221
6044,王行D,23.9,1,3,22,1.00373,-12.4643
6055,小北H,161.0,1,3,22,1.01151,-10.8618
6056,小北D,23.9,1,3,22,1.00162,-17.0834
6059,鹽行H,161.0,1,3,22,1.01112,-10.8348
6060,鹽行D,23.9,1,3,22,0.9994,-16.2436
6063,新化H,161.0,1,3,22,1.01313,-10.2214
6064,新化D,23.9,1,3,22,1.00478,-13.3075
6067,府城H,161.0,1,3,22,1.01194,-10.8263
6068,府城D,23.9,1,3,22,1.00442,-13.9956
6071,和順H,161.0,1,3,22,1.01161,-10.6625
6072,和順D,23.9,1,3,22,1.00585,-14.9008
6073,三竹H,161.0,1,3,21,1.00385,-11.2232
6074,三竹D,23.9,1,3,21,0.99756,-13.3849
6075,豐華H,161.0,1,3,21,1.0025,-11.4579
6076,豐華D,23.9,1,3,21,1.00516,-13.8814
6079,忠孝H,161.0,1,3,22,1.00313,-13.0042
6080,忠孝D,23.9,1,3,22,1.00956,-16.4078
6081,七股甲,161.0,1,3,22,1.01046,-10.0403
6082,七股乙,161.0,1,3,22,1.00845,-11.7987
6083,南濱H,161.0,1,3,22,1.01146,-10.6371
6084,南濱D,23.9,1,3,22,1.00147,-12.3024
6085,鹿耳H,161.0,1,3,22,1.01137,-10.66
6086,鹿耳D,23.9,1,3,22,0.99839,-15.7619
6087,將軍H,161.0,1,3,22,1.0078,-11.4947
6093,東學H,161.0,1,3,21,1.00818,-11.4006
6094,東學D,23.9,1,3,21,1.00818,-11.4006
6095,道爺H1,161.0,1,3,21,1.00477,-11.9785
6096,道爺D1,23.9,1,3,21,0.99878,-14.2916
6097,道爺H2,161.0,1,3,22,1.00477,-11.9785
6098,道爺D2,23.9,1,3,22,1.0005,-13.0103
6105,仁德H,161.0,1,3,22,1.00695,-12.4017
6106,仁德D,23.9,1,3,22,1.00648,-15.9017
6107,延平H,161.0,1,3,22,1.00325,-13.0757
6108,延平D,23.9,1,3,22,1.00314,-20.2475
6109,裕農H,161.0,1,3,22,1.00554,-12.6851
6110,裕農D,23.9,1,3,22,1.00203,-15.2788
6111,保定H,161.0,1,3,24,1.00387,-10.346
6112,保定D,23.9,1,3,24,1.00658,-9.6103
6115,嘉峰H,161.0,1,3,24,1.00361,-10.5911
6116,嘉峰D,23.9,1,3,24,1.00182,-11.031
6119,北嶺H,161.0,1,3,24,1.00283,-10.4348
6120,北嶺D,23.9,1,3,24,1.00958,-13.4183
6123,保寧先期,161.0,4,3,24,1.0,0.0
6125,二甲H,161.0,1,3,22,1.00758,-12.1507
6126,二甲D,23.9,1,3,22,1.00079,-13.6719
6127,岡工H,161.0,1,3,24,1.00292,-10.436
6128,岡工D,23.9,1,3,24,1.0038,-13.8376
6129,竹嶺H,161.0,1,3,24,1.00268,-10.4266
6130,竹嶺D,23.9,1,3,24,1.00651,-11.6852
6139,路園H,161.0,1,3,23,1.00276,-10.7312
6140,路園D,23.9,1,3,23,1.00321,-13.5215
6161,楠梓H,161.0,1,3,25,1.00854,-17.0106
6162,楠梓D,23.9,1,3,25,1.00091,-20.541
6163,楠旗H,161.0,1,3,25,1.00845,-17.023
6164,楠旗D,23.9,1,3,25,1.00596,-18.8108
6165,加昌H,161.0,1,3,25,1.00797,-17.1742
6166,加昌D,23.9,1,3,25,1.00222,-24.2904
6169,後勁H,161.0,1,3,25,1.00785,-17.2032
6170,後勁D,23.9,1,3,25,1.00047,-20.4491
6203,北營H,161.0,1,3,25,1.00833,-17.1283
6204,北營D,23.9,1,3,25,1.00563,-20.7286
6207,屏山H,161.0,1,3,25,1.00835,-16.9681
6208,屏山D,23.9,1,3,25,0.99915,-19.5448
6217,美山H,161.0,1,3,31,1.00709,-17.1128
6218,美山D,23.9,1,3,31,1.00941,-20.8238
6219,鳳山H,161.0,1,3,31,1.0071,-17.1434
6220,鳳山D,23.9,1,3,31,0.99977,-21.4717
6223,旗山H,161.0,1,3,35,1.00721,-10.6775
6224,旗山D,23.9,1,3,35,0.99833,-12.205
6227,九曲H,161.0,1,3,31,1.00736,-17.1669
6228,九曲D,23.9,1,3,31,1.00686,-19.4077
6233,社灣H,161.0,1,3,25,1.0083,-16.5682
6234,社灣D,23.9,1,3,25,1.00911,-19.1963
6235,仕豐H,161.0,1,3,25,1.008,-17.1914
6236,仕豐D,23.9,1,3,25,1.00799,-17.2084
6301,龍子H,161.0,1,3,31,1.00251,-17.1868
6302,龍子D,23.9,1,3,31,1.00901,-23.1987
6305,同盟H,161.0,1,3,31,1.00382,-17.161
6306,同盟D,23.9,1,3,31,1.00023,-23.0538
6309,內惟H,161.0,1,3,31,1.00281,-17.1178
6310,內惟D,23.9,1,3,31,1.00909,-18.878
6311,三民H,161.0,1,3,31,1.00286,-17.1132
6312,三民D,23.9,1,3,31,1.00879,-20.9979
6317,西甲H,161.0,1,3,31,1.00303,-17.0897
6318,西甲D,23.9,1,3,31,1.00225,-21.9371
6319,鎮北H,161.0,1,3,31,1.00324,-17.0358
6320,鎮北D,23.9,1,3,31,1.00974,-22.4975
6321,中島H,161.0,1,3,31,1.00315,-17.0464
6322,中島D,23.9,1,3,31,1.00457,-20.8478
6329,中加H,161.0,1,3,31,1.00312,-17.0473
6330,中加D,23.9,1,3,31,0.99814,-20.5057
6353,凱旋H,161.0,1,3,32,1.01031,-11.4359
6354,凱旋D,23.9,1,3,32,1.00019,-16.4601
6361,四維H,161.0,1,3,32,1.01089,-11.3773
6362,四維D,23.9,1,3,32,1.00463,-14.8961
6367,臨海H,161.0,1,3,32,1.01082,-11.3514
6368,臨海D,23.9,1,3,32,0.99943,-14.6064
6369,貴陽H,161.0,1,3,32,1.0101,-11.3634
6370,貴陽D,23.9,1,3,32,1.00806,-12.3308
6371,經貿H,161.0,1,3,32,1.011,-11.2552
6372,經貿D,23.9,1,3,32,1.0023,-15.7063
6407,過埤H,161.0,1,3,32,1.01064,-11.3727
6408,過埤D,23.9,1,3,32,1.00932,-14.3496
6409,鳳農H,161.0,1,3,32,1.01063,-11.375
6410,鳳農D,23.9,1,3,32,0.99755,-13.8343
6451,西屏H,161.0,1,3,35,1.01313,-11.1503
6452,西屏D,23.9,1,3,35,0.99771,-14.0295
6455,南屏H,161.0,1,3,35,1.01315,-11.1687
6456,南屏D,23.9,1,3,35,1.00663,-13.8304
6457,農一H,161.0,1,3,35,1.00905,-10.7338
6458,農一D,23.9,1,3,35,1.00004,-12.0718
6511,潮東H,161.0,1,3,36,1.00612,-10.493
6512,潮東D,23.9,1,3,36,1.00036,-11.1058
6513,東港H,161.0,1,3,36,1.00703,-10.2408
6514,東港D,23.9,1,3,36,1.00157,-9.8134
6515,佳源H,161.0,1,3,36,1.00536,-10.2785
6516,佳源D,23.9,1,3,36,1.00536,-10.2785
6521,加一H,161.0,1,3,35,1.01273,-11.1073
6522,加一D,23.9,1,3,35,1.00134,-12.241
7001,知本H,161.0,1,4,37,1.00661,-11.63
7002,知本D,23.9,1,4,37,0.99307,-11.8444
7003,大武H,161.0,1,4,37,1.00942,-10.8487
7004,大武D,23.9,1,4,37,1.00269,-11.2018
7005,東成H,161.0,1,4,37,1.0107,-11.7233
7006,東成D,23.9,1,4,37,0.99673,-11.9599
7007,加津SY,161.0,1,4,37,1.00925,-11.0168
7011,勝安H,161.0,1,4,37,1.0004,-14.405
7012,勝安D,23.9,1,4,37,1.00049,-17.8852
7013,池上H,161.0,1,4,37,1.00886,-11.703
7014,池上D,23.9,1,4,37,0.99355,-11.8886
7019,玉里H,161.0,1,4,37,1.00793,-11.5616
7020,玉里D,23.9,1,4,37,1.00254,-11.9613
7021,豐里H,161.0,1,4,37,1.00547,-11.9313
7022,豐里D,23.9,1,4,37,0.99961,-14.5062
7023,鹿野H,161.0,1,4,37,1.00693,-11.795
7024,鹿野D,23.9,1,4,37,1.00417,-12.123
7029,馬蘭H,161.0,1,4,37,1.0054,-11.9353
7030,馬蘭D,23.9,1,4,37,0.99929,-14.6978
7031,壽豐H,161.0,1,4,37,1.00189,-12.7242
7032,壽豐D,23.9,1,4,37,0.99781,-13.5975
7500,常德#A,161.0,1,1,4,0.99852,-35.4499
7501,瑞源#A,161.0,1,1,7,0.99993,-32.4045
7502,瑞源#B,161.0,1,1,7,0.99994,-32.3435
7509,利澤#A,161.0,1,1,1,1.01756,-32.2891
7511,坪林#A,161.0,1,1,1,1.00667,-37.5963
7512,坪林#B,161.0,1,1,1,1.00661,-37.5964
7513,和仁#A,161.0,1,1,1,1.00905,-32.1257
7514,台蓮儲#A,161.0,1,1,1,1.00893,-32.1237
7515,西湖#A,161.0,1,1,2,1.00697,-38.1566
7516,西湖#B,161.0,1,1,2,1.00697,-38.1566
7517,榮星#A,161.0,1,1,2,1.00685,-38.2817
7518,茄苳#A,161.0,1,1,2,1.00728,-38.5414
7519,澳底#A,161.0,1,1,2,1.00738,-38.5942
7530,蘭雅#A,161.0,1,1,3,1.00728,-37.4698
7534,陽明#A,161.0,1,1,3,1.0068,-37.8613
7563,城中#A,161.0,1,1,5,0.99517,-36.7972
7564,城中#B,161.0,1,1,5,0.99514,-36.7966
7567,南港#A,161.0,1,1,2,0.99612,-34.6437
7568,南港#B,161.0,1,1,2,0.99625,-34.6587
7569,台北深美#A,161.0,1,1,4,0.99622,-34.6104
7570,台北深美#B,161.0,1,1,4,0.99642,-34.6329
7571,秀朗#A,161.0,1,1,4,0.99688,-35.1905
7572,秀朗#B,161.0,1,1,4,0.99672,-35.1934
7573,臥龍#A,161.0,1,1,4,0.99715,-35.1066
7574,福和#A,161.0,1,1,4,0.99724,-35.082
7575,玉成臨#A,161.0,1,1,4,0.99583,-34.7098
7576,玉成臨#B,161.0,1,1,4,0.99583,-34.7098
7581,重新#A,161.0,1,1,6,0.99533,-36.1858
7582,重新#B,161.0,1,1,6,0.99531,-36.1349
7584,興珍#B,161.0,1,1,6,0.9982,-35.9342
7585,華陰#A,161.0,1,1,4,0.99875,-35.4714
7586,華陰#B,161.0,1,1,4,0.99875,-35.4714
7588,華捷#,161.0,1,1,4,0.99875,-35.4714
7589,蘆洲#1,161.0,1,1,6,1.00809,-37.875
7590,蘆洲#2,161.0,1,1,6,1.00906,-37.3715
7591,蘆洲#3,161.0,1,1,6,0.99401,-36.0111
7592,蘆洲#4,161.0,1,1,6,0.99401,-36.0111
7604,泰山#A,161.0,1,1,6,0.99795,-33.7785
7605,泰山#B,161.0,1,1,6,0.99795,-33.7791
7609,豐林#A,161.0,1,1,6,0.99824,-36.2139
7611,莊捷#A,161.0,1,1,6,0.99641,-36.3567
7612,莊捷#B,161.0,1,1,6,0.99653,-36.341
7613,南纖#A,161.0,1,1,6,0.99611,-36.3895
7615,景星#A,161.0,1,1,5,0.99637,-36.69
7616,景星#B,161.0,1,1,5,0.99637,-36.6892
7617,桃機#A,161.0,1,1,6,1.00694,-32.0507
7618,桃機東#A,161.0,1,1,6,1.00565,-32.4952
7619,景星#C,161.0,1,1,5,0.99637,-36.6892
7620,長安#,161.0,1,1,6,1.00541,-32.4897
7623,三福3#,161.0,1,1,8,1.00396,-26.2903
7626,聖亭#A,161.0,1,1,7,0.99863,-33.1667
7627,新工#A,161.0,1,1,8,0.99984,-26.2677
7628,新工#B,161.0,1,1,8,0.99984,-26.2678
7629,楊高#A,161.0,1,1,8,1.00186,-26.525
7630,梅湖#A,161.0,1,1,8,1.00012,-26.3094
7635,楊梅#A,161.0,1,1,8,1.00262,-26.4403
7636,楊梅#B,161.0,1,1,8,1.00243,-26.4776
7639,梅湖#B,161.0,1,1,8,1.00012,-26.3094
7650,苗高#A,161.0,1,2,10,1.00588,-21.9262
7651,苗英#A,161.0,1,2,10,1.00563,-21.9346
7652,卓蘭#45A,161.0,1,2,10,1.0107,-19.9414
7653,卓蘭#45B,161.0,1,2,10,1.00972,-19.8885
7654,樟樹#82A,161.0,1,2,10,1.01054,-21.093
7655,樟樹#82B,161.0,1,2,10,1.01023,-21.0777
7656,龍秀#A,161.0,1,2,9,1.01355,-29.4858
7657,龍秀#B,161.0,1,2,9,1.01355,-29.4858
7661,青山#B,161.0,1,2,11,1.00975,-20.1471
7662,后里#A,161.0,1,2,11,1.00948,-20.2271
7663,后里#B,161.0,1,2,11,1.00927,-20.2457
7664,青山#A,161.0,1,2,11,1.01032,-20.1071
7666,北柳#A,161.0,1,2,12,1.00797,-17.2132
7667,北柳#B,161.0,1,2,12,1.00803,-17.2132
7668,新社#A,161.0,1,2,12,1.00699,-19.2776
7669,新社#B,161.0,1,2,12,1.00773,-19.2382
7681,烏日#,161.0,1,2,13,0.99821,-23.1806
7683,矽品#A,161.0,1,2,11,1.00875,-20.8535
7684,月眉#A,161.0,1,2,11,1.01505,-20.427
7686,中港#A,161.0,1,2,13,0.99789,-22.4658
7687,中港#B,161.0,1,2,13,0.99789,-22.4658
7688,明秀#A,161.0,1,2,13,0.99725,-22.7609
7689,明秀#B,161.0,1,2,13,0.99725,-22.7609
7700,亞東#A,161.0,1,2,15,1.00673,-14.9783
7707,台肥#A,161.0,1,2,15,1.00444,-14.9908
7708,中氣#A,161.0,1,2,15,1.00485,-14.9832
7709,中美和#A,161.0,1,2,15,1.00499,-14.9798
7710,中聯#,161.0,1,2,15,1.006,-14.9332
7711,鹿東#A,161.0,1,2,16,1.01022,-3.1545
7712,鹿西#A,161.0,1,2,16,1.01019,-2.5273
7713,線西#A,161.0,1,2,16,1.0092,-1.8885
7714,線西#B,161.0,1,2,16,1.0092,-1.8885
7715,崙尾聯華#A,161.0,1,2,16,0.99354,6.0888
7720,彰竹#A,161.0,1,2,17,1.0085,-4.1133
7721,彰竹#B,161.0,1,2,17,1.0085,-4.1133
7730,中能風#A,161.0,1,2,13,1.0,-22.0671
7750,彰新#A,161.0,1,2,17,1.00454,-4.0045
7751,彰新#B,161.0,1,2,17,1.0043,-4.0317
7790,宜梧#A,161.0,1,3,40,1.00966,-5.5257
7791,宜梧#B,161.0,1,3,40,1.00966,-5.5257
7792,布袋先#A,161.0,1,3,41,1.00851,2.1059
7793,布袋先#B,161.0,1,3,41,1.00828,2.0332
7794,台區先#A,161.0,1,3,40,1.01834,-9.3032
7795,台區先#B,161.0,1,3,40,1.01265,-9.2434
7796,東學先#A,161.0,1,3,21,1.00839,-11.2775
7798,南科東學#,161.0,1,3,21,1.00599,-11.7158
7799,創維風#A,161.0,1,3,40,1.01613,-4.8142
7800,威致#A,161.0,1,3,41,1.01386,1.778
7801,嘉惠#A,161.0,1,3,41,1.00399,1.6171
7802,嘉惠#B,161.0,1,3,41,1.00399,1.6171
7805,北港#A,161.0,1,3,40,1.01729,-5.1072
7806,北港#B,161.0,1,3,40,1.01439,-5.1096
7808,四湖#,161.0,1,3,40,1.01817,-4.8787
7809,新高#A,161.0,1,3,41,1.0024,1.637
7810,雲高#A,161.0,1,3,40,1.01365,-9.2704
7811,雲高#B,161.0,1,3,40,1.01535,-8.9555
7812,旭硝子#A,161.0,1,3,40,1.00607,-9.4725
7813,旭硝子#B,161.0,1,3,40,1.00607,-9.4725
7814,北門先#A,161.0,1,3,41,1.00625,1.9414
7815,北門先#B,161.0,1,3,41,1.00628,1.9412
7817,義竹#A,161.0,1,3,41,1.00745,1.6645
7818,義竹華卡#C,161.0,1,3,41,1.00569,1.6955
7819,義竹#B,161.0,1,3,41,1.00782,1.7051
7820,山上#A,161.0,1,3,22,1.0059,1.5525
7821,山上#B,161.0,1,3,22,1.00591,1.5506
7822,新化#A,161.0,1,3,22,1.01258,-10.4096
7823,新化#B,161.0,1,3,22,1.01296,-10.3375
7824,豐華#A,161.0,1,3,22,1.01302,-10.3166
7825,豐華#B,161.0,1,3,22,1.01279,-10.3557
7827,二甲#A,161.0,1,3,22,1.00937,-10.798
7828,二甲#B,161.0,1,3,22,1.00936,-10.7979
7830,仁德#A,161.0,1,3,22,1.0065,-12.487
7831,仁德#B,161.0,1,3,22,1.0068,-12.4609
7832,星崴光#,161.0,1,3,22,1.00692,-11.3569
7837,燁聯#A,161.0,1,3,24,1.00385,-10.6089
7838,嘉峰#A,161.0,1,3,24,1.00357,-10.6545
7839,嘉峰#B,161.0,1,3,24,1.00407,-10.6049
7840,保寧#A,161.0,1,3,24,1.00302,-10.4486
7841,保寧#B,161.0,1,3,24,1.00302,-10.4489
7845,社武#A,161.0,1,3,25,1.00172,-17.4621
7846,社武#B,161.0,1,3,25,1.00167,-17.4826
7853,美山#A,161.0,1,3,31,1.0071,-17.1112
7854,美山#B,161.0,1,3,31,1.0071,-17.1112
7883,新高港#A,161.0,1,3,33,1.01031,-11.3398
7884,新高港#B,161.0,1,3,33,1.01024,-11.3373
7885,南工乙#A,161.0,1,3,33,1.00654,-13.7446
7886,南工乙#B,161.0,1,3,33,1.00654,-13.7446
7887,鋼四#A,161.0,1,3,33,1.00684,-13.8928
7888,鋼四#B,161.0,1,3,33,1.00684,-13.8928
7889,坪資#A,161.0,1,3,33,1.00547,-13.0298
7890,塑園#A,161.0,1,3,33,1.01668,-11.1594
7891,唐榮#A,161.0,1,3,33,1.00535,-13.0278
7892,加一#A,161.0,1,3,33,1.01534,-11.1393
7893,加一#B,161.0,1,3,33,1.01542,-11.14
7894,中鋁#A,161.0,1,3,33,1.00535,-13.0278
7950,知本#A,161.0,1,4,37,1.00659,-11.6279
7951,知本#B,161.0,1,4,37,1.00659,-11.6292
7952,壽豐#A,161.0,1,4,37,1.00182,-12.7141
7953,壽豐#B,161.0,1,4,37,1.00182,-12.7141
7954,楓港#A,161.0,1,3,36,1.00518,-10.1409
8002,宜道C,161.0,1,1,1,1.00874,-36.0038
8008,台泥C,161.0,1,1,1,1.00893,-32.1236
8009,漢本C,161.0,1,1,1,1.00904,-32.126
8011,和鐵C,161.0,1,1,1,1.00909,-32.1264
8012,羅鋼C,161.0,1,1,1,1.01777,-32.3002
8020,義捷C,161.0,1,1,4,0.99568,-34.7155
8025,博愛C,161.0,1,1,2,1.00748,-38.4123
8026,湖捷C,161.0,1,1,2,1.00755,-38.375
8027,松捷C,161.0,1,1,2,1.00728,-38.3811
8028,湖機C,161.0,1,1,2,1.00644,-37.9302
8029,潭美C,161.0,4,1,2,1.0,0.0
8060,投捷C,161.0,1,1,3,1.00991,-30.4376
8081,民捷C,161.0,1,1,2,1.00698,-38.4964
8100,華捷C,161.0,1,1,4,0.99876,-35.4725
8101,復捷C,161.0,1,1,4,0.99977,-35.3295
8102,雙星C,161.0,4,1,4,1.0,0.0
8140,木捷C,161.0,1,1,4,0.99591,-34.0482
8141,興捷C,161.0,1,1,4,0.99672,-35.2016
8142,店捷C,161.0,1,1,4,0.99653,-35.0648
8143,中強捷C,161.0,1,1,4,1.00017,-35.4815
8160,蘆捷C,161.0,1,1,6,0.99256,-36.0128
8180,秀捷C,161.0,1,1,5,0.99495,-36.7857
8181,高新捷C,161.0,1,1,6,0.99753,-36.2895
8182,土捷C,161.0,1,1,5,0.99631,-36.7021
8183,豐林C,161.0,1,1,6,0.99824,-36.2139
8184,城捷C,161.0,1,1,5,0.9964,-36.5155
8185,中華電信C,161.0,1,1,5,0.99637,-36.6917
8186,峽捷C,161.0,1,1,5,0.99579,-36.7972
8190,台竹C,161.0,1,1,6,1.00541,-32.49
8191,台山C,161.0,1,1,6,0.9958,-34.3356
8192,新嶺C,161.0,1,1,6,0.99548,-33.5506
8193,南樹C,161.0,1,1,6,0.99818,-36.2697
8195,威德新C,161.0,1,1,6,0.99548,-33.5506
8200,北油C,161.0,1,1,6,0.99661,-33.46
8203,樹高C,161.0,1,1,6,0.99763,-36.1757
8204,桃機C,161.0,1,1,6,1.00694,-32.0507
8205,錦興,11.4,1,1,6,1.00543,-32.4841
8206,南亞C,161.0,1,1,6,0.99893,-35.063
8207,航捷北C,161.0,1,1,6,1.00516,-32.4881
8208,桃機東C,161.0,1,1,6,1.00565,-32.4952
8209,板捷C,161.0,1,1,5,0.99602,-36.7955
8210,南林C,161.0,1,1,6,0.99608,-36.3933
8211,美光晶C,161.0,1,1,6,0.99902,-35.0193
8212,美晶二C,161.0,1,1,6,0.99903,-35.0225
8213,亞氣二C,161.0,1,1,6,0.99903,-35.0191
8214,廣輝C,161.0,1,1,6,0.99798,-29.5757
8215,莊捷C,161.0,1,1,6,0.9953,-36.4809
8216,林捷C,161.0,1,1,6,0.9989,-35.068
8217,南纖C,161.0,1,1,6,0.996,-36.4004
8220,日月光C,161.0,1,1,7,1.00673,-33.3496
8221,桃捷C,161.0,1,1,7,1.0068,-33.4536
8222,展茂C,161.0,1,1,7,0.99845,-33.1903
8223,壢光C,161.0,1,1,7,1.0067,-33.3515
8230,觀塘氣C,161.0,1,1,8,1.00339,-25.684
8231,欣湖C,161.0,1,1,8,1.00028,-26.0774
8232,景楊C,161.0,1,1,8,1.00124,-26.7925
8240,楊高C,161.0,1,1,8,1.00193,-26.5289
8241,亞化二C,161.0,1,1,8,1.00411,-26.0641
8242,景新C,161.0,1,1,8,1.00072,-26.0332
8244,新光C,161.0,1,1,8,1.00687,-26.7841
8245,統湖C,161.0,1,1,8,1.00115,-25.7374
8250,鴻友C,161.0,1,1,8,1.00186,-26.525
8251,富綢C,161.0,1,1,8,1.00197,-26.524
8252,昇陽C,161.0,1,1,8,1.00026,-26.0871
8253,鐵富C,161.0,1,1,8,1.00202,-26.5247
8255,東鋼C,161.0,1,1,8,1.00379,-26.3771
8256,三福3C,161.0,1,1,8,1.00396,-26.2903
8260,六福C,161.0,1,1,7,0.99874,-31.8936
8270,全懋C,161.0,1,1,8,1.00001,-26.1202
8278,龍達C,161.0,1,1,7,0.99892,-32.0281
8279,龍廣C,161.0,1,1,7,0.99872,-33.1501
8280,欣興C,161.0,1,1,6,0.99576,-34.3346
8281,積B3C,161.0,1,1,7,0.99865,-33.163
8282,精材C,161.0,1,1,8,1.00715,-26.9179
8300,東和C,161.0,1,2,10,1.00563,-21.9347
8301,苗高C,161.0,1,2,10,1.00633,-21.9264
8302,苗春C,161.0,1,2,10,1.00651,-21.9067
8304,力晶C,161.0,1,2,9,1.01415,-29.4089
8305,積P7C,161.0,1,2,9,1.01461,-29.3548
8306,世二C,161.0,1,2,9,1.01406,-29.4332
8307,旺二C,161.0,1,2,9,1.01399,-29.449
8308,積十二C,161.0,1,2,9,1.01418,-29.404
8309,力晶MC,161.0,1,2,9,1.01479,-29.3593
8310,建順C,161.0,1,2,10,1.00838,-18.5431
8311,友達五C,161.0,1,2,9,1.01477,-29.3633
8312,積P4C,161.0,1,2,9,1.01461,-29.3548
8313,聯八EC,161.0,1,2,9,1.01399,-29.45
8314,積P6C,161.0,1,2,9,1.01409,-29.4189
8315,旺五C,161.0,1,2,9,1.01474,-29.3414
8316,龍港C,161.0,1,2,10,1.00542,-21.9444
8319,力晶5C,161.0,1,2,10,1.01027,-20.0585
8320,京元C,161.0,1,2,10,1.00961,-24.7587
8323,亞氣1C,161.0,1,2,9,1.01483,-29.2993
8324,亞氣三C,161.0,1,2,10,1.00502,-24.5785
8326,美光三C,161.0,1,2,11,1.00732,-20.5309
8327,美光五C,161.0,1,2,11,1.00738,-20.5213
8329,統寶C,161.0,1,2,10,1.00957,-24.7571
8331,群創2C,161.0,1,2,10,1.00978,-24.7271
8332,群創C,161.0,1,2,10,1.00966,-24.7411
8333,聯電C,161.0,1,2,9,1.01424,-29.4065
8334,美光C,161.0,1,2,11,1.00705,-20.5737
8335,聯亞三C,161.0,1,2,9,1.01473,-29.3126
8336,矽品二C,161.0,1,2,11,1.00862,-20.8739
8337,達晶二C,161.0,1,2,11,1.00693,-20.5918
8338,美光二C,161.0,1,2,11,1.00695,-20.5836
8339,台積八C,161.0,1,2,9,1.01478,-29.3682
8340,積研一C,161.0,1,2,9,1.01483,-29.3049
8341,積苗一C,161.0,1,2,10,1.00971,-24.7547
8342,積苗二C,161.0,1,2,10,1.00971,-24.7577
8346,京元2C,161.0,1,2,10,1.01036,-20.0407
8353,積寶一C,161.0,1,2,9,1.0147,-29.3147
8354,積寶二C,161.0,1,2,10,1.00495,-24.5853
8355,積寶三C,161.0,1,2,9,1.0147,-29.3147
8359,世五C,161.0,1,2,9,1.0142,-29.4061
8360,中高C,161.0,1,2,13,0.99831,-23.0202
8361,豐鋼C,161.0,1,2,11,1.01535,-20.44
8362,矽品五C,161.0,1,2,11,1.00861,-20.8795
8364,屯捷C,161.0,1,2,11,1.00808,-20.8256
8365,友達八C,161.0,1,2,11,1.00718,-20.5785
8366,月眉C,161.0,1,2,11,1.01521,-20.4333
8367,日高C,161.0,1,2,13,0.99831,-23.1812
8368,友達十C,161.0,1,2,14,1.00636,-19.5888
8369,矽品三C,161.0,1,2,14,1.00586,-19.7299
8370,矽品四C,161.0,1,2,14,1.00601,-19.7073
8371,積十五C,161.0,1,2,14,1.0057,-19.6714
8372,中積一C,161.0,1,2,14,1.0057,-19.6712
8373,中積二C,161.0,1,2,14,1.00616,-19.6045
8374,日捷C,161.0,1,2,13,0.99825,-23.1818
8375,中積三C,161.0,1,2,14,1.00604,-19.6181
8376,中積六C,161.0,1,2,14,1.00609,-19.6069
8377,大立七C,161.0,1,2,13,0.99801,-22.7699
8378,大立九C,161.0,1,2,13,0.998,-22.7765
8379,康寧一C,161.0,1,2,14,1.00633,-19.5923
8380,友達七C,161.0,1,2,14,1.00633,-19.5923
8381,華十二C,161.0,1,2,14,1.00582,-19.7436
8382,法液空C,161.0,1,2,14,1.00593,-19.7224
8383,中積封C,161.0,1,2,14,1.00579,-19.747
8400,煤場H,161.0,1,2,15,1.00619,-14.9337
8401,中美和C,161.0,1,2,15,1.00499,-14.9798
8402,煤場L,6.9,1,2,15,0.98124,-14.9337
8403,中氣C,161.0,1,2,15,1.00485,-14.9832
8404,中聯C,161.0,1,2,15,1.006,-14.9332
8405,台肥C,161.0,1,2,15,1.00444,-14.9908
8406,藍海C,161.0,1,2,15,1.00425,-14.994
8407,華新一C,161.0,1,2,15,1.00681,-14.9807
8408,永冠C,161.0,1,2,15,1.00592,-14.9329
8409,亞東C,161.0,1,2,15,1.00674,-14.9788
8410,中氣三C,161.0,1,2,15,1.00671,-14.983
8420,特許C,161.0,1,2,16,1.00915,-1.9488
8427,台鹿C,161.0,1,2,16,1.00959,-2.3878
8431,寶德C,161.0,1,2,16,1.00916,-1.9089
8440,慶欣欣C,161.0,1,2,17,0.99886,-3.4923
8445,矽彰C,161.0,1,2,17,1.00425,-4.08
8446,矽彰三C,161.0,1,2,17,1.00425,-4.08
8450,矽彰二C,161.0,1,2,18,1.00851,-7.9618
8491,矽虎一C,161.0,1,3,40,1.01395,-9.2612
8492,新高C,161.0,1,3,41,1.0024,1.6366
8493,富喬C,161.0,1,3,40,1.00734,-11.296
8494,雲高C,161.0,1,3,40,1.0152,-8.9593
8495,旭硝子C,161.0,1,3,40,1.00607,-9.4725
8496,旭硝二C,161.0,1,3,40,1.006,-9.4813
8497,榮特C,161.0,1,3,41,1.00238,1.6271
8501,華卡C,161.0,1,3,41,1.00569,1.6955
8503,威致C,161.0,1,3,41,1.014,1.7736
8507,官田鋼C,161.0,1,3,41,1.01429,1.766
8512,嘉積二C,161.0,1,3,41,1.01004,0.8627
8526,康寧C,161.0,1,3,21,1.00604,-11.756
8528,三福科C,161.0,1,3,21,1.00593,-11.7262
8529,三福5C,161.0,1,3,21,1.00581,-11.8237
8530,三福6C,161.0,1,3,21,1.00584,-11.7918
8531,南積一C,161.0,1,3,21,1.00582,-11.8253
8532,南積二C,161.0,1,3,21,1.00581,-11.8042
8533,南積三C,161.0,1,3,21,1.00581,-11.8184
8534,南積四C,161.0,1,3,21,1.00768,-12.4446
8535,南積五C,161.0,1,3,21,1.00733,-12.3212
8536,南積六C,161.0,1,3,21,1.00731,-12.3219
8537,南積七C,161.0,1,3,21,1.00744,-12.3031
8539,凸版C,161.0,1,3,22,1.01147,-10.6432
8540,統實C,161.0,1,3,22,1.01276,-10.2786
8541,積六C,161.0,1,3,21,1.00606,-11.7615
8542,聯電二C,161.0,1,3,21,1.00351,-11.2678
8543,聯電三C,161.0,1,3,21,1.00358,-11.2591
8544,南積八C,161.0,1,3,22,1.00735,-12.3262
8545,聯電五C,161.0,1,3,21,1.00229,-11.4924
8546,南積九C,161.0,1,3,21,1.0076,-12.2861
8549,積十四C,161.0,1,3,21,1.00603,-11.7642
8551,聯氣C,161.0,1,3,22,1.00472,-11.9911
8552,奇晶一C,161.0,1,3,21,1.00249,-11.4623
8553,奇晶二C,161.0,1,3,21,1.00376,-11.2387
8554,積E五C,161.0,1,3,21,1.00761,-12.4943
8555,積P3C,161.0,1,3,21,1.00591,-11.7593
8556,瀚宇三C,161.0,1,3,21,1.00349,-11.2686
8557,積E七C,161.0,1,3,21,1.00572,-11.831
8558,奇晶四C,161.0,1,3,21,1.0025,-11.4597
8559,和鑫C,161.0,1,3,21,1.00354,-11.2614
8560,燁聯C,161.0,1,3,24,1.00389,-10.6116
8561,安瀚C,161.0,1,3,22,1.01147,-10.6426
8562,和鑫二C,161.0,1,3,21,1.00582,-11.8133
8567,積E八C,161.0,1,3,21,1.00572,-11.831
8569,鴻熱C,161.0,1,3,24,1.0039,-10.6122
8570,裕路C,161.0,1,3,24,1.00341,-10.5905
8572,鵬鼎C,161.0,1,3,24,1.00336,-10.3646
8573,華高一C,161.0,1,3,24,1.00336,-10.3635
8574,聯錏C,161.0,4,3,23,1.0,0.0
8575,奇晶五C,161.0,1,3,21,1.00375,-11.2396
8576,奇美八C,161.0,1,3,24,1.00341,-10.3617
8577,奇晶七C,161.0,1,3,21,1.00472,-11.9966
8578,奇晶六C,161.0,1,3,21,1.00469,-12.0008
8580,岡高C,161.0,1,3,23,1.00424,-10.8312
8582,積E六C,161.0,1,3,21,1.00761,-12.4943
8583,積C2C,161.0,1,3,21,1.00757,-12.4796
8601,泛喬C,161.0,1,3,25,1.00809,-16.5662
8614,左高C,161.0,1,3,25,1.00831,-16.9681
8615,煉油C,161.0,4,3,103,1.0,0.0
8616,雄積一C,161.0,1,3,25,1.00121,-17.5753
8617,雄積二C,161.0,1,3,25,1.0067,-16.7873
8618,三福7C,161.0,1,3,25,1.0067,-16.7873
8619,雄積三C,161.0,1,3,25,1.00129,-17.5581
8621,捷五C,161.0,1,3,31,1.00274,-17.1139
8622,統正C,161.0,1,3,31,1.00319,-17.0429
8623,月光C,161.0,1,3,25,1.00771,-17.2308
8624,亞楠C,161.0,1,3,25,1.00784,-17.2062
8640,捷一C,161.0,1,3,32,1.01085,-11.3533
8704,龍慶C,161.0,1,3,33,1.00508,-13.0283
8708,唐榮C,161.0,1,3,33,1.00529,-13.0279
8713,捷三C,161.0,1,3,32,1.01023,-11.4375
8717,高明C,161.0,1,3,33,1.00479,-13.1014
8718,港碼一C,161.0,1,3,33,1.00465,-13.1053
8719,港碼二C,161.0,1,3,33,1.00475,-13.1023
8720,華新港C,161.0,1,3,33,1.00462,-13.1071
8729,海光C,161.0,1,3,33,1.00569,-13.0404
8730,中鋁C,161.0,1,3,33,1.00538,-13.0289
8770,大立四C,161.0,1,3,13,0.99797,-22.7399
8905,鐵玉C,161.0,1,4,37,1.00791,-11.5618
8906,鐵武C,161.0,1,4,37,1.00925,-11.0168
9100,海湖H,161.0,1,1,7,1.00853,-30.8477
9101,海湖G1-1,18.0,2,1,102,0.97,-25.498
9102,海湖G1-2,18.0,2,1,102,0.97,-25.2482
9103,海湖ST1,18.0,2,1,102,0.97,-24.1969
9104,海湖G2-1,18.0,4,1,102,1.0,0.0
9105,海湖G2-2,18.0,4,1,102,1.0,0.0
9106,海湖ST2,18.0,4,1,102,1.0,0.0
9110,新桃H,161.0,1,1,8,0.99861,-25.1201
9111,新桃G1-1,18.0,2,1,102,1.0,-9.188
9112,新桃G1-2,18.0,2,1,102,1.0,-10.3993
9113,新桃G1-3,18.0,2,1,102,1.0,-10.4504
9114,新桃ST1,18.0,2,1,102,1.0,-15.7605
9115,新桃S.ST,4.1,1,1,8,0.99861,-25.1201
9120,和平E,345.0,1,1,1,0.99353,-23.9306
9121,和平#1,22.0,2,1,102,1.0,-16.8708
9122,和平#2,22.0,2,1,102,1.0,-16.823
9123,和平STA,13.8,1,1,1,0.99353,-23.9306
9124,和平STB,13.8,1,1,1,0.99353,-23.9306
9160,國光E,345.0,1,1,6,1.00095,-28.1186
9161,國光G1-1,16.0,2,1,102,1.0,-17.7131
9162,國光G1-2,16.0,2,1,102,1.0,-17.7081
9163,國光ST1,16.0,2,1,102,1.0,-23.1663
9230,星元H,161.0,1,2,16,0.99415,6.1816
9231,星元G1-1,18.0,2,2,104,1.0,15.2187
9232,星元G1-2,18.0,2,2,104,1.0,15.2187
9233,星元ST1,18.0,2,2,104,1.0,15.2031
9240,星彰H,161.0,1,2,16,1.00961,-1.7649
9241,星彰G1-1,16.5,2,2,104,1.0,5.6108
9242,星彰G1-2,16.5,2,2,104,1.0,5.6909
9243,星彰ST1,18.0,2,2,104,1.0,6.6101
9300,麥寮E,345.0,1,3,20,1.01729,-7.3378
9301,麥寮#1,18.5,4,3,103,1.0,0.0
9302,麥寮#2,18.5,4,3,103,1.0,0.0
9303,麥寮#3,18.5,4,3,103,1.0,0.0
9304,麥寮H,161.0,1,3,20,1.00778,-1.1536
9305,麥寮H,161.0,1,3,20,1.00778,-1.1536
9306,麥寮ST1,6.9,4,3,20,1.0,0.0
9307,麥寮ST2,6.9,4,3,20,1.0,0.0
9308,麥寮ST3,6.9,1,3,20,1.01729,-7.3378
9320,嘉惠H1,161.0,1,3,41,1.004,1.656
9321,嘉惠G1-1,18.0,2,3,103,0.98,15.0807
9322,嘉惠G1-2,18.0,2,3,103,0.98,10.1423
9323,嘉惠G1-3,18.0,2,3,103,0.98,10.1622
9324,嘉惠ST1,18.0,2,3,103,0.98,17.6739
9330,嘉惠H2,161.0,1,3,41,1.00403,1.6596
9331,嘉惠GT2-1,26.0,2,3,103,0.98,12.1614
9332,嘉惠ST2,18.0,2,3,103,0.98,9.8322
9340,豐德H,161.0,1,3,22,1.01718,-9.2159
9341,豐德G1-1,16.5,2,3,103,0.99,-2.0076
9342,豐德G1-2,16.5,2,3,103,0.99,-1.873
9343,豐德ST1,18.0,2,3,103,0.99,-0.8919
9344,豐德G2-1,16.5,2,3,103,0.99,-1.7762
9345,豐德G2-2,16.5,2,3,103,0.99,-1.7762
9346,豐德ST2,18.0,2,3,103,0.99,-0.8509
9350,豐德二期H,161.0,1,3,21,1.00346,-9.5875
9351,豐德GT3-1,19.5,2,3,103,0.95,1.5427
9352,豐德GT3-2,19.5,2,3,103,0.95,1.648
9353,豐德ST3,19.5,2,3,103,0.95,1.3798
9500,台龍CG,161.0,1,1,1,1.01939,-32.1712
9501,台龍L,69.0,1,1,1,1.02761,-31.2236
9502,台龍LT2,13.8,2,1,102,1.0,-29.7129
9503,台龍SGP,11.4,2,1,102,1.07899,-31.2236
9504,台龍LT3,13.8,2,1,102,1.0,-30.6576
9505,利焚CG,161.0,1,1,1,1.01757,-32.2855
9506,利焚G,11.4,2,1,102,1.01884,-29.3331
9610,南亞CG,161.0,1,1,6,0.99894,-35.0624
9611,南亞G,22.8,2,1,102,0.99894,-35.0624
9612,華亞CG,161.0,1,1,6,0.99909,-35.0023
9613,華亞,161.0,1,1,6,0.99798,-29.5757
9614,華亞G,18.0,2,1,102,1.0,-27.1673
9615,錦興CG,161.0,1,1,6,1.00543,-32.4841
9616,錦興G1,11.4,2,1,102,1.00633,-31.1587
9617,錦興G2,11.4,2,1,102,1.00543,-32.4841
9720,中龍CG,161.0,1,2,15,1.00688,-14.9738
9721,中龍L1,33.0,1,2,15,1.00668,-14.3555
9722,中龍TG1,13.8,2,2,15,1.00621,-12.6069
9723,中龍TG2,13.8,2,2,15,1.00668,-14.3555
9724,中龍TRT1,11.5,2,2,15,1.00668,-14.3555
9725,中龍TRT2,11.5,2,2,15,1.00668,-14.3555
9726,中龍CDQ1,11.5,2,2,15,1.00668,-14.3555
9727,中龍CDQ2,11.5,2,2,15,1.00668,-14.3555
9728,中龍L2,33.0,1,2,15,1.00688,-14.9738
9729,中龍TG3,13.8,2,2,15,1.00688,-14.9738
9730,中龍L3,33.0,1,2,15,1.00688,-14.9738
9731,中龍TG4,13.8,2,2,15,1.00688,-14.9738
9740,台化CG,161.0,1,2,17,1.00461,-4.0753
9741,台化G6,11.4,2,2,104,1.00461,-4.0753
9742,台化G7,11.4,2,2,104,1.00461,-4.0753
9743,台化G8,11.4,2,2,104,1.00461,-4.0753
9744,台化L,69.0,1,2,17,1.00461,-4.0753
9760,塑化E,345.0,1,2,19,1.01599,-3.6001
9761,塑化#3,161.0,1,2,19,1.00768,-1.1806
9762,塑化#4,161.0,1,2,19,1.00768,-1.1806
9763,塑化G-A,19.0,2,2,104,0.99,4.5399
9764,塑化G-B,19.0,2,2,104,0.99,4.8176
9765,塑化G-C,19.0,2,2,104,0.98927,-3.6001
9766,塑化ASTR,6.9,1,2,19,1.00778,-1.1536
9767,塑化BSTR,6.9,1,2,19,1.01599,-3.6001
9768,塑化CSTR,6.9,1,2,19,1.01599,-3.6001
9770,塑化2A-H,161.0,1,2,19,1.0076,-1.0945
9771,塑化2A_E#A,345.0,1,2,19,1.016,-3.5983
9772,塑化2A-E #B,345.0,1,2,19,1.016,-3.5984
9773,海豐區,161.0,1,2,19,1.00773,-1.0957
9774,海豐G4,11.0,2,2,104,0.96187,-1.0957
9775,海豐G5,11.0,2,2,104,0.96187,-1.0957
9776,海豐G1,11.0,2,2,104,0.96187,-1.0957
9777,海豐G2,11.0,2,2,104,0.96187,-1.0957
9778,海豐G3,11.0,2,2,104,0.96187,-1.0957
9780,塑化二區(乙),161.0,1,2,19,1.00778,-1.1536
9781,塑化二區(甲),161.0,1,2,19,0.99832,-1.1574
9782,塑化一區,161.0,1,2,19,0.99836,-1.1578
9783,塑化G1,11.0,2,2,104,0.95293,-1.1578
9784,塑化G2,11.0,2,2,104,0.95293,-1.1578
9785,塑化G3,11.0,2,2,104,0.95293,-1.1578
9786,塑化G4,11.0,2,2,104,0.95293,-1.1578
9787,塑化G5,11.0,2,2,104,0.95293,-1.1578
9788,塑化煉製,161.0,1,2,19,0.99832,-1.1575
9789,煉油G1,13.8,2,2,104,0.97397,-1.1575
9790,煉油G2,13.8,2,2,104,0.97397,-1.1575
9800,台嘉CG,161.0,1,3,40,0.99972,-7.2469
9801,台嘉L,69.0,1,3,40,0.99716,-4.798
9802,台嘉G1,12.5,2,3,103,0.99757,-1.8752
9803,台嘉G2,12.5,2,3,103,0.99757,-1.8752
9804,台嘉G3,12.5,2,3,103,0.99716,-4.798
9805,台嘉G4,13.8,2,3,103,0.99972,-7.2469
9820,奇美實CG,161.0,1,3,22,1.00772,-12.1326
9821,奇美實L,69.0,1,3,22,1.00676,-11.2532
9822,奇美實G,13.8,2,3,103,1.00525,-8.1175
9823,永資CG,161.0,1,3,22,1.01318,-10.1909
9824,永康焚G1,11.4,2,3,103,1.01327,-5.8578
9860,塑仁CG,161.0,1,3,25,1.00815,-16.5382
9861,塑仁T1,22.0,1,3,25,1.0011,-16.5382
9862,塑仁T2,22.0,1,3,25,1.00815,-16.5382
9863,塑仁T3,69.0,1,3,25,1.00816,-16.504
9864,塑仁T4,69.0,1,3,25,1.00816,-16.504
9865,塑仁TG1,11.0,2,3,103,1.0011,-16.5382
9866,塑仁T5,11.0,1,3,25,1.18981,-16.5382
9867,塑DG1-3,6.6,2,3,103,1.00815,-16.5382
9868,塑DG4-7,6.6,2,3,103,1.00815,-16.5382
9869,塑仁TG4,11.0,2,3,103,1.00818,-16.4632
9870,塑仁TG5,11.0,2,3,103,1.00818,-16.4632
9871,塑仁TG3,11.0,2,3,103,1.00815,-16.5382
9872,岡資CG,161.0,2,3,103,1.00294,-10.4319
9900,塑園CG,161.0,1,3,33,1.01669,-11.1594
9901,塑園G,161.0,2,3,103,1.01669,-11.1594
9902,中園CG,161.0,1,3,33,1.01679,-11.1599
9903,中園G,161.0,2,3,103,1.01679,-11.1599
9904,坪資CG,161.0,1,3,33,1.00547,-13.0298
9905,坪資G,161.0,2,3,103,1.00547,-13.0295
9906,油高CG,161.0,1,3,33,1.0171,-10.9793
9907,油高G,161.0,2,3,103,1.0171,-10.9793
9910,鋼一CG,161.0,1,3,33,1.00693,-13.9236
9911,中鋼一,33.0,1,3,33,1.00693,-13.9236
9912,中鋼一,33.0,1,3,33,1.00693,-13.9236
9913,中鋼一,33.0,1,3,33,1.00693,-13.9236
9914,中鋼一,33.0,1,3,33,1.00693,-13.9236
9915,中鋼一,33.0,1,3,33,1.00693,-13.9236
9916,鋼一TG1,11.5,2,3,103,1.00693,-13.9236
9917,鋼一TRT2,11.5,2,3,103,1.00693,-13.9236
9918,鋼一TG2,11.5,2,3,103,1.00693,-13.9236
9919,鋼一TG3,11.5,2,3,103,1.00693,-13.9236
9920,鋼一TRT3,11.5,2,3,103,1.00693,-13.9236
9921,鋼一TG5,11.5,2,3,103,1.00693,-13.9236
9922,鋼二CG,161.0,1,3,33,1.0066,-13.7549
9923,中鋼二,33.0,1,3,33,1.0066,-13.7549
9924,中鋼二,33.0,1,3,33,1.0066,-13.7549
9925,鋼新CG,161.0,1,3,33,1.0066,-13.7549
9926,鋼二TG7,11.5,2,3,103,1.0066,-13.7549
9927,鋼二TG4,11.5,2,3,103,1.0066,-13.7549
9928,鋼二TRT1,11.5,2,3,103,1.0066,-13.7549
9929,鋼二TG6,11.5,2,3,103,1.0066,-13.7549
9930,鋼二CDQ,11.0,2,3,103,1.0066,-13.7549
9931,鋼二TRT4,11.5,2,3,103,1.0066,-13.7549
9932,鋼三CG,161.0,1,3,33,1.00689,-13.9116
9933,中鋼三,33.0,1,3,33,1.00689,-13.9116
9934,中鋼三,33.0,1,3,33,1.00689,-13.9116
9935,鋼三TG8,11.0,2,3,103,1.00689,-13.9116
9936,鋼四CG,161.0,1,3,33,1.00686,-13.9064
10513,中火風D,23.9,2,2,15,1.00643,-14.621
10652,通霄甲風L,69.0,2,2,10,1.0063,-20.1261
13142,八堵風L,69.0,2,1,102,0.99996,-42.734
13352,觀音風#2L,69.0,2,1,102,0.99499,-29.0128
13372,梅湖風#1L,69.0,2,1,102,0.99666,-29.6567
13422,南湖風L,69.0,2,2,104,0.99699,-25.6514
13532,中清風L,69.0,2,2,104,1.00278,-25.9379
13694,馬公風L,69.0,2,3,103,0.99351,-5.4285
13702,北港風L,69.0,2,3,103,0.99729,-3.0959
13923,墾丁風D,23.9,2,3,103,0.99913,-10.9433
15024,山佳風D,23.9,2,2,104,0.99945,-29.4649
20233,林口光D2,23.9,2,1,102,0.99516,-34.1262
20513,中火光D1,23.9,2,2,104,1.00643,-14.621
20652,通霄甲光L,69.0,2,2,104,1.0063,-20.1261
20805,天輪光D,13.8,2,2,104,0.95,-16.2564
20822,谷關光D,1.0,2,2,104,1.00132,-18.0316
20834,青山光D,13.8,2,2,104,0.96304,-18.1019
20844,德基光D,23.9,2,2,104,1.00203,-18.063
20853,鉅工光D,23.9,2,2,104,0.99682,-15.3146
20872,萬大光L,69.0,2,2,104,1.01749,-14.2254
20883,卓蘭光D,23.9,2,2,104,1.00128,-22.5712
21085,興達光D,4.2,2,3,103,1.01681,-5.303
21123,大林丙光D,23.9,2,3,103,1.00246,-12.5104
21583,仙渡光D1,23.9,2,1,102,0.99393,-34.8073
21593,仙渡光D2,23.9,2,1,102,0.99897,-39.6575
21663,深美光D2,23.9,2,1,102,0.9944,-39.0965
21752,頂湖光L,69.0,2,1,102,0.97938,-36.1906
22003,峨眉光D,23.9,2,2,104,0.99484,-25.2382
22032,竹工光D1,23.9,2,1,102,0.99943,-25.5133
22042,竹工光D2,23.9,2,1,102,1.00147,-24.7074
22133,后里東光D,23.9,2,2,104,0.99601,-21.4986
22143,后里西光D,23.9,2,2,104,1.00482,-22.248
22162,中港光L,69.0,2,2,104,1.00924,-25.3458
22173,中科光D1,23.9,2,2,104,0.99514,-22.4229
22183,中科光D2,23.9,2,2,104,0.9992,-22.0896
22202,霧峰光L,69.0,2,2,104,1.00079,-20.3816
22303,彰濱光D,23.9,2,2,104,1.0029,-0.6218
22322,彰林光L1,69.0,2,2,104,1.00373,-9.9849
22332,彰林光L2,69.0,2,2,104,1.00373,-9.9849
22353,全興光D,23.9,2,2,104,0.9956,-5.6037
22402,南投光L,69.0,2,2,104,1.00349,-12.1392
22603,南科東光D,23.9,2,3,103,0.99867,-13.9895
22613,南科西光D,23.9,2,3,103,1.00252,-15.4706
22672,路北光L,69.0,2,3,103,1.01238,-11.4365
22753,仁武光D1,23.9,2,3,103,0.99765,-17.5806
22763,仁武光D2,23.9,2,3,103,1.00809,-17.461
22802,高雄光L1,69.0,2,3,103,1.00357,-18.8363
22812,高雄光L2,69.0,2,3,103,1.00357,-18.8363
22853,五甲光D1,23.9,2,3,103,0.9978,-11.3682
22862,五甲光L2,69.0,2,3,103,1.00247,-12.4237
22902,高港甲光L,69.0,2,3,103,1.00516,-13.5352
22923,高港丙光D,23.9,2,3,103,1.00011,-18.5206
22932,瀰力光L1,69.0,2,3,103,1.00588,-10.647
22952,大鵬光L1,69.0,2,3,103,1.00378,-8.6102
23002,鳳林光L,69.0,2,4,110,0.99854,-9.6477
23102,羅東光L,69.0,2,1,102,0.99629,-35.0994
23122,松山光L,69.0,2,1,102,1.00202,-40.7379
23132,南港光L,69.0,2,1,102,0.99769,-39.6774
23142,八堵光L,69.0,2,1,102,0.99996,-42.734
23162,陽明光L,69.0,2,1,102,0.99914,-41.4585
23182,板橋光L,69.0,2,1,102,1.00071,-39.6346
23222,台北光L,69.0,2,1,102,0.99421,-38.2267
23232,大同光L,69.0,2,1,102,0.99895,-39.4342
23242,蘆洲光L,69.0,2,1,102,1.0064,-38.8538
23282,東林光L,69.0,2,1,102,1.00267,-35.7437
23292,蘆竹光L,69.0,2,1,102,0.99591,-33.8856
23302,樹德光L,69.0,2,1,102,0.99645,-39.4162
23322,中壢光L,69.0,2,1,102,0.9972,-37.2292
23342,觀音光#1L,69.0,2,1,102,0.99499,-29.0128
23352,觀音光#2L,69.0,2,1,102,0.99499,-29.0128
23362,松樹光#1L,69.0,2,1,102,1.00519,-37.0599
23364,松樹光#2L,69.0,2,1,102,1.00519,-37.0599
23372,梅湖光#1L,69.0,2,1,102,0.99666,-29.6567
23374,梅湖光#2L,69.0,2,1,102,0.99052,-30.2339
23392,新竹光#1L,69.0,2,1,102,0.998,-28.1361
23394,新竹光#2L,69.0,2,1,102,0.99724,-31.5454
23412,苗栗光L,69.0,2,2,104,0.99956,-22.7979
23422,南湖光L,69.0,2,2,104,0.99699,-25.6514
23442,龍秀光L,69.0,2,2,104,1.00566,-32.2729
23452,翁子光L,69.0,2,2,104,0.99484,-21.9137
23462,銅中光L,69.0,2,2,104,0.99949,-20.5259
23472,頭份光L,69.0,2,2,104,0.99708,-25.7615
23482,埔里光L,69.0,2,2,104,0.99497,-14.7457
23522,中市光L,69.0,2,2,104,0.99907,-24.4477
23532,中清光L,69.0,2,2,104,1.00278,-25.9379
23552,彰化光L,69.0,2,2,104,1.00105,-6.8911
23662,雲林光L,69.0,2,3,103,0.99955,-11.02
23672,嘉義光L,69.0,2,3,103,0.99388,-1.1878
23682,新營光L,69.0,2,3,103,0.99288,4.5475
23694,馬公光L,69.0,2,3,103,0.99351,-5.4285
23702,北港光L,69.0,2,3,103,0.99729,-3.0959
23722,山上光L,69.0,2,3,103,0.99887,-11.8332
23732,安南光L,69.0,2,3,103,1.00911,-12.4649
23762,台南光L,69.0,2,3,103,1.00658,-16.296
23792,岡山光L,69.0,2,3,103,1.00712,-11.9682
23812,社武光L,69.0,2,3,103,0.99806,-18.4296
23882,林園光L,69.0,2,3,103,1.00093,-13.7241
23892,南工乙光L,69.0,2,3,103,1.00437,-16.9906
23922,墾丁光L,69.0,2,3,103,0.99421,-9.9012
23932,屏東光L,69.0,2,3,103,1.00118,-10.3739
23942,楓港光L,69.0,2,3,103,1.00241,-9.8031
23952,花蓮光L,69.0,2,4,110,1.00544,-16.1055
23972,台東光L,69.0,2,4,110,0.99808,-11.2396
24002,和仁光D,23.9,2,1,102,0.99869,-32.4943
24012,利澤光D,23.9,2,1,102,0.99146,-33.2386
24016,蘇東光D,23.9,2,1,102,0.99324,-35.3047
24026,員山光D,23.9,2,1,102,0.9927,-35.6478
24028,宜市光D,23.9,2,1,102,0.99704,-35.8144
24030,宜府光D,23.9,2,1,102,0.99997,-35.7824
24048,廣安光D,23.9,2,1,102,0.99635,-36.7272
24108,西湖光D,23.9,2,1,102,1.00197,-44.3904
24110,民權光D,23.9,2,1,102,0.99036,-43.9678
24112,八連光D,23.9,2,1,102,0.99497,-40.2974
24114,北資光D,23.9,2,1,102,0.99221,-42.9128
24116,茄苳光D,23.9,2,1,102,0.99078,-42.007
24118,坪林光D,23.9,2,1,102,0.99625,-36.336
24128,澳底光D,23.9,2,1,102,0.99213,-39.2267
24140,光明光D,23.9,2,1,102,0.99237,-40.32
24144,週美光D,23.9,2,1,102,0.99859,-45.129
24148,橋東光D,23.9,2,1,102,0.99857,-40.7628
24162,沙崙光D,23.9,2,1,102,1.00442,-34.2178
24204,大直光D,23.9,2,1,102,0.99354,-43.5684
24208,百齡光D,23.9,2,1,102,0.99679,-42.868
24214,蘭雅光D,23.9,2,1,102,0.99614,-42.4122
24256,民生光D,23.9,2,1,102,1.0008,-41.8823
24258,榮星光D,23.9,2,1,102,0.99598,-43.0953
24260,松江光D,23.9,2,1,102,1.00244,-41.8285
24264,長春光D,23.9,2,1,102,1.00036,-42.5813
24266,敦化光D,23.9,2,1,102,0.99749,-41.9747
24270,基信光D,23.9,2,1,102,0.99582,-41.0068
24276,中崙光D,23.9,2,1,102,0.99123,-43.4557
24302,常德光D,23.9,2,1,102,0.99203,-41.7406
24306,華陰光D,23.9,2,1,102,0.99633,-40.5409
24308,建國光D,23.9,2,1,102,0.99168,-40.7838
24310,虎林光D,23.9,2,1,102,1.00191,-39.9732
24314,福和光D2,23.9,2,1,102,0.99224,-38.0268
24352,中正光D,23.9,2,1,102,1.00221,-40.6255
24354,青年光D,23.9,2,1,102,1.00255,-41.7776
24358,南海光D,23.9,2,1,102,0.99354,-43.3548
24360,成都光D,23.9,2,1,102,0.99279,-43.368
24362,城中光D,23.9,2,1,102,1.00117,-40.178
24402,臥龍光D,23.9,2,1,102,0.99758,-40.7425
24404,秀朗光D,23.9,2,1,102,1.00187,-39.6865
24410,三張光D,23.9,2,1,102,1.00156,-41.1389
24412,大豐光D,23.9,2,1,102,0.99926,-40.9499
24426,世貿光D,23.9,2,1,102,1.00227,-39.9991
24438,七張光D,23.9,2,1,102,0.99389,-39.1409
24506,化成光D,23.9,2,1,102,1.00299,-41.5566
24508,二重光D,23.9,2,1,102,0.99783,-41.2781
24514,重新光D,23.9,2,1,102,1.00503,-41.1402
24528,頭前光D,23.9,2,1,102,1.00497,-42.5653
24552,頂埔光D1,23.9,2,1,102,0.99666,-40.8464
24554,頂埔光D2,23.9,2,1,102,0.99429,-40.5946
24558,信南光D,23.9,2,1,102,0.99665,-44.3152
24560,安康光D,23.9,2,1,102,0.99996,-39.5929
24564,柑園光D,23.9,2,1,102,0.99459,-39.0148
24568,新民光D,23.9,2,1,102,0.99327,-44.4216
24574,景星光D,23.9,2,1,102,1.00106,-40.5679
24576,社后光D,23.9,2,1,102,0.9927,-42.2002
24584,隆恩光D,23.9,2,1,102,0.99578,-38.7039
24602,林中光D,23.9,2,1,102,1.00443,-41.2652
24604,坪頂光D,23.9,2,1,102,0.99567,-37.9462
24608,迴龍光D,23.9,2,1,102,0.99269,-40.8952
24612,南崁光D,23.9,2,1,102,1.00191,-36.5387
24614,宏安光D,23.9,2,1,102,1.00353,-40.4429
24618,興珍光D,23.9,2,1,102,1.00411,-40.327
24626,板城光D,23.9,2,1,102,0.99132,-41.3099
24628,福營光D,23.9,2,1,102,0.99482,-40.142
24630,樹林光D,23.9,2,1,102,1.00578,-40.319
24636,樂善光D,23.9,2,1,102,0.99859,-39.8901
24638,泰山光D,23.9,2,1,102,1.00219,-38.1634
24640,長安光D,23.9,2,1,102,1.00312,-37.1817
24650,南興光D,23.9,2,1,102,1.00486,-36.3112
24652,福海光D,23.9,2,1,102,1.00365,-33.0131
24702,中大光D,23.9,2,1,102,0.99737,-30.4899
24704,興國光D,23.9,2,1,102,0.99765,-31.7494
24706,宋屋光D,23.9,2,1,102,0.99855,-32.1262
24710,五權光D,23.9,2,1,102,1.0013,-38.2284
24712,中原光D,23.9,2,1,102,1.00256,-37.6648
24714,自立光D,23.9,2,1,102,0.99651,-36.1909
24716,忠福光D,23.9,2,1,102,0.99321,-30.2688
24752,富岡光D,23.9,2,1,102,0.99115,-29.9553
24754,榮成光D,23.9,2,1,102,0.99095,-28.5183
24756,白玉光D,23.9,2,1,102,1.00113,-28.8178
24758,塘尾光D,23.9,2,1,102,1.00136,-29.0453
24760,保生光D,23.9,2,1,102,1.00009,-27.7269
24764,長發光D,23.9,2,1,102,1.00065,-29.4336
24802,東社光D,23.9,2,1,102,0.99891,-39.1714
24806,聖亭光D,23.9,2,1,102,1.00449,-36.4879
24812,高揚光D,23.9,2,1,102,1.00357,-37.0193
24814,瑞源光D,23.9,2,1,102,0.9958,-37.1713
24816,新工光D,23.9,2,1,102,0.99794,-30.6008
24818,楊梅光D,23.9,2,1,102,1.00022,-32.2708
24820,龍顯光D,23.9,2,1,102,1.00028,-34.9736
24822,湖北光D,23.9,2,1,102,0.99109,-30.9847
24824,中豐光D,23.9,2,1,102,1.00455,-39.6616
24840,新崙光D,23.9,2,1,102,0.99081,-27.6423
24902,青溪光D,23.9,2,1,102,0.99585,-40.4314
24904,介壽光D,23.9,2,1,102,1.00008,-38.7567
24908,武陵光D,23.9,2,1,102,0.99658,-40.5511
24910,桃園光D,23.9,2,1,102,1.00436,-38.4018
24922,鳳鳴光D,23.9,2,1,102,0.99993,-39.5063
24990,公園光D,23.9,2,1,102,0.99215,-31.717
24992,境福光D,23.9,2,1,102,0.99794,-30.8887
24994,潭後光D,23.9,2,1,102,0.99263,-30.2674
24996,六家光D,23.9,2,1,102,0.99639,-32.7043
24998,新豐光D,23.9,2,1,102,1.00177,-30.9264
25000,隘口光D,23.9,2,1,102,1.00165,-31.2702
25004,龍梅光D,23.9,2,2,104,0.99886,-33.3214
25006,龍山光D,23.9,2,2,104,1.00069,-32.6372
25014,營盤光D,23.9,2,2,104,1.00092,-28.7803
25018,龍松光D,23.9,2,2,104,0.99499,-32.318
25022,頂園光D,23.9,2,2,104,1.00137,-28.4503
25024,山佳光D,23.9,2,2,104,0.99945,-29.4649
25026,蟠桃光D,23.9,2,2,104,1.00452,-28.7543
25028,房裡光D,23.9,2,2,104,0.99468,-20.7042
25056,朝山光D,23.9,2,2,104,0.99556,-27.1299
25080,糖科光D,23.9,2,2,104,0.99957,-27.9345
25092,龍明光D,23.9,2,2,104,0.99714,-32.8821
25098,樹下光D,23.9,2,2,104,0.99465,-26.0463
25108,樟樹光D,23.9,2,2,104,0.99707,-20.9858
25502,潭南光D,23.9,2,2,104,0.99548,-25.562
25504,文心光D,23.9,2,2,104,0.99523,-27.5775
25506,豐原光D1,23.9,2,2,104,1.00285,-25.9459
25522,大雅光D,23.9,2,2,104,0.99617,-26.9902
25524,潭寶光D,23.9,2,2,104,0.99836,-25.0663
25526,上城光D,23.9,2,2,104,1.00308,-19.8006
25530,新社光D,23.9,2,2,104,0.99878,-21.0267
25538,昌平光D,23.9,2,2,104,0.9965,-25.629
25542,豐洲光D,23.9,2,2,104,1.00304,-22.9202
25546,中沙光D,23.9,2,2,104,0.99845,-26.5977
25602,塗城光D,23.9,2,2,104,0.99558,-19.7118
25604,十甲光D,23.9,2,2,104,1.00104,-22.9602
25606,建平光D,23.9,2,2,104,1.00079,-22.4991
25610,健民光D2,23.9,2,2,104,0.99821,-22.214
25612,茄荖光D,23.9,2,2,104,0.99805,-21.6816
25616,中華光D,23.9,2,2,104,1.0,-21.9817
25618,大坑光D,23.9,2,2,104,1.06879,-17.9641
25626,水湳光D,23.9,2,2,104,0.99759,-28.458
25628,太平光D,23.9,2,2,104,0.99568,-21.2341
25638,北柳光D,23.9,2,2,104,0.99535,-21.8752
25644,中西光D,23.9,2,2,104,1.00415,-22.5042
25648,九峰光D,23.9,2,2,104,1.0019,-18.4729
25652,黎明光D,23.9,2,2,104,1.00046,-28.3233
25654,國安光D,23.9,2,2,104,0.99822,-25.8614
25656,工甲光D,23.9,2,2,104,1.00286,-27.1665
25658,工乙光D,23.9,2,2,104,1.0051,-26.7018
25660,明秀光D,23.9,2,2,104,1.0012,-26.7487
25664,忠明光D,23.9,2,2,104,0.99915,-28.9534
25666,英才光D,23.9,2,2,104,1.00733,-27.6012
25668,豐樂光D,23.9,2,2,104,0.99881,-28.9578
25670,烏日光D,23.9,2,2,104,1.00848,-27.5713
25672,南屯光D,23.9,2,2,104,1.00583,-29.5234
25682,外埔光D,23.9,2,2,104,0.99494,-23.3224
25684,港工光D,23.9,2,2,104,1.00813,-15.8811
25686,機科光D,23.9,2,2,104,1.00924,-26.5048
25694,學田光D,23.9,2,2,104,0.99847,-26.8585
25778,航太光D,23.9,2,2,104,0.99217,-22.6888
25788,德義光D,23.9,2,2,104,1.00143,-22.6169
25790,海尾光D,23.9,2,2,104,1.00389,-18.6488
25802,線西光D,23.9,2,2,104,0.99919,-4.4627
25810,鹿東光D,23.9,2,2,104,1.00743,-2.915
25812,鹿西光D,23.9,2,2,104,1.00315,-4.0118
25818,漢寶光D,23.9,2,2,104,1.00435,-1.8737
25820,草港光D,23.9,2,2,104,0.99953,-4.4998
25842,大城光D,23.9,2,2,104,1.00344,-5.0127
25852,彰新光D,23.9,2,2,104,1.00089,-8.1748
25854,大霞光D,23.9,2,2,104,1.00174,-8.0813
25856,福興光D,23.9,2,2,104,1.00235,-7.428
25864,彰竹光D,23.9,2,2,104,1.00313,-7.1767
25902,員林光D,23.9,2,2,104,1.00127,-14.9857
25904,花壇光D,23.9,2,2,104,0.99988,-14.1748
25906,員東光D,23.9,2,2,104,1.00489,-14.652
25910,田中光D,23.9,2,2,104,1.00327,-14.1092
25914,藍城光D,23.9,2,2,104,0.99964,-15.8051
25916,投中光D,23.9,2,2,104,1.00231,-14.1354
25942,台西光D,23.9,2,3,103,0.99753,-2.3315
25944,四湖光D,23.9,2,3,103,0.99536,-1.6904
25948,宜梧光D,23.9,2,3,103,1.00972,-5.5261
25956,下營光D,23.9,2,3,103,0.99894,2.9977
25958,北門光D,23.9,2,3,103,1.10543,1.9475
25976,太鐵光D,23.9,2,3,103,1.0015,-2.2199
25978,義竹光D,23.9,2,3,103,0.99181,2.8994
25980,虎菁光D,23.9,2,3,103,0.99602,-12.3888
25984,虎科光D,23.9,2,3,103,1.00212,-9.9802
25996,斗六光D,23.9,2,3,103,0.99868,-12.4026
25998,榴中光D,23.9,2,3,103,0.99564,-12.612
26004,北回光D,23.9,2,3,103,0.99585,-3.0618
26010,斗工光D,23.9,2,3,103,0.99622,-11.7963
26012,北勢光D,23.9,2,3,103,1.00224,-13.1872
26018,柳營光D,23.9,2,3,103,0.99981,-0.8032
26024,仁愛光D,23.9,2,3,103,0.99429,-1.7246
26034,斗南光D,23.9,2,3,103,0.99549,-10.9654
26040,糠榔光D,23.9,2,3,103,0.99327,0.2138
26044,王行光D,23.9,2,3,103,1.00373,-12.4643
26056,小北光D,23.9,2,3,103,1.00162,-17.0834
26060,鹽行光D,23.9,2,3,103,0.9994,-16.2436
26064,新化光D,23.9,2,3,103,1.00478,-13.3075
26068,府城光D,23.9,2,3,103,1.00442,-13.9956
26072,和順光D,23.9,2,3,103,1.00585,-14.9008
26074,三竹光D,23.9,2,3,103,0.99756,-13.3849
26076,豐華光D,23.9,2,3,103,1.00516,-13.8814
26080,忠孝光D,23.9,2,3,103,1.00956,-16.4078
26084,南濱光D,23.9,2,3,103,1.00147,-12.3024
26086,鹿耳光D,23.9,2,3,103,0.99839,-15.7619
26096,道爺光D1,23.9,2,3,103,0.99878,-14.2916
26098,道爺光D2,23.9,2,3,103,1.0005,-13.0103
26106,仁德光D,23.9,2,3,103,1.00648,-15.9017
26108,延平光D,23.9,2,3,103,1.00314,-20.2475
26110,裕農光D,23.9,2,3,103,1.00203,-15.2788
26112,保定光D,23.9,2,3,103,1.00658,-9.6103
26116,嘉峰光D,23.9,2,3,103,1.00182,-11.031
26120,北嶺光D,23.9,2,3,103,1.00958,-13.4183
26126,二甲光D,23.9,2,3,103,1.00079,-13.6719
26128,岡工光D,23.9,2,3,103,1.0038,-13.8376
26130,竹嶺光D,23.9,2,3,103,1.00651,-11.6852
26140,路園光D,23.9,2,3,103,1.00321,-13.5215
26162,楠梓光D,23.9,2,3,103,1.00091,-20.541
26164,楠旗光D,23.9,2,3,103,1.00596,-18.8108
26166,加昌光D,23.9,2,3,103,1.00222,-24.2904
26170,後勁光D,23.9,2,3,103,1.00047,-20.4491
26204,北營光D,23.9,2,3,103,1.00563,-20.7286
26208,屏山光D,23.9,2,3,103,0.99915,-19.5448
26218,美山光D,23.9,2,3,103,1.00941,-20.8238
26220,鳳山光D,23.9,2,3,103,0.99977,-21.4717
26224,旗山光D,23.9,2,3,103,0.99833,-12.205
26228,九曲光D,23.9,2,3,103,1.00686,-19.4077
26234,社灣光D,23.9,2,3,103,1.00911,-19.1963
26236,仕豐光D,23.9,2,3,103,1.00799,-17.2084
26302,龍子光D,23.9,2,3,103,1.00901,-23.1987
26306,同盟光D,23.9,2,3,103,1.00023,-23.0538
26310,內惟光D,23.9,2,3,103,1.00909,-18.878
26312,三民光D,23.9,2,3,103,1.00879,-20.9979
26318,西甲光D,23.9,2,3,103,1.00225,-21.9371
26320,鎮北光D,23.9,2,3,103,1.00974,-22.4975
26322,中島光D,23.9,2,3,103,1.00457,-20.8478
26330,中加光D,23.9,2,3,103,0.99814,-20.5057
26354,凱旋光D,23.9,2,3,103,1.00019,-16.4601
26362,四維光D,23.9,2,3,103,1.00463,-14.8961
26368,臨海光D,23.9,2,3,103,0.99943,-14.6064
26370,貴陽光D,23.9,2,3,103,1.00806,-12.3308
26372,經貿光D,23.9,2,3,103,1.0023,-15.7063
26408,過埤光D,23.9,2,3,103,1.00932,-14.3496
26410,鳳農光D,23.9,2,3,103,0.99755,-13.8343
26452,西屏光D,23.9,2,3,103,0.99771,-14.0295
26456,南屏光D,23.9,2,3,103,1.00663,-13.8304
26458,農一光D,23.9,2,3,103,1.00004,-12.0718
26512,潮東光D,23.9,2,3,103,1.00036,-11.1058
26514,東港光D,23.9,2,3,103,1.00157,-9.8134
26516,佳源光D,23.9,2,3,103,1.00536,-10.2785
26522,加一光D,23.9,2,3,103,1.00134,-12.241
27002,知本光D,23.9,2,4,110,0.99307,-11.8444
27004,大武光D,23.9,2,4,110,1.00269,-11.2018
27006,東成光D,23.9,2,4,110,0.99673,-11.9599
27012,勝安光D,23.9,2,4,110,1.00049,-17.8852
27014,池上光D,23.9,2,4,110,0.99355,-11.8886
27020,玉里光D,23.9,2,4,110,1.00254,-11.9613
27022,豐里光D,23.9,2,4,110,0.99961,-14.5062
27024,鹿野光D,23.9,2,4,110,1.00417,-12.123
27030,馬蘭光D,23.9,2,4,110,0.99929,-14.6978
27032,壽豐光D,23.9,2,4,110,0.99781,-13.5975
32100,海洋離風H,161.0,1,2,10,1.0129,-24.9045
32101,海洋離風M1,33.0,1,2,10,1.0135,-24.5578
32102,海洋離風M2,33.0,1,2,10,1.01371,-24.579
32111,海洋離風M1-1,33.0,1,2,10,1.01363,-24.4896
32112,海洋離風M1-2,33.0,1,2,10,1.01371,-24.4883
32113,海洋離風M2-1,33.0,1,2,10,1.01385,-24.5063
32114,海洋離風M2-2,33.0,1,2,10,1.01394,-24.5155
32121,海洋離風G1,0.75,2,2,104,0.93206,-24.2166
32122,海洋離風G2,0.75,2,2,104,0.93214,-24.216
32123,海洋離風G3,0.75,2,2,104,0.93227,-24.2334
32124,海洋離風G4-1,0.75,2,2,104,0.93236,-24.2437
32125,海洋離風G4-2,0.75,2,2,104,0.93235,-24.2396
32130,海能離風H,161.0,1,2,10,1.01308,-24.9111
32140,海能離風M,69.0,1,2,10,1.02828,-24.4456
32141,海能離風M1,69.0,1,2,10,1.03678,-24.2963
32142,海能離風M2,69.0,1,2,10,1.03961,-24.3003
32143,海能離風M3,69.0,1,2,10,1.03456,-24.3206
32144,海能離風M4,69.0,1,2,10,1.04009,-24.3034
32151,海能離風G1,0.69,2,2,104,1.03133,-23.8757
32152,海能離風G2,0.69,2,2,104,1.03423,-23.9169
32153,海能離風G3,0.69,2,2,104,1.0292,-23.933
32154,海能離風G4,0.69,2,2,104,1.03471,-23.9203
32160,大離風H,161.0,1,2,18,1.00647,-7.5841
32161,大離風M1,33.0,1,2,18,0.97381,-7.0914
32162,大離風M1-1,33.0,1,2,18,0.98279,-6.7242
32163,大離風M1-2,33.0,1,2,18,0.98237,-6.6278
32164,大離風G1-1,1.8,2,2,104,0.98084,-6.103
32165,大離風G1-2,1.8,2,2,104,0.98041,-6.0056
32171,大離風M2,33.0,1,2,18,0.97456,-7.1331
32172,大離風M2-1,33.0,1,2,18,0.98416,-6.7658
32173,大離風M2-2,33.0,1,2,18,0.98366,-6.7664
32174,大離風G2-1,1.8,2,2,104,0.98221,-6.1464
32175,大離風G2-2,1.8,2,2,104,0.98171,-6.1464
32190,沃一離風H1,161.0,1,2,13,1.00581,-0.5299
32191,沃一離風H2,161.0,1,2,13,1.00581,-0.5294
32192,沃一離風HH1,230.0,1,2,13,1.00621,-0.1295
32193,沃一離風HH2,230.0,1,2,13,1.01204,-0.0744
32194,沃一離風HH3,230.0,1,2,13,1.00616,-0.1175
32195,沃一離風HH4,230.0,1,2,13,1.012,-0.0582
32196,沃一離風MH1,22.8,1,2,13,1.00547,-0.6261
32197,沃一離風MH2,22.8,1,2,13,1.00549,-0.608
32198,沃一離風M1,66.0,1,2,13,1.01043,0.3795
32199,沃一離風M2,66.0,1,2,13,1.01035,0.4082
32200,沃一離風M1-1,66.0,1,2,13,1.01043,0.3795
32201,沃一離風M1-2,66.0,1,2,13,1.01043,0.3795
32202,沃一離風M2-1,66.0,1,2,13,1.01035,0.4082
32203,沃一離風M2-2,66.0,1,2,13,1.01035,0.4082
32204,沃一離風G1-1,0.69,2,2,104,1.00948,0.7854
32205,沃一離風G1-2,0.69,2,2,104,1.00948,0.7852
32206,沃一離風G1-3,0.69,2,2,104,1.00948,0.7844
32207,沃一離風G1-4,0.69,2,2,104,1.00948,0.7852
32208,沃一離風G1-5,0.69,2,2,104,1.00948,0.7852
32210,沃一離風G2-1,0.69,2,2,104,1.0094,0.8141
32211,沃一離風G2-2,0.69,2,2,104,1.0094,0.8141
32213,沃一離風G2-4,0.69,2,2,104,1.0094,0.8141
32214,沃一離風G2-5,0.69,2,2,104,1.0094,0.8142
32215,沃一離風G2-6,0.69,2,2,104,1.0094,0.8142
32220,沃二離風H,161.0,1,2,13,1.00579,-0.5277
32221,沃二離風HH0,230.0,1,2,13,1.00546,-0.1344
32222,沃二離風MT,22.8,1,2,13,1.00563,-0.6253
32224,沃二離風HH2,230.0,1,2,13,1.01305,-0.0618
32240,沃二離風M2,66.0,1,2,13,1.01146,0.3851
32241,沃二離風M2-1,66.0,1,2,13,1.01146,0.3851
32242,沃二離風M2-2,66.0,1,2,13,1.01146,0.3851
32243,沃二離風G2-1,0.69,2,2,104,1.01049,0.7963
32244,沃二離風G2-2,0.69,2,2,104,1.01049,0.7963
32245,沃二離風G2-3,0.69,2,2,104,1.0105,0.7954
32246,沃二離風G2-4,0.69,2,2,104,1.0105,0.7954
32247,沃二離風G2-5,0.69,2,2,104,1.01035,0.8541
32248,沃二離風G2-6,0.69,2,2,104,1.01049,0.7963
32250,芳一離風H,161.0,1,2,13,1.0058,-0.5489
32251,芳一離風M,66.0,1,2,13,1.02513,-0.1988
32261,芳一離風M1,66.0,1,2,13,1.03299,-0.0233
32271,芳一離風G,0.64,2,2,104,1.03251,0.3072
32280,芳二離風H1,161.0,1,2,13,1.00017,-22.0653
32281,芳二離風H2,161.0,1,2,13,1.00017,-22.0653
32282,芳二離風M1,66.0,1,2,13,1.01924,-21.5957
32283,芳二離風M2,66.0,1,2,13,1.01924,-21.5957
32291,芳二離風M1-1,66.0,1,2,13,1.03059,-21.4091
32292,芳二離風M1-2,66.0,1,2,13,1.03234,-21.4093
32293,芳二離風M1-3,66.0,1,2,13,1.02794,-21.4382
32294,芳二離風M2-1,66.0,1,2,13,1.02857,-21.4377
32295,芳二離風M2-2,66.0,1,2,13,1.02932,-21.4373
32296,芳二離風M2-3,66.0,1,2,13,1.0303,-21.7135
32301,芳二離風G1,0.64,2,2,104,1.0301,-21.0772
32302,芳二離風G2,0.64,2,2,104,1.03185,-21.0785
32303,芳二離風G3,0.64,2,2,104,1.02745,-21.1046
32304,芳二離風G4,0.64,2,2,104,1.02808,-21.1045
32305,芳二離風G5,0.64,2,2,104,1.02883,-21.1046
32306,西島離風G,0.64,2,2,104,1.02981,-21.3809
32310,海龍二A風H,161.0,1,2,13,1.00557,-22.0771
32311,海龍二A風HH1,230.0,1,2,13,1.08164,-21.7887
32312,海龍二A風HH2,230.0,1,2,13,1.10908,-22.1009
32313,海龍二A風M,66.0,1,2,13,1.11548,-21.7223
32321,海龍二A風M1,66.0,1,2,13,1.11597,-21.6781
32322,海龍二A風M2,66.0,1,2,13,1.11592,-21.6805
32323,海龍二A風M3,66.0,1,2,13,1.11554,-21.7125
32324,海龍二A風M4,66.0,1,2,13,1.11567,-21.706
32325,海龍二A風M5,66.0,1,2,13,1.11644,-21.6637
32331,海龍二A風G1,0.7,2,2,104,1.11493,-21.2635
32332,海龍二A風G2,0.7,2,2,104,1.11488,-21.2659
32333,海龍二A風G3,0.7,2,2,104,1.1145,-21.2976
32334,海龍二A風G4,0.69,2,2,104,1.11515,-21.4983
32335,海龍二A風G5,0.69,2,2,104,1.1154,-21.2495
32340,中能風H1,161.0,1,2,13,1.00012,-22.0653
32341,中能風H2,161.0,1,2,13,1.00013,-22.0654
32342,中能風M1,66.0,1,2,13,1.0311,-21.662
32343,中能風M1-1,66.0,1,2,13,1.04993,-21.7911
32344,中能風M1-2,66.0,1,2,13,1.05503,-21.9028
32345,中能風G1,0.64,2,2,104,1.04901,-21.4381
32346,中能風G2,0.64,2,2,104,1.05412,-21.5532
32347,中能風M2,66.0,1,2,13,1.0329,-21.6945
32348,中能風M2-1,66.0,1,2,13,1.05747,-21.9352
32349,中能風M2-2,66.0,1,2,13,1.05501,-21.9361
32350,中能風G3,0.64,2,2,104,1.05656,-21.5872
32351,中能風G4,0.64,2,2,104,1.05411,-21.587
32370,海龍二B風H,161.0,1,2,16,1.00641,-0.6148
32371,海龍二B風HH1,230.0,1,2,16,1.22197,-0.1045
32372,海龍二B風HH2,230.0,1,2,16,1.25205,-0.4652
32373,海龍二B風M,66.0,1,2,16,1.2593,-0.1782
32374,海龍二B風M1,66.0,1,2,16,1.25946,-0.1632
32375,海龍二B風M2,66.0,1,2,16,1.25974,-0.1482
32376,海龍二B風M3,66.0,1,2,16,1.26004,-0.1406
32377,海龍二B風M4,66.0,1,2,16,1.25955,-0.1702
32378,海龍二B風MH1,22.1,1,2,16,1.23843,0.001
32379,海龍二B風G1,0.69,2,2,104,1.25855,0.1623
32380,海龍二B風G2,0.69,2,2,104,1.25882,0.1771
32381,海龍二B風G3,0.69,2,2,104,1.25912,0.1845
32382,海龍二B風G4,0.69,2,2,104,1.25864,0.1552
32400,海龍三A風H,161.0,1,2,16,1.00682,-0.5499
32401,海龍三A風HH1,230.0,1,2,16,1.15857,-0.5822
32402,海龍三A風HH2,230.0,1,2,16,1.22759,-1.5206
32403,海龍三A風M,66.0,1,2,16,1.23516,-1.2581
32404,海龍三A風M1,66.0,1,2,16,1.23543,-1.2322
32405,海龍三A風M2,66.0,1,2,16,1.23548,-1.23
32406,海龍三A風M3,66.0,1,2,16,1.23657,-1.2074
32407,海龍三A風M4,66.0,1,2,16,1.23594,-1.2368
32408,海龍三A風G1,0.69,2,2,104,1.2345,-0.894
32409,海龍三A風G2,0.69,2,2,104,1.2347,-0.9477
32410,海龍三A風G3,0.69,2,2,104,1.23579,-0.9255
32411,海龍三A風G4,0.69,2,2,104,1.23501,-0.8989
32412,海龍三B風H,161.0,1,2,16,1.0068,-0.5499
32413,海龍三B風HH1,230.0,1,2,16,1.15631,-0.5729
32414,海龍三B風HH2,230.0,1,2,16,1.22446,-1.4989
32415,海龍三B風M,66.0,1,2,16,1.23048,-1.2333
32416,海龍三B風M1,66.0,1,2,16,1.23075,-1.2072
32417,海龍三B風M2,66.0,1,2,16,1.23084,-1.2038
32418,海龍三B風M3,66.0,1,2,16,1.23109,-1.1962
32419,海龍三B風M4,66.0,1,2,16,1.23099,-1.2148
32420,海龍三B風G1,0.69,2,2,104,1.22981,-0.8664
32421,海龍三B風G2,0.69,2,2,104,1.2299,-0.8631
32422,海龍三B風G3,0.69,2,2,104,1.23027,-0.8545
32423,海龍三B風G4,0.69,2,2,104,1.23017,-0.8731
32430,彰海風H,161.0,1,2,13,1.0,-22.0671
32460,沃南風E,345.0,1,2,16,1.0051,-0.9363
32461,沃南風HH1,230.0,1,2,16,1.02604,-0.4956
32462,沃南風HH2,230.0,1,2,16,1.03807,-0.4876
32464,沃南風M1,66.0,1,2,16,1.04629,-0.017
32465,沃南風M2,66.0,1,2,16,1.04706,0.0267
32472,沃南風MH1,22.8,1,2,16,1.0258,-0.4607
32473,沃南風G1,0.69,2,2,104,0.99705,12.0565
32490,沃四風E1,345.0,1,2,16,1.00551,-0.9341
32491,沃四風E2,345.0,1,2,16,1.00551,-0.9341
32492,沃四風HH1,230.0,1,2,16,1.07431,-0.6071
32493,沃四風HH2,230.0,1,2,16,1.07548,-0.6055
32494,沃四風HH3,230.0,1,2,16,1.09578,-0.8272
32495,沃四風HH4,230.0,1,2,16,1.0972,-0.8296
32496,沃四風M1,66.0,1,2,16,1.10187,-0.4549
32497,沃四風M2,66.0,1,2,16,1.10374,-0.4584
32498,沃四風M3,66.0,1,2,16,1.10237,-0.4306
32499,沃四風M4,66.0,1,2,16,1.1042,-0.4376
32501,沃四風MH1,22.8,1,2,16,1.08101,-0.5511
32502,沃四風MH2,22.8,1,2,16,1.08022,-0.559
32503,沃四風G1,0.69,2,2,104,1.10133,-0.0079
32504,沃四風G2,0.69,2,2,104,1.10317,-0.0162
37200,允西離風H,161.0,1,3,40,1.01623,-4.7943
37201,允西離風M1,66.0,1,3,40,1.0151,-4.4671
37202,允西離風M2,66.0,1,3,40,1.01497,-4.4317
37211,允西離風M1-1,66.0,1,3,40,1.01557,-4.3642
37212,允西離風M1-2,66.0,1,3,40,1.01569,-4.3423
37213,允西離風M1-3,66.0,1,3,40,1.01576,-4.3025
37214,允西離風M2-1,66.0,1,3,40,1.01567,-4.2536
37215,允西離風M2-2,66.0,1,3,40,1.01566,-4.262
37216,允西離風M2-3,66.0,1,3,40,1.01566,-4.2746
37221,允西離風G1,0.69,2,3,40,1.01413,-3.9702
37222,允西離風G2,0.69,2,3,40,1.01425,-3.9483
37223,允西離風G3,0.69,2,3,40,1.01432,-3.9092
37224,允西離風G4,0.69,2,3,40,1.01423,-3.8602
37225,允西離風G5,0.69,2,3,40,1.01422,-3.8687
37226,允西離風G6,0.69,2,3,40,1.01422,-3.8813
37230,允湖離風H,161.0,1,3,40,1.01956,-4.8636
37231,允湖離風M1,66.0,1,3,40,1.0459,-4.5305
37232,允湖離風M2,66.0,1,3,40,1.04543,-4.5243
37233,允湖離風M3,66.0,1,3,40,1.0449,-4.5209
37234,允湖離風M4,66.0,1,3,40,1.04454,-4.5408
37235,允湖離風M5,66.0,1,3,40,1.04672,-4.5308
37236,允湖離風M6,66.0,1,3,40,1.0439,-4.5357
37240,允湖離風M0,66.0,1,3,40,1.04049,-4.5553
37241,允湖離風G1,0.69,2,3,103,1.04456,-4.159
37242,允湖離風G2,0.69,2,3,103,1.04409,-4.1525
37243,允湖離風G3,0.69,2,3,103,1.04356,-4.1487
37244,允湖離風G4,0.69,2,3,103,1.0432,-4.1676
37245,允湖離風G5,0.69,2,3,103,1.04538,-4.1598
37246,允湖離風G6,0.69,2,3,103,1.04255,-4.162
40000,林口風H,161.0,1,1,6,1.00695,-31.2608
40001,林口風G,22.8,2,1,102,1.00606,-30.9671
40030,大潭風H,161.0,1,1,8,1.00348,-25.6698
40031,大潭風G,22.8,2,1,102,1.00241,-25.3282
40060,觀威風H,161.0,1,1,8,1.00344,-25.6844
40061,觀威風G,22.8,2,1,102,1.00218,-25.2911
40090,彰品風H,161.0,1,2,18,1.00647,-7.584
40091,彰品風G,22.8,2,2,104,1.00639,-7.558
41500,彰工IV風G,23.9,2,2,104,0.96266,3.595
41530,彰風一H,161.0,1,2,16,1.00926,-1.8164
41531,彰風一G,23.9,2,2,104,1.0077,-1.3226
41560,彰風二H,161.0,1,2,16,1.0092,-1.8883
41561,彰風二G,22.8,2,2,104,1.00747,-1.3289
41590,彰英風H,161.0,1,2,16,0.99354,6.0891
41591,彰英風G,22.8,2,2,104,0.99232,6.4291
41620,鹿英風H,161.0,1,2,16,1.00973,-2.359
41621,鹿英風G,22.8,2,2,104,1.00878,-2.0983
41650,王功風H,161.0,1,2,16,1.0106,-3.1385
41651,王功風G,22.8,2,2,104,1.00948,-2.7833
41680,苗英風H,161.0,1,2,10,1.00563,-21.9346
41681,苗英風G,22.8,2,2,104,1.00432,-21.503
41710,東電風H,161.0,1,2,10,1.00542,-21.9444
41711,東電風G,22.8,2,2,104,1.0045,-21.6112
41740,香風H,161.0,1,2,10,1.01037,-24.6577
41741,香風G,22.8,2,2,104,1.00951,-24.3847
45400,湖風H,161.0,1,3,40,1.01818,-4.8785
45401,湖風G,22.8,2,3,103,1.01627,-4.2664
45430,創維風H,161.0,1,3,40,1.01614,-4.8138
45431,創維風M1,22.8,1,3,40,1.02115,-4.4051
45432,創維風M2,22.8,1,3,40,1.02123,-4.3754
45433,創維風M3,22.8,1,3,40,1.02127,-4.3585
45434,創維風M4,22.8,1,3,40,1.02103,-4.4476
45440,創維風M0,22.8,1,3,40,1.01994,-4.501
45441,創維風G1-1,0.75,2,3,103,0.88446,-4.0854
45442,創維風G1-2,0.8,2,3,103,0.91841,-4.0872
45443,創維風G2,0.75,2,3,103,0.88453,-4.0557
45445,創維風G3-1,0.75,2,3,103,0.88458,-4.0451
45446,創維風G3-2,0.8,2,3,103,0.91852,-4.0401
45447,創維風G4-1,0.75,2,3,103,0.88436,-4.1278
50500,彰光H,161.0,1,2,16,1.00931,-1.7664
50501,彰光G,23.9,2,2,104,0.96266,3.595
50520,崙尾光H,161.0,1,2,16,0.99075,6.418
50521,辰亞光M,22.8,1,2,16,0.93013,12.6072
50522,厚固光M,22.8,1,2,16,0.92618,12.9707
50523,辰亞光G,0.36,2,2,104,0.90861,15.2221
50524,厚固光G,0.36,2,2,104,0.90457,15.6071
50525,辰華光G,22.8,2,2,104,0.95402,10.7971
50530,聯華光H,161.0,1,2,16,0.99141,6.373
50531,華暄光G,22.8,2,2,104,0.93209,13.0462
50532,聯合光G,33.0,2,2,104,0.92916,13.3439
50540,永堯光H,161.0,1,2,18,1.00616,-7.5294
50541,永堯共用,33.0,1,2,18,0.98614,-5.1555
50542,永堯光G,33.0,2,2,104,0.98614,-5.1555
50543,海精新G,33.0,2,2,104,0.98614,-5.1555
50545,永堯光共同,22.8,1,2,104,0.98758,-5.3408
50560,星崙光H,161.0,1,2,16,1.00658,-1.5174
50561,星崙光G,33.0,2,2,104,0.94185,4.7451
53500,南鹽光H,161.0,1,3,22,1.0078,-11.4947
53501,南鹽光G,23.9,2,3,103,0.96191,-6.753
53520,天篷光H,161.0,1,3,22,1.01041,-10.0354
53521,天篷光G,22.8,2,3,103,0.96651,-5.0005
53530,天英光H,161.0,1,3,22,1.00909,-9.8331
53531,天英光G,22.8,2,3,103,0.98875,-7.4031
53532,天柱光G,22.8,2,3,103,0.99662,-8.3169
53533,天芮光G,22.8,2,3,103,0.99662,-8.3169
53534,天心光G,22.8,2,3,103,0.98005,-6.4235
53535,天任光G,22.8,2,3,103,0.98005,-6.4235
53536,天柱天芮,22.8,1,3,22,0.99662,-8.3169
53537,天心天任,22.8,1,3,22,0.98005,-6.4235
53540,天衝光H,161.0,1,3,22,1.00783,-9.6358
53541,天禽光G,22.8,2,3,103,0.99258,-7.748
53542,天衝光G1,22.8,2,3,103,0.96774,-4.9199
53543,天衝光G2,22.8,2,3,103,0.96978,-5.1412
53544,天衝光G3,22.8,2,3,103,0.99007,-7.4473
53545,南旭光G,33.0,2,3,103,0.97385,-5.6838
53546,新日泰光G,33.0,2,3,103,0.97952,-6.2993
53560,星崴光H,161.0,1,3,22,1.00692,-11.3569
53561,星崴光G,22.8,2,3,103,0.95965,-6.0794
53570,星二光H,161.0,1,3,22,1.00692,-11.3569
53571,星二光G,22.8,2,3,103,1.00692,-11.3569
53580,新和光H,161.0,1,3,22,1.00762,-11.4662
53581,新和光G,22.8,2,3,103,0.96823,-6.9205
53600,碩力光H,161.0,1,3,40,1.01421,-4.5555
53601,碩力光G1,33.0,2,3,103,0.97753,-0.3231
53602,碩力光G2,33.0,2,3,103,0.97621,-0.1816
53620,向陽共用H,161.0,1,3,41,1.00565,2.3844
53621,向陽光G1,22.8,2,3,103,0.95858,7.7209
53622,泰陽光G1,22.8,2,3,103,0.97187,6.3092
53623,向陽光G3,22.8,2,3,103,0.96856,6.6721
53624,向陽光G4,22.8,2,3,103,1.00565,2.3844
53640,生利光H,161.0,1,3,36,1.00519,-10.2737
53641,生利光G,22.8,2,3,103,1.00036,-9.6619
53642,生利光G2,22.8,2,3,103,1.00519,-10.2737
53660,寶興光H,161.0,1,3,36,1.00518,-10.1409
53661,寶興光G1,22.8,2,3,103,0.97242,-7.3266
53680,志光光H,161.0,1,3,22,1.00987,-9.9436
53681,志光光G1,22.8,2,3,103,0.95109,-3.4168
53682,志光光G2,22.8,2,3,103,0.98507,-7.0148
53700,泰源光H,161.0,1,3,40,1.01613,-4.8136
53701,泰源光G,22.8,2,3,103,1.01553,-4.738
53720,廷和光H,161.0,1,3,41,1.00664,2.0627
53721,廷和光G1,22.8,2,3,103,0.9997,2.9189
53722,廷和光G2,22.8,2,3,103,1.00068,2.7979
53723,廷和光G3,22.8,2,3,103,1.0032,2.4808
53740,星股光H,161.0,1,3,22,1.00809,-11.6756
53741,星股光G1,23.9,2,3,103,0.96785,-7.058
53742,星股光G2,23.9,2,3,103,1.00809,-11.6756
53743,星股光G3,23.9,2,3,103,1.00809,-11.6756
53800,和山光H,161.0,1,3,25,1.00817,-16.5243
53801,和山光G1,22.8,2,3,103,1.0036,-15.9551
53820,昱昶光,161.0,1,3,103,1.01816,-4.8748
53821,昱昶光G,22.8,2,3,103,1.00351,-3.1018
53840,平誠光H,161.0,1,3,41,1.00839,1.9527
53841,平誠光G1,22.8,2,3,41,1.00428,2.4547
53842,平誠光G2,22.8,2,3,41,1.0082,1.9765
53843,平誠光G3,22.8,2,3,41,1.00839,1.9527
53844,平誠光G4,22.8,2,3,41,1.00839,1.9527
53860,嘉原光H,161.0,1,3,41,1.00874,2.0423
53861,嘉原光G,22.8,2,3,103,1.00781,2.1591
53900,宸峰光H,161.0,1,3,103,1.00631,1.941
53901,宸峰光G1,22.8,2,3,103,1.00628,1.945
53902,宸峰光G2,22.8,2,3,103,1.00631,1.941
53920,匯盟光H,161.0,1,3,103,1.0089,2.0309
53921,匯盟光G1,22.8,2,3,103,1.00879,2.0444
53922,匯盟光G2,22.8,2,3,103,1.0089,2.0309
53923,匯盟光G3,22.8,2,3,103,1.0089,2.0309
53940,寰宇光H,161.0,1,3,41,1.00769,2.4441
53941,寰宇光G1,22.8,2,3,103,0.99316,4.1348
53960,嘉和光H,161.0,1,3,41,1.00819,2.3555
53961,嘉和光G1,22.8,2,3,103,0.9923,4.205
53980,孝智光H,161.0,1,3,21,1.0064,-10.7547
53981,孝智光共同H,22.8,2,3,21,0.97713,-7.3529
53982,孝智光G1,22.8,2,3,103,0.97713,-7.3529
53983,孝智光G2,22.8,2,3,103,0.97713,-7.3529
60000,安南儲ESSH,161.0,1,1,1,1.00897,-32.1241
60001,安南儲ESS,22.8,2,1,102,1.00897,-32.1241
60020,壽豐儲ESSH,161.0,1,1,1,1.00897,-32.1241
60021,壽豐儲ESS1,22.8,2,1,102,1.00897,-32.1241
60040,富威儲ESSH,161.0,1,1,1,0.9969,-32.0029
60041,富威儲ESS,22.8,2,1,102,0.9969,-32.0029
60060,台蓮儲ESSH,161.0,1,1,1,1.00893,-32.1237
60061,台蓮儲ESS1,22.8,2,1,102,1.00893,-32.1237
60062,台蓮儲ESS2,22.8,2,1,102,1.00893,-32.1237
60080,雲利儲ESSH1,161.0,1,1,1,1.01756,-32.2891
60081,森永儲ESS,22.8,2,1,102,1.01756,-32.2891
60082,暴風儲ESS,22.8,2,1,102,1.01756,-32.2891
60085,雲利儲ESSH2,161.0,1,1,1,1.01756,-32.2892
60086,神合興儲ESS,22.8,2,1,102,1.01756,-32.2892
60120,匯旭儲ESSH,161.0,1,1,1,1.00897,-32.1241
60121,匯旭儲ESS,22.8,2,1,1,1.00897,-32.1241
60180,冬山儲ESS,23.9,2,1,1,0.99952,-38.7572
60200,龍潭儲ESS,23.9,2,1,7,0.98851,-38.6316
62500,智璞儲ESSH,161.0,1,2,15,1.00658,-14.9828
62501,智璞儲ESS1,22.8,1,2,103,1.00658,-14.9828
62520,星崙光ESS,33.0,2,2,104,0.94185,4.7451
65000,路園ESS,23.9,2,3,103,1.00321,-13.5215
65020,南鹽光ESS,23.9,2,3,103,0.96191,-6.753
65040,匯聚儲ESSH,161.0,1,3,41,1.00251,1.6359
65041,匯聚儲ESS,22.8,2,3,41,1.00251,1.6359
65060,寶興光ESS,22.8,2,3,103,0.97242,-7.3266
65080,三陸儲ESSH,161.0,1,3,33,1.00542,-13.0281
65081,三陸儲ESS,23.9,2,3,33,1.00542,-13.0281
65100,星德儲ESSH,161.0,1,3,41,1.00956,0.5913
65101,星德儲ESS,22.8,1,3,41,1.00956,0.5913
65120,旭昇一儲ESSH,161.0,1,3,40,1.00612,-9.4697
65121,旭昇一儲ESS,22.8,2,3,103,1.00612,-9.4697
65140,台創儲ESSH,161.0,1,3,40,1.00737,-11.2892
65141,台創儲ESS,22.8,2,3,103,1.05597,-11.2892
65200,昊升儲ESSH,161.0,1,3,23,1.00834,-10.3056
65201,昊升儲ESS,22.8,2,3,23,1.00834,-10.3056
67500,昊儒儲ESSH,161.0,1,4,37,1.00465,-11.8094
67501,昊儒儲ESS,22.8,2,4,37,1.00465,-11.8094
67520,聚旺儲ESSH,161.0,1,4,37,1.00457,-11.8091
67521,聚旺儲ESS,22.8,2,4,37,1.00457,-11.8091
70000,榮鼎H,161.0,1,1,8,1.00375,-25.7214
70001,榮鼎G,11.0,1,1,8,1.0,-20.8279
70002,榮鼎STG,11.0,2,1,102,1.0,-20.8279
70003,榮鼎BG,0.38,2,1,102,1.0,-20.8279
90530,B中火#9,345.0,1,2,15,1.00077,-14.3757
90540,B中火#10,345.0,1,2,15,1.00098,-14.3472
91851,B大潭甲GT1,161.0,1,1,8,1.00347,-25.6106
91852,B大潭甲GT23,161.0,1,1,8,1.00348,-25.5512
91853,B大潭甲ST1,161.0,1,1,8,1.00348,-25.564
91861,B大潭乙GT1,161.0,1,1,8,1.00347,-25.6106
91862,B大潭乙GT23,161.0,1,1,8,1.00352,-25.5678
91863,B大潭乙ST2,161.0,1,1,8,1.0037,-25.5471
95200,南科STATCOM,29.9,1,3,21,1.00739,-12.2861
