from_bus,to_bus,mid_bus,ckt,name,status,hv_bus,mv_bus,lv_bus,vn_hv_kv,vn_mv_kv,vn_lv_kv,sn_hv_mva,sn_mv_mva,sn_lv_mva,shift_hv_deg,shift_mv_deg,shift_lv_deg,r_hv_pu,x_hv_pu,r_mv_pu,x_mv_pu,r_lv_pu,x_lv_pu,vk_hv_pct,vkr_hv_pct,vk_mv_pct,vkr_mv_pct,vk_lv_pct,vkr_lv_pct,r12_pu,x12_pu,sbase12_mva,r23_pu,x23_pu,sbase23_mva,r31_pu,x31_pu,sbase31_mva,vmstar,anstar
30,25,28,1,核二 STR1                               ,1,30,25,28,345.0,13.8,4.16,38.6,19.7,18.9,0.0,0.0,0.0,0.006165803108808293,-0.059922279792746225,0.012953367875647666,0.6045595854922281,0.01476683937823834,0.7307512953367876,2.313000000000004,0.23800000000000013,11.909823834196894,0.25518134715025903,13.811199481865286,0.2790932642487046,0.00738,0.21023,38.6,0.0107,0.51543,38.6,0.00808,0.25894,38.6,1.00554,-31.0349
30,26,27,2,核二 STR2                               ,1,30,26,27,345.0,13.8,4.16,38.6,19.7,18.9,0.0,0.0,0.0,0.0006735751295336781,0.021813471502590498,0.03354922279792746,0.9863730569948187,0.03489637305699481,0.9963989637305699,1.0,0.025999999999999975,19.431549222797926,0.6609196891191709,18.83194041450777,0.6595414507772019,0.01321,0.38916,38.6,0.02642,0.76535,38.6,0.01373,0.39303,38.6,1.00554,-31.0349
210,230,236,1,林口 E.T1                               ,4,210,230,236,345.0,161.0,33.0,500.0,500.0,90.0,0.0,0.0,0.0,3.9999999999999996e-05,0.008339999999999997,3.9999999999999996e-05,-0.0014799999999999987,0.0005,0.030840000000000003,4.169999999999998,0.019999999999999997,1.0,0.019999999999999997,2.7756000000000003,0.045,0.0004,0.0343,500.0,0.0027,0.1468,500.0,0.0027,0.1959,500.0,1.00695,-31.2609
210,220,226,2,林口 E.T2                               ,4,210,220,226,345.0,161.0,33.0,500.0,500.0,90.0,0.0,0.0,0.0,3.9999999999999996e-05,0.008339999999999997,3.9999999999999996e-05,-0.0014799999999999987,0.0005,0.030840000000000003,4.169999999999998,0.019999999999999997,1.0,0.019999999999999997,2.7756000000000003,0.045,0.0004,0.0343,500.0,0.0027,0.1468,500.0,0.0027,0.1959,500.0,1.00695,-31.2609
210,220,227,3,林口 E.T3                               ,4,210,220,227,345.0,161.0,33.0,500.0,500.0,90.0,0.0,0.0,0.0,4.0000099999999976e-05,0.008290000000000004,4.0000099999999976e-05,-0.0015100000000000044,0.0004999999,0.030710000000000005,4.145000000000002,0.020000049999999988,1.0,0.020000049999999988,2.7639000000000005,0.044999990999999996,0.000400001,0.0339,500.0,0.0027,0.146,500.0,0.0027,0.195,500.0,1.00695,-31.2609
210,216,217,1,林口 S.T1                               ,1,210,216,217,345.0,13.8,6.9,60.8,15.8,45.0,0.0,0.0,0.0,0.0014990000000000003,0.188965,0.0023339999999999997,-0.0005340000000000067,0.0046110000000000005,0.17901,11.489071999999998,0.09113920000000002,1.0,0.0368772,8.05545,0.207495,0.003833,0.188431,100.0,0.006945,0.178476,100.0,0.00611,0.367975,100.0,0.98585,-25.5147
210,218,219,1,林口 S.T2                               ,1,210,218,219,345.0,13.8,6.9,57.0,36.0,21.0,0.0,0.0,0.0,0.003349999999999999,0.24385,0.006150000000000001,0.0007500000000000007,0.00525,0.17275000000000001,13.89945,0.19094999999999993,1.0,0.22140000000000004,3.6277500000000003,0.11025,0.0095,0.2446,100.0,0.0114,0.1735,100.0,0.0086,0.4166,100.0,0.98585,-25.5147
230,238,239,1,林口 TE-13                              ,1,230,238,239,161.0,13.8,6.9,57.0,36.0,21.0,0.0,0.0,0.0,0.0024456140350877214,0.06511315789473682,0.009250877192982454,0.37147982456140344,0.006754385964912279,0.3710377192982456,3.7114499999999984,0.1394000000000001,13.373273684210524,0.33303157894736835,7.791792105263157,0.14184210526315785,0.006667,0.248858,57.0,0.009123,0.423235,57.0,0.005244,0.248606,57.0,0.99451,-31.2609
300,293,296,1,大潭 E.T1                               ,4,300,293,296,345.0,161.0,33.0,500.0,500.0,90.0,0.0,0.0,0.0,5.988023952095808e-05,0.007185628742514973,1.9960079840319325e-05,-0.00043912175648702645,0.0005788423153692614,0.03087824351297405,3.5928143712574863,0.029940119760479042,1.0,0.009980039920159663,2.7790419161676643,0.05209580838323353,0.0004,0.0338,501.0,0.003,0.1525,501.0,0.0032,0.1907,501.0,1.00347,-25.6699
300,293,297,2,大潭 E.T2                               ,4,300,293,297,345.0,161.0,33.0,500.0,500.0,90.0,0.0,0.0,0.0,5.988023952095808e-05,0.0071756487025948085,1.9960079840319325e-05,-0.000409181636726548,0.0005788423153692614,0.03086826347305389,3.5878243512974044,0.029940119760479042,1.0,0.009980039920159663,2.7781437125748503,0.05209580838323353,0.0004,0.0339,501.0,0.003,0.1526,501.0,0.0032,0.1906,501.0,1.00347,-25.6699
511,542,543,1,中火GT12                                ,1,511,542,543,161.0,13.8,13.8,200.0,100.0,100.0,0.0,0.0,0.0,0.00017495749999999984,-0.00010354999999999913,0.0014750574999999998,0.012887,0.0015250175,0.01284345,1.0,0.03499149999999997,1.2887,0.14750575,1.2843449999999998,0.15250175,0.00330003,0.0255669,200.0,0.00600015,0.0514609,200.0,0.00339995,0.0254798,200.0,1.00622,-14.9343
511,544,545,2,中火GT34                                ,1,511,544,545,161.0,13.8,13.8,200.0,100.0,100.0,0.0,0.0,0.0,0.0001249974999999999,-0.0003374999999999975,0.0015250175,0.058925,0.0015250175,0.059175,1.0,0.02499949999999998,5.8925,0.15250175,5.9174999999999995,0.15250175,0.00330003,0.117175,200.0,0.00610007,0.2362,200.0,0.00330003,0.117675,200.0,1.00622,-14.9343
530,511,516,1,中火北 E.T1                             ,1,530,511,516,345.0,161.0,33.0,500.0,500.0,90.0,0.0,0.0,0.0,3.400000000000001e-05,0.005454000000000002,5.399999999999996e-05,-0.000614,0.00046199999999999995,0.030786,2.727000000000001,0.017000000000000008,1.0,0.02699999999999998,2.77074,0.04158,0.00044,0.0242,500.0,0.00258,0.15086,500.0,0.00248,0.1812,500.0,1.00707,-14.9894
530,511,518,3,中火北 E.T2                             ,1,530,511,518,345.0,161.0,33.0,500.0,500.0,90.0,0.0,0.0,0.0,1.5999999999999982e-05,0.005943999999999998,5.000000000000002e-05,-0.001165999999999997,0.00043799999999999997,0.030296000000000003,2.971999999999999,0.007999999999999991,1.0,0.025000000000000012,2.72664,0.03942,0.00033,0.02389,500.0,0.00244,0.14565,500.0,0.00227,0.1812,500.0,1.00776,-15.0444
530,511,517,2,中火北 E.T3                             ,1,530,511,517,345.0,161.0,33.0,500.0,500.0,90.0,0.0,0.0,0.0,3.600000000000001e-05,0.005903000000000002,3.600000000000001e-05,-0.0008769999999999993,0.0004980000000000001,0.030316999999999997,2.951500000000001,0.018000000000000002,1.0,0.018000000000000002,2.7285299999999997,0.044820000000000006,0.00036,0.02513,500.0,0.00267,0.1472,500.0,0.00267,0.1811,500.0,1.00732,-15.0131
600,652,656,1,通霄甲 M.T1                             ,1,600,652,656,161.0,69.0,11.0,200.0,200.0,66.0,0.0,0.0,0.0,0.0004100000000000001,0.030437499999999996,0.00023000000000000006,-0.0025874999999999926,0.00117,0.050012499999999994,6.0874999999999995,0.08200000000000002,1.0,0.04600000000000001,3.3008249999999997,0.07722,0.00128,0.0557,200.0,0.0028,0.09485,200.0,0.00316,0.1609,200.0,1.00648,-20.2744
601,652,657,2,通霄甲 M.T2                             ,1,601,652,657,161.0,69.0,11.0,200.0,200.0,66.0,0.0,0.0,0.0,0.00047499999999999994,0.032035,0.00030000000000000003,-0.0018950000000000009,0.001125,0.05032500000000001,6.407,0.09499999999999999,1.0,0.060000000000000005,3.3214500000000005,0.07425,0.00155,0.06028,200.0,0.00285,0.09686,200.0,0.0032,0.16472,200.0,1.00655,-20.2266
610,697,698,1,通霄甲 M.T9                             ,1,610,697,698,161.0,13.8,13.8,250.0,125.0,125.0,0.0,0.0,0.0,0.0,3.999999999999837e-05,0.001472,0.086484,0.0013440000000000001,0.086004,1.0,0.0,10.810500000000001,0.184,10.750499999999999,0.168,0.00368,0.21631,250.0,0.00704,0.43122,250.0,0.00336,0.21511,250.0,1.00824,-18.5363
620,617,618,1,通霄丙 T4-23                            ,0,620,617,618,161.0,13.8,13.8,1.0,1.0,1.0,0.0,0.0,0.0,2.168404344971009e-19,-2.5000000000004186e-05,0.00151,0.059675,0.0014849999999999998,0.058625,1.0,2.168404344971009e-19,1.0,0.00151,1.0,0.0014849999999999998,0.00302,0.1193,200.0,0.00599,0.2366,200.0,0.00297,0.1172,200.0,1.0,0.0
628,622,623,1,通霄丙 T5-23                            ,0,628,622,623,161.0,13.8,13.8,1.0,1.0,1.0,0.0,0.0,0.0,-2.2500000000000167e-05,-0.0010000000000000078,0.0014925000000000001,0.05975000000000001,0.0014824999999999999,0.059300000000000005,1.0,2.2500000000000167e-05,1.0,0.0014925000000000001,1.0,0.0014824999999999999,0.00294,0.1175,200.0,0.00595,0.2381,200.0,0.00292,0.1166,200.0,1.0,0.0
650,600,662,1,通霄 T.T1                               ,1,650,600,662,345.0,161.0,33.0,500.0,500.0,90.0,0.0,0.0,0.0,9.400000000000001e-05,0.007532000000000002,1.99999999999994e-06,-0.0010640000000000024,0.000514,0.027549999999999998,3.766000000000001,0.04700000000000001,1.0,0.00099999999999997,2.4795,0.04626,0.00048,0.03234,500.0,0.00258,0.13243,500.0,0.00304,0.17541,500.0,1.01018,-19.2382
650,628,663,2,通霄 T.T2                               ,1,650,628,663,345.0,161.0,33.0,500.0,500.0,90.0,0.0,0.0,0.0,0.0001020000000000001,0.007585999999999999,-1.0000000000000026e-05,-0.0010819999999999962,0.00049,0.027497999999999998,3.7929999999999997,0.051000000000000045,1.0,0.005000000000000013,2.47482,0.0441,0.00046,0.03252,500.0,0.0024,0.13208,500.0,0.00296,0.17542,500.0,1.01501,-19.5692
650,601,664,3,通霄 T.T3                               ,1,650,601,664,345.0,161.0,33.0,500.0,500.0,90.0,0.0,0.0,0.0,0.0001020000000000001,0.0075840000000000005,-1.0000000000000026e-05,-0.0010799999999999976,0.00049,0.027499999999999997,3.7920000000000003,0.051000000000000045,1.0,0.005000000000000013,2.4749999999999996,0.0441,0.00046,0.03252,500.0,0.0024,0.1321,500.0,0.00296,0.17542,500.0,1.01005,-19.2461
660,611,665,4,通霄 T.T4                               ,0,660,611,665,345.0,161.0,33.0,500.0,500.0,90.0,0.0,0.0,0.0,3.9999999999999996e-05,0.006940000000000002,3.9999999999999996e-05,-0.00010000000000000286,0.00043999999999999996,0.031900000000000005,3.4700000000000006,0.019999999999999997,1.0,0.019999999999999997,2.8710000000000004,0.039599999999999996,0.0004,0.0342,500.0,0.0024,0.159,500.0,0.0024,0.1942,500.0,1.0,0.0
870,872,871,1,萬大 T2                                 ,1,870,872,871,161.0,69.0,11.0,40.0,40.0,25.0,0.0,0.0,0.0,0.030625,1.153575,0.0175,-0.07214999999999994,0.029375,1.454475,30.0,1.225,2.8859999999999975,0.7000000000000001,30.0,0.734375,0.01925,0.43257,40.0,0.01875,0.55293,40.0,0.024,1.04322,40.0,1.01729,-14.3209
870,872,873,1,萬大 T3                                 ,1,870,872,873,161.0,69.0,11.0,40.0,40.0,20.0,0.0,0.0,0.0,0.030625,1.153575,0.0175,-0.07214999999999994,0.029375,1.454475,30.0,1.225,2.8859999999999975,0.7000000000000001,29.0895,0.5874999999999999,0.01925,0.43257,40.0,0.01875,0.55293,40.0,0.024,1.04322,40.0,1.01789,-14.2219
1020,1021,1022,1,核三 S.T1                               ,1,1020,1021,1022,161.0,13.8,4.16,33.9,18.7,15.2,0.0,0.0,0.0,-0.003263156342182891,-0.079146017699115,0.014227197640117996,0.6133141592920353,0.016576637168141596,1.1345707964601772,2.6830499999999984,0.110621,11.468974778761059,0.2660485958702065,17.245476106194694,0.25196488495575226,0.00371681,0.181083,33.9,0.0104425,0.592533,33.9,0.00451327,0.357789,33.9,1.05936,-10.3281
1020,1021,1023,2,核三 S.T2                               ,1,1020,1021,1023,161.0,13.8,4.16,33.9,18.7,15.2,0.0,0.0,0.0,-0.003176106194690267,-0.08480678466076697,0.013966135693215342,0.6259395280235988,0.016141533923303836,1.1524174041297937,2.87495,0.10767000000000004,11.705069174041297,0.2611667374631269,17.516744542772862,0.2453513156342183,0.00365782,0.183444,33.9,0.0102065,0.602863,33.9,0.00439528,0.36192,33.9,1.05933,-10.3281
1050,1051,1058,3,興二 T.T3                               ,1,1050,1051,1058,345.0,161.0,33.0,500.0,500.0,90.0,0.0,0.0,-30.0,5.6000000000000006e-05,0.007577999999999998,3.5999999999999953e-05,-0.0010899999999999972,0.00054,0.027972,3.788999999999999,0.028000000000000004,1.0,0.017999999999999978,2.51748,0.0486,0.00046,0.03244,500.0,0.00288,0.13441,500.0,0.00298,0.17775,500.0,1.00635,-6.1758
1050,1051,1056,1,興達南新T.T1                            ,1,1050,1051,1056,345.0,161.0,33.0,500.0,500.0,90.0,0.0,0.0,0.0,5.472840000000001e-05,0.0075542000000000005,3.596440000000001e-05,-0.001070999999999999,0.0005387276,0.0281088,3.7771000000000003,0.027364200000000005,1.0,0.017982200000000004,2.529792,0.048485484,0.000453464,0.032416,500.0,0.00287346,0.135189,500.0,0.00296728,0.178315,500.0,1.00635,-6.1758
1050,1051,1057,1,興達南新T.T2                            ,1,1050,1051,1057,345.0,161.0,33.0,1.0,1.0,1.0,0.0,0.0,0.0,5.4000000000000066e-05,0.007602000000000001,3.799999999999995e-05,-0.0010860000000000002,0.0005380000000000001,0.027968000000000003,1.0,5.4000000000000066e-05,1.0,3.799999999999995e-05,1.0,0.0005380000000000001,0.00046,0.03258,500.0,0.00288,0.13441,500.0,0.00296,0.17785,500.0,1.00635,-6.1758
1090,1077,1078,1,興達南 GT.T1                            ,1,1090,1078,1077,345.0,13.8,13.8,330.0,220.0,110.0,0.0,0.0,0.0,3.443939393939395e-05,-0.004057666666666668,0.00030165151515151514,0.0250329393939394,0.0007561969696969696,0.04482130303030303,1.3390300000000004,0.011365000000000004,5.507246666666668,0.06636333333333333,4.930343333333333,0.08318166666666665,0.0011091,0.0692184,330.0,0.0034909,0.230519,330.0,0.0026091,0.13452,330.0,1.01217,-7.7454
1090,1087,1088,1,興達南 GT.T2                            ,1,1090,1088,1087,345.0,13.8,13.8,330.0,220.0,110.0,0.0,0.0,0.0,0.00012810606060606054,-0.0036162424242424177,0.00025850000000000005,0.02379618181818181,0.0007699545454545455,0.04732593939393939,1.1933599999999978,0.04227499999999998,5.235159999999998,0.05687000000000001,5.205853333333333,0.084695,0.0012758,0.0665938,330.0,0.0033939,0.234703,330.0,0.0029636,0.144242,330.0,1.01338,-7.6256
1090,1091,1092,1,興達南 GT.T3                            ,1,1090,1092,1091,345.0,13.8,13.8,330.0,220.0,110.0,0.0,0.0,0.0,-0.0002851212121212122,-0.0029020151515151554,0.0006707878787878789,0.02310495454545455,0.00037603030303030307,0.04685959090909091,1.0,0.09409000000000002,5.083090000000001,0.14757333333333336,5.154555,0.041363333333333335,0.0012727,0.0666697,330.0,0.0034545,0.230883,330.0,0.0003,0.14506,330.0,1.01171,-7.4016
1090,1094,1095,1,興達南 GT.T4                            ,1,1090,1095,1094,345.0,13.8,13.8,330.0,220.0,110.0,0.0,0.0,0.0,0.00015427272727272723,-0.002798696969696979,0.00027272727272727274,0.023317666666666674,0.000517909090909091,0.04670536363636364,1.0,0.05090999999999999,5.1298866666666685,0.060000000000000005,5.13759,0.056970000000000014,0.0014091,0.0677126,330.0,0.0026091,0.231076,330.0,0.0022182,0.144892,330.0,1.01448,-7.3975
1090,1097,1098,1,興達南 GT.T5                            ,1,1090,1098,1097,345.0,13.8,13.8,330.0,220.0,110.0,0.0,0.0,0.0,0.00011019696969696965,-0.002899121212121207,0.0002754696969696971,0.02310572727272727,0.0007713484848484849,0.04686669696969697,1.0,0.03636499999999999,5.083259999999999,0.06060333333333336,5.155336666666667,0.08484833333333333,0.0012727,0.0666818,330.0,0.0034545,0.230909,330.0,0.0029091,0.145093,330.0,1.01412,-7.4231
1110,1125,1126,1,大林乙 TE12                             ,1,1110,1125,1126,161.0,13.8,6.9,57.0,36.0,21.0,0.0,0.0,0.0,0.002772,0.30888499999999997,0.003895,0.0017350000000000143,0.005368000000000001,0.07325599999999999,17.606444999999997,0.158004,1.0,0.14022,1.5383759999999997,0.11272800000000002,0.006667,0.31062,100.0,0.009263,0.074991,100.0,0.00814,0.382141,100.0,1.00518,-13.0908
1130,1110,1135,3,大林 E.T3                               ,1,1130,1110,1135,345.0,161.0,33.0,500.0,500.0,90.0,0.0,0.0,0.0,0.0,0.0074,7.999999999999999e-05,-0.0006999999999999992,0.00054,0.031000000000000007,3.7,0.0,1.0,0.039999999999999994,2.7900000000000005,0.0486,0.0004,0.0335,500.0,0.0031,0.1515,500.0,0.0027,0.192,500.0,1.0075,-13.3497
1130,1100,1137,4,大林 E.T4                               ,2,1130,1100,1137,345.0,161.0,33.0,500.0,500.0,90.0,0.0,0.0,0.0,3.9999999999999996e-05,0.007009999999999997,3.9999999999999996e-05,-0.0003099999999999978,0.0005600000000000001,0.030790000000000005,3.5049999999999986,0.019999999999999997,1.0,0.019999999999999997,2.7711000000000006,0.05040000000000001,0.0004,0.0335,500.0,0.003,0.1524,500.0,0.003,0.189,500.0,1.00388,-10.4841
1130,1120,1136,5,大林 E.T5                               ,1,1130,1120,1136,345.0,161.0,33.0,500.0,500.0,90.0,0.0,0.0,0.0,1.9999999999999998e-05,0.007429999999999999,5.9999999999999995e-05,-0.0007099999999999988,0.00054,0.030990000000000004,3.7149999999999994,0.009999999999999998,1.0,0.03,2.7891000000000004,0.0486,0.0004,0.0336,500.0,0.003,0.1514,500.0,0.0028,0.1921,500.0,1.01861,-11.0024
1130,1110,1138,6,大林 E.T6                               ,1,1130,1110,1138,345.0,161.0,33.0,500.0,500.0,90.0,0.0,0.0,0.0,6.000000000000005e-05,0.0075400000000000016,3.9999999999999996e-05,-0.0010400000000000027,0.00054,0.02732,3.770000000000001,0.030000000000000023,1.0,0.019999999999999997,2.4588,0.0486,0.0005,0.0325,500.0,0.0029,0.1314,500.0,0.003,0.1743,500.0,1.00598,-13.5054
1130,1141,1142,1,大林 S.T1                               ,1,1130,1141,1142,345.0,13.8,6.9,122.5,72.5,50.0,0.0,0.0,0.0,0.0016326530612244896,0.2235918367346939,0.0016326530612244896,-0.00016326530612247037,0.0,0.0033469387755102192,27.390000000000004,0.19999999999999998,1.0,0.1183673469387755,1.0,0.0,0.004,0.2737,122.5,0.002,0.0039,122.5,0.002,0.278,122.5,1.00388,-10.4841
1500,1501,1507,1,冬山 E.T2                               ,1,1500,1501,1507,345.0,161.0,33.0,500.0,500.0,90.0,0.0,0.0,0.0,7.984031936127784e-06,0.005872255489021955,5.389221556886223e-05,-0.0010439121756487015,0.0004351297405189621,0.030339321357285426,2.9361277445109772,0.003992015968063892,1.0,0.026946107784431114,2.7305389221556884,0.03916167664670659,0.00031,0.02419,501.0,0.00245,0.14677,501.0,0.00222,0.18142,501.0,1.0151,-32.5096
1500,1501,1508,2,冬山 E.T3                               ,1,1500,1501,1508,345.0,161.0,33.0,500.0,500.0,90.0,0.0,0.0,0.0,1.896207584830336e-05,0.005884231536926146,4.890219560878248e-05,-0.0011037924151696618,0.0004600798403193613,0.030195608782435133,2.942115768463073,0.00948103792415168,1.0,0.02445109780439124,2.717604790419162,0.041407185628742516,0.00034,0.02395,501.0,0.00255,0.14575,501.0,0.0024,0.18076,501.0,1.01538,-32.5528
1500,1501,1509,3,冬山 E.T4                               ,1,1500,1501,1509,345.0,161.0,33.0,500.0,500.0,90.0,0.0,0.0,0.0,4.790419161676649e-05,0.005838323353293415,2.1956087824351257e-05,-0.0009700598802395224,0.00047704590818363273,0.029954091816367264,2.9191616766467074,0.023952095808383245,1.0,0.010978043912175628,2.695868263473054,0.042934131736526944,0.00035,0.02439,501.0,0.0025,0.14521,501.0,0.00263,0.17932,501.0,1.01441,-32.468
1550,1551,1555,1,汐止 E.T1                               ,1,1550,1551,1555,345.0,161.0,33.0,500.0,500.0,90.0,0.0,0.0,0.0,2.5948103792415122e-05,0.005475049900199598,4.5908183632734556e-05,0.0011217564870259489,0.0005948103792415169,0.03131337325349302,2.737524950099799,0.012974051896207562,1.0,0.02295409181636728,2.8182035928143714,0.053532934131736515,0.00036,0.03305,501.0,0.00321,0.1625,501.0,0.00311,0.18431,501.0,1.00395,-36.4318
1550,1551,1556,2,汐止 E.T2                               ,1,1550,1551,1556,345.0,161.0,33.0,500.0,500.0,90.0,0.0,0.0,0.0,2.5948103792415122e-05,0.005475049900199598,4.5908183632734556e-05,0.0011217564870259489,0.0005948103792415169,0.03131337325349302,2.737524950099799,0.012974051896207562,1.0,0.02295409181636728,2.8182035928143714,0.053532934131736515,0.00036,0.03305,501.0,0.00321,0.1625,501.0,0.00311,0.18431,501.0,1.00395,-36.4318
1550,1551,1557,3,汐止 E.T3                               ,1,1550,1551,1557,345.0,161.0,33.0,500.0,500.0,90.0,0.0,0.0,0.0,2.5948103792415122e-05,0.005475049900199598,4.5908183632734556e-05,0.0011217564870259489,0.0005948103792415169,0.03131337325349302,2.737524950099799,0.012974051896207562,1.0,0.02295409181636728,2.8182035928143714,0.053532934131736515,0.00036,0.03305,501.0,0.00321,0.1625,501.0,0.00311,0.18431,501.0,1.00395,-36.4318
1550,1551,1558,4,汐止 E.T4                               ,1,1550,1551,1558,345.0,161.0,33.0,500.0,500.0,90.0,0.0,0.0,0.0,3.9920159680638704e-05,0.00832335329341317,3.9920159680638704e-05,-0.0014770459081836322,0.000499001996007984,0.030778443113772452,4.161676646706585,0.01996007984031935,1.0,0.01996007984031935,2.7700598802395207,0.044910179640718556,0.0004,0.0343,501.0,0.0027,0.1468,501.0,0.0027,0.1959,501.0,1.01209,-38.6311
1550,1551,1559,5,汐止 E.T5                               ,1,1550,1551,1559,345.0,161.0,33.0,500.0,500.0,90.0,0.0,0.0,0.0,5.988023952095808e-05,0.0072175648702594835,1.9960079840319325e-05,-0.0004650698602794434,0.0005608782435129739,0.03094211576846307,3.6087824351297417,0.029940119760479042,1.0,0.009980039920159663,2.784790419161676,0.05047904191616765,0.0004,0.03383,501.0,0.00291,0.15269,501.0,0.00311,0.19118,501.0,1.00848,-37.8022
1570,1571,1575,1,松湖臨E.T1                              ,1,1570,1571,1575,345.0,161.0,33.0,500.0,500.0,90.0,0.0,0.0,0.0,7.999999999999978e-06,0.007245000000000003,6.000000000000005e-05,-0.0003130000000000008,0.0005400000000000001,0.031239,3.6225000000000014,0.003999999999999989,1.0,0.030000000000000023,2.8115099999999997,0.04860000000000001,0.00034,0.03466,500.0,0.003,0.15463,500.0,0.00274,0.19242,500.0,1.00848,-38.4197
1580,1581,1586,1,仙渡 E.T1                               ,1,1580,1581,1586,345.0,161.0,33.0,500.0,500.0,90.0,0.0,0.0,0.0,4.800000000000003e-05,0.008324000000000005,3.999999999999994e-05,-0.0015640000000000029,0.0004960000000000001,0.030704000000000002,4.162000000000003,0.024000000000000014,1.0,0.019999999999999973,2.76336,0.04464000000000001,0.00044,0.0338,500.0,0.00268,0.1457,500.0,0.00272,0.19514,500.0,1.01199,-30.7313
1580,1581,1587,2,仙渡 E.T2                               ,1,1580,1581,1587,345.0,161.0,33.0,500.0,500.0,90.0,0.0,0.0,0.0,5.200000000000002e-05,0.008318000000000002,3.5999999999999953e-05,-0.0015460000000000022,0.000492,0.030798000000000006,4.159000000000002,0.02600000000000001,1.0,0.017999999999999978,2.7718200000000004,0.04428,0.00044,0.03386,500.0,0.00264,0.14626,500.0,0.00272,0.19558,500.0,1.01195,-30.7276
1580,1591,1596,3,仙渡 E.T3                               ,1,1580,1591,1596,345.0,161.0,33.0,500.0,500.0,90.0,0.0,0.0,0.0,4.999999999999997e-05,0.008326,3.8e-05,-0.0015620000000000009,0.000498,0.03067,4.163,0.024999999999999984,1.0,0.019,2.7603,0.04482,0.00044,0.03382,500.0,0.00268,0.14554,500.0,0.00274,0.19498,500.0,1.01282,-38.4535
1610,1611,1615,1,大安E.T1                                ,1,1610,1611,1615,345.0,161.0,33.0,500.0,500.0,90.0,0.0,0.0,0.0,7.999999999999978e-06,0.007225000000000004,6.000000000000005e-05,-0.00033300000000000343,0.0005400000000000001,0.031259,3.612500000000002,0.003999999999999989,1.0,0.030000000000000023,2.81331,0.04860000000000001,0.00034,0.03446,500.0,0.003,0.15463,500.0,0.00274,0.19242,500.0,1.00055,-35.5267
1610,1611,1616,2,大安E.T2                                ,1,1610,1611,1616,345.0,161.0,33.0,500.0,500.0,90.0,0.0,0.0,0.0,7.999999999999978e-06,0.007225000000000004,6.000000000000005e-05,-0.00033300000000000343,0.0005400000000000001,0.031259,3.612500000000002,0.003999999999999989,1.0,0.030000000000000023,2.81331,0.04860000000000001,0.00034,0.03446,500.0,0.003,0.15463,500.0,0.00274,0.19242,500.0,1.0012,-35.5196
1610,1611,1617,3,大安E.T3                                ,1,1610,1611,1617,345.0,161.0,33.0,500.0,500.0,90.0,0.0,0.0,0.0,7.999999999999978e-06,0.007225000000000004,6.000000000000005e-05,-0.00033300000000000343,0.0005400000000000001,0.031259,3.612500000000002,0.003999999999999989,1.0,0.030000000000000023,2.81331,0.04860000000000001,0.00034,0.03446,500.0,0.003,0.15463,500.0,0.00274,0.19242,500.0,1.00055,-35.5267
1650,1651,1656,1,深美 E.T1                               ,1,1650,1651,1656,345.0,161.0,33.0,500.0,500.0,90.0,0.0,0.0,0.0,2.5948103792415177e-05,0.005863273453093813,3.792415169660677e-05,-0.0011027944111776447,0.0004471057884231537,0.03028443113772455,2.9316367265469063,0.012974051896207588,1.0,0.018962075848303384,2.7255988023952096,0.040239520958083835,0.00032,0.02385,501.0,0.00243,0.1462,501.0,0.00237,0.1811,501.0,0.99883,-34.758
1650,1651,1657,2,深美 E.T2                               ,1,1650,1651,1657,345.0,161.0,33.0,500.0,500.0,90.0,0.0,0.0,0.0,4.59081836327345e-05,0.005838323353293415,2.5948103792415177e-05,-0.0008582834331337316,0.0005069860279441117,0.029662674650698596,2.9191616766467074,0.02295409181636725,1.0,0.012974051896207588,2.6696407185628734,0.04562874251497005,0.00036,0.02495,501.0,0.00267,0.14431,501.0,0.00277,0.17786,501.0,0.99806,-34.5749
1650,1651,1658,3,深美 E.T3                               ,1,1650,1651,1658,345.0,161.0,33.0,500.0,500.0,90.0,0.0,0.0,0.0,4.59081836327345e-05,0.005838323353293415,2.5948103792415177e-05,-0.0008582834331337316,0.0005069860279441117,0.029662674650698596,2.9191616766467074,0.02295409181636725,1.0,0.012974051896207588,2.6696407185628734,0.04562874251497005,0.00036,0.02495,501.0,0.00267,0.14431,501.0,0.00277,0.17786,501.0,0.99806,-34.5749
1650,1661,1666,4,深美 E.T4                               ,1,1650,1661,1666,345.0,161.0,33.0,500.0,500.0,90.0,0.0,0.0,0.0,1.596806387225546e-05,0.005889221556886228,5.189620758483035e-05,-0.0011207584830339352,0.0004770459081836327,0.030278443113772455,2.944610778443114,0.00798403193612773,1.0,0.025948103792415175,2.725059880239521,0.042934131736526944,0.00034,0.02389,501.0,0.00265,0.14608,501.0,0.00247,0.1812,501.0,0.99903,-34.7666
1650,1661,1667,5,深美 E.T5                               ,1,1650,1661,1667,345.0,161.0,33.0,500.0,500.0,90.0,0.0,0.0,0.0,2.495009980039921e-05,0.005952095808383235,4.29141716566866e-05,-0.0011876247504990015,0.00047005988023952097,0.03032734530938124,2.9760479041916175,0.012475049900199604,1.0,0.0214570858283433,2.7294610778443116,0.04230538922155689,0.00034,0.02387,501.0,0.00257,0.14599,501.0,0.00248,0.18176,501.0,0.99909,-34.812
1700,1701,1706,1,板橋 E.T1                               ,1,1700,1701,1706,345.0,161.0,33.0,500.0,500.0,90.0,0.0,0.0,0.0,2.400000000000004e-05,0.007010000000000002,4.3999999999999985e-05,-0.00030200000000000365,0.0004880000000000001,0.030742000000000002,3.5050000000000012,0.012000000000000021,1.0,0.021999999999999992,2.7667800000000002,0.04392000000000001,0.00034,0.03354,500.0,0.00266,0.1522,500.0,0.00256,0.18876,500.0,0.99759,-36.7541
1700,1701,1707,2,板橋 E.T2                               ,1,1700,1701,1707,345.0,161.0,33.0,500.0,500.0,90.0,0.0,0.0,0.0,3.400000000000001e-05,0.007029000000000004,3.400000000000001e-05,-0.0003050000000000032,0.0005000000000000001,0.030611000000000003,3.514500000000002,0.017000000000000008,1.0,0.017000000000000008,2.7549900000000003,0.04500000000000001,0.00034,0.03362,500.0,0.00267,0.15153,500.0,0.00267,0.1882,500.0,0.99744,-36.7568
1700,1711,1716,3,板橋 E.T3                               ,1,1700,1711,1716,345.0,161.0,33.0,500.0,500.0,90.0,0.0,0.0,0.0,3.400000000000001e-05,0.007054000000000001,3.400000000000001e-05,-0.0003020000000000002,0.0005000000000000001,0.030942,3.5270000000000006,0.017000000000000008,1.0,0.017000000000000008,2.78478,0.04500000000000001,0.00034,0.03376,500.0,0.00267,0.1532,500.0,0.00267,0.18998,500.0,0.99743,-36.753
1700,1711,1717,4,板橋 E.T4                               ,1,1700,1711,1717,345.0,161.0,33.0,500.0,500.0,90.0,0.0,0.0,0.0,3.3932135728542907e-05,0.007016367265469059,3.3932135728542907e-05,-0.0003057884231536939,0.0004984031936127744,0.03057265469061876,3.5081836327345295,0.016966067864271454,1.0,0.016966067864271454,2.7515389221556887,0.044856287425149695,0.00034,0.03362,501.0,0.002667,0.151637,501.0,0.002667,0.188321,501.0,0.99744,-36.758
1700,1711,1718,5,板橋 E.T5                               ,1,1700,1711,1718,345.0,161.0,33.0,500.0,500.0,90.0,0.0,0.0,0.0,2.400000000000004e-05,0.0070560000000000015,4.7999999999999974e-05,-0.00032000000000000084,0.000508,0.030916000000000003,3.528000000000001,0.012000000000000021,1.0,0.023999999999999987,2.7824400000000002,0.04572,0.00036,0.03368,500.0,0.00278,0.15298,500.0,0.00266,0.18986,500.0,0.99767,-36.7684
1750,1751,1756,1,頂湖 E.T1                               ,2,1750,1751,1756,345.0,161.0,33.0,500.0,500.0,90.0,0.0,0.0,0.0,4.091816367265467e-05,0.008155688622754492,5.089820359281444e-05,-0.001275449101796406,0.00045409181636726545,0.029696606786427143,4.077844311377246,0.020459081836327334,1.0,0.02544910179640722,2.672694610778443,0.04086826347305389,0.00046,0.03447,501.0,0.00253,0.14239,501.0,0.00248,0.18964,501.0,0.97647,-28.3122
1750,1751,1757,2,頂湖 E.T2                               ,1,1750,1751,1757,345.0,161.0,33.0,500.0,500.0,90.0,0.0,0.0,0.0,4.990019960079842e-05,0.007239520958083832,4.191616766467069e-05,-0.00039121756487025747,0.0004451097804391217,0.03134730538922156,3.6197604790419162,0.02495009980039921,1.0,0.020958083832335345,2.82125748502994,0.04005988023952095,0.00046,0.03431,501.0,0.00244,0.15509,501.0,0.00248,0.19332,501.0,0.99927,-33.5805
1750,1751,1758,3,頂湖 E.T3                               ,1,1750,1751,1758,345.0,161.0,33.0,500.0,500.0,90.0,0.0,0.0,0.0,-8.483033932135724e-05,0.007738522954091817,0.00016866267465069857,-0.0009580838323353311,0.0005518962075848303,0.03579041916167665,3.8692614770459084,0.04241516966067862,1.0,0.08433133732534928,3.2211377245508985,0.049670658682634726,0.00042,0.03397,501.0,0.00361,0.17451,501.0,0.00234,0.21808,501.0,1.00306,-33.9599
1750,1761,1766,1,頂湖 E.T4                               ,1,1750,1761,1766,345.0,161.0,33.0,500.0,500.0,90.0,0.0,0.0,0.0,5.4890219560878306e-05,0.008325349301397207,3.6926147704590805e-05,-0.0014750499001996015,0.0005179640718562874,0.030854291417165662,4.162674650698603,0.027445109780439153,1.0,0.018463073852295404,2.7768862275449098,0.04661676646706587,0.00046,0.03432,501.0,0.00278,0.14719,501.0,0.00287,0.19629,501.0,1.0045,-36.3145
1750,1761,1767,2,頂湖 E.T5                               ,1,1750,1761,1767,345.0,161.0,33.0,500.0,500.0,90.0,0.0,0.0,0.0,4.690618762475052e-05,0.00845109780439122,4.091816367265467e-05,-0.0016267465069860314,0.0004980039920159681,0.030588822355289425,4.22554890219561,0.023453093812375262,1.0,0.020459081836327334,2.7529940119760483,0.04482035928143713,0.00044,0.03419,501.0,0.0027,0.1451,501.0,0.00273,0.19559,501.0,1.00506,-36.4626
1750,1761,1768,3,頂湖 E.T6                               ,1,1750,1761,1768,345.0,161.0,33.0,500.0,500.0,90.0,0.0,0.0,0.0,4.8902195608782454e-05,0.008343313373253496,4.0918163672654724e-05,-0.0015429141716566883,0.0004980039920159681,0.030285429141716565,4.171656686626748,0.02445109780439123,1.0,0.020459081836327362,2.725688622754491,0.04482035928143713,0.00045,0.03407,501.0,0.0027,0.144,501.0,0.00274,0.19353,501.0,1.00482,-36.3884
1750,1781,1769,4,頂湖 E.T7                               ,1,1750,1781,1769,345.0,161.0,33.0,500.0,500.0,90.0,0.0,0.0,0.0,3.792415169660677e-05,0.008059880239520959,5.389221556886234e-05,-0.0012914171656686624,0.0004750499001996008,0.029620758483033933,4.02994011976048,0.018962075848303384,1.0,0.02694610778443117,2.665868263473054,0.04275449101796407,0.00046,0.03391,501.0,0.00265,0.14193,501.0,0.00257,0.18878,501.0,1.00427,-36.153
1750,1751,1759,4,頂湖 E.T8                               ,1,1750,1751,1759,345.0,161.0,33.0,500.0,500.0,90.0,0.0,0.0,0.0,4.59081836327345e-05,0.007382235528942117,2.195608782435131e-05,-0.0006477045908183619,0.0005089820359281437,0.030362275449101795,3.691117764471058,0.02295409181636725,1.0,0.010978043912175656,2.7326047904191615,0.04580838323353293,0.00034,0.03374,501.0,0.00266,0.14887,501.0,0.00278,0.1891,501.0,1.00002,-33.7747
1751,1752,1777,1,頂湖東 M.T7                             ,1,1751,1752,1777,161.0,69.0,11.0,200.0,200.0,66.0,0.0,0.0,0.0,0.0004249999999999999,0.034165,0.00027499999999999996,-0.0031199999999999978,0.001325,0.05052,6.833,0.08499999999999998,1.0,0.05499999999999999,3.33432,0.08745,0.0014,0.06209,200.0,0.0032,0.0948,200.0,0.0035,0.16937,200.0,0.97951,-36.4835
1751,1752,1778,2,頂湖東 M.T8                             ,1,1751,1752,1778,161.0,69.0,11.0,200.0,200.0,66.0,0.0,0.0,0.0,0.00046750000000000003,0.0320575,0.0002525000000000001,-0.0027174999999999977,0.0011925,0.0498975,6.4115,0.0935,1.0,0.050500000000000024,3.2932349999999997,0.078705,0.00144,0.05868,200.0,0.00289,0.09436,200.0,0.00332,0.16391,200.0,0.97953,-36.4606
1751,1752,1779,3,頂湖東 M.T9                             ,1,1751,1752,1779,161.0,69.0,11.0,200.0,200.0,66.0,0.0,0.0,0.0,0.0004249999999999999,0.03376,0.00027499999999999996,-0.0028450000000000003,0.0012749999999999999,0.050995,6.752,0.08499999999999998,1.0,0.05499999999999999,3.3656699999999997,0.08414999999999999,0.0014,0.06183,200.0,0.0031,0.0963,200.0,0.0034,0.16951,200.0,0.97954,-36.459
1900,1901,1906,1,龍潭北 E.T1                             ,1,1900,1901,1906,345.0,161.0,33.0,500.0,500.0,90.0,0.0,0.0,0.0,9.980039920159717e-06,0.005938123752495011,5.389221556886226e-05,0.0009381237524950063,0.00043113772455089823,0.030409181636726547,2.969061876247505,0.0049900199600798585,1.0,0.026946107784431128,2.736826347305389,0.03880239520958084,0.00032,0.03445,501.0,0.00243,0.15705,501.0,0.00221,0.1821,501.0,0.99692,-31.1959
1900,1901,1907,1,龍潭北 E.T2                             ,1,1900,1901,1907,345.0,161.0,33.0,500.0,500.0,90.0,0.0,0.0,0.0,9.980039920159717e-06,0.005938123752495011,5.389221556886226e-05,0.0009381237524950063,0.00043113772455089823,0.030409181636726547,2.969061876247505,0.0049900199600798585,1.0,0.026946107784431128,2.736826347305389,0.03880239520958084,0.00032,0.03445,501.0,0.00243,0.15705,501.0,0.00221,0.1821,501.0,0.99692,-31.1959
1900,1901,1908,1,龍潭北 E.T3                             ,1,1900,1901,1908,345.0,161.0,33.0,500.0,500.0,90.0,0.0,0.0,0.0,9.980039920159717e-06,0.005938123752495011,5.389221556886226e-05,0.0009381237524950063,0.00043113772455089823,0.030409181636726547,2.969061876247505,0.0049900199600798585,1.0,0.026946107784431128,2.736826347305389,0.03880239520958084,0.00032,0.03445,501.0,0.00243,0.15705,501.0,0.00221,0.1821,501.0,0.99692,-31.1959
1900,1901,1909,1,龍潭北 E.T4                             ,1,1900,1901,1909,345.0,161.0,33.0,500.0,500.0,90.0,0.0,0.0,0.0,1.5968063872255514e-05,0.006009980039920159,4.9900199600798394e-05,0.0007225548902195615,0.00046107784431137727,0.030033932135728542,3.0049900199600796,0.007984031936127758,1.0,0.024950099800399198,2.7030538922155687,0.04149700598802396,0.00033,0.03373,501.0,0.00256,0.15409,501.0,0.00239,0.18058,501.0,0.9974,-31.3434
1900,1901,1905,1,龍潭北 E.T8                             ,1,1900,1901,1905,345.0,161.0,33.0,500.0,500.0,90.0,0.0,0.0,0.0,3.3932135728542907e-05,0.007298403193612775,4.59081836327345e-05,-0.0005119760479041918,0.0005648702594810379,0.030977045908183634,3.6492015968063876,0.016966067864271454,1.0,0.02295409181636725,2.787934131736527,0.050838323353293406,0.0004,0.034,501.0,0.00306,0.15263,501.0,0.003,0.19176,501.0,1.00081,-32.2633
1910,1911,1918,1,龍潭南 E.T5                             ,1,1910,1911,1918,345.0,161.0,33.0,500.0,500.0,90.0,0.0,0.0,0.0,1.5968063872255514e-05,0.005958083832335332,4.790419161676646e-05,0.0009141716566866236,0.00042115768463073857,0.03014570858283433,2.9790419161676662,0.007984031936127758,1.0,0.02395209580838323,2.7131137724550896,0.03790419161676647,0.00032,0.03443,501.0,0.00235,0.15561,501.0,0.00219,0.18088,501.0,0.99392,-24.977
1910,1911,1919,1,龍潭南 E.T6                             ,1,1910,1911,1919,345.0,161.0,33.0,500.0,500.0,90.0,0.0,0.0,0.0,1.4970059880239548e-05,0.005976047904191617,4.890219560878243e-05,0.0008802395209580836,0.000436127744510978,0.030191616766467064,2.9880239520958085,0.007485029940119774,1.0,0.024451097804391215,2.7172455089820358,0.03925149700598802,0.00032,0.03435,501.0,0.00243,0.15567,501.0,0.00226,0.1812,501.0,0.99409,-24.9824
1910,1911,1917,1,龍潭南 E.T7                             ,2,1910,1911,1917,345.0,161.0,33.0,500.0,500.0,90.0,0.0,0.0,0.0,5.6886227544910184e-05,0.007196606786427147,2.4950099800399156e-05,-0.0005259481037924174,0.000533932135728543,0.03163373253493013,3.5983033932135733,0.028443113772455092,1.0,0.012475049900199578,2.847035928143712,0.04805389221556887,0.00041,0.03342,501.0,0.0028,0.15585,501.0,0.00296,0.19454,501.0,0.96337,-23.8614
1930,1931,1936,1,竹園E.T1                                ,1,1930,1931,1936,345.0,161.0,33.0,500.0,500.0,90.0,0.0,0.0,0.0,2.9999999999999997e-05,-0.0007020000000000012,3.8000000000000016e-05,0.007454000000000002,5.4000000000000005e-05,0.031170000000000007,1.0,0.015,3.727000000000001,0.019000000000000006,2.805300000000001,0.004860000000000001,0.00034,0.03376,500.0,0.00046,0.19312,500.0,0.00042,0.15234,500.0,1.03308,-23.1047
1930,1931,1937,2,竹園E.T2                                ,2,1930,1931,1937,345.0,161.0,33.0,500.0,500.0,90.0,0.0,0.0,0.0,7.8e-05,0.007595999999999999,1.8000000000000004e-05,-0.0011119999999999984,0.000514,0.027644000000000002,3.797999999999999,0.039,1.0,0.009000000000000001,2.48796,0.04626,0.00048,0.03242,500.0,0.00266,0.13266,500.0,0.00296,0.1762,500.0,1.03135,-23.6833
1930,1931,1938,3,竹園E.T3                                ,1,1930,1931,1938,345.0,161.0,33.0,500.0,500.0,90.0,0.0,0.0,0.0,9.200000000000007e-05,0.007654000000000001,3.999999999999935e-06,-0.0011660000000000004,0.000512,0.027698,3.8270000000000004,0.046000000000000034,1.0,0.001999999999999967,2.49282,0.046079999999999996,0.00048,0.03244,500.0,0.00258,0.13266,500.0,0.00302,0.17676,500.0,1.01331,-30.3235
1930,1941,1946,4,竹園E.T4                                ,1,1930,1941,1946,345.0,161.0,33.0,500.0,500.0,90.0,0.0,0.0,0.0,9.200000000000001e-05,0.007602000000000001,3.999999999999989e-06,-0.0011539999999999988,0.0005160000000000001,0.027618,3.8010000000000006,0.046000000000000006,1.0,0.0019999999999999944,2.48562,0.04644000000000001,0.00048,0.03224,500.0,0.0026,0.13232,500.0,0.00304,0.1761,500.0,1.01332,-30.3192
1930,1941,1947,5,竹園E.T5                                ,1,1930,1941,1947,345.0,161.0,33.0,500.0,500.0,90.0,0.0,0.0,0.0,8.999999999999997e-05,0.007620000000000002,6.000000000000037e-06,-0.0011560000000000008,0.0005180000000000001,0.027507999999999998,3.810000000000001,0.044999999999999984,1.0,0.0030000000000000187,2.47572,0.04662000000000001,0.00048,0.03232,500.0,0.00262,0.13176,500.0,0.00304,0.17564,500.0,1.01335,-30.3186
1930,1941,1948,6,竹園E.T6                                ,1,1930,1941,1948,345.0,161.0,33.0,500.0,500.0,90.0,0.0,0.0,0.0,5.400000000000001e-05,0.007545999999999997,3.8e-05,-0.0010739999999999986,0.000542,0.027736000000000004,3.772999999999999,0.027000000000000007,1.0,0.019,2.4962400000000002,0.04878,0.00046,0.03236,500.0,0.0029,0.13331,500.0,0.00298,0.17641,500.0,1.01394,-30.2472
2000,2001,2005,1,峨眉 E.T1                               ,1,2000,2001,2005,345.0,161.0,33.0,500.0,500.0,90.0,0.0,0.0,0.0,4.091816367265467e-05,0.008113772455089822,5.089820359281444e-05,-0.0012814371257485017,0.0004500998003992016,0.030033932135728546,4.0568862275449105,0.020459081836327334,1.0,0.02544910179640722,2.703053892215569,0.04050898203592814,0.00046,0.03423,501.0,0.00251,0.14405,501.0,0.00246,0.19112,501.0,1.0101,-24.3904
2000,2001,2007,2,峨眉 E.T2                               ,2,2000,2001,2007,345.0,161.0,33.0,500.0,500.0,90.0,0.0,0.0,0.0,2.195608782435131e-05,0.005747504990019962,4.59081836327345e-05,0.0011886227544910186,0.00048702594810379245,0.029444111776447103,2.873752495009981,0.010978043912175656,1.0,0.02295409181636725,2.649970059880239,0.04383233532934132,0.00034,0.03475,501.0,0.00267,0.15347,501.0,0.00255,0.17631,501.0,1.00892,-22.2257
2000,2001,2008,3,峨眉 E.T3                               ,1,2000,2001,2008,345.0,161.0,33.0,500.0,500.0,90.0,0.0,0.0,0.0,2.195608782435131e-05,0.005747504990019962,4.59081836327345e-05,0.0011886227544910186,0.00048702594810379245,0.029444111776447103,2.873752495009981,0.010978043912175656,1.0,0.02295409181636725,2.649970059880239,0.04383233532934132,0.00034,0.03475,501.0,0.00267,0.15347,501.0,0.00255,0.17631,501.0,1.00953,-23.7369
2000,2001,2009,4,峨眉 E.T4                               ,1,2000,2001,2009,345.0,161.0,33.0,500.0,500.0,90.0,0.0,0.0,0.0,2.195608782435131e-05,0.005747504990019962,4.59081836327345e-05,0.0011886227544910186,0.00048702594810379245,0.029444111776447103,2.873752495009981,0.010978043912175656,1.0,0.02295409181636725,2.649970059880239,0.04383233532934132,0.00034,0.03475,501.0,0.00267,0.15347,501.0,0.00255,0.17631,501.0,1.00953,-23.7369
2000,2001,2006,5,峨眉 E.T5                               ,1,2000,2001,2006,345.0,161.0,33.0,500.0,500.0,90.0,0.0,0.0,0.0,3.9920159680638704e-05,0.007154690618762479,3.9920159680638704e-05,-0.00040818363273453437,0.0005588822355289421,0.030765469061876247,3.5773453093812395,0.01996007984031935,1.0,0.01996007984031935,2.7688922155688624,0.05029940119760479,0.0004,0.0338,501.0,0.003,0.15209,501.0,0.003,0.18998,501.0,1.00984,-24.1593
2030,2031,2036,3,竹工 E.T3                               ,1,2030,2031,2036,345.0,161.0,33.0,500.0,500.0,90.0,0.0,0.0,0.0,0.00031999999999999997,0.034710000000000005,0.00012000000000000031,-0.00039000000000001533,0.00228,0.15773,17.355000000000004,0.15999999999999998,1.0,0.06000000000000016,14.1957,0.2052,0.0022,0.1716,500.0,0.012,0.7867,500.0,0.013,0.9622,500.0,1.00163,-25.7822
2030,2041,2046,4,竹工 E.T4                               ,1,2030,2041,2046,345.0,161.0,33.0,500.0,500.0,90.0,0.0,0.0,0.0,0.0003699999999999999,0.03409000000000001,6.999999999999997e-05,8.999999999999286e-05,0.00221,0.15857000000000004,17.045000000000005,0.18499999999999994,1.0,0.03499999999999998,14.271300000000004,0.19890000000000002,0.0022,0.1709,500.0,0.0114,0.7933,500.0,0.0129,0.9633,500.0,1.00127,-25.723
2030,2041,2047,5,竹工 E.T5                               ,1,2030,2041,2047,345.0,161.0,33.0,500.0,500.0,90.0,0.0,0.0,0.0,0.00031000000000000016,0.034890000000000004,0.00014999999999999974,-0.00032999999999999696,0.00219,0.15989,17.445000000000004,0.15500000000000008,1.0,0.07499999999999987,14.3901,0.1971,0.0023,0.1728,500.0,0.0117,0.7978,500.0,0.0125,0.9739,500.0,1.00166,-25.7734
2100,800,2108,1,天輪 E.T1                               ,1,2100,800,2108,345.0,161.0,33.0,500.0,500.0,90.0,0.0,0.0,0.0,3.592814371257484e-05,0.007323353293413172,3.592814371257484e-05,-0.0006427145708582833,0.000499001996007984,0.03179640718562874,3.661676646706586,0.01796407185628742,1.0,0.01796407185628742,2.8616766467065866,0.044910179640718556,0.00036,0.03347,501.0,0.00268,0.15608,501.0,0.00268,0.19599,501.0,1.00252,-18.2506
2100,800,2109,2,天輪 E.T2                               ,1,2100,800,2109,345.0,161.0,33.0,500.0,500.0,90.0,0.0,0.0,0.0,4.7904191616766434e-05,0.007297405189620758,2.3952095808383244e-05,-0.0006247504990019963,0.00048702594810379245,0.03182235528942116,3.6487025948103793,0.023952095808383218,1.0,0.011976047904191623,2.8640119760479044,0.04383233532934132,0.00036,0.03343,501.0,0.00256,0.1563,501.0,0.00268,0.19599,501.0,1.00257,-18.2545
2130,2141,2148,2,后里 E.T2                               ,1,2130,2141,2148,345.0,161.0,33.0,500.0,500.0,90.0,0.0,0.0,0.0,0.00027999999999999987,0.03914000000000002,0.00018000000000000004,-0.00674000000000001,0.0024400000000000003,0.13764,19.57000000000001,0.13999999999999993,3.370000000000005,0.09000000000000002,12.3876,0.21960000000000002,0.0023,0.162,500.0,0.0131,0.6545,500.0,0.0136,0.8839,500.0,1.00678,-21.0779
2130,2141,2149,3,后里 E.T3                               ,1,2130,2141,2149,345.0,161.0,33.0,500.0,500.0,90.0,0.0,0.0,0.0,0.00023999999999999998,0.03985000000000001,0.00021999999999999993,-0.007389999999999994,0.00242,0.13459000000000002,19.925000000000004,0.12,3.6949999999999967,0.10999999999999996,12.113100000000001,0.2178,0.0023,0.1623,500.0,0.0132,0.636,500.0,0.0133,0.8722,500.0,1.00674,-21.1354
2130,2131,2137,4,后里 E.T4                               ,1,2130,2131,2137,345.0,161.0,33.0,500.0,500.0,90.0,0.0,0.0,0.0,0.0002000000000000001,0.03802000000000001,0.0002400000000000002,-0.005540000000000003,0.0024,0.13732000000000003,19.010000000000005,0.10000000000000005,2.770000000000002,0.12000000000000009,12.358800000000002,0.21599999999999997,0.0022,0.1624,500.0,0.0132,0.6589,500.0,0.013,0.8767,500.0,1.01394,-20.619
2130,2131,2138,5,后里 E.T5                               ,1,2130,2131,2138,345.0,161.0,33.0,500.0,500.0,90.0,0.0,0.0,0.0,0.00023999999999999998,0.03828100000000001,0.00021999999999999993,-0.005725000000000008,0.00244,0.136919,19.140500000000003,0.12,2.862500000000004,0.10999999999999996,12.32271,0.2196,0.0023,0.16278,500.0,0.0133,0.65597,500.0,0.0134,0.876,500.0,1.01406,-20.6333
2130,2131,2139,6,后里 E.T6                               ,1,2130,2131,2139,345.0,161.0,33.0,500.0,500.0,90.0,0.0,0.0,0.0,4.2000000000000045e-05,0.007658999999999999,5.399999999999996e-05,-0.001118999999999995,0.0004820000000000001,0.027337,3.8294999999999995,0.021000000000000022,1.0,0.02699999999999998,2.46033,0.04338000000000001,0.00048,0.0327,500.0,0.00268,0.13109,500.0,0.00262,0.17498,500.0,1.0115,-20.6272
2130,2141,2147,1,后里E.T1                                ,1,2130,2141,2147,345.0,161.0,33.0,500.0,500.0,90.0,0.0,0.0,0.0,7.999999999999978e-06,0.007225000000000004,6.000000000000005e-05,-0.00033300000000000343,0.0005400000000000001,0.031259,3.612500000000002,0.003999999999999989,1.0,0.030000000000000023,2.81331,0.04860000000000001,0.00034,0.03446,500.0,0.003,0.15463,500.0,0.00274,0.19242,500.0,1.00778,-20.6152
2150,2151,2156,1,中港 E.T1                               ,1,2150,2151,2156,345.0,161.0,33.0,500.0,500.0,90.0,0.0,0.0,0.0,2.5948103792415204e-05,0.0059461077844311355,3.792415169660677e-05,0.000818363273453096,0.0004411177644710579,0.030377245508982034,2.973053892215568,0.012974051896207602,1.0,0.018962075848303384,2.733952095808383,0.03970059880239521,0.00032,0.03389,501.0,0.0024,0.15629,501.0,0.00234,0.18198,501.0,0.99471,-21.6185
2150,2151,2157,2,中港 E.T2                               ,1,2150,2151,2157,345.0,161.0,33.0,500.0,500.0,90.0,0.0,0.0,0.0,2.5948103792415204e-05,0.0059461077844311355,3.792415169660677e-05,0.000818363273453096,0.0004411177644710579,0.030377245508982034,2.973053892215568,0.012974051896207602,1.0,0.018962075848303384,2.733952095808383,0.03970059880239521,0.00032,0.03389,501.0,0.0024,0.15629,501.0,0.00234,0.18198,501.0,0.99471,-21.6185
2150,2161,2164,3,中港 E.T3                               ,1,2150,2161,2164,345.0,161.0,33.0,500.0,500.0,90.0,0.0,0.0,0.0,2.5948103792415204e-05,0.0059461077844311355,3.792415169660677e-05,0.0008203592814371267,0.0004411177644710579,0.030377245508982038,2.973053892215568,0.012974051896207602,1.0,0.018962075848303384,2.7339520958083834,0.03970059880239521,0.00032,0.0339,501.0,0.0024,0.1563,501.0,0.00234,0.18198,501.0,0.9947,-21.6167
2150,2161,2165,4,中港 E.T4                               ,1,2150,2161,2165,345.0,161.0,33.0,500.0,500.0,90.0,0.0,0.0,0.0,2.794411177644711e-05,0.005926147704590821,3.9920159680638704e-05,0.0009121756487025928,0.0004790419161676647,0.030109780439121756,2.9630738522954108,0.013972055888223554,1.0,0.01996007984031935,2.709880239520958,0.04311377245508982,0.00034,0.03426,501.0,0.0026,0.15542,501.0,0.00254,0.18054,501.0,0.99435,-21.532
2150,2161,2166,5,中港 E.T5                               ,1,2150,2161,2166,345.0,161.0,33.0,500.0,500.0,90.0,0.0,0.0,0.0,3.3932135728542907e-05,0.005918163672654691,3.3932135728542907e-05,0.001079840319361279,0.0004930139720558882,0.0301377245508982,2.9590818363273454,0.016966067864271454,1.0,0.016966067864271454,2.712395209580838,0.04437125748502994,0.00034,0.03506,501.0,0.00264,0.1564,501.0,0.00264,0.18064,501.0,0.99359,-21.3883
2161,2162,2167,1,中港 M.T6                               ,1,2161,2162,2167,161.0,69.0,11.0,200.0,200.0,66.0,0.0,0.0,0.0,0.0004125,0.030125,0.00021750000000000003,-0.002454999999999999,0.0011725000000000001,0.050535,6.0249999999999995,0.0825,1.0,0.043500000000000004,3.3353099999999998,0.07738500000000001,0.00126,0.05534,200.0,0.00278,0.09616,200.0,0.00317,0.16132,200.0,1.01089,-25.59
2161,2162,2168,3,中港 M.T8                               ,1,2161,2162,2168,161.0,69.0,11.0,200.0,200.0,66.0,0.0,0.0,0.0,0.00045,0.031150000000000004,0.00022500000000000005,-0.003380000000000001,0.0013,0.052155,6.23,0.09,1.0,0.04500000000000001,3.44223,0.0858,0.00135,0.05554,200.0,0.00305,0.09755,200.0,0.0035,0.16661,200.0,1.01139,-25.6825
2161,2162,2169,4,中港 M.T9                               ,1,2161,2162,2169,161.0,69.0,11.0,200.0,200.0,66.0,0.0,0.0,0.0,0.0004249999999999999,0.033275,0.00025,-0.002480000000000003,0.001375,0.051555,6.654999999999999,0.08499999999999998,1.0,0.05,3.40263,0.09075,0.00135,0.06159,200.0,0.00325,0.09815,200.0,0.0036,0.16966,200.0,1.01078,-25.5667
2170,2171,2177,2,中科 E.T2                               ,1,2170,2171,2177,345.0,161.0,33.0,500.0,500.0,90.0,0.0,0.0,0.0,5.400000000000001e-05,0.0075840000000000005,3.8000000000000056e-05,-0.0010799999999999976,0.000534,0.027498,3.7920000000000003,0.027000000000000007,1.0,0.019000000000000027,2.4748200000000002,0.04806,0.00046,0.03252,500.0,0.00286,0.13209,500.0,0.00294,0.17541,500.0,1.00534,-20.1659
2170,2171,2178,3,中科 E.T3                               ,1,2170,2171,2178,345.0,161.0,33.0,500.0,500.0,90.0,0.0,0.0,0.0,5.200000000000002e-05,0.0072460000000000024,3.9999999999999996e-05,-0.0004860000000000003,0.0005,0.030906000000000003,3.623000000000001,0.02600000000000001,1.0,0.019999999999999997,2.78154,0.045,0.00046,0.0338,500.0,0.0027,0.1521,500.0,0.00276,0.19076,500.0,1.00636,-19.8056
2170,2181,2186,4,中科 E.T4                               ,1,2170,2181,2186,345.0,161.0,33.0,500.0,500.0,90.0,0.0,0.0,0.0,4.999999999999997e-05,0.0071899999999999985,4.2000000000000045e-05,-0.00045399999999999954,0.0005020000000000001,0.030918000000000005,3.5949999999999993,0.024999999999999984,1.0,0.021000000000000022,2.7826200000000005,0.045180000000000005,0.00046,0.03368,500.0,0.00272,0.15232,500.0,0.00276,0.19054,500.0,1.00643,-19.7886
2170,2181,2187,5,中科 E.T5                               ,1,2170,2181,2187,345.0,161.0,33.0,500.0,500.0,90.0,0.0,0.0,0.0,4.7999999999999974e-05,0.007201999999999998,4.400000000000004e-05,-0.00042199999999999876,0.000492,0.031262000000000005,3.600999999999999,0.023999999999999987,1.0,0.02200000000000002,2.8135800000000004,0.04428,0.00046,0.0339,500.0,0.00268,0.1542,500.0,0.0027,0.19232,500.0,1.00651,-19.7691
2170,2171,2176,1,中科E.T1                                ,1,2170,2171,2176,345.0,161.0,33.0,500.0,500.0,90.0,0.0,0.0,0.0,3.4000000000000007e-05,0.007434000000000003,4.6e-05,-0.000674000000000001,6.6e-05,0.031342,3.7170000000000014,0.017000000000000005,1.0,0.023,2.82078,0.005940000000000001,0.0004,0.0338,500.0,0.00056,0.15334,500.0,0.0005,0.19388,500.0,1.0061,-19.9125
2170,2181,2188,6,中科E.T6                                ,1,2170,2181,2188,345.0,161.0,33.0,500.0,500.0,90.0,0.0,0.0,0.0,7.999999999999978e-06,0.007225000000000004,6.000000000000005e-05,-0.00033300000000000343,0.0005400000000000001,0.031259,3.612500000000002,0.003999999999999989,1.0,0.030000000000000023,2.81331,0.04860000000000001,0.00034,0.03446,500.0,0.003,0.15463,500.0,0.00274,0.19242,500.0,1.0068,-19.7173
2200,2201,2206,1,霧峰 E.T1                               ,1,2200,2201,2206,345.0,161.0,33.0,500.0,500.0,90.0,0.0,0.0,0.0,5.189620758483035e-05,0.007655688622754491,3.992015968063876e-05,-0.001152694610778441,0.000499001996007984,0.02725049900199601,3.8278443113772456,0.025948103792415175,1.0,0.01996007984031938,2.4525449101796406,0.044910179640718556,0.00046,0.03258,501.0,0.0027,0.13075,501.0,0.00276,0.17488,501.0,1.01612,-17.9435
2200,2201,2207,2,霧峰 E.T2                               ,1,2200,2201,2207,345.0,161.0,33.0,500.0,500.0,90.0,0.0,0.0,0.0,4.990019960079842e-05,0.0076237524950099785,4.191616766467069e-05,-0.0011167664670658668,0.0005009980039920159,0.027657684630738522,3.811876247504989,0.02495009980039921,1.0,0.020958083832335345,2.489191616766467,0.045089820359281434,0.00046,0.0326,501.0,0.00272,0.13297,501.0,0.00276,0.17676,501.0,1.01593,-17.9135
2200,2201,2208,3,霧峰 E.T3                               ,1,2200,2201,2208,345.0,161.0,33.0,500.0,500.0,90.0,0.0,0.0,0.0,4.790419161676649e-05,0.007677644710578841,4.391217564870262e-05,-0.0011706586826347315,0.0004910179640718563,0.02773552894211577,3.8388223552894205,0.023952095808383245,1.0,0.021956087824351312,2.496197604790419,0.044191616766467066,0.00046,0.0326,501.0,0.00268,0.13309,501.0,0.0027,0.17742,501.0,1.01628,-17.956
2201,2202,2216,1,霧峰 M.T1                               ,1,2201,2202,2216,161.0,69.0,11.0,200.0,200.0,66.0,0.0,0.0,0.0,0.0005249999999999999,0.03272,0.0002500000000000001,-0.001904999999999997,0.0011,0.049635000000000006,6.544,0.10499999999999997,1.0,0.050000000000000024,3.2759100000000005,0.0726,0.00155,0.06163,200.0,0.0027,0.09546,200.0,0.00325,0.16471,200.0,1.00173,-20.5837
2201,2202,2217,2,霧峰 M.T2                               ,1,2201,2202,2217,161.0,69.0,11.0,200.0,200.0,66.0,0.0,0.0,0.0,0.0004125000000000001,0.03066,0.00021749999999999992,-0.002819999999999996,0.0011675,0.050225000000000006,6.132,0.08250000000000002,1.0,0.04349999999999998,3.3148500000000003,0.077055,0.00126,0.05568,200.0,0.00277,0.09481,200.0,0.00316,0.16177,200.0,1.002,-20.7152
2201,2202,2218,3,霧峰 M.T3                               ,1,2201,2202,2218,161.0,69.0,11.0,200.0,200.0,66.0,0.0,0.0,0.0,0.00045000000000000004,0.0286,0.00025,-0.0019999999999999983,0.0006999999999999999,0.0161,5.72,0.09000000000000001,1.0,0.05,1.0626,0.04619999999999999,0.0014,0.0532,200.0,0.0019,0.0282,200.0,0.0023,0.0894,200.0,1.00191,-20.6275
2300,2301,2306,1,彰濱 E.T1                               ,1,2300,2301,2306,345.0,161.0,33.0,500.0,500.0,90.0,0.0,0.0,0.0,2.495009980039921e-05,0.005902195608782437,2.8942115768463075e-05,-0.0009500998003992046,0.0004620758483033932,0.029998003992015968,2.9510978043912184,0.012475049900199604,1.0,0.014471057884231538,2.699820359281437,0.041586826347305386,0.00027,0.02481,501.0,0.00246,0.14553,501.0,0.00244,0.17986,501.0,1.01489,-1.9508
2300,2301,2307,2,彰濱 E.T2                               ,1,2300,2301,2307,345.0,161.0,33.0,500.0,500.0,90.0,0.0,0.0,0.0,2.3952095808383244e-05,0.005819361277445111,2.994011976047904e-05,-0.0008592814371257487,0.00045708582834331335,0.02972754491017964,2.909680638722555,0.011976047904191623,1.0,0.014970059880239521,2.6754790419161676,0.0411377245508982,0.00027,0.02485,501.0,0.00244,0.14463,501.0,0.00241,0.17809,501.0,1.01435,-1.9367
2300,2311,2316,3,彰濱 E.T3                               ,1,2300,2311,2316,345.0,161.0,33.0,500.0,500.0,1.0,0.0,0.0,0.0,5.6000000000000006e-05,0.0037680000000000005,3.5999999999999953e-05,0.002704,0.000548,0.024046,1.8840000000000003,0.028000000000000004,1.3519999999999999,0.017999999999999978,1.0,0.000548,0.00046,0.03236,500.0,0.00292,0.13375,500.0,0.00302,0.13907,500.0,0.99654,3.0977
2300,2311,2317,4,彰濱 E.T4                               ,1,2300,2311,2317,345.0,161.0,33.0,500.0,500.0,500.0,0.0,0.0,0.0,8.800000000000002e-05,0.0075420000000000036,8.000000000000032e-06,-0.001077999999999999,0.000524,0.027966000000000005,3.7710000000000017,0.04400000000000001,1.0,0.004000000000000016,13.983000000000002,0.262,0.00048,0.03232,500.0,0.00266,0.13444,500.0,0.00306,0.17754,500.0,0.99265,7.2858
2320,2321,2325,1,彰林 E.T1                               ,1,2320,2321,2325,345.0,161.0,33.0,500.0,500.0,90.0,0.0,0.0,0.0,7.999999999999978e-06,0.007225000000000004,6.000000000000005e-05,-0.00033300000000000343,0.0005400000000000001,0.031259,3.612500000000002,0.003999999999999989,1.0,0.030000000000000023,2.81331,0.04860000000000001,0.00034,0.03446,500.0,0.003,0.15463,500.0,0.00274,0.19242,500.0,1.0092,-7.9857
2320,2321,2326,2,彰林 E.T2                               ,1,2320,2321,2326,345.0,161.0,33.0,500.0,500.0,90.0,0.0,0.0,0.0,4.400000000000004e-05,0.0074689999999999965,3.999999999999997e-05,-0.0006449999999999997,0.00044,0.031997000000000005,3.7344999999999984,0.02200000000000002,1.0,0.019999999999999983,2.8797300000000003,0.0396,0.00042,0.03412,500.0,0.0024,0.15676,500.0,0.00242,0.19733,500.0,1.00839,-8.0204
2320,3066,2327,3,彰林 E.T3                               ,1,2320,3066,2327,345.0,161.0,33.0,500.0,500.0,90.0,0.0,0.0,0.0,5.199999999999996e-05,0.007472000000000003,3.600000000000001e-05,-0.0006400000000000017,0.00044000000000000007,0.031923999999999994,3.7360000000000015,0.02599999999999998,1.0,0.018000000000000002,2.8731599999999995,0.0396,0.00044,0.03416,500.0,0.00238,0.15642,500.0,0.00246,0.19698,500.0,1.00971,-8.015
2320,2331,2337,4,彰林 E.T4                               ,1,2320,2331,2337,345.0,161.0,33.0,500.0,500.0,90.0,0.0,0.0,0.0,4.3999999999999985e-05,0.007339000000000002,4.3999999999999985e-05,-0.0005270000000000032,0.0004320000000000001,0.031991,3.669500000000001,0.021999999999999992,1.0,0.021999999999999992,2.87919,0.03888000000000001,0.00044,0.03406,500.0,0.00238,0.15732,500.0,0.00238,0.19665,500.0,1.00844,-8.0101
2320,2331,2338,5,彰林 E.T5                               ,0,2320,2331,2338,345.0,161.0,33.0,500.0,500.0,90.0,0.0,0.0,0.0,4.7999999999999974e-05,0.007384999999999999,4.0000000000000024e-05,-0.000508999999999999,0.00040400000000000006,0.03199300000000001,3.6924999999999994,0.023999999999999987,1.0,0.02000000000000001,2.8793700000000007,0.03636,0.00044,0.03438,500.0,0.00222,0.15742,500.0,0.00226,0.19689,500.0,1.0,0.0
2321,2322,2328,2,彰林 M.T2                               ,1,2321,2322,2328,161.0,69.0,11.0,200.0,200.0,66.0,0.0,0.0,0.0,0.00043749999999999985,0.0338,0.0002874999999999999,-0.0026599999999999957,0.0014625,0.050955,6.76,0.08749999999999997,1.0,0.057499999999999975,3.36303,0.096525,0.00145,0.06228,200.0,0.0035,0.09659,200.0,0.0038,0.16951,200.0,1.0038,-10.1603
2321,2322,2329,3,彰林 M.T3                               ,1,2321,2322,2329,161.0,69.0,11.0,200.0,200.0,66.0,0.0,0.0,0.0,0.0004000000000000001,0.0336775,0.0002999999999999999,-0.0025625000000000023,0.00145,0.0507775,6.7355,0.08000000000000002,1.0,0.059999999999999984,3.351315,0.0957,0.0014,0.06223,200.0,0.0035,0.09643,200.0,0.0037,0.16891,200.0,1.00382,-10.1542
2331,2332,2339,1,彰林 M.T1                               ,1,2331,2332,2339,161.0,69.0,11.0,200.0,200.0,60.0,0.0,0.0,0.0,0.00038750000000000004,0.033752500000000005,0.00031250000000000006,-0.0027124999999999996,0.0014625,0.051077500000000005,6.750500000000001,0.07750000000000001,1.0,0.06250000000000001,3.0646500000000003,0.08775000000000001,0.0014,0.06208,200.0,0.00355,0.09673,200.0,0.0037,0.16966,200.0,1.00382,-10.1645
2350,2351,2357,1,全興 E.T2                               ,1,2350,2351,2357,345.0,161.0,33.0,500.0,500.0,90.0,0.0,0.0,0.0,4.391217564870257e-05,0.00594810379241517,2.3952095808383244e-05,-0.0010159680638722572,0.0005089820359281437,0.029952095808383233,2.974051896207585,0.021956087824351284,1.0,0.011976047904191623,2.695688622754491,0.04580838323353293,0.00034,0.02471,501.0,0.00267,0.14497,501.0,0.00277,0.17986,501.0,1.00109,-3.6583
2350,2351,2358,2,全興 E.T3                               ,1,2350,2351,2358,345.0,161.0,33.0,500.0,500.0,90.0,0.0,0.0,0.0,1.0978043912175683e-05,0.005915169660678642,5.4890219560878225e-05,-0.001114770459081836,0.00043013972055888226,0.03009880239520958,2.9575848303393206,0.005489021956087841,1.0,0.02744510978043911,2.7088922155688624,0.03871257485029941,0.00033,0.02405,501.0,0.00243,0.14521,501.0,0.00221,0.18043,501.0,1.00146,-3.6843
2350,2351,2359,3,全興 E.T4                               ,1,2350,2351,2359,345.0,161.0,33.0,500.0,500.0,90.0,0.0,0.0,0.0,4.391217564870257e-05,0.005760479041916166,2.5948103792415177e-05,-0.0009720558882235497,0.0004790419161676648,0.02974051896207585,2.880239520958083,0.021956087824351284,1.0,0.012974051896207588,2.6766467065868267,0.04311377245508983,0.00035,0.02399,501.0,0.00253,0.14413,501.0,0.00262,0.17786,501.0,1.00107,-3.6546
2370,2371,2375,1,彰工 E.T1                               ,1,2370,2371,2375,345.0,161.0,33.0,500.0,500.0,500.0,0.0,0.0,0.0,3.12e-05,0.007428000000000002,-1.2799999999999986e-05,-0.0006606000000000008,0.0006568,0.031165800000000004,3.7140000000000013,0.0156,1.0,0.0063999999999999925,15.582900000000002,0.3284,9.2e-05,0.033837,500.0,0.00322,0.152526,500.0,0.00344,0.192969,500.0,1.00562,-0.5143
2370,2371,2376,2,彰工 E.T2                               ,1,2370,2371,2376,345.0,161.0,33.0,500.0,500.0,90.0,0.0,0.0,0.0,2.620000000000004e-05,0.007022500000000001,5.499999999999998e-05,-0.0002908999999999967,0.0005202,0.0310415,3.5112500000000004,0.01310000000000002,1.0,0.02749999999999999,2.793735,0.046818,0.000406,0.033658,500.0,0.002876,0.153753,500.0,0.002732,0.19032,500.0,1.00552,-0.535
2370,2371,2377,3,彰工 E.T3                               ,1,2370,2371,2377,345.0,161.0,33.0,500.0,500.0,90.0,0.0,0.0,0.0,1.439999999999997e-05,0.007408699999999999,6.86000000000001e-05,-0.0006572999999999996,0.0005362,0.031163299999999998,3.7043499999999994,0.007199999999999985,1.0,0.034300000000000046,2.804697,0.048258,0.000415,0.033757,500.0,0.003024,0.15253,500.0,0.002753,0.19286,500.0,1.00553,-0.5141
2370,2371,2378,4,彰工 E.T4                               ,1,2370,2371,2378,345.0,161.0,33.0,500.0,500.0,500.0,0.0,0.0,0.0,5.400000000000001e-05,0.0069578000000000036,3.399999999999996e-05,-0.00015440000000000245,0.00042200000000000007,0.0317072,3.4789000000000017,0.027000000000000007,1.0,0.01699999999999998,15.853599999999998,0.21100000000000002,0.00044,0.034017,500.0,0.00228,0.157764,500.0,0.00238,0.193325,500.0,1.00554,-0.543
2370,2371,2379,5,彰工E.T5                                ,1,2370,2371,2379,345.0,161.0,33.0,500.0,500.0,90.0,0.0,0.0,0.0,7.999999999999978e-06,0.007225000000000004,6.000000000000005e-05,-0.00033300000000000343,0.0005400000000000001,0.031259,3.612500000000002,0.003999999999999989,1.0,0.030000000000000023,2.81331,0.04860000000000001,0.00034,0.03446,500.0,0.003,0.15463,500.0,0.00274,0.19242,500.0,1.00552,-0.533
2400,2401,2407,1,南投 E.T1                               ,1,2400,2401,2407,345.0,161.0,33.0,500.0,500.0,90.0,0.0,0.0,0.0,3.1936127744510974e-05,0.00587624750499002,3.3932135728542907e-05,-0.0010439121756487015,0.00046506986027944103,0.030271457085828343,2.93812375249501,0.015968063872255488,1.0,0.016966067864271454,2.724431137724551,0.04185628742514969,0.00033,0.02421,501.0,0.0025,0.14643,501.0,0.00249,0.1811,501.0,0.99761,-10.3779
2400,2401,2408,2,南投 E.T2                               ,1,2400,2401,2408,345.0,161.0,33.0,500.0,500.0,90.0,0.0,0.0,0.0,3.1936127744510974e-05,0.005881237524950098,3.3932135728542907e-05,-0.0010389221556886229,0.00046506986027944103,0.030266467065868264,2.940618762475049,0.015968063872255488,1.0,0.016966067864271454,2.723982035928144,0.04185628742514969,0.00033,0.02426,501.0,0.0025,0.14643,501.0,0.00249,0.1811,501.0,0.99761,-10.374
2400,2401,2409,3,南投 E.T3                               ,1,2400,2401,2409,345.0,161.0,33.0,500.0,500.0,90.0,0.0,0.0,0.0,3.1936127744510974e-05,0.00587624750499002,3.3932135728542907e-05,-0.0010439121756487015,0.00046506986027944103,0.030271457085828343,2.93812375249501,0.015968063872255488,1.0,0.016966067864271454,2.724431137724551,0.04185628742514969,0.00033,0.02421,501.0,0.0025,0.14643,501.0,0.00249,0.1811,501.0,0.99761,-10.3779
2401,2402,2416,1,南投 M.T5                               ,1,2401,2402,2416,161.0,69.0,11.0,200.0,200.0,66.0,0.0,0.0,0.0,0.0004625,0.0318975,0.00027249999999999996,-0.002432499999999997,0.0011975,0.0521125,6.3795,0.0925,1.0,0.05449999999999999,3.439425,0.079035,0.00147,0.05893,200.0,0.00294,0.09936,200.0,0.00332,0.16802,200.0,1.00357,-12.3355
2401,2402,2417,2,南投 M.T6                               ,1,2401,2402,2417,161.0,69.0,11.0,200.0,200.0,66.0,0.0,0.0,0.0,0.0004875,0.032035,0.00023749999999999986,-0.002145000000000001,0.0010875,0.050225000000000006,6.407,0.09749999999999999,1.0,0.04749999999999997,3.3148500000000003,0.07177499999999999,0.00145,0.05978,200.0,0.00265,0.09616,200.0,0.00315,0.16452,200.0,1.00355,-12.3098
2401,2402,2418,3,南投 M.T7                               ,1,2401,2402,2418,161.0,69.0,11.0,200.0,200.0,66.0,0.0,0.0,0.0,0.0004999999999999999,0.032295000000000004,0.00019999999999999998,-0.0022800000000000042,0.00105,0.049715,6.4590000000000005,0.09999999999999998,1.0,0.039999999999999994,3.28119,0.0693,0.0014,0.06003,200.0,0.0025,0.09487,200.0,0.0031,0.16402,200.0,1.00348,-12.3194
2401,2402,2419,4,南投 M.T8                               ,1,2401,2402,2419,161.0,69.0,11.0,1.0,1.0,1.0,0.0,0.0,0.0,0.0004900000000000001,0.031735,0.00023999999999999998,-0.002120000000000004,0.001115,0.050600000000000006,1.0,0.0004900000000000001,1.0,0.00023999999999999998,1.0,0.001115,0.00146,0.05923,200.0,0.00271,0.09696,200.0,0.00321,0.16467,200.0,1.00439,-12.3007
2500,2501,2506,1,嘉民 E.T1                               ,1,2500,2501,2506,345.0,161.0,33.0,500.0,500.0,90.0,0.0,0.0,0.0,1.7964071856287447e-05,0.005880239520958086,4.9900199600798366e-05,0.0010858283433133713,0.0005069860279441117,0.030111776447105786,2.940119760479043,0.008982035928143723,1.0,0.024950099800399184,2.7100598802395206,0.04562874251497005,0.00034,0.0349,501.0,0.00279,0.1563,501.0,0.00263,0.18032,501.0,0.99633,-7.7133
2500,2501,2507,2,嘉民 E.T2                               ,1,2500,2501,2507,345.0,161.0,33.0,500.0,500.0,90.0,0.0,0.0,0.0,7.984031936127784e-06,0.005938123752495011,5.389221556886226e-05,0.0008343313373253489,0.0004311377245508982,0.03034131736526946,2.969061876247505,0.003992015968063892,1.0,0.026946107784431128,2.7307185628742516,0.038802395209580835,0.00031,0.03393,501.0,0.00243,0.15619,501.0,0.0022,0.18176,501.0,0.99834,-7.7314
2500,3075,2508,3,嘉民 E.T3                               ,1,2500,3075,2508,345.0,161.0,33.0,500.0,500.0,90.0,0.0,0.0,0.0,4.6906187624750576e-05,0.029145708582834343,0.00026646706586826337,0.004616766467065853,0.002166666666666666,0.15169660678642713,14.57285429141717,0.023453093812375286,2.3083832335329264,0.13323353293413168,13.652694610778441,0.19499999999999995,0.00157,0.16915,501.0,0.01219,0.78313,501.0,0.01109,0.90602,501.0,0.99823,-7.7253
2500,2511,2517,1,嘉民 E.T4                               ,1,2500,2511,2517,345.0,161.0,33.0,500.0,500.0,90.0,0.0,0.0,0.0,1.3972055888223636e-05,0.029513972055888224,0.0002914171656686626,0.004428143712574842,0.0021497005988023953,0.15122854291417165,14.756986027944112,0.006986027944111818,2.214071856287421,0.1457085828343313,13.610568862275448,0.19347305389221559,0.00153,0.17005,501.0,0.01223,0.77984,501.0,0.01084,0.90552,501.0,0.99884,-0.4076
2500,2511,2518,2,嘉民 E.T5                               ,1,2500,2511,2518,345.0,161.0,33.0,500.0,500.0,90.0,0.0,0.0,0.0,7.784431137724548e-05,0.028956087824351315,0.00025149700598802393,0.004886227544910179,0.002221556886227545,0.15188423153692615,14.478043912175657,0.038922155688622735,2.4431137724550895,0.12574850299401197,13.669580838323354,0.19994011976047904,0.00165,0.16955,501.0,0.01239,0.78542,501.0,0.01152,0.90601,501.0,0.99877,-0.5186
2500,2511,2519,3,嘉民 E.T6                               ,1,2500,2511,2519,345.0,161.0,33.0,500.0,500.0,90.0,0.0,0.0,0.0,1.3972055888223636e-05,0.029524950099800412,0.0003033932135728544,0.004337325349301396,0.002225548902195609,0.15131736526946107,14.762475049900207,0.006986027944111818,2.1686626746506983,0.15169660678642718,13.618562874251497,0.2002994011976048,0.00159,0.16965,501.0,0.01267,0.77983,501.0,0.01122,0.90602,501.0,0.99884,-0.3885
2500,2501,2509,4,嘉民 E.T8                               ,1,2500,2501,2509,345.0,161.0,33.0,500.0,500.0,90.0,0.0,0.0,0.0,5.089820359281439e-05,0.008345309381237523,3.6926147704590805e-05,-0.0015588822355289411,0.0004980039920159681,0.0309500998003992,4.172654690618762,0.025449101796407192,1.0,0.018463073852295404,2.7855089820359282,0.04482035928143713,0.00044,0.034,501.0,0.00268,0.14725,501.0,0.00275,0.19687,501.0,1.00136,-7.891
2600,2611,2617,1,南科 E.T1                               ,1,2600,2611,2617,345.0,161.0,33.0,500.0,500.0,90.0,0.0,0.0,0.0,3.393213572854288e-05,0.0054770459081836306,4.990019960079845e-05,-0.0006706586826347276,0.0004251497005988024,0.03078443113772455,2.7385229540918155,0.01696606786427144,1.0,0.024950099800399222,2.7705988023952095,0.038263473053892216,0.00042,0.02408,501.0,0.00238,0.15087,501.0,0.0023,0.18167,501.0,1.00486,-11.908
2600,2621,2628,10,南科 E.T10                              ,1,2600,2621,2628,345.0,161.0,33.0,500.0,500.0,90.0,0.0,0.0,0.0,3.0000000000000024e-05,0.005449999999999998,4.999999999999997e-05,-0.0006499999999999978,0.00041000000000000005,0.030770000000000006,2.724999999999999,0.015000000000000012,1.0,0.024999999999999984,2.7693000000000003,0.0369,0.0004,0.024,500.0,0.0023,0.1506,500.0,0.0022,0.1811,500.0,1.00688,-12.5487
2600,2621,2629,11,南科 E.T11                              ,1,2600,2621,2629,345.0,161.0,33.0,500.0,500.0,90.0,0.0,0.0,0.0,3.400000000000001e-05,0.005445999999999996,4.600000000000001e-05,-0.0006459999999999973,0.000414,0.030775999999999998,2.722999999999998,0.017000000000000008,1.0,0.023000000000000003,2.76984,0.03726,0.0004,0.024,500.0,0.0023,0.15065,500.0,0.00224,0.18111,500.0,1.00686,-12.5468
2600,2611,2618,2,南科 E.T2                               ,1,2600,2611,2618,345.0,161.0,33.0,500.0,500.0,90.0,0.0,0.0,0.0,3.592814371257484e-05,0.005421157684630739,4.790419161676649e-05,-0.0006467065868263483,0.0004550898203592815,0.030942115768463077,2.7105788423153694,0.01796407185628742,1.0,0.023952095808383245,2.784790419161677,0.04095808383233533,0.00042,0.02392,501.0,0.00252,0.15178,501.0,0.00246,0.18218,501.0,1.00489,-11.9023
2600,2611,2619,3,南科 E.T3                               ,1,2600,2611,2619,345.0,161.0,33.0,500.0,500.0,90.0,0.0,0.0,0.0,2.5948103792415095e-05,0.005443113772455089,5.389221556886234e-05,-0.0006367265469061877,0.00042115768463073857,0.030706586826347308,2.7215568862275443,0.012974051896207548,1.0,0.02694610778443117,2.7635928143712576,0.03790419161676647,0.0004,0.02408,501.0,0.00238,0.15065,501.0,0.00224,0.18111,501.0,1.00494,-11.899
2600,2601,2607,1,南科 E.T4                               ,1,2600,2601,2607,345.0,161.0,33.0,500.0,500.0,90.0,0.0,0.0,0.0,6.187624750498996e-05,0.005654690618762474,1.3972055888223582e-05,-0.0007325349301397187,0.000560878243512974,0.031690618762475045,2.827345309381237,0.03093812375249498,1.0,0.006986027944111791,2.852155688622754,0.05047904191616766,0.00038,0.02466,501.0,0.00288,0.1551,501.0,0.00312,0.1871,501.0,1.00458,-11.916
2600,2601,2608,2,南科 E.T5                               ,2,2600,2601,2608,345.0,161.0,33.0,500.0,500.0,90.0,0.0,0.0,0.0,7.185628742514968e-05,0.005477045908183632,3.992015968063865e-06,-0.0005988023952095828,0.0005708582834331338,0.031399201596806384,2.7385229540918163,0.03592814371257484,1.0,0.0019960079840319325,2.8259281437125745,0.05137724550898204,0.00038,0.02444,501.0,0.00288,0.15431,501.0,0.00322,0.18475,501.0,1.01661,-10.4062
2600,2601,2609,3,南科 E.T6                               ,1,2600,2601,2609,345.0,161.0,33.0,500.0,500.0,90.0,0.0,0.0,0.0,3.6926147704590805e-05,0.005476047904191619,5.089820359281444e-05,-0.0006756487025948131,0.0004500998003992016,0.030687624750499007,2.7380239520958094,0.018463073852295404,1.0,0.02544910179640722,2.7618862275449105,0.04050898203592814,0.00044,0.02405,501.0,0.00251,0.15036,501.0,0.00244,0.18118,501.0,1.00485,-11.9098
2600,2601,2606,7,南科 E.T7                               ,1,2600,2601,2606,345.0,161.0,33.0,500.0,500.0,90.0,0.0,0.0,0.0,2.5948103792415177e-05,0.006878243512974051,6.187624750499004e-05,-6.387225548901837e-05,0.0004331337325349301,0.03182035928143712,3.4391217564870256,0.012974051896207588,1.0,0.030938123752495023,2.863832335329341,0.03898203592814371,0.00044,0.03414,501.0,0.00248,0.1591,501.0,0.0023,0.19388,501.0,1.00611,-11.7335
2600,2621,2626,8,南科 E.T8                               ,1,2600,2621,2626,345.0,161.0,33.0,500.0,500.0,90.0,0.0,0.0,0.0,3.400000000000001e-05,0.005445999999999996,4.600000000000001e-05,-0.0006459999999999973,0.000414,0.030775999999999998,2.722999999999998,0.017000000000000008,1.0,0.023000000000000003,2.76984,0.03726,0.0004,0.024,500.0,0.0023,0.15065,500.0,0.00224,0.18111,500.0,1.00686,-12.5468
2600,2621,2627,9,南科 E.T9                               ,1,2600,2621,2627,345.0,161.0,33.0,500.0,500.0,90.0,0.0,0.0,0.0,3.400000000000001e-05,0.005445999999999996,4.600000000000001e-05,-0.0006459999999999973,0.000414,0.030775999999999998,2.722999999999998,0.017000000000000008,1.0,0.023000000000000003,2.76984,0.03726,0.0004,0.024,500.0,0.0023,0.15065,500.0,0.00224,0.18111,500.0,1.00686,-12.5468
2650,2651,2656,1,龍崎北 E.T1                             ,1,2650,2651,2656,345.0,161.0,33.0,500.0,500.0,90.0,0.0,0.0,0.0,5.3892215568862286e-05,0.007510978043912176,3.393213572854296e-05,-0.0007165668662674658,0.000437125748502994,0.031075848303393213,3.755489021956088,0.026946107784431142,1.0,0.016966067864271482,2.796826347305389,0.039341317365269454,0.00044,0.03404,501.0,0.00236,0.1521,501.0,0.00246,0.19332,501.0,1.01019,-10.8894
2650,2651,2657,2,龍崎北 E.T2                             ,1,2650,2651,2657,345.0,161.0,33.0,500.0,500.0,90.0,0.0,0.0,0.0,5.189620758483035e-05,0.007508982035928143,3.592814371257489e-05,-0.0007185628742514966,0.0004311377245508982,0.031165668662674652,3.754491017964072,0.025948103792415175,1.0,0.017964071856287445,2.8049101796407188,0.038802395209580835,0.00044,0.03402,501.0,0.00234,0.15254,501.0,0.00242,0.19376,501.0,1.01021,-10.8899
2650,2651,2658,3,龍崎北 E.T5                             ,1,2650,2651,2658,345.0,161.0,33.0,500.0,500.0,90.0,0.0,0.0,0.0,9.980039920159662e-06,0.00588622754491018,5.588822355289422e-05,0.0008942115768463058,0.0004391217564870259,0.030281437125748507,2.94311377245509,0.004990019960079832,1.0,0.02794411177644711,2.725329341317366,0.03952095808383233,0.00033,0.03397,501.0,0.00248,0.15619,501.0,0.00225,0.1812,501.0,1.00842,-10.4437
2650,2651,2659,4,龍崎北 E.T7                             ,1,2650,2651,2659,345.0,161.0,33.0,500.0,500.0,90.0,0.0,0.0,0.0,3.992015968063919e-06,0.005904191616766464,5.9880239520958056e-05,0.0008642714570858308,0.00043113772455089823,0.030399201596806386,2.952095808383232,0.0019960079840319594,1.0,0.029940119760479028,2.7359281437125746,0.03880239520958084,0.00032,0.03391,501.0,0.00246,0.15663,501.0,0.00218,0.18188,501.0,1.00848,-10.4513
2660,2661,2668,4,龍崎南 E.T3                             ,1,2660,2661,2668,345.0,161.0,33.0,500.0,500.0,90.0,0.0,0.0,0.0,2.794411177644711e-05,0.005692614770459084,4.391217564870257e-05,-0.0010079840319361308,0.0005009980039920159,0.029678642714570855,2.846307385229542,0.013972055888223554,1.0,0.021956087824351284,2.671077844311377,0.045089820359281434,0.00036,0.02347,501.0,0.00273,0.14364,501.0,0.00265,0.17721,501.0,1.00633,-10.4695
2660,2661,2667,1,龍崎南 E.T4                             ,1,2660,2661,2667,345.0,161.0,33.0,500.0,500.0,90.0,0.0,0.0,0.0,4.5908183632734556e-05,0.008265469061876246,2.1956087824351257e-05,-0.0034211576846307386,0.0005189620758483033,0.03030139720558882,4.132734530938123,0.02295409181636728,1.7105788423153694,0.010978043912175628,2.727125748502994,0.0467065868263473,0.00034,0.02427,501.0,0.00271,0.13467,501.0,0.00283,0.19322,501.0,1.01273,-10.8219
2660,2661,2669,3,龍崎南 E.T6                             ,1,2660,2661,2669,345.0,161.0,33.0,500.0,500.0,90.0,0.0,0.0,0.0,2.5948103792415177e-05,0.006039920159680641,2.794411177644711e-05,-0.001079840319361279,0.00046706586826347296,0.03037125748502994,3.0199600798403203,0.012974051896207588,1.0,0.013972055888223554,2.7334131736526945,0.04203592814371257,0.00027,0.02485,501.0,0.00248,0.14675,501.0,0.00247,0.18242,501.0,1.00624,-10.4688
2670,2671,2676,3,路北 E.T3                               ,1,2670,2671,2676,345.0,161.0,33.0,500.0,500.0,90.0,0.0,0.0,0.0,5.189620758483035e-05,0.006870259481037925,3.592814371257489e-05,-3.992015968064949e-06,0.00043512974051896204,0.03169261477045908,3.4351297405189625,0.025948103792415175,1.0,0.017964071856287445,2.852335329341317,0.039161676646706584,0.00044,0.0344,501.0,0.00236,0.15876,501.0,0.00244,0.1932,501.0,1.00369,-10.3575
2671,2672,2677,1,路北 M.T1                               ,1,2671,2672,2677,161.0,69.0,11.0,200.0,200.0,66.0,0.0,0.0,0.0,0.00046250000000000013,0.0336675,0.00023749999999999986,-0.002417500000000003,0.0015875,0.050782499999999994,6.7335,0.09250000000000003,1.0,0.04749999999999997,3.3516449999999995,0.104775,0.0014,0.0625,200.0,0.00365,0.09673,200.0,0.0041,0.1689,200.0,1.01229,-11.5221
2671,2672,2678,2,路北 M.T2                               ,1,2671,2672,2678,161.0,69.0,11.0,200.0,200.0,66.0,0.0,0.0,0.0,0.0004125000000000001,0.03383,0.0002875,-0.0025600000000000067,0.0015625,0.050625,6.766,0.08250000000000002,1.0,0.057499999999999996,3.34125,0.10312500000000001,0.0014,0.06254,200.0,0.0037,0.09613,200.0,0.00395,0.16891,200.0,1.0123,-11.5273
2671,2672,2679,3,路北 M.T3                               ,1,2671,2672,2679,161.0,69.0,11.0,200.0,200.0,66.0,0.0,0.0,0.0,0.00038749999999999993,0.0338,0.00031249999999999995,-0.0027350000000000013,0.0015125,0.050575,6.76,0.07749999999999999,1.0,0.06249999999999999,3.33795,0.099825,0.0014,0.06213,200.0,0.00365,0.09568,200.0,0.0038,0.16875,200.0,1.0123,-11.5342
2680,2681,2686,4,路北 E.T4                               ,1,2680,2681,2686,345.0,161.0,33.0,500.0,500.0,90.0,0.0,0.0,0.0,6.187624750499002e-05,0.007411177644710578,9.980039920159662e-06,-0.0005928143712574836,0.0005209580838323352,0.03139520958083833,3.705588822355289,0.03093812375249501,1.0,0.004990019960079832,2.82556886227545,0.046886227544910175,0.00036,0.03416,501.0,0.00266,0.15432,501.0,0.00292,0.19442,501.0,1.00201,-10.6362
2680,2681,2687,5,路北 E.T5                               ,1,2680,2681,2687,345.0,161.0,33.0,500.0,500.0,90.0,0.0,0.0,0.0,6.187624750499002e-05,0.0072954091816367275,9.980039920159662e-06,-0.000552894211576848,0.0005209580838323352,0.03131137724550898,3.6477045908183636,0.03093812375249501,1.0,0.004990019960079832,2.8180239520958086,0.046886227544910175,0.00036,0.03378,501.0,0.00266,0.1541,501.0,0.00292,0.19342,501.0,1.00209,-10.6203
2690,2691,2696,1,興益 E.T1                               ,1,2690,2691,2696,345.0,161.0,33.0,1.0,1.0,1.0,0.0,0.0,0.0,4.59081836327345e-05,0.005750499001996007,2.195608782435131e-05,-0.0007904191616766448,0.0004890219560878243,0.029594810379241512,1.0,4.59081836327345e-05,1.0,2.195608782435131e-05,1.0,0.0004890219560878243,0.00034,0.02485,501.0,0.00256,0.14431,501.0,0.00268,0.17708,501.0,1.01657,-6.6057
2691,2692,2697,1,興益 M.T1                               ,1,2691,2692,2697,161.0,69.0,11.0,1.0,1.0,1.0,0.0,0.0,0.0,0.00034999999999999994,0.033565,0.00034999999999999994,-0.0029749999999999985,0.0013499999999999999,0.050295000000000006,1.0,0.00034999999999999994,1.0,0.00034999999999999994,1.0,0.0013499999999999999,0.0014,0.06118,200.0,0.0034,0.09464,200.0,0.0034,0.16772,200.0,1.01657,-6.6057
2750,2751,2756,1,仁武 E.T2                               ,1,2750,2751,2756,345.0,161.0,33.0,500.0,500.0,90.0,0.0,0.0,0.0,4.191616766467069e-05,0.006885229540918161,4.191616766467069e-05,-8.283433133732601e-05,0.00042914171656686624,0.03161576846307385,3.4426147704590804,0.020958083832335345,1.0,0.020958083832335345,2.845419161676647,0.038622754491017965,0.00042,0.03408,501.0,0.00236,0.15798,501.0,0.00236,0.19289,501.0,1.00884,-16.5941
2750,2751,2757,2,仁武 E.T3                               ,1,2750,2751,2757,345.0,161.0,33.0,500.0,500.0,90.0,0.0,0.0,0.0,4.3912175648702596e-05,0.006881237524950099,4.3912175648702596e-05,-8.283433133732601e-05,0.0004311377245508983,0.031727544910179636,3.4406187624750495,0.021956087824351298,1.0,0.021956087824351298,2.8554790419161673,0.03880239520958084,0.00044,0.03406,501.0,0.00238,0.15854,501.0,0.00238,0.19343,501.0,1.00887,-16.5937
2750,2761,2766,3,仁武 E.T5                               ,1,2750,2761,2766,345.0,161.0,33.0,500.0,500.0,90.0,0.0,0.0,0.0,4.990019960079842e-05,0.0071916167664670665,2.9940119760478987e-05,-0.0005928143712574871,0.0005249500998003991,0.03155089820359282,3.5958083832335332,0.02495009980039921,1.0,0.014970059880239493,2.8395808383233536,0.04724550898203592,0.0004,0.03306,501.0,0.00278,0.1551,501.0,0.00288,0.1941,501.0,1.00925,-16.9982
2750,2761,2767,6,仁武 E.T6                               ,1,2750,2761,2767,345.0,161.0,33.0,500.0,500.0,90.0,0.0,0.0,0.0,5.000000000000002e-05,0.007245999999999997,2.999999999999997e-05,-0.0005979999999999978,0.000526,0.031662,3.6229999999999984,0.025000000000000012,1.0,0.014999999999999986,2.8495800000000004,0.04734,0.0004,0.03324,500.0,0.00278,0.15532,500.0,0.00288,0.19454,500.0,1.00925,-16.9988
2800,2801,2807,2,高雄 E.T2                               ,1,2800,2801,2807,345.0,161.0,33.0,500.0,500.0,90.0,0.0,0.0,0.0,5.599999999999995e-05,0.007149999999999998,1.2000000000000075e-05,-0.0004699999999999982,0.0005,0.030622,3.5749999999999993,0.027999999999999976,1.0,0.006000000000000037,2.75598,0.045,0.00034,0.0334,500.0,0.00256,0.15076,500.0,0.00278,0.18886,500.0,1.00475,-17.5098
2800,2811,2816,3,高雄 E.T3                               ,1,2800,2811,2816,345.0,161.0,33.0,500.0,500.0,90.0,0.0,0.0,0.0,4.599999999999998e-05,0.007143999999999999,2.2000000000000047e-05,-0.0004559999999999981,0.00051,0.030964000000000005,3.5719999999999996,0.02299999999999999,1.0,0.011000000000000024,2.7867600000000006,0.0459,0.00034,0.03344,500.0,0.00266,0.15254,500.0,0.00278,0.19054,500.0,1.00484,-17.4951
2801,2802,2808,1,高雄 M.T1                               ,1,2801,2802,2808,161.0,69.0,11.0,200.0,200.0,66.0,0.0,0.0,0.0,0.0004625,0.03198499999999999,0.00026250000000000004,-0.0020449999999999913,0.0010875,0.049824999999999994,6.3969999999999985,0.0925,1.0,0.052500000000000005,3.2884499999999997,0.07177499999999999,0.00145,0.05988,200.0,0.0027,0.09556,200.0,0.0031,0.16362,200.0,1.004,-18.9526
2801,2802,2809,2,高雄 M.T2                               ,1,2801,2802,2809,161.0,69.0,11.0,200.0,200.0,66.0,0.0,0.0,0.0,0.0005,0.0319225,0.0002500000000000001,-0.002182499999999997,0.0011000000000000003,0.050262499999999995,6.3845,0.1,1.0,0.050000000000000024,3.317325,0.07260000000000003,0.0015,0.05948,200.0,0.0027,0.09616,200.0,0.0032,0.16437,200.0,1.004,-18.9614
2811,2812,2818,3,高雄 M.T3                               ,1,2811,2812,2818,161.0,69.0,11.0,200.0,200.0,66.0,0.0,0.0,0.0,0.00048749999999999987,0.032049999999999995,0.00023749999999999997,-0.0018299999999999983,0.0011375,0.050210000000000005,6.409999999999999,0.09749999999999998,1.0,0.047499999999999994,3.3138600000000005,0.075075,0.00145,0.06044,200.0,0.00275,0.09676,200.0,0.00325,0.16452,200.0,1.00394,-18.9396
2850,2851,2857,3,五甲 E.T3                               ,1,2850,2851,2857,345.0,161.0,33.0,500.0,500.0,90.0,0.0,0.0,0.0,5.400000000000001e-05,0.007648000000000002,4.199999999999999e-05,-0.0011079999999999979,0.000494,0.027684,3.824000000000001,0.027000000000000007,1.0,0.020999999999999994,2.49156,0.04446,0.00048,0.0327,500.0,0.00268,0.13288,500.0,0.00274,0.17666,500.0,1.0132,-11.3982
2850,2861,2864,4,五甲 E.T4                               ,1,2850,2861,2864,345.0,161.0,33.0,500.0,500.0,90.0,0.0,0.0,0.0,5.8000000000000055e-05,0.007651999999999999,3.8e-05,-0.001124,0.00051,0.027344,3.8259999999999996,0.029000000000000026,1.0,0.019,2.46096,0.0459,0.00048,0.03264,500.0,0.00274,0.1311,500.0,0.00284,0.17498,500.0,1.01325,-11.3993
2861,2862,2865,1,五甲 M.T1                               ,1,2861,2862,2865,161.0,69.0,11.0,200.0,200.0,66.0,0.0,0.0,0.0,0.0004625,0.0317975,0.00023750000000000008,-0.0015324999999999991,0.0011125,0.0500875,6.3595,0.0925,1.0,0.047500000000000014,3.305775,0.073425,0.0014,0.06053,200.0,0.0027,0.09711,200.0,0.00315,0.16377,200.0,1.00286,-12.4744
2861,2862,2866,2,五甲 M.T2                               ,1,2861,2862,2866,161.0,69.0,11.0,200.0,200.0,66.0,0.0,0.0,0.0,0.00047499999999999994,0.03201,0.00022500000000000005,-0.0021699999999999983,0.00115,0.05009999999999999,6.401999999999999,0.09499999999999999,1.0,0.04500000000000001,3.3065999999999995,0.0759,0.0014,0.05968,200.0,0.00275,0.09586,200.0,0.00325,0.16422,200.0,1.00296,-12.4975
2861,2862,2867,3,五甲 M.T3                               ,1,2861,2862,2867,161.0,69.0,11.0,120.0,120.0,40.0,0.0,0.0,0.0,0.0010833333333333333,0.08433333333333333,0.0009166666666666668,-0.005583333333333336,0.0027500000000000003,0.04866666666666667,10.12,0.13,1.0,0.11000000000000001,1.9466666666666668,0.11000000000000001,0.0024,0.0945,120.0,0.0044,0.0517,120.0,0.0046,0.1596,120.0,1.00303,-12.4944
2861,2862,2868,5,五甲 M.T5                               ,1,2861,2862,2868,161.0,69.0,11.0,200.0,200.0,66.0,0.0,0.0,0.0,0.0004900000000000001,0.032675,0.00026000000000000003,-0.0027850000000000028,0.00148,0.05215499999999999,6.535,0.09800000000000002,1.0,0.052000000000000005,3.4422299999999995,0.09768,0.0015,0.05978,200.0,0.00348,0.09874,200.0,0.00394,0.16966,200.0,1.00195,-12.5275
2861,2862,2869,6,五甲 M.T6                               ,1,2861,2862,2869,161.0,69.0,11.0,200.0,200.0,66.0,0.0,0.0,0.0,0.0004900000000000001,0.032299999999999995,0.00026000000000000003,-0.0026349999999999985,0.00148,0.052305000000000004,6.459999999999999,0.09800000000000002,1.0,0.052000000000000005,3.4521300000000004,0.09768,0.0015,0.05933,200.0,0.00348,0.09934,200.0,0.00394,0.16921,200.0,1.00199,-12.5228
2870,2871,2878,7,高港北E.T7                              ,1,2870,2871,2878,345.0,161.0,33.0,500.0,500.0,500.0,0.0,0.0,0.0,5.660000000000002e-05,0.04151899999999999,3.659999999999997e-05,-0.03498699999999999,0.0005354,0.061649,20.759499999999996,0.02830000000000001,17.493499999999994,0.018299999999999983,30.0,0.2677,0.000466,0.03266,500.0,0.00286,0.13331,500.0,0.00296,0.51584,500.0,1.0356,-13.0211
2870,2871,2879,8,高港北E.T8                              ,1,2870,2871,2879,345.0,161.0,33.0,500.0,500.0,500.0,0.0,0.0,0.0,3.9999999999999996e-05,0.006966,5.6000000000000006e-05,-0.00012199999999999711,0.00042,0.031944,3.483,0.019999999999999997,1.0,0.028000000000000004,15.972,0.21000000000000002,0.00048,0.03422,500.0,0.00238,0.15911,500.0,0.0023,0.19455,500.0,1.01055,-11.3477
2871,2872,2876,1,高港北M.T1                              ,0,2871,2872,2876,161.0,69.0,11.0,200.0,200.0,66.0,0.0,0.0,0.0,0.00035000000000000005,0.033280000000000004,0.00035000000000000005,-0.0025599999999999998,0.0015249999999999999,0.050025,6.656000000000001,0.07,1.0,0.07,3.30165,0.10064999999999999,0.0014,0.06144,200.0,0.00375,0.09493,200.0,0.00375,0.16661,200.0,1.0,0.0
2871,2872,2877,2,高港北M.T2                              ,0,2871,2872,2877,161.0,69.0,11.0,200.0,200.0,60.0,0.0,0.0,0.0,0.0003399999999999999,0.033229999999999996,0.0003399999999999999,-0.0023849999999999982,0.001515,0.050075,6.645999999999999,0.06799999999999998,1.0,0.06799999999999998,3.0045,0.09090000000000001,0.00136,0.06169,200.0,0.00371,0.09538,200.0,0.00371,0.16661,200.0,1.0,0.0
2900,2901,2905,1,高港 E.T1                               ,1,2900,2901,2905,345.0,161.0,33.0,500.0,500.0,90.0,0.0,0.0,0.0,3.592814371257489e-05,0.005906187624750498,6.187624750499002e-05,-0.001057884231536927,0.0005269461077844313,0.029363273453093808,2.9530938123752493,0.017964071856287445,1.0,0.03093812375249501,2.6426946107784426,0.047425149700598815,0.00049,0.02429,501.0,0.00295,0.14181,501.0,0.00282,0.1767,501.0,1.00703,-13.068
2900,2901,2906,2,高港 E.T2                               ,1,2900,2901,2906,345.0,161.0,33.0,500.0,500.0,90.0,0.0,0.0,0.0,3.592814371257489e-05,0.005906187624750498,6.187624750499002e-05,-0.001057884231536927,0.0005269461077844313,0.029363273453093808,2.9530938123752493,0.017964071856287445,1.0,0.03093812375249501,2.6426946107784426,0.047425149700598815,0.00049,0.02429,501.0,0.00295,0.14181,501.0,0.00282,0.1767,501.0,1.00577,-13.0733
2900,2911,2918,1,高港 E.T3                               ,1,2900,2911,2918,345.0,161.0,33.0,500.0,500.0,90.0,0.0,0.0,0.0,4.491017964071859e-05,0.008265469061876246,2.095808383233529e-05,-0.0034211576846307386,0.0005199600798403193,0.03030139720558882,4.132734530938123,0.022455089820359295,1.7105788423153694,0.010479041916167645,2.727125748502994,0.04679640718562874,0.00033,0.02427,501.0,0.00271,0.13467,501.0,0.00283,0.19322,501.0,1.01338,-11.5571
2900,2911,2919,2,高港 E.T4                               ,1,2900,2911,2919,345.0,161.0,33.0,500.0,500.0,90.0,0.0,0.0,0.0,2.794411177644711e-05,0.005914171656686626,3.9920159680638704e-05,-0.0011816367265469058,0.0004550898203592814,0.030053892215568864,2.9570858283433132,0.013972055888223554,1.0,0.01996007984031935,2.7048502994011976,0.040958083832335325,0.00034,0.02371,501.0,0.00248,0.14465,501.0,0.00242,0.1802,501.0,1.01284,-11.4095
2901,2902,2907,1,高港甲 M.T5                             ,1,2901,2902,2907,161.0,69.0,11.0,200.0,200.0,66.0,0.0,0.0,0.0,0.00047499999999999994,0.03225249999999999,0.00025,-0.002757499999999996,0.00122,0.052582500000000004,6.450499999999998,0.09499999999999999,1.0,0.05,3.4704450000000002,0.08052,0.00145,0.05899,200.0,0.00294,0.09965,200.0,0.00339,0.16967,200.0,1.00532,-13.6126
2901,2902,2908,2,高港甲 M.T6                             ,1,2901,2902,2908,161.0,69.0,11.0,200.0,200.0,66.0,0.0,0.0,0.0,0.0006850000000000001,0.031695,0.0005249999999999999,-0.0017449999999999966,0.0013599999999999997,0.018284999999999996,6.339,0.137,1.0,0.10499999999999997,1.2068099999999997,0.08975999999999998,0.00242,0.0599,200.0,0.00377,0.03308,200.0,0.00409,0.09996,200.0,1.00545,-13.5829
2901,2902,2909,3,高港甲 M.T7                             ,1,2901,2902,2909,161.0,69.0,11.0,200.0,200.0,66.0,0.0,0.0,0.0,0.00034999999999999994,0.030905000000000005,0.00027499999999999996,-0.0025050000000000003,0.001315,0.050915,6.181000000000001,0.06999999999999999,1.0,0.05499999999999999,3.36039,0.08678999999999999,0.00125,0.0568,200.0,0.00318,0.09682,200.0,0.00333,0.16364,200.0,1.00533,-13.6082
2920,2921,2928,1,高港 E.T5                               ,1,2920,2921,2928,345.0,161.0,33.0,500.0,500.0,90.0,0.0,0.0,0.0,5.089820359281439e-05,0.008268463073852294,3.892215568862279e-05,-0.0015259481037924148,0.0004920159680638723,0.030665668662674655,4.134231536926147,0.025449101796407192,1.0,0.019461077844311395,2.759910179640719,0.0442814371257485,0.00045,0.03378,501.0,0.00266,0.14599,501.0,0.00272,0.19506,501.0,1.00329,-14.069
2920,2921,2929,2,高港 E.T6                               ,1,2920,2921,2929,345.0,161.0,33.0,500.0,500.0,90.0,0.0,0.0,0.0,5.089820359281439e-05,0.008340319361277443,3.6926147704590805e-05,-0.0015778443113772418,0.0004900199600798403,0.030589820359281435,4.170159680638721,0.025449101796407192,1.0,0.018463073852295404,2.7530838323353293,0.04410179640718563,0.00044,0.03388,501.0,0.00264,0.14535,501.0,0.00271,0.19504,501.0,1.00312,-14.0864
2930,2931,2936,2,瀰力 E.T2                               ,1,2930,2931,2936,345.0,161.0,33.0,500.0,500.0,90.0,0.0,0.0,0.0,0.00022999999999999995,0.038052000000000016,0.00022999999999999995,-0.005516000000000007,0.00247,0.136048,19.026000000000007,0.11499999999999998,2.7580000000000036,0.11499999999999998,12.24432,0.2223,0.0023,0.16268,500.0,0.0135,0.65266,500.0,0.0135,0.8705,500.0,1.01022,-10.8556
2930,2941,2946,3,瀰力 E.T3                               ,1,2930,2941,2946,345.0,161.0,33.0,500.0,500.0,90.0,0.0,0.0,0.0,0.00023000000000000017,0.038202000000000014,0.00021000000000000012,-0.005704000000000015,0.00243,0.13711800000000002,19.101000000000006,0.11500000000000009,2.8520000000000074,0.10500000000000007,12.340620000000001,0.21869999999999998,0.0022,0.16249,500.0,0.0132,0.65707,500.0,0.0133,0.8766,500.0,1.01031,-10.8649
2931,2932,2937,2,瀰力 M.T2                               ,1,2931,2932,2937,161.0,69.0,11.0,200.0,200.0,66.0,0.0,0.0,0.0,0.00045,0.0314725,0.0002499999999999999,-0.0021074999999999983,0.001075,0.05033749999999999,6.2945,0.09,1.0,0.04999999999999998,3.3222749999999994,0.07095,0.0014,0.05873,200.0,0.00265,0.09646,200.0,0.00305,0.16362,200.0,1.00583,-10.6497
2931,2932,2938,3,瀰力 M.T3                               ,1,2931,2932,2938,161.0,69.0,11.0,200.0,200.0,66.0,0.0,0.0,0.0,0.0004500000000000001,0.0316225,0.00027499999999999996,-0.0020075000000000023,0.001075,0.0507875,6.3245,0.09000000000000002,1.0,0.05499999999999999,3.351975,0.07095,0.00145,0.05923,200.0,0.0027,0.09756,200.0,0.00305,0.16482,200.0,1.00583,-10.6496
2950,2951,2954,1,大鵬 E.T1                               ,1,2950,2951,2954,345.0,161.0,33.0,500.0,500.0,90.0,0.0,0.0,0.0,1.5968063872255514e-05,0.0059620758483033935,4.790419161676646e-05,-0.0011776447105788408,0.00042514970059880243,0.030516966067864273,2.9810379241516967,0.007984031936127758,1.0,0.02395209580838323,2.7465269461077844,0.038263473053892216,0.00032,0.02397,501.0,0.00237,0.14699,501.0,0.00221,0.18276,501.0,1.00645,-10.2406
2950,2951,2955,2,大鵬 E.T2                               ,1,2950,2951,2955,345.0,161.0,33.0,500.0,500.0,90.0,0.0,0.0,0.0,1.596806387225546e-05,0.005960079840319361,4.990019960079842e-05,-0.001135728542914171,0.0004331337325349301,0.03031936127744511,2.9800399201596806,0.00798403193612773,1.0,0.02495009980039921,2.72874251497006,0.03898203592814371,0.00033,0.02417,501.0,0.00242,0.14621,501.0,0.00225,0.18176,501.0,1.00639,-10.2419
2950,2951,2956,3,大鵬 E.T3                               ,1,2950,2951,2956,345.0,161.0,33.0,500.0,500.0,90.0,0.0,0.0,0.0,2.5948103792415177e-05,0.005862275449101796,3.792415169660677e-05,-0.0011017964071856276,0.00044510978043912176,0.030285429141716568,2.931137724550898,0.012974051896207588,1.0,0.018962075848303384,2.725688622754491,0.04005988023952096,0.00032,0.02385,501.0,0.00242,0.14621,501.0,0.00236,0.1811,501.0,1.00634,-10.2436
2950,2951,2957,4,大鵬 E.T4                               ,1,2950,2951,2957,345.0,161.0,33.0,500.0,500.0,90.0,0.0,0.0,0.0,9.980039920159662e-06,0.005888223552894211,5.588822355289422e-05,-0.0010998003992015969,0.0004391217564870259,0.030259481037924148,2.9441117764471056,0.004990019960079832,1.0,0.02794411177644711,2.7233532934131732,0.03952095808383233,0.00033,0.02399,501.0,0.00248,0.14609,501.0,0.00225,0.1811,501.0,1.00633,-10.2423
2951,2952,2958,1,大鵬 M.T1                               ,1,2951,2952,2958,161.0,69.0,11.0,200.0,200.0,66.0,0.0,0.0,0.0,0.00047500000000000005,0.030935,0.0002499999999999999,-0.0024199999999999985,0.00135,0.050645,6.187,0.09500000000000001,1.0,0.04999999999999998,3.3425700000000003,0.0891,0.00145,0.05703,200.0,0.0032,0.09645,200.0,0.00365,0.16316,200.0,1.00341,-8.4694
2951,2952,2959,2,大鵬 M.T2                               ,1,2951,2952,2959,161.0,69.0,11.0,200.0,200.0,66.0,0.0,0.0,0.0,0.0005,0.032485,0.00022499999999999994,-0.0029700000000000004,0.001075,0.049400000000000006,6.497,0.1,1.0,0.044999999999999984,3.2604000000000006,0.07095,0.00145,0.05903,200.0,0.0026,0.09286,200.0,0.00315,0.16377,200.0,1.00342,-8.443
3000,3001,3007,1,鳳林 E.T1                               ,1,3000,3001,3007,345.0,161.0,33.0,500.0,500.0,90.0,0.0,0.0,0.0,9.980039920159717e-06,0.006159680638722555,5.389221556886223e-05,-0.0014031936127744532,0.00043313373253493016,0.030387225548902195,3.0798403193612773,0.0049900199600798585,1.0,0.026946107784431114,2.7348502994011974,0.03898203592814371,0.00032,0.02383,501.0,0.00244,0.14521,501.0,0.00222,0.1831,501.0,1.00411,-11.687
3000,3001,3008,2,鳳林 E.T2                               ,1,3000,3001,3008,345.0,161.0,33.0,500.0,500.0,90.0,0.0,0.0,0.0,1.0978043912175683e-05,0.0059620758483033935,5.4890219560878225e-05,-0.0011776447105788408,0.00043013972055888226,0.03020558882235529,2.9810379241516967,0.005489021956087841,1.0,0.02744510978043911,2.7185029940119763,0.03871257485029941,0.00033,0.02397,501.0,0.00243,0.14543,501.0,0.00221,0.1812,501.0,1.0038,-11.6081
3001,3002,3009,1,鳳林 M.T1                               ,1,3001,3002,3009,161.0,69.0,11.0,120.0,120.0,40.0,0.0,0.0,0.0,0.0020458333333333335,0.16978750000000004,0.0012291666666666666,-0.011904166666666688,0.006079166666666667,0.27513750000000003,20.374500000000005,0.24550000000000002,1.4285000000000025,0.1475,11.005500000000001,0.24316666666666667,0.00393,0.18946,120.0,0.00877,0.31588,120.0,0.00975,0.53391,120.0,0.99809,-9.5309
3101,3102,3106,1,羅東 M.T1                               ,1,3101,3102,3106,161.0,69.0,11.0,200.0,200.0,66.0,0.0,0.0,0.0,0.0004125000000000001,0.03371249999999999,0.00031249999999999995,-0.002522499999999997,0.0012625000000000002,0.0507475,6.742499999999999,0.08250000000000002,1.0,0.06249999999999999,3.349335,0.08332500000000001,0.00145,0.06238,200.0,0.00315,0.09645,200.0,0.00335,0.16892,200.0,0.99651,-35.3217
3101,3102,3107,2,羅東 M.T2                               ,1,3101,3102,3107,161.0,69.0,11.0,200.0,200.0,66.0,0.0,0.0,0.0,0.0005125,0.033562499999999995,0.00021250000000000002,-0.0037225000000000036,0.0014625000000000003,0.052017499999999994,6.712499999999999,0.10250000000000001,1.0,0.0425,3.4331549999999997,0.09652500000000001,0.00145,0.05968,200.0,0.00335,0.09659,200.0,0.00395,0.17116,200.0,0.99625,-35.4408
3101,3102,3109,4,羅東 M.T4                               ,1,3101,3102,3109,161.0,69.0,11.0,200.0,200.0,66.0,0.0,0.0,0.0,0.000455,0.034859999999999995,0.000245,-0.00392,0.0012599999999999998,0.051019999999999996,6.971999999999999,0.091,1.0,0.049,3.36732,0.08315999999999998,0.0014,0.06188,200.0,0.00301,0.0942,200.0,0.00343,0.17176,200.0,0.99627,-35.4462
3121,3122,3127,1,松山 M.T1                               ,1,3121,3122,3127,161.0,69.0,11.0,200.0,200.0,66.0,0.0,0.0,0.0,0.0005250000000000001,0.032725000000000004,0.00022499999999999983,-0.0023250000000000007,0.001225,0.050425000000000005,6.545000000000001,0.10500000000000001,1.0,0.044999999999999964,3.32805,0.08084999999999999,0.0015,0.0608,200.0,0.0029,0.0962,200.0,0.0035,0.1663,200.0,1.00217,-40.9329
3121,3122,3128,2,松山 M.T2                               ,1,3121,3122,3128,161.0,69.0,11.0,200.0,200.0,66.0,0.0,0.0,0.0,0.0005000000000000001,0.032775,0.00025,-0.0027249999999999983,0.00115,0.049925,6.555,0.10000000000000002,1.0,0.05,3.29505,0.0759,0.0015,0.0601,200.0,0.0028,0.0944,200.0,0.0033,0.1654,200.0,1.00218,-40.9691
3131,3132,3137,1,南港 M.T1                               ,1,3131,3132,3137,161.0,69.0,11.0,200.0,200.0,66.0,0.0,0.0,0.0,0.0004575,0.032714999999999994,0.00027249999999999985,-0.003025,0.0011975000000000002,0.051960000000000006,6.542999999999999,0.0915,1.0,0.05449999999999997,3.4293600000000004,0.07903500000000001,0.00146,0.05938,200.0,0.00294,0.09787,200.0,0.00331,0.16935,200.0,0.99731,-39.8934
3131,3132,3138,2,南港 M.T2                               ,1,3131,3132,3138,161.0,69.0,11.0,200.0,200.0,66.0,0.0,0.0,0.0,0.00043749999999999995,0.0327375,0.00030250000000000003,-0.002522500000000004,0.0012525000000000001,0.0533975,6.5475,0.0875,1.0,0.060500000000000005,3.524235,0.08266500000000002,0.00148,0.06043,200.0,0.00311,0.10175,200.0,0.00338,0.17227,200.0,0.99747,-39.8553
3131,3132,3139,3,南港 M.T3                               ,1,3131,3132,3139,161.0,69.0,11.0,200.0,200.0,66.0,0.0,0.0,0.0,0.000445,0.0332125,0.00030000000000000014,-0.0028224999999999986,0.0011849999999999999,0.05274749999999999,6.6425,0.089,1.0,0.060000000000000026,3.481334999999999,0.07820999999999999,0.00149,0.06078,200.0,0.00297,0.09985,200.0,0.00326,0.17192,200.0,0.9974,-39.8749
3141,3142,3147,1,八堵 M.T1                               ,1,3141,3142,3147,161.0,69.0,11.0,200.0,200.0,66.0,0.0,0.0,0.0,0.0005499999999999999,0.031695,0.00030000000000000003,-0.0022800000000000008,0.0008500000000000001,0.01806,6.339,0.10999999999999999,1.0,0.060000000000000005,1.19196,0.056100000000000004,0.0017,0.05883,200.0,0.0023,0.03156,200.0,0.0028,0.09951,200.0,1.00144,-43.0332
3141,3142,3148,2,八堵 M.T2                               ,1,3141,3142,3148,161.0,69.0,11.0,200.0,200.0,66.0,0.0,0.0,0.0,0.0004625,0.03212,0.00023749999999999997,-0.0021799999999999944,0.0010625,0.05104,6.424,0.0925,1.0,0.047499999999999994,3.36864,0.070125,0.0014,0.05988,200.0,0.0026,0.09772,200.0,0.00305,0.16632,200.0,1.00121,-43.0165
3141,3142,3149,3,八堵 M.T3                               ,1,3141,3142,3149,161.0,69.0,11.0,200.0,200.0,66.0,0.0,0.0,0.0,0.00038749999999999993,0.033464999999999995,0.00031249999999999995,-0.0023999999999999994,0.0012875,0.050615,6.692999999999999,0.07749999999999999,1.0,0.06249999999999999,3.34059,0.084975,0.0014,0.06213,200.0,0.0032,0.09643,200.0,0.00335,0.16816,200.0,1.0014,-43.0329
3161,3162,3167,1,陽明 M.T1                               ,1,3161,3162,3167,161.0,69.0,11.0,200.0,200.0,66.0,0.0,0.0,0.0,0.00047500000000000016,0.031075000000000002,0.00017499999999999992,-0.0025050000000000003,0.0012749999999999999,0.051035000000000004,6.215000000000001,0.09500000000000003,1.0,0.03499999999999998,3.36831,0.08414999999999999,0.0013,0.05714,200.0,0.0029,0.09706,200.0,0.0035,0.16422,200.0,0.9993,-41.757
3161,3162,3168,2,陽明 M.T2                               ,1,3161,3162,3168,161.0,69.0,11.0,200.0,200.0,66.0,0.0,0.0,0.0,0.00047000000000000004,0.03086,0.000245,-0.0024949999999999972,0.00138,0.05087,6.172,0.09400000000000001,1.0,0.049,3.35742,0.09108,0.00143,0.05673,200.0,0.00325,0.09675,200.0,0.0037,0.16346,200.0,0.99946,-41.7582
3161,3162,3169,3,陽明 M.T3                               ,1,3161,3162,3169,161.0,69.0,11.0,120.0,120.0,40.0,0.0,0.0,0.0,0.0010166666666666672,0.08746666666666668,0.0006166666666666664,-0.008175000000000002,0.003025,0.13604166666666667,10.496000000000002,0.12200000000000007,1.0,0.07399999999999997,5.441666666666666,0.121,0.00196,0.09515,120.0,0.00437,0.15344,120.0,0.00485,0.26821,120.0,0.99936,-41.8096
3181,3182,3187,1,板橋M.T1                                ,1,3181,3182,3187,161.0,69.0,11.0,200.0,200.0,66.0,0.0,0.0,0.0,0.00047500000000000005,0.032785,0.000285,-0.0026699999999999988,0.001435,0.052114999999999995,6.557,0.09500000000000001,1.0,0.056999999999999995,3.4395899999999995,0.09471,0.00152,0.06023,200.0,0.00344,0.09889,200.0,0.00382,0.1698,200.0,1.00292,-39.8931
3181,3182,3188,2,板橋M.T2                                ,1,3181,3182,3188,161.0,69.0,11.0,200.0,200.0,66.0,0.0,0.0,0.0,0.00023750000000000008,0.032659999999999995,0.0005024999999999999,-0.002570000000000003,0.0012125,0.05209,6.531999999999999,0.047500000000000014,1.0,0.10049999999999998,3.4379399999999998,0.080025,0.00148,0.06018,200.0,0.00343,0.09904,200.0,0.0029,0.1695,200.0,1.00324,-39.8753
3211,3212,3215,1,萬隆M.T1                                ,1,3211,3212,3215,161.0,69.0,11.0,60.0,60.0,30.0,0.0,0.0,0.0,0.006358333333333334,0.31570000000000004,0.0033083333333333333,-0.020816666666666706,0.014975000000000004,0.16910000000000006,18.942000000000004,0.38150000000000006,1.2490000000000023,0.1985,5.073000000000001,0.4492500000000001,0.0058,0.17693,60.0,0.01097,0.08897,60.0,0.0128,0.29088,60.0,0.99007,-37.3987
3211,3212,3216,2,萬隆M.T2                                ,1,3211,3212,3216,161.0,69.0,11.0,60.0,60.0,30.0,0.0,0.0,0.0,0.006358333333333334,0.31570000000000004,0.0033083333333333333,-0.020816666666666706,0.014975000000000004,0.16910000000000006,18.942000000000004,0.38150000000000006,1.2490000000000023,0.1985,5.073000000000001,0.4492500000000001,0.0058,0.17693,60.0,0.01097,0.08897,60.0,0.0128,0.29088,60.0,0.99007,-37.3987
3221,3222,3227,1,台北 M.T1                               ,1,3221,3222,3227,161.0,69.0,11.0,200.0,200.0,66.0,0.0,0.0,0.0,0.00038749999999999993,0.03371249999999999,0.00031249999999999995,-0.0027475,0.0013625,0.0500675,6.742499999999999,0.07749999999999999,1.0,0.06249999999999999,3.304455,0.089925,0.0014,0.06193,200.0,0.00335,0.09464,200.0,0.0035,0.16756,200.0,0.99579,-38.4828
3221,3222,3228,2,台北 M.T2                               ,1,3221,3222,3228,161.0,69.0,11.0,200.0,200.0,66.0,0.0,0.0,0.0,0.00043499999999999995,0.030459999999999997,0.00022000000000000003,-0.0025599999999999998,0.0012100000000000001,0.049985,6.092,0.087,1.0,0.044000000000000004,3.29901,0.07986000000000001,0.00131,0.0558,200.0,0.00286,0.09485,200.0,0.00329,0.16089,200.0,0.99572,-38.4933
3221,3222,3229,3,台北 M.T3                               ,1,3221,3222,3229,161.0,69.0,11.0,200.0,200.0,66.0,0.0,0.0,0.0,0.00049,0.031784999999999994,0.0002499999999999999,-0.0026199999999999973,0.0012099999999999997,0.05222500000000001,6.356999999999998,0.098,1.0,0.04999999999999998,3.4468500000000004,0.07985999999999999,0.00148,0.05833,200.0,0.00292,0.09921,200.0,0.0034,0.16802,200.0,0.99574,-38.4869
3231,3232,3238,1,大同 M.T1                               ,1,3231,3232,3238,161.0,69.0,11.0,200.0,200.0,66.0,0.0,0.0,0.0,0.00042500000000000003,0.033275,0.00027500000000000007,-0.0026349999999999985,0.0015249999999999999,0.049875,6.654999999999999,0.085,1.0,0.055000000000000014,3.2917500000000004,0.10064999999999999,0.0014,0.06128,200.0,0.0036,0.09448,200.0,0.0039,0.1663,200.0,0.9992,-39.7121
3231,3232,3239,2,大同 M.T2                               ,1,3231,3232,3239,161.0,69.0,11.0,200.0,200.0,66.0,0.0,0.0,0.0,0.00042500000000000003,0.0332,0.00027500000000000007,-0.0025100000000000053,0.001575,0.05057500000000001,6.64,0.085,1.0,0.055000000000000014,3.3379500000000006,0.10395,0.0014,0.06138,200.0,0.0037,0.09613,200.0,0.004,0.16755,200.0,0.99921,-39.6985
3241,3242,3247,1,蘆洲 M.T1                               ,1,3241,3242,3247,161.0,69.0,11.0,200.0,200.0,66.0,0.0,0.0,0.0,0.0004575,0.028552499999999998,0.00027249999999999996,-0.002122500000000003,0.0008025000000000002,0.0165625,5.7105,0.0915,1.0,0.05449999999999999,1.0931250000000001,0.05296500000000001,0.00146,0.05286,200.0,0.00215,0.02888,200.0,0.00252,0.09023,200.0,1.00719,-39.0793
3241,3242,3248,2,蘆洲 M.T2                               ,1,3241,3242,3248,161.0,69.0,11.0,200.0,200.0,66.0,0.0,0.0,0.0,0.00047499999999999994,0.032285,0.00025,-0.002145000000000001,0.0011,0.05005000000000001,6.457,0.09499999999999999,1.0,0.05,3.3033000000000006,0.0726,0.00145,0.06028,200.0,0.0027,0.09581,200.0,0.00315,0.16467,200.0,1.00705,-39.054
3241,3242,3249,3,蘆洲 M.T3                               ,1,3241,3242,3249,161.0,69.0,11.0,200.0,200.0,66.0,0.0,0.0,0.0,0.00041,0.030394999999999995,0.00021999999999999993,-0.0024249999999999966,0.001165,0.050280000000000005,6.078999999999999,0.082,1.0,0.043999999999999984,3.3184800000000005,0.07689,0.00126,0.05594,200.0,0.00277,0.09571,200.0,0.00315,0.16135,200.0,1.00707,-39.0982
3281,3282,3289,1,東林 M.T1                               ,1,3281,3282,3289,161.0,69.0,11.0,200.0,200.0,66.0,0.0,0.0,0.0,0.0004000000000000001,0.033424999999999996,0.0002999999999999999,-0.0027349999999999944,0.0013999999999999998,0.050355,6.685,0.08000000000000002,1.0,0.059999999999999984,3.3234299999999997,0.09239999999999998,0.0014,0.06138,200.0,0.0034,0.09524,200.0,0.0036,0.16756,200.0,1.00342,-35.8852
3281,3282,3288,2,東林 M.T2                               ,1,3281,3282,3288,161.0,69.0,11.0,200.0,200.0,66.0,0.0,0.0,0.0,0.0004000000000000001,0.033299999999999996,0.0002999999999999999,-0.0026349999999999985,0.0013249999999999998,0.050555,6.659999999999999,0.08000000000000002,1.0,0.059999999999999984,3.33663,0.08744999999999999,0.0014,0.06133,200.0,0.00325,0.09584,200.0,0.00345,0.16771,200.0,1.00341,-35.8801
3281,3282,3287,3,東林 M.T3                               ,1,3281,3282,3287,161.0,69.0,11.0,200.0,200.0,66.0,0.0,0.0,0.0,0.0004000000000000001,0.033424999999999996,0.0002999999999999999,-0.0027349999999999944,0.0013999999999999998,0.050355,6.685,0.08000000000000002,1.0,0.059999999999999984,3.3234299999999997,0.09239999999999998,0.0014,0.06138,200.0,0.0034,0.09524,200.0,0.0036,0.16756,200.0,1.0034,-35.8855
3291,3292,3298,1,蘆竹 M.T1                               ,1,3291,3292,3298,161.0,69.0,11.0,200.0,200.0,66.0,0.0,0.0,0.0,0.00042500000000000014,0.032405,0.00030999999999999984,-0.0028399999999999953,0.00122,0.05212499999999999,6.481000000000001,0.08500000000000003,1.0,0.061999999999999965,3.4402499999999994,0.08052,0.00147,0.05913,200.0,0.00306,0.09857,200.0,0.00329,0.16906,200.0,0.99655,-34.0618
3291,3292,3299,2,蘆竹 M.T2                               ,1,3291,3292,3299,161.0,69.0,11.0,200.0,200.0,66.0,0.0,0.0,0.0,0.00044499999999999987,0.032214999999999994,0.0002949999999999999,-0.002344999999999993,0.001225,0.05196999999999999,6.442999999999999,0.08899999999999997,1.0,0.05899999999999998,3.4300199999999994,0.08084999999999999,0.00148,0.05974,200.0,0.00304,0.09925,200.0,0.00334,0.16837,200.0,0.99647,-34.0294
3301,3302,3307,1,樹德 M.T1                               ,1,3301,3302,3307,161.0,69.0,11.0,200.0,200.0,66.0,0.0,0.0,0.0,0.0005,0.032295000000000004,0.0002000000000000001,-0.0023300000000000057,0.00115,0.05003500000000001,6.4590000000000005,0.1,1.0,0.04000000000000002,3.3023100000000007,0.0759,0.0014,0.05993,200.0,0.0027,0.09541,200.0,0.0033,0.16466,200.0,0.99696,-39.6673
3301,3302,3308,2,樹德 M.T2                               ,1,3301,3302,3308,161.0,69.0,11.0,200.0,200.0,66.0,0.0,0.0,0.0,0.00038749999999999993,0.0337175,0.00031249999999999995,-0.0027475,0.0013625,0.0500675,6.743499999999999,0.07749999999999999,1.0,0.06249999999999999,3.304455,0.089925,0.0014,0.06194,200.0,0.00335,0.09464,200.0,0.0035,0.16757,200.0,0.99717,-39.7024
3301,3302,3309,3,樹德 M.T5                               ,1,3301,3302,3309,161.0,69.0,11.0,200.0,200.0,66.0,0.0,0.0,0.0,0.00038749999999999993,0.0334125,0.00031249999999999995,-0.0026725000000000013,0.0012875,0.05096749999999999,6.682499999999999,0.07749999999999999,1.0,0.06249999999999999,3.3638549999999996,0.084975,0.0014,0.06148,200.0,0.0032,0.09659,200.0,0.00335,0.16876,200.0,0.99717,-39.6967
3321,3322,3326,1,中壢 M.T1                               ,1,3321,3322,3326,161.0,69.0,11.0,200.0,200.0,66.0,0.0,0.0,0.0,0.00047500000000000016,0.033229999999999996,0.00023499999999999997,-0.002610000000000001,0.001545,0.05287499999999999,6.645999999999999,0.09500000000000003,1.0,0.04699999999999999,3.4897499999999995,0.10196999999999999,0.00142,0.06124,200.0,0.00356,0.10053,200.0,0.00404,0.17221,200.0,0.99748,-37.4688
3321,3322,3328,1,中壢 M.T2                               ,1,3321,3322,3328,161.0,69.0,11.0,200.0,200.0,66.0,0.0,0.0,0.0,0.00047500000000000016,0.033229999999999996,0.00023499999999999997,-0.002610000000000001,0.001545,0.05287499999999999,6.645999999999999,0.09500000000000003,1.0,0.04699999999999999,3.4897499999999995,0.10196999999999999,0.00142,0.06124,200.0,0.00356,0.10053,200.0,0.00404,0.17221,200.0,0.99748,-37.4688
3321,3322,3327,2,中壢 M.T3                               ,1,3321,3322,3327,161.0,69.0,11.0,200.0,200.0,66.0,0.0,0.0,0.0,0.00043999999999999996,0.036129999999999995,0.0002400000000000002,-0.0029700000000000004,0.001435,0.05504500000000001,7.225999999999999,0.088,1.0,0.04800000000000004,3.6329700000000007,0.09471,0.00136,0.06632,200.0,0.00335,0.10415,200.0,0.00375,0.18235,200.0,0.99745,-37.481
3321,3322,3329,2,中壢 M.T4                               ,1,3321,3322,3329,161.0,69.0,11.0,200.0,200.0,66.0,0.0,0.0,0.0,0.00047499999999999994,0.031672500000000006,0.0002499999999999999,-0.002207500000000001,0.0011250000000000001,0.0504375,6.334500000000001,0.09499999999999999,1.0,0.04999999999999998,3.328875,0.07425000000000001,0.00145,0.05893,200.0,0.00275,0.09646,200.0,0.0032,0.16422,200.0,0.99754,-37.4399
3341,3342,3348,1,觀音 M.T1                               ,1,3341,3342,3348,161.0,69.0,11.0,200.0,200.0,66.0,0.0,0.0,0.0,0.00035000000000000005,0.03383,0.00035000000000000005,-0.0028600000000000014,0.001375,0.050100000000000006,6.766,0.07,1.0,0.07,3.3066000000000004,0.09075,0.0014,0.06194,200.0,0.00345,0.09448,200.0,0.00345,0.16786,200.0,0.99497,-29.2756
3341,3352,3358,1,觀音 M.T2                               ,1,3341,3352,3358,161.0,69.0,11.0,200.0,200.0,66.0,0.0,0.0,0.0,0.00047499999999999994,0.031272499999999995,0.00022500000000000005,-0.0033574999999999994,0.00135,0.05355750000000001,6.254499999999999,0.09499999999999999,1.0,0.04500000000000001,3.5347950000000004,0.0891,0.0014,0.05583,200.0,0.00315,0.1004,200.0,0.00365,0.16966,200.0,0.99321,-29.3651
3341,3342,3349,2,觀音 M.T3                               ,1,3341,3342,3349,161.0,69.0,11.0,200.0,200.0,66.0,0.0,0.0,0.0,0.0004249999999999999,0.033937499999999995,0.00027499999999999996,-0.002972500000000003,0.00125,0.05029750000000001,6.787499999999999,0.08499999999999998,1.0,0.05499999999999999,3.319635000000001,0.0825,0.0014,0.06193,200.0,0.00305,0.09465,200.0,0.00335,0.16847,200.0,0.99483,-29.2849
3341,3352,3359,2,觀音 M.T4                               ,2,3341,3352,3359,161.0,69.0,11.0,200.0,200.0,66.0,0.0,0.0,0.0,0.0004249999999999999,0.0335125,0.00027499999999999996,-0.003097500000000003,0.00125,0.0508725,6.702500000000001,0.08499999999999998,1.0,0.05499999999999999,3.3575850000000003,0.0825,0.0014,0.06083,200.0,0.00305,0.09555,200.0,0.00335,0.16877,200.0,1.01568,-26.2428
3361,3362,3368,1,松樹 M.T1                               ,1,3361,3362,3368,161.0,69.0,11.0,200.0,200.0,66.0,0.0,0.0,0.0,0.00041249999999999994,0.030382775000000004,0.00033749999999999996,-0.002567875000000004,0.00021250000000000002,0.050589725,6.076555000000001,0.08249999999999999,1.0,0.06749999999999999,3.33892185,0.014025000000000001,0.0015,0.0556298,200.0,0.0011,0.0960437,200.0,0.00125,0.161945,200.0,1.00553,-37.3243
3361,3364,3366,1,松樹 M.T2                               ,1,3361,3364,3366,161.0,69.0,11.0,200.0,200.0,66.0,0.0,0.0,0.0,0.0004624999999999999,0.033284999999999995,0.00022749999999999995,-0.0027699999999999947,0.0013425,0.05199499999999999,6.656999999999999,0.09249999999999999,1.0,0.04549999999999999,3.4316699999999996,0.08860499999999999,0.00138,0.06103,200.0,0.00314,0.09845,200.0,0.00361,0.17056,200.0,1.00528,-37.3192
3361,3362,3365,2,松樹 M.T3                               ,1,3361,3362,3365,161.0,69.0,11.0,200.0,200.0,66.0,0.0,0.0,0.0,0.0004999999999999999,0.0324725,0.00022499999999999983,-0.0028325000000000017,0.0011,0.049487500000000004,6.4945,0.09999999999999998,1.0,0.044999999999999964,3.266175,0.0726,0.00145,0.05928,200.0,0.00265,0.09331,200.0,0.0032,0.16392,200.0,1.00528,-37.3328
3361,3364,3367,2,松樹 M.T4                               ,1,3361,3364,3367,161.0,69.0,11.0,200.0,200.0,66.0,0.0,0.0,0.0,0.0004000000000000001,0.033312499999999995,0.0003249999999999999,-0.0027475,0.001425,0.051817499999999996,6.662499999999999,0.08000000000000002,1.0,0.06499999999999997,3.419955,0.09405000000000001,0.00145,0.06113,200.0,0.0035,0.09814,200.0,0.00365,0.17026,200.0,1.00544,-37.3172
3371,3372,3376,1,梅湖 M.T1                               ,1,3371,3372,3376,161.0,69.0,11.0,200.0,200.0,66.0,0.0,0.0,0.0,0.0005375000000000001,0.031945,0.00016249999999999988,-0.00383,0.0012924999999999998,0.05183499999999999,6.389,0.10750000000000003,1.0,0.03249999999999997,3.4211099999999997,0.08530499999999999,0.0014,0.05623,200.0,0.00291,0.09601,200.0,0.00366,0.16756,200.0,0.9953,-30.1203
3371,3372,3377,2,梅湖 M.T2                               ,1,3371,3372,3377,161.0,69.0,11.0,200.0,200.0,66.0,0.0,0.0,0.0,0.0004150000000000001,0.0302725,0.00021500000000000002,-0.0024575000000000014,0.001175,0.0507625,6.0545,0.08300000000000002,1.0,0.043000000000000003,3.350325,0.07755000000000001,0.00126,0.05563,200.0,0.00278,0.09661,200.0,0.00318,0.16207,200.0,0.99599,-29.96
3371,3374,3378,3,梅湖 M.T3                               ,1,3371,3374,3378,161.0,69.0,11.0,200.0,200.0,200.0,0.0,0.0,0.0,0.0004249999999999999,0.0338725,0.00027499999999999996,-0.002957499999999995,0.001325,0.050282499999999994,6.7745,0.08499999999999998,1.0,0.05499999999999999,10.056499999999998,0.265,0.0014,0.06183,200.0,0.0032,0.09465,200.0,0.0035,0.16831,200.0,0.99053,-30.6123
3371,3374,3379,4,梅湖 M.T4                               ,1,3371,3374,3379,161.0,69.0,11.0,200.0,200.0,200.0,0.0,0.0,0.0,0.0005125,0.033515,0.00021250000000000002,-0.003694999999999997,0.0014625000000000003,0.05206500000000001,6.703,0.10250000000000001,1.0,0.0425,10.413000000000002,0.29250000000000004,0.00145,0.05964,200.0,0.00335,0.09674,200.0,0.00395,0.17116,200.0,0.99026,-30.7226
3391,3392,3396,1,新竹 M.T1                               ,1,3391,3392,3396,161.0,69.0,11.0,200.0,200.0,66.0,0.0,0.0,0.0,0.00038749999999999993,0.03315,0.00031249999999999995,-0.002680000000000002,0.0012875,0.05008,6.63,0.07749999999999999,1.0,0.06249999999999999,3.3052799999999998,0.084975,0.0014,0.06094,200.0,0.0032,0.0948,200.0,0.00335,0.16646,200.0,0.99813,-28.2122
3391,3392,3397,2,新竹 M.T2                               ,1,3391,3392,3397,161.0,69.0,11.0,200.0,200.0,66.0,0.0,0.0,0.0,0.0005249999999999999,0.033084999999999996,0.0002500000000000001,-0.0029449999999999962,0.0011,0.05122499999999999,6.616999999999999,0.10499999999999997,1.0,0.050000000000000024,3.3808499999999997,0.0726,0.00155,0.06028,200.0,0.0027,0.09656,200.0,0.00325,0.16862,200.0,0.9981,-28.2205
3391,3394,3398,3,新竹 M.T3                               ,1,3391,3394,3398,161.0,69.0,11.0,200.0,200.0,66.0,0.0,0.0,0.0,0.00038749999999999993,0.03315,0.00031249999999999995,-0.002680000000000002,0.0012875,0.05008,6.63,0.07749999999999999,1.0,0.06249999999999999,3.3052799999999998,0.084975,0.0014,0.06094,200.0,0.0032,0.0948,200.0,0.00335,0.16646,200.0,0.99724,-31.9322
3391,3394,3399,4,新竹 M.T4                               ,1,3391,3394,3399,161.0,69.0,11.0,200.0,200.0,66.0,0.0,0.0,0.0,0.0005249999999999999,0.033084999999999996,0.0002500000000000001,-0.0029449999999999962,0.0011,0.05122499999999999,6.616999999999999,0.10499999999999997,1.0,0.050000000000000024,3.3808499999999997,0.0726,0.00155,0.06028,200.0,0.0027,0.09656,200.0,0.00325,0.16862,200.0,0.99703,-31.9736
3411,3412,3416,1,苗栗 M.T1                               ,1,3411,3412,3416,161.0,69.0,11.0,200.0,200.0,66.0,0.0,0.0,0.0,0.0005124999999999999,0.0324225,0.0002375000000000002,-0.0021574999999999997,0.0011125000000000002,0.0496875,6.4845,0.10249999999999998,1.0,0.047500000000000035,3.2793750000000004,0.07342500000000002,0.0015,0.06053,200.0,0.0027,0.09506,200.0,0.00325,0.16422,200.0,1.00008,-22.859
3411,3412,3417,2,苗栗 M.T2                               ,1,3411,3412,3417,161.0,69.0,11.0,200.0,200.0,66.0,0.0,0.0,0.0,0.00039999999999999986,0.03385250000000001,0.0003250000000000001,-0.0030575000000000047,0.0012000000000000001,0.050382500000000004,6.770500000000002,0.07999999999999997,1.0,0.06500000000000002,3.3252450000000002,0.0792,0.00145,0.06159,200.0,0.00305,0.09465,200.0,0.0032,0.16847,200.0,1.00028,-22.8832
3421,3422,3426,1,南湖 M.T1                               ,1,3421,3422,3426,161.0,69.0,11.0,200.0,200.0,66.0,0.0,0.0,0.0,0.0004249999999999999,0.034034999999999996,0.00027499999999999996,-0.003169999999999999,0.001325,0.050495,6.8069999999999995,0.08499999999999998,1.0,0.05499999999999999,3.33267,0.08745,0.0014,0.06173,200.0,0.0032,0.09465,200.0,0.0035,0.16906,200.0,0.99722,-25.7767
3421,3422,3427,2,南湖 M.T2                               ,1,3421,3422,3427,161.0,69.0,11.0,200.0,200.0,66.0,0.0,0.0,0.0,0.00047500000000000005,0.032625,0.0002499999999999999,-0.0012549999999999922,0.001075,0.04948999999999999,6.525,0.09500000000000001,1.0,0.04999999999999998,3.2663399999999996,0.07095,0.00145,0.06274,200.0,0.00265,0.09647,200.0,0.0031,0.16423,200.0,0.99717,-25.7001
3421,3422,3428,3,南湖 M.T3                               ,0,3421,3422,3428,161.0,69.0,11.0,120.0,120.0,40.0,0.0,0.0,0.0,0.0017416666666666668,0.082925,0.0012499999999999998,-0.0048166666666666705,0.002425,0.04750833333333335,9.951,0.20900000000000002,1.0,0.14999999999999997,1.9003333333333339,0.097,0.00359,0.09373,120.0,0.00441,0.05123,120.0,0.005,0.15652,120.0,1.0,0.0
3421,3422,3429,4,南湖 M.T4                               ,1,3421,3422,3429,161.0,69.0,11.0,200.0,200.0,66.0,0.0,0.0,0.0,0.0004249999999999999,0.033022499999999996,0.00027499999999999996,-0.002432499999999997,0.00125,0.0496075,6.604499999999999,0.08499999999999998,1.0,0.05499999999999999,3.274095,0.0825,0.0014,0.06118,200.0,0.00305,0.09435,200.0,0.00335,0.16526,200.0,0.99721,-25.7484
3441,3442,3446,1,龍秀 M.T1                               ,1,3441,3442,3446,161.0,69.0,11.0,200.0,200.0,66.0,0.0,0.0,0.0,0.0004999999999999999,0.03231,0.00022499999999999983,-0.00247,0.0011,0.0495,6.462,0.09999999999999998,1.0,0.044999999999999964,3.2670000000000003,0.0726,0.00145,0.05968,200.0,0.00265,0.09406,200.0,0.0032,0.16362,200.0,1.00462,-32.5151
3441,3442,3447,2,龍秀 M.T2                               ,1,3441,3442,3447,161.0,69.0,11.0,200.0,200.0,66.0,0.0,0.0,0.0,0.0005499999999999998,0.03247,0.00017500000000000013,-0.002829999999999999,0.001075,0.049490000000000006,6.494,0.10999999999999996,1.0,0.035000000000000024,3.2663400000000005,0.07095,0.00145,0.05928,200.0,0.0025,0.09332,200.0,0.00325,0.16392,200.0,1.00433,-32.5496
3441,3442,3448,3,龍秀 M.T3                               ,1,3441,3442,3448,161.0,69.0,11.0,200.0,200.0,66.0,0.0,0.0,0.0,0.0004699999999999998,0.03261000000000001,0.00027000000000000006,-0.0026699999999999988,0.001245,0.052525,6.522000000000001,0.09399999999999996,1.0,0.05400000000000001,3.46665,0.08217,0.00148,0.05988,200.0,0.00303,0.09971,200.0,0.00343,0.17027,200.0,1.00459,-32.5347
3451,3452,3458,1,翁子 M.T1                               ,1,3451,3452,3458,161.0,69.0,11.0,200.0,200.0,66.0,0.0,0.0,0.0,0.0004225,0.030555,0.0002075000000000001,-0.0024300000000000016,0.0012225,0.04747,6.111,0.0845,1.0,0.04150000000000002,3.1330199999999997,0.080685,0.00126,0.05625,200.0,0.00286,0.09008,200.0,0.00329,0.15605,200.0,0.99499,-22.0106
3451,3452,3459,2,翁子 M.T2                               ,1,3451,3452,3459,161.0,69.0,11.0,200.0,200.0,66.0,0.0,0.0,0.0,0.00045,0.03175,0.00030000000000000003,-0.0026500000000000065,0.0012499999999999998,0.05225,6.35,0.09,1.0,0.060000000000000005,3.4484999999999997,0.08249999999999999,0.0015,0.0582,200.0,0.0031,0.0992,200.0,0.0034,0.168,200.0,0.99505,-22.0157
3461,3462,3466,1,銅中 M.T1                               ,1,3461,3462,3466,161.0,69.0,11.0,200.0,200.0,66.0,0.0,0.0,0.0,0.00047500000000000005,0.032062499999999994,0.0002499999999999999,-0.002187499999999995,0.001075,0.0503625,6.412499999999999,0.09500000000000001,1.0,0.04999999999999998,3.323925,0.07095,0.00145,0.05975,200.0,0.00265,0.09635,200.0,0.0031,0.16485,200.0,0.99964,-20.5712
3461,3462,3467,2,銅中 M.T2                               ,1,3461,3462,3467,161.0,69.0,11.0,200.0,200.0,66.0,0.0,0.0,0.0,0.0009499999999999999,0.06367500000000001,0.0005,-0.004224999999999993,0.0022,0.10087499999999999,12.735000000000001,0.18999999999999997,1.0,0.1,6.657749999999999,0.1452,0.0029,0.1189,200.0,0.0054,0.1933,200.0,0.0063,0.3291,200.0,0.99964,-20.5698
3471,3472,3477,2,頭份 M.T2                               ,1,3471,3472,3477,161.0,69.0,11.0,200.0,200.0,66.0,0.0,0.0,0.0,0.00038999999999999994,0.030565,0.00031499999999999996,-0.0021950000000000025,0.0012900000000000001,0.05079499999999999,6.1129999999999995,0.07799999999999999,1.0,0.06299999999999999,3.3524699999999994,0.08514000000000001,0.00141,0.05674,200.0,0.00321,0.0972,200.0,0.00336,0.16272,200.0,0.99711,-25.8326
3471,3472,3478,3,頭份 M.T3                               ,1,3471,3472,3478,161.0,69.0,11.0,200.0,200.0,66.0,0.0,0.0,0.0,0.00047499999999999994,0.030875000000000003,0.00025,-0.0025599999999999998,0.00142,0.050555,6.175000000000001,0.09499999999999999,1.0,0.05,3.33663,0.09372,0.00145,0.05663,200.0,0.00334,0.09599,200.0,0.00379,0.16286,200.0,0.99705,-25.8441
3481,3482,3488,1,埔里 M.T2                               ,1,3481,3482,3488,161.0,69.0,11.0,60.0,60.0,20.0,0.0,0.0,0.0,0.006358333333333334,0.31570000000000004,0.0033083333333333333,-0.020816666666666706,0.014975000000000004,0.16910000000000006,18.942000000000004,0.38150000000000006,1.2490000000000023,0.1985,3.382000000000001,0.2995000000000001,0.0058,0.17693,60.0,0.01097,0.08897,60.0,0.0128,0.29088,60.0,0.99504,-14.7614
3481,3482,3489,2,埔里 M.T3                               ,1,3481,3482,3489,161.0,69.0,11.0,60.0,60.0,20.0,0.0,0.0,0.0,0.007075000000000003,0.3147333333333333,0.002291666666666664,-0.018283333333333318,0.014258333333333335,0.16498333333333332,18.884,0.4245000000000002,1.096999999999999,0.13749999999999984,3.299666666666666,0.2851666666666667,0.00562,0.17787,60.0,0.00993,0.08802,60.0,0.0128,0.28783,60.0,0.99502,-14.7594
3521,3522,3527,1,中市 M.T1                               ,1,3521,3522,3527,161.0,69.0,11.0,200.0,200.0,66.0,0.0,0.0,0.0,0.0009499974999999999,0.06390000000000001,0.0004500025000000001,-0.004159999999999997,0.0022999974999999995,0.10002,12.780000000000003,0.1899995,1.0,0.09000050000000001,6.601319999999999,0.15179983499999997,0.0028,0.11948,200.0,0.0055,0.19172,200.0,0.00649999,0.32784,200.0,0.99941,-24.5506
3521,3522,3528,2,中市 M.T4                               ,1,3521,3522,3528,161.0,69.0,11.0,200.0,200.0,66.0,0.0,0.0,0.0,0.000375,0.03387749999999999,0.0003249999999999999,-0.002732499999999999,0.001375,0.05027749999999999,6.775499999999998,0.075,1.0,0.06499999999999997,3.3183149999999992,0.09075,0.0014,0.06229,200.0,0.0034,0.09509,200.0,0.0035,0.16831,200.0,0.99952,-24.5773
3521,3522,3529,3,中市 M.T5                               ,1,3521,3522,3529,161.0,69.0,11.0,200.0,200.0,66.0,0.0,0.0,0.0,0.0005024999999999999,0.03206,0.00026749999999999994,-0.002245000000000004,0.0010825000000000001,0.050324999999999995,6.412,0.10049999999999998,1.0,0.05349999999999999,3.3214499999999996,0.07144500000000001,0.00154,0.05963,200.0,0.0027,0.09616,200.0,0.00317,0.16477,200.0,0.99946,-24.5588
3531,3532,3536,1,中清 M.T1                               ,1,3531,3532,3536,161.0,69.0,11.0,200.0,200.0,66.0,0.0,0.0,0.0,0.00043999999999999996,0.03241000000000001,0.0002849999999999999,-0.0030950000000000005,0.0012300000000000002,0.051324999999999996,6.482000000000002,0.088,1.0,0.056999999999999974,3.38745,0.08118000000000002,0.00145,0.05863,200.0,0.00303,0.09646,200.0,0.00334,0.16747,200.0,1.00302,-26.1834
3531,3532,3537,2,中清 M.T2                               ,1,3531,3532,3537,161.0,69.0,11.0,200.0,200.0,66.0,0.0,0.0,0.0,0.0004699999999999998,0.0326325,0.0002800000000000001,-0.003342500000000005,0.001235,0.053547500000000005,6.5265,0.09399999999999996,1.0,0.056000000000000015,3.5341350000000005,0.08151,0.0015,0.05858,200.0,0.00303,0.10041,200.0,0.00341,0.17236,200.0,1.00301,-26.2031
3531,3532,3538,3,中清 M.T3                               ,1,3531,3532,3538,161.0,69.0,11.0,200.0,200.0,66.0,0.0,0.0,0.0,0.000474995,0.031834999999999995,0.0002500149999999999,-0.002119999999999997,0.001100005,0.050425,6.366999999999999,0.094999,1.0,0.050002999999999985,3.3280499999999997,0.07260033,0.00145002,0.05943,200.0,0.00270004,0.09661,200.0,0.00315,0.16452,200.0,1.00301,-26.1039
3551,3552,3556,1,彰化 M.T1                               ,1,3551,3552,3556,161.0,69.0,11.0,200.0,200.0,66.0,0.0,0.0,0.0,0.00042500000000000003,0.030397499999999997,0.00021000000000000012,-0.002522499999999997,0.001225,0.0476975,6.0794999999999995,0.085,1.0,0.04200000000000002,3.1480349999999997,0.08084999999999999,0.00127,0.05575,200.0,0.00287,0.09035,200.0,0.0033,0.15619,200.0,1.00114,-7.1542
3551,3552,3557,2,彰化 M.T2                               ,1,3551,3552,3557,161.0,69.0,11.0,200.0,200.0,66.0,0.0,0.0,0.0,0.0004899999999999999,0.030385,0.00026000000000000003,-0.002569999999999996,0.001405,0.050565,6.077,0.09799999999999998,1.0,0.052000000000000005,3.33729,0.09273,0.0015,0.05563,200.0,0.00333,0.09599,200.0,0.00379,0.1619,200.0,1.00124,-7.1599
3551,3552,3558,3,彰化 M.T3                               ,1,3551,3552,3558,161.0,69.0,11.0,200.0,200.0,66.0,0.0,0.0,0.0,0.0005450000000000001,0.031270000000000006,0.0003849999999999998,-0.00204,0.001395,0.018355,6.254000000000001,0.10900000000000003,1.0,0.07699999999999996,1.21143,0.09207,0.00186,0.05846,200.0,0.00356,0.03263,200.0,0.00388,0.09925,200.0,1.00152,-7.095
3551,3552,3559,4,彰化 M.T4                               ,1,3551,3552,3559,161.0,69.0,11.0,200.0,200.0,66.0,0.0,0.0,0.0,0.00043999999999999996,0.031735,0.0002849999999999999,-0.002569999999999996,0.0012300000000000002,0.051949999999999996,6.3469999999999995,0.088,1.0,0.056999999999999974,3.4286999999999996,0.08118000000000002,0.00145,0.05833,200.0,0.00303,0.09876,200.0,0.00334,0.16737,200.0,1.00127,-7.1477
3661,3662,3667,1,雲林 M.T1                               ,1,3661,3662,3667,161.0,69.0,11.0,200.0,200.0,66.0,0.0,0.0,0.0,0.0004150000000000001,0.030524999999999997,0.00021500000000000002,-0.002805000000000002,0.001165,0.050210000000000005,6.1049999999999995,0.08300000000000002,1.0,0.043000000000000003,3.3138600000000005,0.07689,0.00126,0.05544,200.0,0.00276,0.09481,200.0,0.00316,0.16147,200.0,0.99939,-11.1919
3661,3662,3668,2,雲林 M.T2                               ,1,3661,3662,3668,161.0,69.0,11.0,200.0,200.0,66.0,0.0,0.0,0.0,0.00035999999999999997,0.03361499999999999,0.0003399999999999999,-0.0028499999999999914,0.0013599999999999999,0.050164999999999994,6.722999999999998,0.072,1.0,0.06799999999999998,3.3108899999999997,0.08975999999999999,0.0014,0.06153,200.0,0.0034,0.09463,200.0,0.00344,0.16756,200.0,0.99952,-11.1782
3661,3662,3669,3,雲林 M.T3                               ,1,3661,3662,3669,161.0,69.0,11.0,200.0,200.0,66.0,0.0,0.0,0.0,0.0005,0.030849999999999995,0.0002499999999999999,-0.002584999999999997,0.0013250000000000002,0.050655,6.169999999999999,0.1,1.0,0.04999999999999998,3.3432299999999997,0.08745000000000001,0.0015,0.05653,200.0,0.00315,0.09614,200.0,0.00365,0.16301,200.0,0.99947,-11.1757
3671,3672,3677,1,嘉義 M.T1                               ,1,3671,3672,3677,161.0,69.0,11.0,200.0,200.0,66.0,0.0,0.0,0.0,0.00047500000000000005,0.031985,0.0002549999999999999,-0.002345,0.0011350000000000002,0.049975000000000006,6.397,0.09500000000000001,1.0,0.05099999999999998,3.2983500000000006,0.07491,0.00146,0.05928,200.0,0.00278,0.09526,200.0,0.00322,0.16392,200.0,0.9942,-1.3226
3671,3672,3678,2,嘉義 M.T2                               ,1,3671,3672,3678,161.0,69.0,11.0,200.0,200.0,66.0,0.0,0.0,0.0,0.0004450000000000001,0.03226,0.00028,-0.0029949999999999977,0.0011450000000000002,0.05317499999999999,6.451999999999999,0.08900000000000002,1.0,0.055999999999999994,3.5095499999999995,0.07557000000000001,0.00145,0.05853,200.0,0.00285,0.10036,200.0,0.00318,0.17087,200.0,0.99425,-1.3623
3671,3672,3679,3,嘉義 M.T3                               ,1,3671,3672,3679,161.0,69.0,11.0,200.0,200.0,66.0,0.0,0.0,0.0,0.00039999999999999986,0.03305,0.0003250000000000001,-0.0027350000000000013,0.0015,0.051174999999999984,6.61,0.07999999999999997,1.0,0.06500000000000002,3.377549999999999,0.099,0.00145,0.06063,200.0,0.00365,0.09688,200.0,0.0038,0.16845,200.0,0.99427,-1.3415
3681,3682,3686,1,新營 M.T1                               ,1,3681,3682,3686,161.0,69.0,11.0,200.0,200.0,66.0,0.0,0.0,0.0,0.00039999999999999986,0.03319,0.00030000000000000003,-0.002569999999999996,0.0013,0.050195000000000004,6.638,0.07999999999999997,1.0,0.060000000000000005,3.31287,0.0858,0.0014,0.06124,200.0,0.0032,0.09525,200.0,0.0034,0.16677,200.0,0.99144,4.7687
3681,3682,3687,2,新營 M.T2                               ,1,3681,3682,3687,161.0,69.0,11.0,200.0,200.0,66.0,0.0,0.0,0.0,0.00047499999999999994,0.03168499999999999,0.00027499999999999996,-0.001894999999999994,0.00115,0.049624999999999996,6.336999999999998,0.09499999999999999,1.0,0.05499999999999999,3.2752499999999998,0.0759,0.0015,0.05958,200.0,0.00285,0.09546,200.0,0.00325,0.16262,200.0,0.9917,4.7137
3681,3682,3688,3,新營 M.T3                               ,1,3681,3682,3688,161.0,69.0,11.0,200.0,200.0,66.0,0.0,0.0,0.0,0.000525,0.0329,0.00045,-0.002224999999999998,0.0010999999999999998,0.0499,6.58,0.105,1.0,0.09,3.2934,0.07259999999999998,0.00195,0.06135,200.0,0.0031,0.09535,200.0,0.00325,0.1656,200.0,0.99131,4.7336
3681,3682,3689,4,新營 M.T4                               ,1,3681,3682,3689,161.0,69.0,11.0,200.0,200.0,66.0,0.0,0.0,0.0,0.0004500000000000001,0.033225000000000005,0.0002800000000000001,-0.002799999999999997,0.0012200000000000002,0.05223,6.645000000000001,0.09000000000000002,1.0,0.056000000000000015,3.44718,0.08052000000000001,0.00146,0.06085,200.0,0.003,0.09886,200.0,0.00334,0.17091,200.0,0.99137,4.7909
3691,3692,3696,1,澎湖 M.T1                               ,1,3691,3692,3696,161.0,69.0,11.0,200.0,200.0,66.0,0.0,0.0,0.0,0.00038999999999999994,0.030965,0.00031499999999999996,-0.0025449999999999987,0.001355,0.05054500000000001,6.193,0.07799999999999999,1.0,0.06299999999999999,3.3359700000000005,0.08943000000000001,0.00141,0.05684,200.0,0.00334,0.096,200.0,0.00349,0.16302,200.0,0.99778,-4.7956
3691,3692,3697,2,澎湖 M.T2                               ,1,3691,3692,3697,161.0,69.0,11.0,200.0,200.0,66.0,0.0,0.0,0.0,0.0002874999999999999,0.03085,0.00013749999999999993,-0.002584999999999997,0.0014525,0.050505,6.17,0.057499999999999975,1.0,0.027499999999999986,3.33333,0.095865,0.00085,0.05653,200.0,0.00318,0.09584,200.0,0.00348,0.16271,200.0,0.9978,-4.7968
3701,3702,3707,1,北港 M.T2                               ,1,3701,3702,3707,161.0,69.0,11.0,200.0,200.0,66.0,0.0,0.0,0.0,0.00027999999999999987,0.03184,0.000455,-0.002575000000000001,0.0012050000000000001,0.052020000000000004,6.368,0.05599999999999997,1.0,0.091,3.43332,0.07953,0.00147,0.05853,200.0,0.00332,0.09889,200.0,0.00297,0.16772,200.0,0.99575,-2.891
3701,3702,3708,2,北港 M.T3                               ,1,3701,3702,3708,161.0,69.0,11.0,200.0,200.0,66.0,0.0,0.0,0.0,0.00043999999999999996,0.033960000000000004,0.00029,-0.002495000000000004,0.00129,0.05064500000000001,6.792000000000001,0.088,1.0,0.058,3.3425700000000007,0.08514,0.00146,0.06293,200.0,0.00316,0.0963,200.0,0.00346,0.16921,200.0,0.99611,-2.9084
3701,3702,3709,3,北港 M.T4                               ,1,3701,3702,3709,161.0,69.0,11.0,200.0,200.0,66.0,0.0,0.0,0.0,0.00041,0.033585000000000004,0.0002849999999999999,-0.002710000000000004,0.00126,0.051039999999999995,6.7170000000000005,0.082,1.0,0.056999999999999974,3.3686399999999996,0.08316,0.00139,0.06175,200.0,0.00309,0.09666,200.0,0.00334,0.16925,200.0,0.99603,-2.8877
3721,3722,3727,1,山上 M.T1                               ,1,3721,3722,3727,161.0,69.0,11.0,200.0,200.0,66.0,0.0,0.0,0.0,0.0004500000000000001,0.03201,0.00027499999999999996,-0.0028450000000000003,0.001225,0.051845,6.401999999999999,0.09000000000000002,1.0,0.05499999999999999,3.42177,0.08084999999999999,0.00145,0.05833,200.0,0.003,0.098,200.0,0.00335,0.16771,200.0,0.99898,-12.0542
3721,3722,3728,2,山上 M.T2                               ,1,3721,3722,3728,161.0,69.0,11.0,200.0,200.0,66.0,0.0,0.0,0.0,0.00049,0.03264499999999999,0.0002400000000000001,-0.002479999999999996,0.0010900000000000003,0.049335000000000004,6.528999999999999,0.098,1.0,0.048000000000000015,3.25611,0.07194000000000002,0.00146,0.06033,200.0,0.00266,0.09371,200.0,0.00316,0.16396,200.0,0.99896,-12.0195
3721,3722,3729,3,山上 M.T3                               ,1,3721,3722,3729,161.0,69.0,11.0,200.0,200.0,66.0,0.0,0.0,0.0,0.0004150000000000001,0.030437499999999996,0.00021999999999999993,-0.0023674999999999946,0.00117,0.050222499999999996,6.0874999999999995,0.08300000000000002,1.0,0.043999999999999984,3.314685,0.07722,0.00127,0.05614,200.0,0.00278,0.09571,200.0,0.00317,0.16132,200.0,0.99895,-12.0243
3731,3732,3738,1,安南 M.T1                               ,1,3731,3732,3738,161.0,69.0,11.0,200.0,200.0,66.0,0.0,0.0,0.0,0.00047499999999999994,0.0319625,0.0002499999999999999,-0.0024474999999999983,0.0012100000000000001,0.0523475,6.392499999999999,0.09499999999999999,1.0,0.04999999999999998,3.454935,0.07986000000000001,0.00145,0.05903,200.0,0.00292,0.0998,200.0,0.00337,0.16862,200.0,1.00927,-12.6056
3731,3732,3739,2,安南 M.T2                               ,1,3731,3732,3739,161.0,69.0,11.0,200.0,200.0,66.0,0.0,0.0,0.0,0.00047500000000000005,0.03207499999999999,0.00025,-0.0026300000000000004,0.001215,0.052385,6.414999999999998,0.09500000000000001,1.0,0.05,3.45741,0.08019,0.00145,0.05889,200.0,0.00293,0.09951,200.0,0.00338,0.16892,200.0,1.00927,-12.6164
3761,3762,3767,1,台南 M.T1                               ,1,3761,3762,3767,161.0,69.0,11.0,200.0,200.0,66.0,0.0,0.0,0.0,0.0005250000000000002,0.0314925,0.00031999999999999997,-0.002302499999999999,0.0012399999999999998,0.018602499999999998,6.2985,0.10500000000000004,1.0,0.064,1.2277649999999998,0.08183999999999998,0.00169,0.05838,200.0,0.00312,0.0326,200.0,0.00353,0.10019,200.0,1.00682,-16.5712
3761,3762,3768,2,台南 M.T2                               ,1,3761,3762,3768,161.0,69.0,11.0,200.0,200.0,66.0,0.0,0.0,0.0,0.0005149999999999999,0.032034999999999994,0.00023999999999999987,-0.002044999999999998,0.00114,0.05039999999999999,6.406999999999999,0.103,1.0,0.04799999999999997,3.3263999999999996,0.07524,0.00151,0.05998,200.0,0.00276,0.09671,200.0,0.00331,0.16487,200.0,1.00668,-16.5335
3761,3762,3769,3,台南 M.T3                               ,1,3761,3762,3769,161.0,69.0,11.0,200.0,200.0,66.0,0.0,0.0,0.0,0.00042500000000000003,0.0302475,0.0002149999999999999,-0.002327500000000003,0.001235,0.047227500000000006,6.0495,0.085,1.0,0.04299999999999998,3.1170150000000003,0.08151,0.00128,0.05584,200.0,0.0029,0.0898,200.0,0.00332,0.15495,200.0,1.00656,-16.5857
3791,3792,3796,1,岡山 M.T1                               ,1,3791,3792,3796,161.0,69.0,11.0,200.0,200.0,66.0,0.0,0.0,0.0,0.00056,0.0316,0.00038999999999999994,-0.0023500000000000014,0.0013650000000000001,0.018725000000000006,6.32,0.11199999999999999,1.0,0.07799999999999999,1.2358500000000003,0.09009,0.0019,0.0585,200.0,0.00351,0.03275,200.0,0.00385,0.10065,200.0,1.00721,-12.0622
3791,3792,3797,2,岡山 M.T2                               ,1,3791,3792,3797,161.0,69.0,11.0,200.0,200.0,66.0,0.0,0.0,0.0,0.0004225,0.03033,0.00021250000000000002,-0.0025249999999999995,0.0012274999999999999,0.047630000000000006,6.066,0.0845,1.0,0.0425,3.1435800000000005,0.08101499999999999,0.00127,0.05561,200.0,0.00288,0.09021,200.0,0.0033,0.15592,200.0,1.00706,-12.0735
3791,3792,3798,3,岡山 M.T3                               ,1,3791,3792,3798,161.0,69.0,11.0,200.0,200.0,66.0,0.0,0.0,0.0,0.0005,0.0306225,0.00022499999999999994,-0.0023325000000000012,0.00135,0.0504075,6.1245,0.1,1.0,0.044999999999999984,3.326895,0.0891,0.00145,0.05658,200.0,0.00315,0.09615,200.0,0.0037,0.16206,200.0,1.00709,-12.064
3791,3792,3799,4,岡山 M.T4                               ,1,3791,3792,3799,161.0,69.0,11.0,200.0,200.0,66.0,0.0,0.0,0.0,0.0004900000000000001,0.032744999999999996,0.00026499999999999994,-0.00238,0.00109,0.05029,6.5489999999999995,0.09800000000000002,1.0,0.052999999999999985,3.31914,0.07194,0.00151,0.06073,200.0,0.00271,0.09582,200.0,0.00316,0.16607,200.0,1.00711,-12.0594
3811,3812,3817,1,社武 M.T1                               ,1,3811,3812,3817,161.0,69.0,11.0,200.0,200.0,66.0,0.0,0.0,0.0,0.0004875000000000001,0.0324725,0.00021250000000000002,-0.002302499999999999,0.0011625,0.050157499999999994,6.4945,0.09750000000000002,1.0,0.0425,3.3103949999999998,0.07672499999999999,0.0014,0.06034,200.0,0.00275,0.09571,200.0,0.0033,0.16526,200.0,0.99757,-18.5548
3811,3812,3818,2,社武 M.T2                               ,1,3811,3812,3818,161.0,69.0,11.0,200.0,200.0,66.0,0.0,0.0,0.0,0.0004125000000000001,0.030422499999999995,0.00021749999999999992,-0.0026074999999999987,0.0011675,0.050462499999999993,6.084499999999999,0.08250000000000002,1.0,0.04349999999999998,3.3305249999999997,0.077055,0.00126,0.05563,200.0,0.00277,0.09571,200.0,0.00316,0.16177,200.0,0.99743,-18.5829
3811,3812,3819,3,社武 M.T3                               ,0,3811,3812,3819,161.0,69.0,11.0,200.0,200.0,66.0,0.0,0.0,0.0,0.0004075,0.0303875,0.00022250000000000004,-0.0027174999999999977,0.0011675,0.0503475,6.077500000000001,0.0815,1.0,0.04450000000000001,3.322935,0.077055,0.00126,0.05534,200.0,0.00278,0.09526,200.0,0.00315,0.16147,200.0,1.0,0.0
3881,3882,3888,1,林園 M.T1                               ,1,3881,3882,3888,161.0,69.0,11.0,200.0,200.0,66.0,0.0,0.0,0.0,0.0004249999999999999,0.031270000000000006,0.00027499999999999996,-0.0032049999999999995,0.0014,0.053184999999999996,6.254000000000001,0.08499999999999998,1.0,0.05499999999999999,3.51021,0.0924,0.0014,0.05613,200.0,0.00335,0.09996,200.0,0.00365,0.16891,200.0,0.99987,-14.0313
3881,3882,3889,2,林園 M.T2                               ,1,3881,3882,3889,161.0,69.0,11.0,200.0,200.0,66.0,0.0,0.0,0.0,0.00038750000000000004,0.03325,0.00031250000000000006,-0.002459999999999997,0.0013174999999999999,0.050605000000000004,6.65,0.07750000000000001,1.0,0.06250000000000001,3.3399300000000003,0.08695499999999999,0.0014,0.06158,200.0,0.00326,0.09629,200.0,0.00341,0.16771,200.0,1.00033,-13.9414
3881,3882,3890,3,林園 M.T3                               ,1,3881,3882,3890,161.0,69.0,11.0,200.0,200.0,66.0,0.0,0.0,0.0,0.00044000000000000007,0.033015,0.00026499999999999983,-0.002595,0.001515,0.05029,6.603000000000001,0.08800000000000001,1.0,0.052999999999999964,3.31914,0.09999000000000001,0.00141,0.06084,200.0,0.00356,0.09539,200.0,0.00391,0.16661,200.0,1.00019,-13.9545
3891,3892,3896,1,南工乙 M.T1                             ,0,3891,3892,3896,161.0,69.0,11.0,200.0,200.0,66.0,0.0,0.0,0.0,0.0005225000000000001,0.03273,0.0003225,-0.0035449999999999995,0.0012374999999999999,0.052545,6.546,0.10450000000000001,1.0,0.0645,3.46797,0.081675,0.00169,0.05837,200.0,0.00312,0.098,200.0,0.00352,0.17055,200.0,1.0,0.0
3891,3892,3897,2,南工乙 M.T2                             ,1,3891,3892,3897,161.0,69.0,11.0,200.0,200.0,66.0,0.0,0.0,0.0,0.0004224999999999999,0.03058,0.00021250000000000012,-0.0026149999999999993,0.0012325,0.047444999999999994,6.116,0.08449999999999998,1.0,0.042500000000000024,3.1313699999999995,0.081345,0.00127,0.05593,200.0,0.00289,0.08966,200.0,0.00331,0.15605,200.0,1.00378,-17.3046
3891,3892,3898,3,南工乙 M.T3                             ,1,3891,3892,3898,161.0,69.0,11.0,200.0,200.0,66.0,0.0,0.0,0.0,0.0004249999999999999,0.033815,0.00027499999999999996,-0.003020000000000002,0.001325,0.050195,6.763,0.08499999999999998,1.0,0.05499999999999999,3.3128699999999998,0.08745,0.0014,0.06159,200.0,0.0032,0.09435,200.0,0.0035,0.16802,200.0,1.00381,-17.3205
3891,3892,3899,4,南工乙 M.T4                             ,1,3891,3892,3899,161.0,69.0,11.0,200.0,200.0,66.0,0.0,0.0,0.0,0.000375,0.033952500000000004,0.000375,-0.0030375000000000055,0.001375,0.05110250000000001,6.790500000000001,0.075,1.0,0.075,3.3727650000000007,0.09075,0.0015,0.06183,200.0,0.0035,0.09613,200.0,0.0035,0.17011,200.0,1.004,-17.3231
3921,3922,3926,1,墾丁 M.T1                               ,1,3921,3922,3926,161.0,69.0,11.0,200.0,200.0,66.0,0.0,0.0,0.0,0.00039999999999999996,0.034065,0.000325,-0.002924999999999997,0.0014500000000000001,0.051140000000000005,6.813,0.07999999999999999,1.0,0.065,3.3752400000000002,0.09570000000000001,0.00145,0.06228,200.0,0.00355,0.09643,200.0,0.0037,0.17041,200.0,0.99457,-9.8581
3931,3932,3936,1,屏東 M.T1                               ,1,3931,3932,3936,161.0,69.0,11.0,200.0,200.0,66.0,0.0,0.0,0.0,0.00039999999999999986,0.033065000000000004,0.0003250000000000001,-0.002700000000000001,0.0015,0.05176499999999999,6.613,0.07999999999999997,1.0,0.06500000000000002,3.4164899999999996,0.099,0.00145,0.06073,200.0,0.00365,0.09813,200.0,0.0038,0.16966,200.0,1.00073,-10.3677
3931,3932,3938,3,屏東 M.T3                               ,1,3931,3932,3938,161.0,69.0,11.0,200.0,200.0,66.0,0.0,0.0,0.0,0.000455,0.032875,0.0002899999999999999,-0.002360000000000001,0.0013549999999999999,0.05270500000000001,6.575,0.091,1.0,0.05799999999999998,3.4785300000000006,0.08943,0.00149,0.06103,200.0,0.00329,0.10069,200.0,0.00362,0.17116,200.0,1.00079,-10.3686
3931,3932,3939,4,屏東 M.T4                               ,1,3931,3932,3939,161.0,69.0,11.0,200.0,200.0,66.0,0.0,0.0,0.0,0.0004499999999999999,0.03225,0.0002500000000000001,-0.002149999999999999,0.0010999999999999998,0.05004999999999999,6.45,0.08999999999999997,1.0,0.050000000000000024,3.3032999999999992,0.07259999999999998,0.0014,0.0602,200.0,0.0027,0.0958,200.0,0.0031,0.1646,200.0,1.00082,-10.3688
3941,3942,3948,1,楓港 M.T1                               ,1,3941,3942,3948,161.0,69.0,11.0,200.0,200.0,60.0,0.0,0.0,0.0,0.00047499999999999994,0.031920000000000004,0.00022500000000000005,-0.0021800000000000014,0.001075,0.049965,6.384,0.09499999999999999,1.0,0.04500000000000001,2.9979,0.0645,0.0014,0.05948,200.0,0.0026,0.09557,200.0,0.0031,0.16377,200.0,1.00357,-9.7548
3941,3942,3949,2,楓港 M.T2                               ,1,3941,3942,3949,161.0,69.0,11.0,200.0,200.0,60.0,0.0,0.0,0.0,0.00047499999999999994,0.031920000000000004,0.00022500000000000005,-0.0021800000000000014,0.001075,0.049965,6.384,0.09499999999999999,1.0,0.04500000000000001,2.9979,0.0645,0.0014,0.05948,200.0,0.0026,0.09557,200.0,0.0031,0.16377,200.0,1.00095,-9.7723
3951,3952,3957,1,花蓮 M.T1                               ,1,3951,3952,3957,161.0,69.0,11.0,200.0,200.0,66.0,0.0,0.0,0.0,0.0004124999999999999,0.0333875,0.0002875000000000001,-0.0027475,0.0013175,0.0501475,6.6775,0.08249999999999998,1.0,0.05750000000000002,3.309735,0.086955,0.0014,0.06128,200.0,0.00321,0.0948,200.0,0.00346,0.16707,200.0,1.00525,-16.2644
3951,3952,3958,2,花蓮 M.T2                               ,1,3951,3952,3958,161.0,69.0,11.0,200.0,200.0,66.0,0.0,0.0,0.0,0.0004875,0.031822500000000004,0.00023750000000000008,-0.002202500000000003,0.0011424999999999999,0.0505825,6.3645000000000005,0.09749999999999999,1.0,0.047500000000000014,3.338445,0.07540499999999999,0.00145,0.05924,200.0,0.00276,0.09676,200.0,0.00326,0.16481,200.0,1.00529,-16.2374
3951,3952,3959,3,花蓮 M.T3                               ,1,3951,3952,3959,161.0,69.0,11.0,200.0,200.0,66.0,0.0,0.0,0.0,0.0004625,0.031985,0.00026249999999999993,-0.0019699999999999995,0.0011425,0.04990000000000001,6.397,0.0925,1.0,0.052499999999999984,3.2934000000000005,0.075405,0.00145,0.06003,200.0,0.00281,0.09586,200.0,0.00321,0.16377,200.0,1.00536,-16.2224
3971,3972,3977,2,台東 M.T2                               ,1,3971,3972,3977,161.0,69.0,11.0,60.0,60.0,20.0,0.0,0.0,0.0,0.007733333333333335,0.34365,0.002483333333333332,-0.020016666666666683,0.015600000000000003,0.18031666666666668,20.619,0.4640000000000001,1.201000000000001,0.14899999999999994,3.6063333333333336,0.31200000000000006,0.00613,0.19418,60.0,0.01085,0.09618,60.0,0.014,0.31438,60.0,0.99834,-11.2016
3971,3972,3978,3,台東 M.T3                               ,1,3971,3972,3978,161.0,69.0,11.0,60.0,60.0,20.0,0.0,0.0,0.0,0.007733333333333335,0.34365,0.002483333333333332,-0.020016666666666683,0.015600000000000003,0.18031666666666668,20.619,0.4640000000000001,1.201000000000001,0.14899999999999994,3.6063333333333336,0.31200000000000006,0.00613,0.19418,60.0,0.01085,0.09618,60.0,0.014,0.31438,60.0,0.99834,-11.2016
3971,3972,3979,4,台東 M.T4                               ,1,3971,3972,3979,161.0,69.0,11.0,120.0,120.0,40.0,0.0,0.0,0.0,0.0013916666666666665,0.08506250000000001,0.0006250000000000001,-0.006479166666666675,0.00375,0.14002083333333334,10.207500000000001,0.16699999999999998,1.0,0.07500000000000001,5.600833333333334,0.15,0.00242,0.0943,120.0,0.00525,0.16025,120.0,0.00617,0.2701,120.0,0.99845,-11.1897
9100,9101,9102,1,海湖 GT.T1                              ,1,9100,9101,9102,161.0,18.0,18.0,386.0,193.0,193.0,0.0,0.0,0.0,9.326424870466322e-05,-0.008339378238341973,0.0003626943005181346,0.04873834196891191,0.0005233160621761658,0.05024093264248704,3.2190000000000016,0.036000000000000004,9.406499999999998,0.06999999999999998,9.696499999999999,0.101,0.00088,0.07797,193.0,0.00171,0.19103,193.0,0.00119,0.08087,193.0,0.95121,-33.6912
9100,9104,9105,1,海湖 GT.T2                              ,0,9100,9104,9105,161.0,18.0,18.0,386.0,193.0,193.0,0.0,0.0,0.0,9.326424870466322e-05,-0.00818911917098445,0.0003626943005181346,0.04840155440414508,0.0005233160621761658,0.05022538860103626,3.160999999999998,0.036000000000000004,9.3415,0.06999999999999998,9.693499999999998,0.101,0.00088,0.07761,193.0,0.00171,0.19035,193.0,0.00119,0.08113,193.0,1.0,0.0
9160,9161,9162,1,國光 GT.T1                              ,1,9160,9161,9162,345.0,18.0,18.0,360.0,180.0,180.0,0.0,0.0,0.0,5.555555555555305e-06,0.0032805555555555505,0.0010666666666666667,0.05900833333333334,0.0011055555555555556,0.05904166666666667,1.1809999999999983,0.00199999999999991,10.621500000000001,0.192,10.627500000000001,0.199,0.00193,0.11212,180.0,0.00391,0.21249,180.0,0.002,0.11218,180.0,0.9991,-27.0839
9320,9321,9324,1,嘉惠 G.T1                               ,1,9320,9324,9321,161.0,18.0,18.0,496.4,300.0,196.4,0.0,0.0,0.0,0.0005174100475220639,0.030130257976917853,0.0002870706042090971,0.02059784792939579,0.00014959606245756955,0.019355485403937535,14.956660059742022,0.2568423475899525,6.179354378818736,0.08612118126272912,3.801417333333332,0.02938066666666666,0.00158,0.09963,196.4,0.00131,0.11986,300.0,0.00131,0.09719,196.4,1.01174,10.0479
9320,9322,9323,1,嘉惠 G.T2                               ,1,9320,9322,9323,161.0,18.0,18.0,392.8,196.4,196.4,0.0,0.0,0.0,-3.309572301425667e-05,0.0026705702647657897,0.000969959266802444,0.046682790224032586,0.0010005091649694503,0.046810081466395106,1.0490000000000022,0.01300000000000002,9.1685,0.1905,9.193499999999998,0.19650000000000006,0.00184,0.09693,196.4,0.00387,0.18362,196.4,0.0019,0.09718,196.4,1.00532,2.5491
9330,9331,9332,1,嘉惠 2G.T                               ,1,9330,9331,9332,161.0,26.0,18.0,650.0,433.0,217.0,0.0,0.0,0.0,1.8992424242424133e-06,-0.0024228181818181822,8.537348484848486e-05,0.011509606060606059,0.00019540075757575758,0.019116303030303032,1.5748318181818184,0.0012345075757575687,4.983659424242424,0.03696671893939394,4.148237757575758,0.042401964393939395,0.000576,0.0599728,660.0,0.00185311,0.202131,660.0,0.00130218,0.110177,660.0,0.95603,-3.3469
32192,32190,32196,1,沃一離風M.T1                            ,1,32192,32190,32196,230.0,161.0,22.8,360.0,360.0,2.0,0.0,0.0,0.0,0.00045138888888889006,0.0116,-0.0003597222222222231,-0.0022555555555555523,0.009465277777777777,0.025363888888888887,4.176,0.16250000000000042,1.0,0.1295000000000003,1.0,0.018930555555555555,0.00033,0.03364,360.0,0.03278,0.08319,360.0,0.0357,0.13307,360.0,1.00547,-0.6261
32194,32191,32197,1,沃一離風M.T2                            ,1,32194,32191,32197,230.0,161.0,22.8,360.0,360.0,2.0,0.0,0.0,0.0,0.0004430555555555559,0.011148611111111113,-0.00035138888888888893,-0.0017958333333333333,0.009456944444444443,0.025756944444444447,4.0135000000000005,0.15950000000000014,1.0,0.1265,1.0,0.018913888888888886,0.00033,0.03367,360.0,0.03278,0.08626,360.0,0.03564,0.13286,360.0,1.00549,-0.608
32221,32220,32222,1,沃二離風M.T                             ,1,32221,32220,32222,230.0,161.0,22.8,360.0,360.0,2.0,0.0,0.0,0.0,0.0004499999999999999,0.011594444444444444,-0.0003583333333333329,-0.002288888888888889,0.009402777777777779,0.025322222222222225,4.1739999999999995,0.16199999999999995,1.0,0.12899999999999984,1.0,0.018805555555555558,0.00033,0.0335,360.0,0.03256,0.08292,360.0,0.03547,0.1329,360.0,1.00563,-0.6253
32370,32371,32378,1,海龍二B風MT1                            ,1,32371,32370,32378,230.0,161.0,22.1,255.0,204.0,153.0,0.0,0.0,0.0,0.0005176470588235295,0.047643137254901956,0.00026666666666666657,-0.0033960784313725526,0.0008313725490196077,0.03899999999999999,12.149,0.132,1.0,0.05439999999999998,5.966999999999999,0.12719999999999998,0.002,0.11283,255.0,0.0028,0.09079,255.0,0.00344,0.22094,255.0,1.23843,0.001
32460,32461,32472,1,沃南風ET1                               ,1,32460,32461,32472,345.0,230.0,22.8,1.0,1.0,1.0,0.0,0.0,0.0,-0.00019736842105263152,0.009218421052631577,0.00027631578947368414,2.6315789473704138e-06,0.0007052631578947368,0.021915789473684208,1.0,0.00019736842105263152,1.0,0.00027631578947368414,1.0,0.0007052631578947368,0.0003,0.03504,380.0,0.00373,0.08329,380.0,0.00193,0.11831,380.0,1.0258,-0.4607
32490,32492,32501,1,沃四風ET1                               ,1,32490,32492,32501,345.0,230.0,22.8,228.0,228.0,2.0,0.0,0.0,0.0,3.9473684210526337e-05,0.016767543859649126,9.649122807017541e-05,-0.0014956140350877202,0.0008464912280701754,0.03714473684210526,3.8230000000000004,0.009000000000000005,1.0,0.021999999999999995,1.0,0.0016929824561403507,0.00031,0.03482,228.0,0.00215,0.08128,228.0,0.00202,0.12292,228.0,1.08101,-0.5511
32491,32493,32502,1,沃四風ET2                               ,1,32491,32493,32502,345.0,230.0,22.8,228.0,228.0,2.0,0.0,0.0,0.0,3.9473684210526337e-05,0.016438596491228072,9.649122807017541e-05,-0.001052631578947371,0.0008464912280701754,0.03693421052631579,3.748,0.009000000000000005,1.0,0.021999999999999995,1.0,0.0016929824561403507,0.00031,0.03508,228.0,0.00215,0.08181,228.0,0.00202,0.12169,228.0,1.08022,-0.559
53720,53721,53723,1,廷和光M.T1                              ,1,53720,53721,53723,161.0,22.8,22.8,200.0,100.0,100.0,0.0,0.0,0.0,0.00031499999999999996,0.014297500000000001,0.0004149999999999999,0.0154475,0.001095,0.0446425,2.8595,0.06299999999999999,1.5447499999999998,0.04149999999999999,4.46425,0.1095,0.00146,0.05949,200.0,0.00151,0.06009,100.0,0.00141,0.05894,100.0,1.0032,2.4808
53840,53841,53842,1,平誠光M.T1                              ,1,53840,53841,53842,161.0,22.8,22.8,120.0,60.0,60.0,0.0,0.0,0.0,0.00019333333333333312,0.009747499999999992,0.00364,0.19571583333333334,0.0036795,0.19621583333333337,1.169699999999999,0.023199999999999974,11.74295,0.2184,11.772950000000002,0.22077,0.0023,0.123278,60.0,0.0043917,0.235159,60.0,0.0023237,0.123578,60.0,1.0082,1.9765
53840,53843,53844,2,平誠光M.T2                              ,1,53840,53843,53844,161.0,22.8,22.8,1.0,1.0,1.0,0.0,0.0,0.0,0.0002833333333333342,0.016116666666666668,0.006233333333333334,0.3268833333333334,0.006199999999999999,0.3268833333333334,1.0,0.0002833333333333342,1.0,0.006233333333333334,1.0,0.006199999999999999,0.00391,0.2058,60.0,0.00746,0.39226,60.0,0.00389,0.2058,60.0,1.00839,1.9527
91852,302,303,1,B大潭甲 T1-2                            ,1,91852,302,303,161.0,16.5,16.5,390.0,195.0,195.0,0.0,0.0,0.0,-0.00017179487179487171,7.692307692309247e-06,0.0004205128205128205,0.024146153846153845,0.0004205128205128205,0.024130769230769226,1.0,0.06699999999999996,4.7085,0.082,4.705499999999999,0.082,0.00097,0.0942,390.0,0.00328,0.18828,390.0,0.00097,0.09414,390.0,1.0273,-25.5615
91862,306,307,1,B大潭乙 T1-2                            ,1,91862,306,307,161.0,16.5,16.5,390.0,195.0,195.0,0.0,0.0,0.0,-0.00017179487179487171,7.692307692309247e-06,0.0004205128205128205,0.024146153846153845,0.0004205128205128205,0.024130769230769226,1.0,0.06699999999999996,4.7085,0.082,4.705499999999999,0.082,0.00097,0.0942,390.0,0.00328,0.18828,390.0,0.00097,0.09414,390.0,1.02734,-25.5782
