from_bus,to_bus,k_bus,ckt,name,status,r12_pu,x12_pu,sbase12_mva,windv1,nomv1,ang1_deg,rata1_mva,ratb1_mva,ratc1_mva,windv2,nomv2
1,1900,0,1,                                        ,1,0.0,0.0001,100.0,1.0,0.0,0.0,2000.0,2000.0,0.0,1.0,0.0
2,2480,0,1,                                        ,1,0.0,0.0001,100.0,1.0,0.0,0.0,2000.0,2000.0,0.0,1.0,0.0
3,2650,0,1,                                        ,1,0.0,0.0001,100.0,1.0,0.0,0.0,2000.0,2000.0,0.0,1.0,0.0
10,15,0,1,核一ST-B                                ,1,0.00755,0.25771,22.4,1.0,345.0,0.0,44.8,0.0,0.0,1.0,4.16
10,16,0,2,核一ST-BS                               ,1,0.00755,0.25771,22.4,1.0,345.0,0.0,44.8,0.0,0.0,1.0,4.16
53,51,0,1,龍門SST1                                ,1,0.0216,0.41519,45.2,1.0,11.4,0.0,20.0,0.0,0.0,1.0,161.0
51,54,0,1,龍門#1RAT1                              ,1,0.01283,0.23174,60.75,1.0,161.0,0.0,60.75,60.75,0.0,1.0,4.16
51,55,0,1,龍門#1RAT2                              ,1,0.00932,0.24875,69.5,1.0,161.0,0.0,60.75,60.75,0.0,1.0,4.16
51,56,0,1,龍門#1ABT                               ,1,0.035,0.88131,15.0,1.0,161.0,0.0,15.0,15.0,0.0,1.0,13.8
51,57,0,1,龍門#2RAT1                              ,1,0.01319,0.23172,60.75,1.0,161.0,0.0,60.75,60.75,0.0,1.0,4.16
51,58,0,1,龍門#2RAT2                              ,1,0.00932,0.24875,60.75,1.0,161.0,0.0,60.75,60.75,0.0,1.0,4.16
51,59,0,1,龍門#2ABT                               ,1,0.03467,0.88599,15.0,1.0,161.0,0.0,15.0,15.0,0.0,1.0,13.8
100,103,0,1,協和M.T3                                ,1,0.00032,0.02531,570.0,1.0,345.0,0.0,570.0,570.0,0.0,0.95,18.0
100,104,0,1,協和M.T4                                ,1,0.00029,0.02461,570.0,1.0,345.0,0.0,570.0,570.0,0.0,0.95,18.0
100,105,0,1,協和S.T1                                ,1,0.00858,0.23371,20.4,1.0,345.0,0.0,20.4,0.0,0.0,1.0,4.16
100,106,0,2,協和S.T2                                ,1,0.00641,0.14604,20.4,0.975,345.0,0.0,20.4,0.0,0.0,1.0,4.16
210,211,0,1,林口M.T1                                ,1,0.001998,0.240759,999.0,1.0,345.0,0.0,999.0,0.0,0.0,0.975,25.0
210,212,0,1,林口M.T2                                ,1,0.00255,0.23,999.0,1.0,345.0,0.0,999.0,0.0,0.0,0.975,25.0
210,213,0,1,林口M.T3                                ,1,0.0024,0.2392,999.0,1.0,345.0,0.0,999.0,0.0,0.0,0.975,25.0
220,229,0,1,林口煤場                                ,1,0.0176,0.5013,25.0,1.0,161.0,0.0,25.0,25.0,0.0,1.0,6.9
233,230,0,1,林口D.T1                                ,1,0.01593,0.55877,30.0,1.0,23.9,0.0,30.0,30.0,0.0,1.0,161.0
291,299,0,1,大潭BSGT                                ,1,0.0111,0.3521,12.0,1.0,161.0,0.0,12.0,12.0,0.0,1.0,12.0
294,321,0,1,大潭GT#7-1                              ,1,0.0008,0.0584,400.0,1.0,161.0,0.0,400.0,400.0,0.0,1.0,25.0
294,322,0,1,大潭GT#7-2                              ,1,0.0008,0.0584,400.0,1.0125,161.0,0.0,400.0,400.0,0.0,1.0,25.0
294,323,0,1,大潭ST.T7                               ,1,0.0008,0.0595,386.0,1.0,161.0,0.0,386.0,0.0,0.0,0.975,15.6
295,327,0,1,大潭GT#9-1                              ,1,0.0004,0.0445,505.0,0.975,161.0,0.0,505.0,505.0,0.0,0.975,26.0
295,328,0,1,大潭GT#9-2                              ,1,0.0004,0.0446,505.0,0.975,161.0,0.0,505.0,505.0,0.0,0.975,26.0
295,329,0,1,大潭ST.T9                               ,1,0.0004,0.0444,505.0,0.975,161.0,0.0,505.0,505.0,0.0,0.975,26.0
300,309,0,1,大潭GT#3-1                              ,1,0.00094,0.05452,340.0,0.975,345.0,0.0,340.0,340.0,0.0,0.95,16.0
300,310,0,2,大潭GT#3-2                              ,1,0.00097,0.05496,340.0,0.975,345.0,0.0,340.0,340.0,0.0,0.95,16.0
300,311,0,3,大潭ST.T3                               ,1,0.00097,0.05484,340.0,0.975,345.0,0.0,340.0,340.0,0.0,0.95,16.0
300,312,0,1,大潭GT#4-1                              ,1,0.00094,0.05499,340.0,0.975,345.0,0.0,340.0,340.0,0.0,0.95,16.0
300,313,0,2,大潭GT#4-2                              ,1,0.00097,0.05449,180.0,0.975,345.0,0.0,340.0,340.0,0.0,0.95,16.0
300,314,0,1,大潭ST.T4                               ,1,0.00097,0.05473,340.0,0.975,345.0,0.0,340.0,340.0,0.0,0.95,16.0
300,315,0,1,大潭GT#5-1                              ,1,0.00094,0.05443,340.0,0.975,345.0,0.0,340.0,340.0,0.0,0.95,16.0
300,316,0,2,大潭GT#5-2                              ,1,0.00097,0.0549,340.0,0.975,345.0,0.0,340.0,340.0,0.0,0.95,16.0
300,317,0,1,大潭ST.T5                               ,1,0.00097,0.0547,340.0,0.975,345.0,0.0,340.0,340.0,0.0,0.95,16.0
300,318,0,1,大潭GT#6-1                              ,1,0.00097,0.05449,340.0,0.975,345.0,0.0,340.0,340.0,0.0,0.95,16.0
300,319,0,2,大潭GT#6-2                              ,1,0.001,0.05481,340.0,0.975,345.0,0.0,340.0,340.0,0.0,0.95,16.0
300,320,0,1,大潭ST.T6                               ,1,0.00097,0.0552,340.0,0.975,345.0,0.0,340.0,340.0,0.0,0.95,16.0
300,324,0,1,大潭GT#8-1                              ,1,0.00036,0.04594,505.0,0.975,345.0,0.0,505.0,505.0,0.0,0.975,26.0
300,325,0,1,大潭GT#8-2                              ,1,0.00034,0.04614,505.0,0.975,345.0,0.0,505.0,505.0,0.0,0.975,26.0
300,326,0,1,大潭ST.T8                               ,1,0.0004,0.0461366,505.0,0.975,345.0,0.0,505.0,505.0,0.0,0.975,26.0
91851,301,0,1,大潭T1-1                                ,1,0.00179,0.09409,195.0,0.975,161.0,0.0,195.0,195.0,0.0,0.95152,16.5
91853,304,0,1,大潭ST1                                 ,1,0.00091,0.04811,373.0,0.975,161.0,0.0,373.0,373.0,0.0,0.95,18.0
91861,305,0,1,大潭T2-1                                ,1,0.00185,0.09449,195.0,0.975,161.0,0.0,195.0,195.0,0.0,0.95152,16.5
91863,308,0,1,大潭ST2                                 ,1,0.00083,0.04822,373.0,0.975,161.0,0.0,373.0,373.0,0.0,0.95,18.0
410,411,0,1,碧海G.T1                                ,1,0.00517,0.19993,60.0,1.0,161.0,0.0,60.0,0.0,0.0,0.9565,13.8
450,451,0,1,石門M.T1                                ,1,0.0073,0.20648,57.5,1.0,161.0,0.0,57.5,57.5,0.0,0.95652,13.8
450,452,0,1,石門M.T2                                ,1,0.00748,0.19812,57.5,1.0,161.0,0.0,57.5,57.5,0.0,0.95652,13.8
513,511,0,1,中火D.T1                                ,1,0.00867,0.283,60.0,1.0,23.9,0.0,60.0,60.0,0.0,1.0,161.0
530,531,0,1,中火北M.T1                              ,1,0.0007,0.0246,640.0,1.0,345.0,0.0,640.0,640.0,0.0,0.95,22.0
530,532,0,1,中火北M.T2                              ,1,0.0007,0.0246,640.0,1.0,345.0,0.0,640.0,640.0,0.0,0.95,22.0
530,533,0,1,中火北M.T3                              ,1,0.00049,0.0219,716.8,1.0,345.0,0.0,716.8,0.0,0.0,0.95,22.0
530,534,0,1,中火北M.T4                              ,1,0.0007,0.0246,640.0,1.0,345.0,0.0,640.0,640.0,0.0,0.95,22.0
530,546,0,1,中火北S.T1                              ,1,0.0029515,0.102142,60.0,1.0,345.0,0.0,60.0,0.0,0.0,1.0,6.9
530,547,0,1,中火北S.T2                              ,1,0.0029515,0.102142,60.0,1.0,345.0,0.0,60.0,0.0,0.0,1.0,6.9
530,548,0,1,中火北S.T5                              ,1,0.006637,0.184975,60.0,1.0,345.0,0.0,60.0,60.0,0.0,1.0,6.9
530,554,0,1,台中新GT.T21                            ,1,0.0005,0.042,540.0,1.0,345.0,0.0,540.0,0.0,0.0,0.975,26.0
530,555,0,2,台中新GT.T22                            ,1,0.0005,0.042,540.0,1.0,345.0,0.0,540.0,0.0,0.0,0.975,26.0
530,556,0,S,台中新ST.T2                             ,1,0.0005,0.042,540.0,1.0,345.0,0.0,540.0,0.0,0.0,0.975,26.0
540,535,0,1,中火M.T5                                ,1,0.00012,0.0236,650.0,1.0,345.0,0.0,650.0,650.0,0.0,0.95,21.5
540,536,0,1,中火M.T6                                ,1,0.0005,0.025,728.0,1.0,345.0,0.0,728.0,728.0,0.0,0.95,21.5
540,537,0,1,中火M.T7                                ,1,0.00012,0.0236,650.0,1.0,345.0,0.0,650.0,650.0,0.0,0.95,21.5
540,538,0,1,中火M.T8                                ,1,0.00012,0.0236,650.0,1.0,345.0,0.0,650.0,650.0,0.0,0.95,21.5
90530,539,0,1,中火M.T9                                ,1,0.00048,0.02186,650.0,1.0,345.0,0.0,650.0,650.0,0.0,0.95,19.0
90540,541,0,1,中火M.T10                               ,1,0.00037,0.02263,650.0,1.0,345.0,0.0,650.0,650.0,0.0,0.95,19.0
550,551,0,1,台中新GT.T11                            ,1,0.0005,0.042,540.0,1.0,345.0,0.0,540.0,0.0,0.0,0.975,26.0
550,552,0,1,台中新GT.T12                            ,1,0.0005,0.0421,540.0,1.0,345.0,0.0,540.0,0.0,0.0,0.975,26.0
550,553,0,1,台中新ST.T1                             ,1,0.0005,0.0423,540.0,1.0,345.0,0.0,540.0,0.0,0.0,0.975,26.0
660,590,0,1,通霄新G.T3-1                            ,1,0.00068,0.05767,395.0,1.0,345.0,0.0,395.0,0.0,0.0,0.975,20.0
660,591,0,2,通霄新G.T3-2                            ,1,0.00068,0.05777,395.0,1.0,345.0,0.0,395.0,0.0,0.0,0.975,20.0
660,592,0,S,通霄新M.ST3                             ,1,0.00067,0.05752,376.0,1.0,345.0,0.0,376.0,0.0,0.0,0.975,20.0
650,593,0,1,通霄新G.T2-1                            ,1,0.00069,0.0582,395.0,1.0,345.0,0.0,395.0,0.0,0.0,0.975,20.0
650,594,0,2,通霄新G.T2-2                            ,1,0.00068,0.05779,395.0,1.0,345.0,0.0,395.0,0.0,0.0,0.975,20.0
650,595,0,S,通霄新M.ST2                             ,1,0.00067,0.05763,376.0,1.0,345.0,0.0,376.0,0.0,0.0,0.975,20.0
650,596,0,1,通霄新G.T1-1                            ,1,0.000632911,0.0579458,395.0,1.0,345.0,0.0,395.0,0.0,0.0,0.975,20.0
650,597,0,2,通霄新G.T1-2                            ,1,0.000683544,0.0577934,395.0,1.0,345.0,0.0,395.0,0.0,0.0,0.975,20.0
650,598,0,S,通霄新M.ST1                             ,1,0.00069,0.05747,376.0,1.0,345.0,0.0,376.0,0.0,0.0,0.975,20.0
601,627,0,1,通霄甲ST6                               ,1,0.0025,0.08424,145.0,1.0,161.0,0.0,145.0,145.0,0.0,0.95652,13.8
610,625,0,1,通霄乙GT6-1                             ,1,0.00246,0.08569,145.0,1.0,161.0,0.0,145.0,145.0,0.0,0.9565,13.8
610,626,0,2,通霄乙GT6-2                             ,1,0.0025,0.08486,145.0,1.0,161.0,0.0,145.0,145.0,0.0,0.9565,13.8
620,616,0,1,通霄丙T4-1                              ,0,0.00298,0.119,100.0,1.0,161.0,0.0,100.0,0.0,0.0,0.9565,13.8
620,619,0,S,通霄丙ST.T4                             ,0,0.00201,0.079,170.0,1.0,161.0,0.0,170.0,0.0,0.0,0.9565,13.8
628,621,0,1,通霄丙T5-1                              ,0,0.00298,0.119,100.0,1.0,161.0,0.0,100.0,100.0,0.0,0.9565,13.8
628,624,0,S,通霄丙ST.T5                             ,0,0.00201,0.079,170.0,1.0,161.0,0.0,170.0,0.0,0.0,0.9565,13.8
700,701,0,1,大觀二M.T1                              ,1,0.0012,0.0498,280.0,1.0,345.0,0.0,280.0,280.0,0.0,1.0,16.5
700,702,0,1,大觀二M.T2                              ,1,0.0012,0.0498,280.0,1.0,345.0,0.0,280.0,280.0,0.0,1.0,16.5
700,703,0,1,大觀二M.T3                              ,1,0.0012,0.0498,280.0,1.0,345.0,0.0,280.0,280.0,0.0,1.0,16.5
700,704,0,1,大觀二M.T4                              ,1,0.0012,0.0498,280.0,1.0,345.0,0.0,280.0,280.0,0.0,1.0,16.5
700,705,0,1,大觀二S.T1                              ,1,0.01441,0.30121,34.0,1.0,345.0,0.0,34.0,34.0,0.0,1.0,6.9
700,706,0,1,大觀二S.T2                              ,1,0.01441,0.30121,34.0,1.0,345.0,0.0,34.0,34.0,0.0,1.0,6.9
710,711,0,1,明潭M.T1                                ,1,0.001,0.0487,300.0,1.0,345.0,0.0,300.0,300.0,0.0,1.0,16.5
710,712,0,1,明潭M.T2                                ,1,0.001,0.0487,300.0,1.0,345.0,0.0,300.0,300.0,0.0,1.0,16.5
710,713,0,1,明潭M.T3                                ,1,0.001,0.0501,300.0,1.0,345.0,0.0,300.0,300.0,0.0,1.0,16.5
710,717,0,1,明潭S.T1                                ,1,0.0132,0.39749,36.66,1.0,345.0,0.0,36.7,36.7,0.0,1.0,13.8
720,714,0,1,明潭M.T4                                ,1,0.001,0.0501,300.0,1.0,345.0,0.0,300.0,300.0,0.0,1.0,16.5
720,715,0,1,明潭M.T5                                ,1,0.001,0.0501,300.0,1.0,345.0,0.0,300.0,300.0,0.0,1.0,16.5
720,716,0,1,明潭M.T6                                ,1,0.001,0.0501,300.0,1.0,345.0,0.0,300.0,300.0,0.0,1.0,16.5
720,718,0,1,明潭S.T2                                ,1,0.0132,0.39749,36.66,1.0,345.0,0.0,36.7,36.7,0.0,1.0,13.8
800,801,0,1,天輪G.T1                                ,1,0.01377,0.3462,30.0,1.0,161.0,0.0,30.0,30.0,0.0,0.95455,11.0
800,802,0,1,天輪G.T2                                ,1,0.01383,0.3297,30.0,1.0,161.0,0.0,30.0,30.0,0.0,0.95455,11.0
800,803,0,1,天輪G.T3                                ,1,0.01387,0.33113,30.0,1.0,161.0,0.0,30.0,30.0,0.0,0.95455,11.0
800,804,0,1,天輪G.T4                                ,1,0.0193,0.4,30.0,1.0,161.0,0.0,30.0,30.0,0.0,0.95455,11.0
800,805,0,1,天輪G.T5                                ,1,0.00187,0.0728,134.0,1.0,161.0,0.0,134.0,134.0,0.0,0.95652,13.8
822,820,0,1,谷關D.T1                                ,1,0.015,0.5353,20.0,1.0,23.9,0.0,20.0,20.0,0.0,1.0,161.0
822,820,0,2,谷關D.T2                                ,1,0.015,0.5353,20.0,1.0,23.9,0.0,20.0,20.0,0.0,1.0,161.0
820,825,0,1,谷關G1                                  ,1,0.00662001,0.17752,68.0,1.0,161.0,0.0,68.0,68.0,0.0,0.9565,13.8
820,826,0,2,谷關G2                                  ,1,0.00662,0.17738,68.0,1.0,161.0,0.0,68.0,68.0,0.0,0.9565,13.8
820,827,0,3,谷關G3                                  ,1,0.00662,0.1762,68.0,1.0,161.0,0.0,68.0,68.0,0.0,0.9565,13.8
820,828,0,4,谷關G4                                  ,1,0.00662001,0.17458,68.0,1.0,161.0,0.0,68.0,68.0,0.0,0.9565,13.8
830,831,0,1,青山G.T1                                ,1,0.00314,0.11233,118.0,1.0,161.0,0.0,118.0,0.0,0.0,0.9565,13.8
830,832,0,2,青山G.T2                                ,1,0.00314,0.11233,118.0,1.0,161.0,0.0,118.0,0.0,0.0,0.9565,13.8
830,833,0,3,青山G.T3                                ,1,0.00331,0.11309,118.0,1.0,161.0,0.0,118.0,0.0,0.0,0.9565,13.8
830,834,0,4,青山G.T4                                ,1,0.00331,0.11241,118.0,1.0,161.0,0.0,118.0,0.0,0.0,0.9565,13.8
830,835,0,1,青山S.TR                                ,1,0.09333,3.07525,3.0,1.0,161.0,0.0,3.0,0.0,0.0,1.0,11.95
840,841,0,1,德基M.T1                                ,1,0.00364,0.0984,100.0,1.0,161.0,0.0,100.0,100.0,0.0,0.95652,13.8
840,842,0,1,德基M.T2                                ,1,0.00364,0.0984,100.0,1.0,161.0,0.0,100.0,100.0,0.0,0.95652,13.8
840,843,0,1,德基M.T3                                ,1,0.00364,0.0984,100.0,1.0,161.0,0.0,100.0,100.0,0.0,0.95652,13.8
844,840,0,1,德基D.T1                                ,1,0.015,0.54779,20.0,1.0,23.9,0.0,20.0,20.0,0.0,1.0,161.0
844,840,0,2,德基D.T2                                ,1,0.015,0.5353,20.0,1.0,23.9,0.0,20.0,20.0,0.0,1.0,161.0
850,851,0,1,鉅工M.T1                                ,1,0.02192,0.36164,26.0,1.0,161.0,0.0,26.0,26.0,0.0,0.95455,11.0
850,852,0,1,鉅工M.T2                                ,1,0.02192,0.3655,26.0,1.0,161.0,0.0,26.0,26.0,0.0,0.95455,11.0
853,850,0,1,鉅工D.T                                 ,1,0.0115,0.566,30.0,0.9875,23.9,0.0,30.0,30.0,0.0,1.0,161.0
860,861,0,1,大觀一G.T1                              ,1,0.01739,0.43039,28.0,1.0,161.0,0.0,28.0,28.0,0.0,0.95455,11.0
860,862,0,1,大觀一G.T2                              ,1,0.02229,0.44389,28.0,1.0,161.0,0.0,28.0,28.0,0.0,0.95455,11.0
860,863,0,1,大觀一G.T3                              ,1,0.01629,0.4233,28.0,1.0,161.0,0.0,28.0,28.0,0.0,0.95455,11.0
860,864,0,1,大觀一G.T4                              ,1,0.01629,0.4225,28.0,1.0,161.0,0.0,28.0,28.0,0.0,0.95455,11.0
860,865,0,1,大觀一G.T8                              ,1,0.01629,0.4225,28.0,1.0,161.0,0.0,28.0,28.0,0.0,0.95455,11.0
870,872,0,2,萬大T5                                  ,1,0.01825,0.40559,40.0,1.0,161.0,0.0,40.0,40.0,0.0,1.0,69.0
870,874,0,4,萬大T4                                  ,1,0.01816,0.40527,33.25,1.0,161.0,0.0,33.25,33.25,0.0,0.9565,13.8
875,876,0,1,松林G.T1                                ,1,0.018,0.4016,25.0,1.0,161.0,0.0,25.0,25.0,0.0,0.9565,13.8
876,877,0,2,松林G.T2                                ,1,0.001826,0.018157,3.5,1.0,13.8,0.0,3.5,3.5,0.0,0.94286,3.5
880,881,0,1,卓蘭T1                                  ,1,0.00851,0.30579,39.0,1.0,161.0,0.0,52.0,52.0,0.0,0.95652,13.8
880,882,0,2,卓蘭T2                                  ,1,0.009,0.30831,39.0,1.0,161.0,0.0,52.0,52.0,0.0,0.95652,13.8
883,880,0,1,卓蘭D.T1                                ,1,0.0162,0.5481,30.0,1.0,23.9,0.0,30.0,30.0,0.0,1.0,161.0
890,891,0,1,馬鞍M.T1                                ,1,0.00407,0.14076,86.0,1.0,161.0,0.0,86.0,86.0,0.0,0.9565,13.8
890,892,0,1,馬鞍M.T2                                ,1,0.00419,0.13982,86.0,1.0,161.0,0.0,86.0,86.0,0.0,0.9565,13.8
1000,1001,0,1,核三M.T1                                ,0,0.0002,0.0117,1260.0,1.0,345.0,0.0,1260.0,1260.0,0.0,0.98,25.0
1000,1002,0,1,核三M.T2                                ,0,0.0002,0.0116,1260.0,1.0,345.0,0.0,1260.0,1260.0,0.0,0.98,25.0
1000,1009,0,1,核三S.T1                                ,1,0.0206,0.6195,33.9,0.975,345.0,0.0,33.9,33.9,0.0,1.0,13.8
1020,1007,0,1,核三GT.T1                               ,1,0.0058,0.2048,64.0,1.0,161.0,0.0,64.0,64.0,0.0,1.0,13.8
1020,1008,0,1,核三GT.T2                               ,1,0.0058,0.2045,64.0,1.0,161.0,0.0,64.0,64.0,0.0,1.0,13.8
1030,1033,0,3,尖山G.T3                                ,1,0.0,0.098,10.0,1.0,69.0,0.0,12.5,12.5,0.0,0.9565,13.8
1030,1034,0,4,尖山G.T4                                ,1,0.0,0.0984,10.0,1.0,69.0,0.0,12.5,12.5,0.0,0.9565,13.8
1030,1035,0,5,尖山G.T5                                ,1,0.0,0.0982,10.0,1.0,69.0,0.0,12.5,12.5,0.0,0.9565,13.8
1030,1036,0,6,尖山G.T6                                ,1,0.0,0.0982,10.0,1.0,69.0,0.0,12.5,12.5,0.0,0.9565,13.8
1030,1037,0,7,尖山G.T7                                ,1,0.0,0.098,10.0,1.0,69.0,0.0,12.5,12.5,0.0,0.9565,13.8
1030,1038,0,8,尖山G.T8                                ,1,0.0,0.0975,10.0,1.0,69.0,0.0,12.5,12.5,0.0,0.9565,13.8
1030,1039,0,9,尖山G.T9                                ,1,0.0,0.0982,10.0,1.0,69.0,0.0,12.5,12.5,0.0,0.9565,13.8
1030,1040,0,10,尖山G.T10                               ,1,0.0,0.0987,10.0,1.0,69.0,0.0,12.5,12.5,0.0,0.9565,13.8
1030,1041,0,11,尖山G.T11                               ,1,0.0,0.099,10.0,1.0,69.0,0.0,12.5,12.5,0.0,0.9565,13.8
1030,1042,0,12,尖山G.T12                               ,1,0.0,0.0982,10.0,1.0,69.0,0.0,12.5,12.5,0.0,0.9565,13.8
1043,1031,0,1,尖山G.T1                                ,1,0.0,0.098,10.0,1.0,69.0,0.0,12.5,12.5,0.0,0.9565,13.8
1043,1032,0,2,尖山G.T2                                ,1,0.0,0.0979,10.0,1.0,69.0,0.0,12.5,12.5,0.0,0.9565,13.8
1050,1060,0,1,興達新GT.T11                            ,1,0.000474074,0.0422204,540.0,0.975,345.0,0.0,540.0,540.0,0.0,0.975,26.0
1050,1061,0,1,興達新GT.T12                            ,1,0.000472222,0.0421463,540.0,0.975,345.0,0.0,540.0,540.0,0.0,0.975,26.0
1050,1062,0,1,興達新ST.T1                             ,1,0.0005,0.0421,540.0,0.975,345.0,0.0,540.0,0.0,0.0,0.975,26.0
1050,1063,0,1,興達新GT.T21                            ,1,0.0005,0.0421,540.0,0.975,345.0,0.0,540.0,0.0,0.0,0.975,26.0
1050,1064,0,1,興達新GT.T22                            ,1,0.0005,0.0421,540.0,0.975,345.0,0.0,540.0,540.0,0.0,0.975,26.0
1050,1065,0,1,興達新ST.T2                             ,1,0.0005,0.0422,540.0,0.975,345.0,0.0,540.0,0.0,0.0,0.975,26.0
1050,1066,0,1,興達新GT.T31                            ,1,0.000628,0.042593,540.0,1.0,345.0,0.0,540.0,0.0,0.0,0.975,26.0
1050,1067,0,2,興達新GT.T32                            ,1,0.000628,0.042593,540.0,1.0,345.0,0.0,540.0,0.0,0.0,0.975,26.0
1051,1068,0,1,興達新ST.T3                             ,1,0.000628,0.042593,540.0,1.0,161.0,0.0,540.0,0.0,0.0,0.975,26.0
1090,1079,0,1,興達ST.T1                               ,1,0.00136,0.05954,250.0,1.0,345.0,0.0,250.0,250.0,0.0,0.95,16.0
1080,1081,0,1,興達北M.T1                              ,0,0.0003,0.0238,570.0,1.0,345.0,0.0,570.0,570.0,0.0,0.95,18.0
1080,1082,0,1,興達北M.T2                              ,0,0.0003,0.0239,570.0,1.0,345.0,0.0,570.0,570.0,0.0,0.95,18.0
1080,1083,0,1,興達北M.T3                              ,1,0.0002,0.0238,640.0,1.0,345.0,0.0,640.0,0.0,0.0,0.95,22.0
1080,1084,0,1,興達北M.T4                              ,1,0.0002,0.0238,640.0,1.0,345.0,0.0,640.0,640.0,0.0,0.95,22.0
1080,1085,0,1,興達北S.T2                              ,1,0.00511302,0.235463,30.0,1.0,345.0,0.0,60.0,0.0,0.0,1.0,4.16
1090,1089,0,1,興達ST.T2                               ,1,0.00132,0.05999,250.0,1.0,345.0,0.0,250.0,250.0,0.0,0.95,16.0
1090,1093,0,1,興達南ST.T3                             ,1,0.00136,0.05994,250.0,1.0,345.0,0.0,250.0,250.0,0.0,0.95,16.0
1090,1096,0,1,興達南ST.T4                             ,1,0.00132,0.05932,250.0,1.0,345.0,0.0,250.0,250.0,0.0,0.95,16.0
1090,1099,0,1,興達南ST.T5                             ,1,0.00132,0.05932,250.0,1.0,345.0,0.0,250.0,250.0,0.0,0.95,16.0
1100,1105,0,1,大林甲M.T5                              ,0,0.00036,0.0208,560.0,1.00435,161.0,0.0,560.0,560.0,0.0,0.95,18.0
1130,1101,0,1,大林MT1                                 ,1,0.0002,0.0237,999.0,1.0,345.0,0.0,999.0,0.0,0.0,0.975,25.0
1130,1102,0,1,大林MT2                                 ,1,0.0002,0.0238,999.0,1.0,345.0,0.0,999.0,0.0,0.0,0.975,25.0
1120,1106,0,1,大林M.T6                                ,1,0.0003,0.0235,728.0,1.0043,161.0,0.0,728.0,728.0,0.0,0.9488,21.5
1123,1120,0,1,大林丙D.T1                              ,1,0.00848,0.2637,60.0,1.0,23.9,0.0,60.0,60.0,0.0,1.0,161.0
1120,1124,0,1,大林丙S.T3                              ,1,0.0063,0.32,37.5,1.0,161.0,0.0,37.5,37.5,0.0,1.0,4.2
1200,1201,0,1,南火北M.T1-1                            ,1,0.0031,0.1242,131.0,1.0,161.0,0.0,131.0,131.0,0.0,0.95652,13.8
1200,1202,0,1,南火北M.T1-2                            ,1,0.003,0.1228,131.0,1.0,161.0,0.0,131.0,131.0,0.0,0.95652,13.8
1200,1203,0,1,南火北ST.T1                             ,1,0.0022,0.088,175.0,1.0,161.0,0.0,175.0,175.0,0.0,0.95652,13.8
1200,1204,0,1,南火北M.T2-1                            ,1,0.003,0.123,131.0,1.0,161.0,0.0,131.0,131.0,0.0,0.95652,13.8
1200,1205,0,1,南火北M.T2-2                            ,1,0.003,0.1229,131.0,1.0,161.0,0.0,131.0,131.0,0.0,0.95652,13.8
1200,1206,0,1,南火北ST.T2                             ,1,0.0022,0.0879,175.0,1.0,161.0,0.0,175.0,175.0,0.0,0.95652,13.8
1210,1211,0,1,南火南M.T3-1                            ,1,0.003,0.1248,131.0,1.0,161.0,0.0,131.0,131.0,0.0,0.95652,13.8
1210,1212,0,1,南火南M.T3-2                            ,1,0.0028,0.1225,131.0,1.0,161.0,0.0,131.0,131.0,0.0,0.95652,13.8
1210,1213,0,1,南火南ST.T3                             ,1,0.0022,0.0879,175.0,1.0,161.0,0.0,175.0,175.0,0.0,0.95652,13.8
1210,1214,0,1,南火南M.T4                              ,1,0.0011,0.051,330.0,1.0,161.0,0.0,330.0,330.0,0.0,0.95,16.0
1401,1400,0,1,龍澗G.T1                                ,1,0.0066,0.1876,60.0,0.95,11.0,0.0,60.0,60.0,0.0,1.0,69.0
1401,1400,0,2,龍澗G.T2                                ,1,0.0069,0.1413,60.0,0.95,11.0,0.0,60.0,60.0,0.0,1.0,69.0
60180,1501,0,1,冬山儲D.T1                              ,1,0.0075,0.2819,60.0,1.0,23.9,0.0,60.0,60.0,0.0,1.0,161.0
1583,1581,0,1,仙渡D.T1                                ,1,0.0084,0.2665,60.0,1.0,23.9,0.0,60.0,60.0,0.0,1.0,161.0
1583,1581,0,2,仙渡D.T2                                ,1,0.0085,0.2664,60.0,1.0,23.9,0.0,60.0,60.0,0.0,1.0,161.0
1593,1591,0,3,仙渡D.T3                                ,1,0.0071,0.2809,60.0,0.9875,23.9,0.0,60.0,60.0,0.0,1.0,161.0
1593,1591,0,4,仙渡D.T4                                ,1,0.0073,0.2821,60.0,0.9875,23.9,0.0,60.0,60.0,0.0,1.0,161.0
1663,1661,0,1,深美D.T2                                ,1,0.00897,0.28903,60.0,0.9625,23.9,0.0,60.0,60.0,0.0,1.0,161.0
60200,1891,0,1,龍潭儲D.T1                              ,1,0.0077,0.2707,60.0,1.0,23.9,0.0,60.0,60.0,0.0,1.0,161.0
2003,2001,0,1,峨眉D.T1                                ,1,0.00882,0.28182,60.0,0.9875,23.9,0.0,60.0,60.0,0.0,1.0,161.0
2003,2001,0,2,峨眉D.T2                                ,1,0.0087,0.2662,60.0,0.9875,23.9,0.0,60.0,60.0,0.0,1.0,161.0
2032,2031,0,1,竹工D.T1                                ,1,0.0082,0.266,60.0,1.0,23.9,0.0,60.0,60.0,0.0,1.0,161.0
2032,2031,0,2,竹工D.T2                                ,1,0.0082,0.2639,60.0,1.0,23.9,0.0,60.0,60.0,0.0,1.0,161.0
2042,2041,0,1,竹工D.T3                                ,1,0.0075,0.2846,60.0,1.0,23.9,0.0,60.0,60.0,0.0,1.0,161.0
2042,2041,0,2,竹工D.T4                                ,1,0.0075,0.2844,60.0,1.0,23.9,0.0,60.0,60.0,0.0,1.0,161.0
2133,2131,0,3,后里D.T3                                ,1,0.0082,0.2734,60.0,1.0,23.9,0.0,60.0,60.0,0.0,1.0,161.0
2143,2141,0,2,后里D.T2                                ,1,0.008,0.2725,60.0,1.0,23.9,0.0,60.0,60.0,0.0,1.0,161.0
2173,2171,0,1,中科D.T2                                ,1,0.0074,0.2852,60.0,1.0,23.9,0.0,60.0,60.0,0.0,1.0,161.0
2173,2171,0,2,中科D.T1                                ,1,0.0073,0.2716,60.0,1.0,23.9,0.0,60.0,0.0,0.0,1.0,161.0
2183,2181,0,2,中科D.T3                                ,1,0.0073,0.2875,60.0,0.9875,23.9,0.0,60.0,60.0,0.0,1.0,161.0
2203,2201,0,1,霧峰D.T3                                ,1,0.008,0.26538,60.0,1.0125,23.9,0.0,60.0,60.0,0.0,1.0,161.0
2203,2201,0,2,霧峰D.T4                                ,1,0.008,0.26405,60.0,1.0125,23.9,0.0,60.0,60.0,0.0,1.0,161.0
2303,2301,0,1,彰濱D.T3                                ,1,0.00733,0.29323,60.0,0.975,23.9,0.0,60.0,60.0,0.0,1.0,161.0
2303,2301,0,2,彰濱D.T4                                ,1,0.00867,0.2797,60.0,0.975,23.9,0.0,60.0,60.0,0.0,1.0,161.0
2323,2321,0,2,彰林D.T2                                ,1,0.0086,0.2635,60.0,1.0125,23.9,0.0,60.0,60.0,0.0,1.0,161.0
2333,2331,0,3,彰林D.T3                                ,1,0.0086,0.2664,60.0,1.025,23.9,0.0,60.0,60.0,0.0,1.0,161.0
2353,2351,0,1,全興D.T1                                ,1,0.00717,0.28792,60.0,0.9875,23.9,0.0,60.0,60.0,0.0,1.0,161.0
2353,2351,0,2,全興D.T2                                ,1,0.00817,0.28655,60.0,0.9875,23.9,0.0,60.0,60.0,0.0,1.0,161.0
2353,2351,0,3,全興D.T3                                ,1,0.00733,0.28023,60.0,0.9875,23.9,0.0,60.0,60.0,0.0,1.0,161.0
2503,2501,0,1,嘉民北D.T1                              ,1,0.0082,0.2854,60.0,1.0,23.9,0.0,60.0,60.0,0.0,1.0,161.0
2603,2601,0,2,南科東D.T2                              ,1,0.00735,0.28823,60.0,1.025,23.9,0.0,60.0,60.0,0.0,1.0,161.0
2603,2601,0,3,南科東D.T3                              ,1,0.00733,0.28807,60.0,1.025,23.9,0.0,60.0,60.0,0.0,1.0,161.0
2613,2611,0,1,南科西D.T1                              ,1,0.00875,0.2792,60.0,1.0125,23.9,0.0,60.0,60.0,0.0,1.0,161.0
2613,2611,0,4,南科西D.T4                              ,1,0.00867,0.283,60.0,1.0125,23.9,0.0,60.0,60.0,0.0,1.0,161.0
2621,95200,0,1,南科南D.T1                              ,1,0.0,0.0001,100.0,1.0,0.0,0.0,0.0,0.0,0.0,1.0,0.0
2673,2671,0,4,路北D.T4                                ,1,0.00733,0.2834,60.0,1.0,23.9,0.0,60.0,60.0,0.0,1.0,161.0
2683,2681,0,1,路北D.T1                                ,1,0.00733001,0.28123,60.0,1.0125,23.9,0.0,60.0,60.0,0.0,1.0,161.0
2683,2681,0,3,路北D.T3                                ,1,0.00717,0.28258,60.0,1.0125,23.9,0.0,60.0,60.0,0.0,1.0,161.0
2753,2751,0,1,仁武D.T1                                ,1,0.00878,0.28168,60.0,1.0,23.9,0.0,60.0,60.0,0.0,1.0,161.0
2753,2751,0,2,仁武D.T2                                ,1,0.00878,0.28168,60.0,1.0,23.9,0.0,60.0,60.0,0.0,1.0,161.0
2763,2761,0,3,仁武D.T3                                ,1,0.00878,0.28168,60.0,1.0125,23.9,0.0,60.0,60.0,0.0,1.0,161.0
2763,2761,0,4,仁武D.T4                                ,1,0.00875,0.28195,60.0,1.0125,23.9,0.0,60.0,60.0,0.0,1.0,161.0
2803,2801,0,1,高雄D.T1                                ,1,0.00733,0.28657,60.0,1.0,23.9,0.0,60.0,60.0,0.0,1.0,161.0
2803,2801,0,2,高雄D.T2                                ,1,0.00733,0.28757,60.0,1.0,23.9,0.0,60.0,60.0,0.0,1.0,161.0
2813,2811,0,3,高雄D.T3                                ,1,0.00733,0.2839,60.0,1.0,23.9,0.0,60.0,60.0,0.0,1.0,161.0
2813,2811,0,4,高雄D.T4                                ,1,0.00733,0.2864,60.0,1.0,23.9,0.0,60.0,60.0,0.0,1.0,161.0
2853,2851,0,1,五甲D.T1                                ,1,0.0078,0.2724,60.0,0.9875,23.9,0.0,60.0,0.0,0.0,1.0,161.0
2853,2851,0,2,五甲D.T2                                ,1,0.0078,0.2726,60.0,0.9875,23.9,0.0,60.0,0.0,0.0,1.0,161.0
2863,2861,0,3,五甲D.T3                                ,1,0.0072,0.2779,60.0,0.9875,23.9,0.0,60.0,0.0,0.0,1.0,161.0
2923,2921,0,1,高港丙D.T1                              ,1,0.0088,0.2821,60.0,1.025,23.9,0.0,60.0,60.0,0.0,1.0,161.0
2923,2921,0,2,高港丙D.T2                              ,1,0.0088,0.28,60.0,1.025,23.9,0.0,60.0,60.0,0.0,1.0,161.0
2933,2931,0,2,瀰力D.T2                                ,1,0.0087,0.2802,60.0,1.025,23.9,0.0,60.0,60.0,0.0,1.0,161.0
2943,2941,0,3,瀰力D.T3                                ,1,0.0087,0.2804,60.0,1.0125,23.9,0.0,60.0,60.0,0.0,1.0,161.0
2953,2951,0,1,大鵬D.T1                                ,1,0.0085,0.2769,60.0,1.0125,23.9,0.0,60.0,0.0,0.0,1.0,161.0
3003,3001,0,1,鳳林D.T1                                ,1,0.01777,0.5844,30.0,1.0,23.9,0.0,30.0,30.0,0.0,1.0,161.0
3003,3001,0,2,鳳林D.T2                                ,1,0.0178,0.58407,30.0,1.0,23.9,0.0,30.0,30.0,0.0,1.0,161.0
3133,3131,0,1,南港D.T4                                ,1,0.00867,0.27203,60.0,1.0,23.9,0.0,60.0,60.0,0.0,1.0,161.0
3133,3131,0,2,南港D.T5                                ,1,0.00867,0.2742,60.0,1.0,23.9,0.0,60.0,60.0,0.0,1.0,161.0
3143,3141,0,3,八堵D.T3                                ,1,0.00905,0.28868,60.0,0.9625,23.9,0.0,60.0,60.0,0.0,1.0,161.0
3143,3141,0,4,八堵D.T4                                ,1,0.00911,0.28664,60.0,0.9625,23.9,0.0,60.0,60.0,0.0,1.0,161.0
3183,3181,0,1,板橋D.T1                                ,1,0.01767,0.54171,30.0,1.025,23.9,0.0,30.0,30.0,30.0,1.0,161.0
3183,3181,0,2,板橋D.T2                                ,1,0.00732,0.28357,60.0,1.025,23.9,0.0,60.0,60.0,60.0,1.0,161.0
3193,3191,0,3,板橋D.T3                                ,1,0.0076,0.29757,60.0,1.0125,23.9,0.0,60.0,60.0,60.0,1.0,161.0
3193,3191,0,4,板橋D.T4                                ,1,0.00867,0.27887,60.0,1.0125,23.9,0.0,60.0,60.0,60.0,1.0,161.0
3193,3191,0,5,板橋D.T5                                ,1,0.00867,0.27937,60.0,1.0125,23.9,0.0,60.0,60.0,60.0,1.0,161.0
3193,3191,0,6,板橋D.T6                                ,1,0.00867,0.2802,60.0,1.0125,23.9,0.0,60.0,60.0,60.0,1.0,161.0
3213,3211,0,1,萬隆D.T1                                ,1,0.007,0.2829,100.0,1.0,23.9,30.0,60.0,0.0,0.0,1.0,161.0
3213,3211,0,2,萬隆D.T2                                ,1,0.007,0.2829,100.0,1.0,23.9,30.0,60.0,0.0,0.0,1.0,161.0
3213,3211,0,3,萬隆D.T3                                ,1,0.007,0.2829,100.0,1.0,23.9,30.0,60.0,0.0,0.0,1.0,161.0
3223,3221,0,1,台北D.T5                                ,1,0.009,0.2797,60.0,1.0,23.9,0.0,60.0,60.0,0.0,1.0,161.0
3223,3221,0,2,台北D.T6                                ,1,0.00722,0.27907,60.0,1.0,23.9,0.0,60.0,60.0,0.0,1.0,161.0
3243,3241,0,1,蘆洲D.T4                                ,1,0.00867,0.28703,60.0,1.0125,23.9,0.0,60.0,60.0,0.0,1.0,161.0
3243,3241,0,2,蘆洲D.T5                                ,1,0.00905,0.2874,60.0,1.0125,23.9,0.0,60.0,60.0,0.0,1.0,161.0
3243,3241,0,3,蘆洲D.T6                                ,1,0.00903,0.28672,60.0,1.0125,23.9,0.0,60.0,60.0,0.0,1.0,161.0
3243,3241,0,4,蘆洲D.T7                                ,1,0.008,0.2664,60.0,1.0125,23.9,0.0,60.0,60.0,0.0,1.0,161.0
3283,3281,0,1,東林D.T1                                ,1,0.00717,0.27557,60.0,1.0125,23.9,0.0,60.0,60.0,0.0,1.0,161.0
3283,3281,0,2,東林D.T2                                ,1,0.00717,0.2754,60.0,1.0125,23.9,0.0,60.0,60.0,0.0,1.0,161.0
3283,3281,0,3,東林D.T3                                ,1,0.007,0.27608,60.0,1.0125,23.9,0.0,60.0,60.0,0.0,1.0,161.0
3293,3291,0,1,蘆竹D.T1                                ,1,0.0085,0.28303,60.0,0.9875,23.9,0.0,60.0,60.0,0.0,1.0,161.0
3293,3291,0,2,蘆竹D.T2                                ,1,0.0085,0.28503,60.0,0.9875,23.9,0.0,60.0,60.0,0.0,1.0,161.0
3303,3301,0,1,樹德D.T3                                ,1,0.00838,0.27037,60.0,1.0,23.9,0.0,60.0,60.0,0.0,1.0,161.0
3303,3301,0,2,樹德D.T4                                ,1,0.00867,0.27837,60.0,1.0,23.9,0.0,60.0,60.0,0.0,1.0,161.0
3323,3321,0,1,中壢D.T3                                ,1,0.0085,0.2807,60.0,0.9875,23.9,0.0,60.0,60.0,0.0,1.0,161.0
3323,3321,0,2,中壢D.T4                                ,1,0.0085,0.2807,60.0,0.9875,23.9,0.0,60.0,60.0,0.0,1.0,161.0
3363,3361,0,1,松樹D.T1                                ,1,0.0087,0.2822,60.0,1.025,23.9,0.0,60.0,60.0,0.0,1.0,161.0
3363,3361,0,2,松樹D.T2                                ,1,0.00783,0.28473,60.0,0.9875,23.9,0.0,60.0,60.0,0.0,1.0,161.0
3363,3361,0,3,松樹D.T3                                ,1,0.00783,0.28457,60.0,0.9875,23.9,0.0,60.0,60.0,0.0,1.0,161.0
3393,3391,0,1,新竹D.T4                                ,1,0.009,0.27918,60.0,1.0,23.9,0.0,60.0,60.0,0.0,1.0,161.0
3393,3391,0,2,新竹D.T3                                ,1,0.00817,0.29655,60.0,1.0,23.9,0.0,60.0,60.0,0.0,1.0,161.0
3413,3411,0,1,苗栗D.T1                                ,1,0.0085,0.2824,60.0,1.0,23.9,0.0,60.0,60.0,0.0,1.0,161.0
3413,3411,0,2,苗栗D.T2                                ,1,0.0085,0.2837,60.0,1.0,23.9,0.0,60.0,60.0,0.0,1.0,161.0
3443,3441,0,1,龍秀D.T1                                ,1,0.00867,0.28037,60.0,0.9875,23.9,0.0,60.0,60.0,0.0,1.0,161.0
3443,3441,0,2,龍秀D.T2                                ,1,0.0085,0.29022,60.0,0.9875,23.9,0.0,60.0,60.0,0.0,1.0,161.0
3443,3441,0,3,龍秀D.T3                                ,1,0.00717,0.27757,60.0,0.9875,23.9,0.0,60.0,60.0,0.0,1.0,161.0
3453,3451,0,1,翁子D.T1                                ,1,0.0088,0.2768,60.0,1.0,23.9,0.0,60.0,0.0,0.0,1.0,161.0
3453,3451,0,2,翁子D.T2                                ,1,0.0088,0.2768,60.0,1.0,23.9,0.0,60.0,0.0,0.0,1.0,161.0
3483,3481,0,1,埔里D.T4                                ,1,0.00883,0.2803,60.0,1.0125,23.9,0.0,60.0,60.0,0.0,1.0,161.0
3483,3481,0,2,埔里D.T5                                ,1,0.00873,0.2807,60.0,1.0125,23.9,0.0,60.0,60.0,0.0,1.0,161.0
3523,3521,0,1,中市D.T2                                ,1,0.00767,0.2839,60.0,1.0125,23.9,0.0,60.0,60.0,0.0,1.0,161.0
3523,3521,0,2,中市D.T3                                ,1,0.00883,0.26702,60.0,1.0125,23.9,0.0,60.0,60.0,0.0,1.0,161.0
3523,3521,0,6,中市D.T6                                ,1,0.007333,0.265833,60.0,1.0125,23.9,0.0,60.0,60.0,0.0,1.0,161.0
3553,3551,0,1,彰化D.T1                                ,1,0.00817,0.29072,60.0,1.025,23.9,0.0,60.0,60.0,0.0,1.0,161.0
3553,3551,0,2,彰化D.T2                                ,1,0.00833,0.29022,60.0,1.025,23.9,0.0,60.0,60.0,0.0,1.0,161.0
3663,3661,0,1,雲林D.T1                                ,1,0.0085,0.2837,60.0,1.0,23.9,0.0,60.0,60.0,0.0,1.0,161.0
3663,3661,0,2,雲林D.T2                                ,1,0.0085,0.2842,60.0,1.0,23.9,0.0,60.0,60.0,0.0,1.0,161.0
3673,3671,0,1,嘉義D.T2                                ,1,0.00897,0.28837,60.0,0.9875,23.9,0.0,60.0,60.0,0.0,1.0,161.0
3683,3681,0,2,新營D.T2                                ,1,0.0085,0.2627,60.0,1.0125,23.9,0.0,60.0,60.0,0.0,1.0,161.0
3683,3681,0,3,新營D.T3                                ,1,0.0085,0.26587,60.0,1.0125,23.9,0.0,60.0,60.0,0.0,1.0,161.0
3694,3695,0,1,馬公D.T1                                ,1,0.0,0.0871,15.0,1.0,69.0,0.0,15.0,20.0,25.0,1.048,11.4
3694,3695,0,2,馬公D.T2                                ,1,0.0,0.086,15.0,1.0,69.0,0.0,15.0,20.0,25.0,1.048,11.4
3694,3695,0,3,馬公D.T3                                ,1,0.0,0.0861,15.0,1.0,69.0,0.0,15.0,20.0,25.0,1.048,11.4
3694,3695,0,4,馬公D.T4                                ,1,0.0,0.0939,15.0,1.0,69.0,0.0,15.0,20.0,25.0,1.048,11.4
3723,3721,0,6,山上D.T6                                ,1,0.0083,0.2919,60.0,1.0125,23.9,0.0,60.0,60.0,0.0,1.0,161.0
3733,3731,0,1,安南D.T1                                ,1,0.00783,0.2839,60.0,1.0,23.9,0.0,60.0,60.0,0.0,1.0,161.0
3733,3731,0,2,安南D.T2                                ,1,0.008,0.28405,60.0,1.0,23.9,0.0,60.0,60.0,0.0,1.0,161.0
3733,3731,0,3,安南D.T3                                ,1,0.00867,0.2897,60.0,1.0,23.9,0.0,60.0,60.0,0.0,1.0,161.0
3763,3761,0,1,台南D.T5                                ,1,0.00867,0.27853,60.0,1.0,23.9,0.0,60.0,60.0,0.0,1.0,161.0
3763,3761,0,2,台南D.T6                                ,1,0.00733,0.27773,60.0,1.0,23.9,0.0,60.0,60.0,0.0,1.0,161.0
3763,3761,0,3,台南D.T7                                ,1,0.0075,0.27973,60.0,1.0,23.9,0.0,60.0,60.0,0.0,1.0,161.0
3763,3761,0,4,台南D.T8                                ,1,0.00883,0.26485,60.0,1.0,23.9,0.0,60.0,60.0,0.0,1.0,161.0
3793,3791,0,1,岡山D.T4                                ,1,0.0085,0.288541,60.0,1.025,23.9,0.0,60.0,60.0,0.0,1.0,161.0
3793,3791,0,2,岡山D.T5                                ,1,0.0092,0.2832,60.0,1.025,23.9,0.0,60.0,60.0,0.0,1.0,161.0
3813,3811,0,1,社武D.T1                                ,1,0.00883,0.28303,60.0,1.0125,23.9,0.0,60.0,60.0,0.0,1.0,161.0
3813,3811,0,2,社武D.T2                                ,1,0.00733,0.29873,60.0,1.0125,23.9,0.0,60.0,60.0,0.0,1.0,161.0
3903,3901,0,1,南工甲D.T2                              ,1,0.00883,0.28103,60.0,1.0375,23.9,0.0,60.0,60.0,0.0,1.0,161.0
3923,3921,0,1,墾丁D.T1                                ,1,0.00837,0.29172,60.0,0.9875,23.9,0.0,60.0,60.0,0.0,1.0,161.0
3923,3921,0,2,墾丁D.T2                                ,1,0.0087,0.2812,60.0,0.9875,23.9,0.0,60.0,60.0,0.0,1.0,161.0
3933,3931,0,3,屏東D.T3                                ,1,0.0075,0.2659,60.0,1.0,23.9,0.0,60.0,0.0,0.0,1.0,161.0
3953,3951,0,1,花蓮D.T4                                ,1,0.00883,0.28337,60.0,1.0125,23.9,0.0,60.0,60.0,0.0,1.0,161.0
3973,3971,0,4,台東D.T4                                ,1,0.00783333,0.272221,60.0,1.0,23.9,0.0,60.0,60.0,0.0,1.0,161.0
3973,3971,0,5,台東D.T5                                ,1,0.009,0.2871,60.0,1.0,23.9,0.0,60.0,60.0,0.0,1.0,161.0
4002,4001,0,1,和仁D.T1                                ,1,0.00833,0.26803,60.0,0.9875,23.9,0.0,60.0,60.0,0.0,1.0,161.0
4002,4001,0,2,和仁D.T2                                ,1,0.00833,0.26803,60.0,0.9875,23.9,0.0,60.0,60.0,0.0,1.0,161.0
4012,4011,0,1,利澤D.T1                                ,1,0.0083,0.2859,60.0,0.9875,23.9,0.0,60.0,60.0,0.0,1.0,161.0
4012,4011,0,2,利澤D.T2                                ,1,0.0082,0.2739,60.0,0.9875,23.9,0.0,60.0,60.0,0.0,1.0,161.0
4012,4011,0,3,利澤D.T3                                ,1,0.0073,0.2799,60.0,0.9875,23.9,0.0,60.0,60.0,0.0,1.0,161.0
4012,4011,0,4,利澤D.T4                                ,1,0.0073,0.2791,60.0,0.9875,23.9,0.0,60.0,60.0,0.0,1.0,161.0
4016,4015,0,1,蘇東D.T1                                ,1,0.0157,0.5294,30.0,1.0125,23.9,0.0,30.0,30.0,0.0,1.0,161.0
4026,4025,0,1,員山D.T1                                ,1,0.008,0.26638,60.0,0.9875,23.9,0.0,60.0,60.0,0.0,1.0,161.0
4026,4025,0,2,員山D.T2                                ,1,0.008,0.26472,60.0,0.9875,23.9,0.0,60.0,60.0,0.0,1.0,161.0
4028,4027,0,1,宜市D.T1                                ,1,0.0082,0.2694,60.0,1.0,23.9,0.0,60.0,60.0,0.0,1.0,161.0
4028,4027,0,2,宜市D.T2                                ,1,0.0082,0.2682,60.0,1.0,23.9,0.0,60.0,60.0,0.0,1.0,161.0
4030,4029,0,1,宜府D.T1                                ,1,0.008,0.2665,60.0,0.9875,23.9,0.0,60.0,60.0,0.0,1.0,161.0
4030,4029,0,2,宜府D.T2                                ,1,0.0078,0.2671,60.0,0.9875,23.9,0.0,60.0,60.0,0.0,1.0,161.0
4048,4047,0,1,廣安D.T1                                ,1,0.0084,0.2789,60.0,1.0,23.9,0.0,60.0,0.0,0.0,1.0,161.0
4048,4047,0,2,廣安D.T2                                ,1,0.0092,0.2777,60.0,1.0,23.9,0.0,60.0,0.0,0.0,1.0,161.0
4108,4107,0,1,西湖D.T2                                ,1,0.0088,0.2804,60.0,0.975,23.9,0.0,60.0,60.0,0.0,1.0,161.0
4108,4107,0,2,西湖D.T3                                ,1,0.0088,0.28,60.0,0.975,23.9,0.0,60.0,60.0,0.0,1.0,161.0
4108,4107,0,3,西湖D.T1                                ,1,0.00742,0.2789,60.0,0.975,23.9,0.0,60.0,60.0,0.0,1.0,161.0
4110,4109,0,1,民權D.T1                                ,1,0.0073,0.2807,60.0,1.0,23.9,0.0,60.0,60.0,0.0,1.0,161.0
4110,4109,0,2,民權D.T2                                ,1,0.0085,0.2857,60.0,1.0,23.9,0.0,60.0,60.0,0.0,1.0,161.0
4110,4109,0,3,民權D.T3                                ,1,0.0075,0.2806,60.0,1.0,23.9,0.0,60.0,60.0,0.0,1.0,161.0
4112,4111,0,1,八連D.T1                                ,1,0.0087,0.2792,60.0,1.0,23.9,0.0,60.0,60.0,0.0,1.0,161.0
4112,4111,0,2,八連D.T2                                ,1,0.0087,0.2799,60.0,1.0,23.9,0.0,60.0,60.0,0.0,1.0,161.0
4112,4111,0,3,八連D.T3                                ,1,0.0086,0.3007,60.0,1.0,23.9,0.0,60.0,60.0,0.0,1.0,161.0
4114,4113,0,1,北資D.T1                                ,1,0.00633,0.2791,60.0,1.0,23.9,0.0,60.0,60.0,0.0,1.0,161.0
4114,4113,0,2,北資D.T2                                ,1,0.00833,0.26953,60.0,1.0,23.9,0.0,60.0,60.0,0.0,1.0,161.0
4114,4113,0,3,北資D.T3                                ,1,0.00833,0.26937,60.0,1.0,23.9,0.0,60.0,60.0,0.0,1.0,161.0
4114,4113,0,4,北資D.T4                                ,1,0.0073,0.2641,60.0,1.0,23.9,0.0,60.0,60.0,0.0,1.0,161.0
4116,4115,0,1,茄苳D.T1                                ,1,0.0086,0.2669,60.0,1.0,23.9,0.0,60.0,60.0,0.0,1.0,161.0
4116,4115,0,2,茄苳D.T2                                ,1,0.0087,0.2682,60.0,1.0,23.9,0.0,60.0,60.0,0.0,1.0,161.0
4118,4117,0,1,坪林D.T2                                ,1,0.0088,0.28,60.0,0.9875,23.9,0.0,60.0,60.0,0.0,1.0,161.0
4118,4117,0,2,坪林D.T3                                ,1,0.0088,0.2808,60.0,0.9875,23.9,0.0,60.0,60.0,0.0,1.0,161.0
4128,4127,0,1,澳底D.T1                                ,1,0.0085,0.2667,60.0,0.9875,23.9,0.0,60.0,60.0,0.0,1.0,161.0
4128,4127,0,2,澳底D.T2                                ,1,0.0085,0.26487,60.0,0.9875,23.9,0.0,60.0,60.0,0.0,1.0,161.0
4140,4139,0,1,光明D.T1                                ,1,0.0085,0.2767,60.0,0.9875,23.9,0.0,60.0,60.0,0.0,1.0,161.0
4140,4139,0,2,光明D.T2                                ,1,0.0085,0.28,60.0,0.9875,23.9,0.0,60.0,60.0,0.0,1.0,161.0
4142,4141,0,1,玉成臨D.T1                              ,1,0.007,0.2762,60.0,1.0,23.9,0.0,60.0,0.0,0.0,1.0,161.0
4144,4143,0,1,週美D.T1                                ,1,0.00633,0.27963,60.0,1.0125,23.9,0.0,60.0,60.0,0.0,1.0,161.0
4144,4143,0,2,週美D.T2                                ,1,0.00817,0.26722,60.0,1.0125,23.9,0.0,60.0,60.0,0.0,1.0,161.0
4144,4143,0,3,週美D.T3                                ,1,0.00633,0.2786,60.0,1.0125,23.9,0.0,60.0,60.0,0.0,1.0,161.0
4148,4147,0,1,橋東D.T1                                ,1,0.00783333,0.267552,60.0,1.0,23.9,0.0,60.0,60.0,0.0,1.0,161.0
4148,4147,0,2,橋東D.T2                                ,1,0.00656667,0.298461,60.0,1.0,23.9,0.0,60.0,60.0,0.0,1.0,161.0
4162,4161,0,1,沙崙D.T1                                ,1,0.0082,0.2679,60.0,0.9875,23.9,0.0,60.0,60.0,0.0,1.0,161.0
4162,4161,0,2,沙崙D.T2                                ,1,0.0082,0.2659,60.0,0.9875,23.9,0.0,60.0,60.0,0.0,1.0,161.0
4162,4161,0,3,沙崙D.T3                                ,1,0.0067,0.2769,60.0,0.9875,23.9,0.0,60.0,60.0,0.0,1.0,161.0
4204,4203,0,1,大直D.T1                                ,1,0.0088,0.2817,60.0,0.975,23.9,0.0,60.0,60.0,0.0,1.0,161.0
4204,4203,0,2,大直D.T2                                ,1,0.0087,0.2845,60.0,0.975,23.9,0.0,60.0,60.0,0.0,1.0,161.0
4204,4203,0,3,大直D.T3                                ,1,0.0082,0.2687,60.0,0.975,23.9,0.0,60.0,60.0,0.0,1.0,161.0
4208,4207,0,1,百齡D.T1                                ,1,0.0085,0.28387,60.0,1.0,23.9,0.0,60.0,60.0,0.0,1.0,161.0
4208,4207,0,2,百齡D.T2                                ,1,0.0085,0.28387,60.0,1.0,23.9,0.0,60.0,60.0,0.0,1.0,161.0
4214,4213,0,1,蘭雅D.T1                                ,1,0.0085,0.28905,60.0,1.0,23.9,0.0,60.0,60.0,0.0,1.0,161.0
4214,4213,0,2,蘭雅D.T2                                ,1,0.0085,0.28553,60.0,1.0,23.9,0.0,60.0,60.0,0.0,1.0,161.0
4214,4213,0,3,蘭雅D.T3                                ,1,0.00783,0.2849,60.0,1.0,23.9,0.0,60.0,60.0,0.0,1.0,161.0
4256,4255,0,1,民生D.T1                                ,1,0.0083,0.2809,60.0,1.0,23.9,0.0,60.0,60.0,0.0,1.0,161.0
4256,4255,0,2,民生D.T2                                ,1,0.0089,0.2784,60.0,1.0,23.9,0.0,60.0,60.0,0.0,1.0,161.0
4256,4255,0,3,民生D.T3                                ,1,0.0093,0.2905,60.0,1.0,23.9,0.0,60.0,60.0,0.0,1.0,161.0
4258,4257,0,1,榮星D.T1                                ,1,0.0075,0.2832,60.0,0.9875,23.9,0.0,60.0,60.0,0.0,1.0,161.0
4258,4257,0,2,榮星D.T2                                ,1,0.007,0.2754,60.0,0.9875,23.9,0.0,60.0,60.0,0.0,1.0,161.0
4258,4257,0,3,榮星D.T3                                ,1,0.007,0.2739,60.0,0.9875,23.9,0.0,60.0,60.0,0.0,1.0,161.0
4260,4259,0,1,松江D.T1                                ,1,0.0073,0.2637,60.0,1.0,23.9,0.0,60.0,0.0,0.0,1.0,161.0
4260,4259,0,2,松江D.T2                                ,1,0.0073,0.2651,60.0,1.0,23.9,0.0,60.0,0.0,0.0,1.0,161.0
4260,4259,0,3,松江D.T3                                ,1,0.0073,0.2649,60.0,1.0,23.9,0.0,60.0,0.0,0.0,1.0,161.0
4264,4263,0,1,長春D.T1                                ,1,0.0068,0.2789,60.0,1.0,23.9,0.0,60.0,60.0,0.0,1.0,161.0
4264,4263,0,2,長春D.T2                                ,1,0.0068,0.2811,60.0,1.0,23.9,0.0,60.0,60.0,0.0,1.0,161.0
4264,4263,0,3,長春D.T3                                ,1,0.0068,0.2814,60.0,1.0,23.9,0.0,60.0,60.0,0.0,1.0,161.0
4266,4265,0,1,敦化D.T1                                ,1,0.007,0.2751,60.0,1.0,23.9,0.0,60.0,60.0,0.0,1.0,161.0
4266,4265,0,2,敦化D.T2                                ,1,0.0072,0.2764,60.0,1.0,23.9,0.0,60.0,60.0,0.0,1.0,161.0
4270,4269,0,1,基信D.T1                                ,1,0.0081,0.2792,60.0,0.9625,23.9,0.0,60.0,60.0,0.0,1.0,161.0
4270,4269,0,2,基信D.T2                                ,1,0.0078,0.2802,60.0,0.9625,23.9,0.0,60.0,60.0,0.0,1.0,161.0
4270,4269,0,3,基信D.T3                                ,1,0.008,0.2791,60.0,0.9625,23.9,0.0,60.0,60.0,0.0,1.0,161.0
4276,4275,0,1,中崙D.T1                                ,1,0.008,0.2784,60.0,0.95,23.9,0.0,60.0,0.0,0.0,1.0,161.0
4276,4275,0,2,中崙D.T2                                ,1,0.008,0.2787,60.0,0.95,23.9,0.0,60.0,0.0,0.0,1.0,161.0
4276,4275,0,3,中崙D.T3                                ,1,0.008,0.2789,60.0,0.95,23.9,0.0,60.0,0.0,0.0,1.0,161.0
4276,4275,0,4,中崙D.T4                                ,1,0.008,0.2784,60.0,0.95,23.9,0.0,60.0,0.0,0.0,1.0,161.0
4302,4301,0,1,常德D.T1                                ,1,0.00683,0.29192,60.0,1.0125,23.9,0.0,60.0,60.0,0.0,1.0,161.0
4302,4301,0,2,常德D.T2                                ,1,0.007,0.29342,60.0,1.0125,23.9,0.0,60.0,60.0,0.0,1.0,161.0
4302,4301,0,3,常德D.T3                                ,1,0.007,0.29558,60.0,1.0125,23.9,0.0,60.0,60.0,0.0,1.0,161.0
4306,4305,0,1,華陰D.T1                                ,1,0.0082,0.2005,60.0,1.0125,23.9,0.0,60.0,60.0,0.0,1.0,161.0
4306,4305,0,2,華陰D.T2                                ,1,0.00582,0.27827,60.0,1.0125,23.9,0.0,60.0,60.0,0.0,1.0,161.0
4306,4305,0,3,華陰D.T3                                ,1,0.0082,0.1999,60.0,1.0125,23.9,0.0,60.0,60.0,0.0,1.0,161.0
4308,4307,0,1,建國D.T1                                ,1,0.007,0.276745,60.0,1.0,23.9,0.0,60.0,60.0,0.0,1.0,161.0
4308,4307,0,2,建國D.T2                                ,1,0.00717,0.2769,60.0,1.0,23.9,0.0,60.0,60.0,0.0,1.0,161.0
4310,4309,0,1,虎林D.T1                                ,1,0.00733,0.27857,60.0,1.0125,23.9,0.0,60.0,60.0,0.0,1.0,161.0
4310,4309,0,2,虎林D.T2                                ,1,0.00717,0.2754,60.0,1.0125,23.9,0.0,60.0,60.0,0.0,1.0,161.0
4310,4309,0,3,虎林D.T3                                ,1,0.00717,0.27423,60.0,1.0125,23.9,0.0,60.0,60.0,0.0,1.0,161.0
4314,4313,0,1,福和D.T1                                ,1,0.0072,0.2866,60.0,1.0,23.9,0.0,60.0,60.0,0.0,1.0,161.0
4314,4313,0,2,福和D.T2                                ,1,0.0072,0.2882,60.0,1.0,23.9,0.0,60.0,60.0,0.0,1.0,161.0
4314,4313,0,3,福和D.T3                                ,1,0.007,0.2862,60.0,1.0,23.9,0.0,60.0,60.0,0.0,1.0,161.0
4352,4351,0,1,中正D.T1                                ,1,0.00577,0.27743,60.0,1.0125,23.9,0.0,60.0,60.0,0.0,1.0,161.0
4352,4351,0,2,中正D.T2                                ,1,0.00578,0.27693,60.0,1.0125,23.9,0.0,60.0,60.0,0.0,1.0,161.0
4352,4351,0,3,中正D.T3                                ,1,0.00767,0.29407,60.0,1.0125,23.9,0.0,60.0,60.0,0.0,1.0,161.0
4352,4351,0,4,中正D.T4                                ,1,0.00683,0.27842,60.0,1.0125,23.9,0.0,60.0,60.0,0.0,1.0,161.0
4354,4353,0,1,青年D.T1                                ,1,0.00717,0.2789,60.0,1.0125,23.9,0.0,60.0,60.0,0.0,1.0,161.0
4354,4353,0,2,青年D.T2                                ,1,0.00728,0.29292,60.0,1.0125,23.9,0.0,60.0,60.0,0.0,1.0,161.0
4354,4353,0,3,青年D.T3                                ,1,0.00723,0.29192,60.0,1.0125,23.9,0.0,60.0,60.0,0.0,1.0,161.0
4358,4357,0,1,南海D.T1                                ,1,0.00717,0.29558,60.0,1.0125,23.9,0.0,60.0,60.0,0.0,1.0,161.0
4358,4357,0,2,南海D.T2                                ,1,0.00733,0.29342,60.0,1.0125,23.9,0.0,60.0,60.0,0.0,1.0,161.0
4358,4357,0,3,南海D.T3                                ,1,0.00733,0.29342,60.0,1.0125,23.9,0.0,60.0,60.0,0.0,1.0,161.0
4360,4359,0,1,成都D.T1                                ,1,0.0072,0.27373,60.0,1.0125,23.9,0.0,60.0,60.0,0.0,1.0,161.0
4360,4359,0,2,成都D.T2                                ,1,0.00705,0.27358,60.0,1.0125,23.9,0.0,60.0,60.0,0.0,1.0,161.0
4362,4361,0,1,城中D.T1                                ,1,0.0082,0.2695,60.0,1.05,23.9,0.0,60.0,60.0,0.0,1.0,161.0
4362,4361,0,2,城中D.T2                                ,1,0.0082,0.2704,60.0,1.05,23.9,0.0,60.0,60.0,0.0,1.0,161.0
4402,4401,0,1,臥龍D.T1                                ,1,0.0089,0.28503,60.0,1.0125,23.9,0.0,60.0,60.0,0.0,1.0,161.0
4402,4401,0,2,臥龍D.T2                                ,1,0.00873,0.27103,60.0,1.0125,23.9,0.0,60.0,60.0,0.0,1.0,161.0
4402,4401,0,3,臥龍D.T3                                ,1,0.00908,0.29303,60.0,1.0125,23.9,0.0,60.0,60.0,0.0,1.0,161.0
4404,4403,0,1,秀朗D.T1                                ,1,0.00883,0.28353,60.0,1.0125,23.9,0.0,60.0,60.0,0.0,1.0,161.0
4404,4403,0,2,秀朗D.T2                                ,1,0.00875,0.28353,60.0,1.0125,23.9,0.0,60.0,60.0,0.0,1.0,161.0
4404,4403,0,3,秀朗D.T3                                ,1,0.00883,0.2842,60.0,1.0125,23.9,0.0,60.0,60.0,0.0,1.0,161.0
4410,4409,0,1,三張D.T1                                ,1,0.00733,0.29307,60.0,1.0125,23.9,0.0,60.0,60.0,0.0,1.0,161.0
4410,4409,0,2,三張D.T2                                ,1,0.0075,0.29173,60.0,1.0125,23.9,0.0,60.0,60.0,0.0,1.0,161.0
4410,4409,0,3,三張D.T3                                ,1,0.00733,0.29023,60.0,1.0125,23.9,0.0,60.0,60.0,0.0,1.0,161.0
4412,4411,0,1,大豐D.T1                                ,1,0.00743,0.28473,60.0,1.0125,23.9,0.0,60.0,60.0,0.0,1.0,161.0
4412,4411,0,2,大豐D.T2                                ,1,0.00872,0.27087,60.0,1.0125,23.9,0.0,60.0,60.0,0.0,1.0,161.0
4412,4411,0,3,大豐D.T3                                ,1,0.00727,0.2839,60.0,1.0125,23.9,0.0,60.0,60.0,0.0,1.0,161.0
4426,4425,0,1,世貿D.T1                                ,1,0.007,0.289582,60.0,0.9625,23.9,0.0,60.0,60.0,0.0,1.0,161.0
4426,4425,0,2,世貿D.T2                                ,1,0.007,0.289415,60.0,0.9625,23.9,0.0,60.0,60.0,0.0,1.0,161.0
4426,4425,0,3,世貿D.T3                                ,1,0.007,0.290249,60.0,0.9625,23.9,0.0,60.0,60.0,0.0,1.0,161.0
4426,4425,0,4,世貿D.T4                                ,1,0.007,0.289916,60.0,0.9625,23.9,0.0,60.0,60.0,0.0,1.0,161.0
4438,4437,0,1,七張D.T1                                ,1,0.0086,0.266528,60.0,0.9875,23.9,0.0,60.0,60.0,0.0,1.0,161.0
4438,4437,0,2,七張D.T2                                ,1,0.0087,0.2684,60.0,0.9875,23.9,0.0,60.0,60.0,0.0,1.0,161.0
4438,4437,0,3,七張D.T3                                ,1,0.00732,0.2799,60.0,0.9875,23.9,0.0,60.0,60.0,0.0,1.0,161.0
4438,4437,0,4,七張D.T4                                ,1,0.00735,0.28173,60.0,0.9875,23.9,0.0,60.0,60.0,0.0,1.0,161.0
4506,4505,0,1,化成D.T1                                ,1,0.0085,0.28587,60.0,0.9875,23.9,0.0,60.0,60.0,0.0,1.0,161.0
4506,4505,0,2,化成D.T2                                ,1,0.0085,0.2857,60.0,0.9875,23.9,0.0,60.0,60.0,0.0,1.0,161.0
4506,4505,0,3,化成D.T3                                ,1,0.00867,0.28587,60.0,0.9875,23.9,0.0,60.0,60.0,0.0,1.0,161.0
4508,4507,0,1,二重D.T1                                ,1,0.0075,0.2774,60.0,0.9875,23.9,0.0,60.0,60.0,0.0,1.0,161.0
4508,4507,0,2,二重D.T2                                ,1,0.0086,0.28153,60.0,0.9875,23.9,0.0,60.0,60.0,0.0,1.0,161.0
4508,4507,0,3,二重D.T3                                ,1,0.00733,0.27523,60.0,0.9875,23.9,0.0,60.0,60.0,0.0,1.0,161.0
4514,4513,0,1,重新D.T1                                ,1,0.00883,0.28503,60.0,0.975,23.9,0.0,60.0,60.0,0.0,1.0,161.0
4514,4513,0,2,重新D.T2                                ,1,0.00867,0.2847,60.0,0.975,23.9,0.0,60.0,60.0,0.0,1.0,161.0
4514,4513,0,3,重新D.T3                                ,1,0.00883,0.28537,60.0,0.975,23.9,0.0,60.0,60.0,0.0,1.0,161.0
4528,4527,0,1,頭前D.T1                                ,1,0.0073,0.2681,60.0,1.0125,23.9,0.0,60.0,0.0,0.0,1.0,161.0
4528,4527,0,2,頭前D.T2                                ,1,0.0072,0.2689,60.0,1.0125,23.9,0.0,60.0,0.0,0.0,1.0,161.0
4528,4527,0,3,頭前D.T3                                ,1,0.0085,0.2794,60.0,1.0125,23.9,0.0,60.0,0.0,0.0,1.0,161.0
4552,4551,0,1,頂埔D.T1                                ,1,0.00883,0.28403,60.0,0.9875,23.9,0.0,60.0,60.0,0.0,1.0,161.0
4552,4551,0,2,頂埔D.T2                                ,1,0.00883,0.28487,60.0,0.9875,23.9,0.0,60.0,60.0,0.0,1.0,161.0
4552,4551,0,3,頂埔D.T3                                ,1,0.00883,0.28287,60.0,0.9875,23.9,0.0,60.0,60.0,0.0,1.0,161.0
4554,4553,0,1,頂埔D.T4                                ,1,0.0073,0.2857,60.0,1.0,23.9,0.0,60.0,60.0,0.0,1.0,161.0
4554,4553,0,2,頂埔D.T5                                ,1,0.0073,0.2839,60.0,1.0,23.9,0.0,60.0,60.0,0.0,1.0,161.0
4558,4557,0,1,信南D.T1                                ,1,0.00683,0.28392,60.0,1.0125,23.9,0.0,60.0,60.0,0.0,1.0,161.0
4558,4557,0,2,信南D.T2                                ,1,0.00683,0.28525,60.0,1.025,23.9,0.0,60.0,0.0,0.0,1.0,161.0
4558,4557,0,3,信南D.T3                                ,1,0.00683,0.28442,60.0,1.0125,23.9,0.0,60.0,60.0,0.0,1.0,161.0
4558,4557,0,4,信南D.T4                                ,1,0.00667,0.28442,60.0,1.025,23.9,0.0,60.0,0.0,0.0,1.0,161.0
4560,4559,0,1,安康D.T2                                ,1,0.0073,0.2854,60.0,1.0,23.9,0.0,60.0,0.0,0.0,1.0,161.0
4560,4559,0,2,安康D.T3                                ,1,0.0087,0.2672,60.0,1.0,23.9,0.0,60.0,0.0,0.0,1.0,161.0
4560,4559,0,3,安康D.T4                                ,1,0.0086,0.2682,60.0,1.0,23.9,0.0,60.0,0.0,0.0,1.0,161.0
4564,4563,0,1,柑園D.T1                                ,1,0.0085,0.28788,60.0,1.0125,23.9,0.0,60.0,60.0,0.0,1.0,161.0
4564,4563,0,2,柑園D.T2                                ,1,0.0085,0.28503,60.0,1.0125,23.9,0.0,60.0,60.0,0.0,1.0,161.0
4564,4563,0,3,柑園D.T3                                ,1,0.00733,0.28007,60.0,1.0125,23.9,0.0,60.0,60.0,0.0,1.0,161.0
4568,4567,0,1,新民D.T1                                ,1,0.0068,0.2839,60.0,1.0125,23.9,0.0,60.0,60.0,0.0,1.0,161.0
4568,4567,0,2,新民D.T2                                ,1,0.0068,0.2843,60.0,1.0125,23.9,0.0,60.0,60.0,0.0,1.0,161.0
4568,4567,0,3,新民D.T3                                ,1,0.0068,0.2869,60.0,1.0125,23.9,0.0,60.0,60.0,0.0,1.0,161.0
4568,4567,0,4,新民D.T4                                ,1,0.0068,0.2856,60.0,1.0125,23.9,0.0,60.0,60.0,0.0,1.0,161.0
4574,4573,0,1,景星D.T1                                ,1,0.0085,0.29105,60.0,1.0125,23.9,0.0,60.0,60.0,0.0,1.0,161.0
4574,4573,0,2,景星D.T2                                ,1,0.00867,0.29287,60.0,1.0125,23.9,0.0,60.0,60.0,0.0,1.0,161.0
4574,4573,0,3,景星D.T3                                ,1,0.00733,0.2789,60.0,1.0125,23.9,0.0,60.0,60.0,0.0,1.0,161.0
4576,4575,0,1,社后D.T1                                ,1,0.00767,0.28157,60.0,1.0375,23.9,0.0,60.0,60.0,0.0,1.0,161.0
4576,4575,0,2,社后D.T2                                ,1,0.00783,0.28372,60.0,1.0375,23.9,0.0,60.0,60.0,0.0,1.0,161.0
4584,4583,0,1,隆恩D.T1                                ,1,0.00852,0.2647,60.0,0.9875,23.9,0.0,60.0,60.0,0.0,1.0,161.0
4584,4583,0,2,隆恩D.T2                                ,1,0.00853,0.2642,60.0,0.9875,23.9,0.0,60.0,60.0,0.0,1.0,161.0
4584,4583,0,3,隆恩D.T3                                ,1,0.0074,0.2839,60.0,0.9875,23.9,0.0,60.0,60.0,0.0,1.0,161.0
4602,4601,0,1,林中D.T1                                ,1,0.007,0.27642,60.0,1.0125,23.9,0.0,60.0,60.0,0.0,1.0,161.0
4602,4601,0,2,林中D.T2                                ,1,0.007,0.27525,60.0,1.0125,23.9,0.0,60.0,60.0,0.0,1.0,161.0
4602,4601,0,3,林中D.T3                                ,1,0.0075,0.2754,60.0,1.0125,23.9,0.0,60.0,60.0,0.0,1.0,161.0
4604,4603,0,1,坪頂D.T1                                ,1,0.0065,0.27458,60.0,1.0,23.9,0.0,60.0,60.0,0.0,1.0,161.0
4604,4603,0,2,坪頂D.T2                                ,1,0.00633,0.2751,60.0,1.0,23.9,0.0,60.0,60.0,0.0,1.0,161.0
4604,4603,0,3,坪頂D.T3                                ,1,0.0065,0.27708,60.0,1.0,23.9,0.0,60.0,60.0,0.0,1.0,161.0
4604,4603,0,4,坪頂D.T4                                ,1,0.0065,0.27708,60.0,1.0125,23.9,0.0,60.0,60.0,0.0,1.0,161.0
4608,4607,0,1,迴龍D.T1                                ,1,0.00867,0.28237,60.0,0.975,23.9,0.0,60.0,60.0,0.0,1.0,161.0
4608,4607,0,2,迴龍D.T2                                ,1,0.00867,0.28003,60.0,0.975,23.9,0.0,60.0,60.0,0.0,1.0,161.0
4608,4607,0,3,迴龍D.T3                                ,1,0.00717,0.2649,60.0,0.975,23.9,0.0,60.0,60.0,0.0,1.0,161.0
4612,4611,0,1,南崁D.T1                                ,1,0.0085,0.28087,60.0,1.025,23.9,0.0,60.0,60.0,0.0,1.0,161.0
4612,4611,0,2,南崁D.T2                                ,1,0.0085,0.28003,60.0,1.025,23.9,0.0,60.0,60.0,0.0,1.0,161.0
4612,4611,0,3,南崁D.T3                                ,1,0.0085,0.27987,60.0,1.025,23.9,0.0,60.0,60.0,0.0,1.0,161.0
4614,4613,0,1,宏安D.T1                                ,1,0.00867,0.29137,60.0,0.9875,23.9,0.0,60.0,60.0,0.0,1.0,161.0
4614,4613,0,2,宏安D.T2                                ,1,0.00867,0.28587,60.0,0.9875,23.9,0.0,60.0,60.0,0.0,1.0,161.0
4614,4613,0,3,宏安D.T3                                ,1,0.00867,0.28687,60.0,0.9875,23.9,0.0,60.0,60.0,0.0,1.0,161.0
4618,4617,0,1,興珍D.T1                                ,1,0.00733,0.2914,60.0,1.0,23.9,0.0,60.0,60.0,0.0,1.0,161.0
4618,4617,0,2,興珍D.T2                                ,1,0.00733,0.29208,60.0,1.0,23.9,0.0,60.0,60.0,0.0,1.0,161.0
4618,4617,0,3,興珍D.T3                                ,1,0.00733,0.28873,60.0,1.0,23.9,0.0,60.0,60.0,0.0,1.0,161.0
4618,4617,0,4,興珍D.T4                                ,1,0.0074,0.2846,60.0,1.0,23.9,0.0,60.0,60.0,0.0,1.0,161.0
4626,4625,0,1,板城D.T1                                ,1,0.00833,0.2607,60.0,1.0,23.9,0.0,60.0,60.0,0.0,1.0,161.0
4626,4625,0,2,板城D.T2                                ,1,0.00817,0.2642,60.0,1.0,23.9,0.0,60.0,60.0,0.0,1.0,161.0
4626,4625,0,3,板城D.T3                                ,1,0.00733,0.27557,60.0,1.0,23.9,0.0,60.0,60.0,0.0,1.0,161.0
4628,4627,0,1,福營D.T1                                ,1,0.00886667,0.280493,60.0,1.0125,23.9,0.0,60.0,60.0,0.0,1.0,161.0
4628,4627,0,2,福營D.T2                                ,1,0.00878333,0.279295,60.0,1.0125,23.9,0.0,60.0,60.0,0.0,1.0,161.0
4628,4627,0,3,福營D.T3                                ,1,0.00881667,0.280745,60.0,1.0125,23.9,0.0,60.0,60.0,0.0,1.0,161.0
4630,4629,0,1,樹林D.T1                                ,1,0.0085,0.2607,60.0,1.0,23.9,0.0,60.0,60.0,0.0,1.0,161.0
4630,4629,0,2,樹林D.T2                                ,1,0.00833,0.2597,60.0,1.0,23.9,0.0,60.0,60.0,0.0,1.0,161.0
4630,4629,0,3,樹林D.T3                                ,1,0.00733,0.2797,60.0,1.0,23.9,0.0,60.0,60.0,0.0,1.0,161.0
4636,4635,0,1,樂善D.T1                                ,1,0.00733,0.28507,60.0,1.0,23.9,0.0,60.0,60.0,0.0,1.0,161.0
4636,4635,0,2,樂善D.T2                                ,1,0.0085,0.2767,60.0,1.0,23.9,0.0,60.0,60.0,0.0,1.0,161.0
4636,4635,0,3,樂善D.T3                                ,1,0.00733,0.2849,60.0,1.0,23.9,0.0,60.0,60.0,0.0,1.0,161.0
4636,4635,0,4,樂善D.T4                                ,1,0.0082,0.2689,60.0,1.0,23.9,0.0,60.0,60.0,0.0,1.0,161.0
4638,4637,0,1,泰山D.T1                                ,1,0.0073,0.2819,60.0,1.0125,23.9,0.0,60.0,0.0,0.0,1.0,161.0
4638,4637,0,2,泰山D.T2                                ,1,0.0073,0.2819,60.0,1.0125,23.9,0.0,60.0,0.0,0.0,1.0,161.0
4638,4637,0,3,泰山D.T3                                ,1,0.0073,0.2832,60.0,1.0125,23.9,0.0,60.0,0.0,0.0,1.0,161.0
4640,4639,0,1,長安D.T1                                ,1,0.00882,0.27887,60.0,1.025,23.9,0.0,60.0,60.0,0.0,1.0,161.0
4640,4639,0,2,長安D.T2                                ,1,0.00883333,0.280744,60.0,1.025,23.9,0.0,60.0,60.0,0.0,1.0,161.0
4640,4639,0,3,長安D.T3                                ,1,0.00885,0.279543,60.0,1.025,23.9,0.0,60.0,60.0,0.0,1.0,161.0
4640,4639,0,4,長安D.T4                                ,1,0.00885,0.27883,60.0,1.025,23.9,0.0,60.0,60.0,0.0,1.0,161.0
4650,4649,0,1,南興D.T1                                ,1,0.0083,0.2727,60.0,1.0125,23.9,0.0,60.0,60.0,60.0,1.0,161.0
4650,4649,0,2,南興D.T2                                ,1,0.0083,0.27351,60.0,1.0125,23.9,0.0,60.0,60.0,60.0,1.0,161.0
4650,4649,0,3,南興D.T3                                ,1,0.0065,0.2709,60.0,1.0125,23.9,0.0,60.0,60.0,60.0,1.0,161.0
4650,4649,0,4,南興D.T4                                ,1,0.0075,0.2634,60.0,1.0125,23.9,0.0,60.0,0.0,0.0,1.0,161.0
4652,4651,0,1,福海D.T1                                ,1,0.0082,0.2677,60.0,1.0,23.9,0.0,60.0,0.0,0.0,1.0,161.0
4652,4651,0,2,福海D.T2                                ,1,0.008,0.2684,60.0,1.0,23.9,0.0,60.0,0.0,0.0,1.0,161.0
4652,4651,0,3,福海D.T3                                ,1,0.0073,0.2651,60.0,1.0,23.9,0.0,60.0,60.0,0.0,1.0,161.0
4652,4651,0,4,福海D.T4                                ,1,0.0073,0.2651,60.0,1.0,23.9,0.0,60.0,60.0,0.0,1.0,161.0
4702,4701,0,3,中大D.T3                                ,1,0.00817,0.2685,60.0,1.0125,23.9,0.0,60.0,60.0,0.0,1.0,161.0
4702,4701,0,4,中大D.T4                                ,1,0.0085,0.267,60.0,1.0125,23.9,0.0,60.0,60.0,0.0,1.0,161.0
4704,4703,0,1,興國D.T1                                ,1,0.00783,0.28255,60.0,1.0,23.9,0.0,60.0,60.0,0.0,1.0,161.0
4704,4703,0,2,興國D.T2                                ,1,0.008,0.28355,60.0,1.0,23.9,0.0,60.0,60.0,0.0,1.0,161.0
4704,4703,0,3,興國D.T3                                ,1,0.00783,0.2859,60.0,1.0,23.9,0.0,60.0,60.0,0.0,1.0,161.0
4706,4705,0,1,宋屋D.T1                                ,1,0.00867,0.26168,60.0,1.0,23.9,0.0,60.0,60.0,0.0,1.0,161.0
4706,4705,0,2,宋屋D.T2                                ,1,0.00867,0.26502,60.0,1.0,23.9,0.0,60.0,60.0,0.0,1.0,161.0
4706,4705,0,3,宋屋D.T3                                ,1,0.007,0.2784,60.0,1.0,23.9,0.0,60.0,60.0,0.0,1.0,161.0
4710,4709,0,1,五權D.T1                                ,1,0.0067,0.2786,60.0,1.0,23.9,0.0,60.0,60.0,0.0,1.0,161.0
4710,4709,0,2,五權D.T2                                ,1,0.008,0.2687,60.0,1.0,23.9,0.0,60.0,60.0,0.0,1.0,161.0
4710,4709,0,3,五權D.T3                                ,1,0.0082,0.267,60.0,1.0,23.9,0.0,60.0,60.0,0.0,1.0,161.0
4712,4711,0,2,中原D.T2                                ,1,0.0073,0.2797,60.0,1.0125,23.9,0.0,60.0,60.0,0.0,1.0,161.0
4712,4711,0,3,中原D.T3                                ,1,0.0087,0.2674,60.0,1.0125,23.9,0.0,60.0,60.0,0.0,1.0,161.0
4712,4711,0,4,中原D.T4                                ,1,0.0088,0.2689,60.0,1.0125,23.9,0.0,60.0,60.0,0.0,1.0,161.0
4714,4713,0,1,自立D.T1                                ,1,0.008,0.2719,60.0,1.0,23.9,0.0,60.0,60.0,0.0,1.0,161.0
4714,4713,0,2,自立D.T2                                ,1,0.008,0.2725,60.0,1.0,23.9,0.0,60.0,60.0,0.0,1.0,161.0
4716,4715,0,1,忠福D.T1                                ,1,0.00783,0.28205,60.0,1.0,23.9,0.0,60.0,60.0,0.0,1.0,161.0
4716,4715,0,2,忠福D.T2                                ,1,0.008,0.28355,60.0,1.0,23.9,0.0,60.0,60.0,0.0,1.0,161.0
4716,4715,0,3,忠福D.T3                                ,1,0.008,0.28355,60.0,1.0,23.9,0.0,60.0,60.0,0.0,1.0,161.0
4716,4715,0,4,忠福D.T4                                ,1,0.00738333,0.279069,60.0,1.0,23.9,0.0,60.0,60.0,0.0,1.0,161.0
4752,4751,0,1,富岡D.T1                                ,1,0.00878,0.28637,60.0,1.025,23.9,0.0,60.0,60.0,0.0,1.0,161.0
4752,4751,0,2,富岡D.T2                                ,1,0.00873,0.27737,60.0,1.025,23.9,0.0,60.0,60.0,0.0,1.0,161.0
4752,4751,0,3,富岡D.T3                                ,1,0.0085,0.28137,60.0,1.025,23.9,0.0,60.0,60.0,0.0,1.0,161.0
4754,4753,0,1,榮成D.T1                                ,1,0.00877,0.26652,60.0,1.0,23.9,0.0,60.0,60.0,0.0,1.0,161.0
4754,4753,0,2,榮成D.T2                                ,1,0.0085,0.26603,60.0,1.0,23.9,0.0,60.0,60.0,0.0,1.0,161.0
4754,4753,0,3,榮成D.T3                                ,1,0.007,0.28192,60.0,1.0,23.9,0.0,60.0,60.0,0.0,1.0,161.0
4756,4755,0,1,白玉D.T1                                ,1,0.00833,0.28838,60.0,1.0125,23.9,0.0,60.0,60.0,0.0,1.0,161.0
4756,4755,0,2,白玉D.T2                                ,1,0.007,0.27625,60.0,1.0125,23.9,0.0,60.0,60.0,0.0,1.0,161.0
4756,4755,0,3,白玉D.T3                                ,1,0.00717,0.2769,60.0,1.0125,23.9,0.0,60.0,60.0,0.0,1.0,161.0
4756,4755,0,4,白玉D.T4                                ,1,0.00817,0.26803,60.0,1.0125,23.9,0.0,60.0,60.0,0.0,1.0,161.0
4758,4757,0,1,塘尾D.T1                                ,1,0.0065,0.27392,60.0,1.0125,23.9,0.0,60.0,60.0,0.0,1.0,161.0
4758,4757,0,2,塘尾D.T2                                ,1,0.0065,0.27392,60.0,1.0125,23.9,0.0,60.0,60.0,0.0,1.0,161.0
4760,4759,0,1,保生D.T1                                ,1,0.00816667,0.269376,60.0,1.0125,23.9,0.0,60.0,60.0,0.0,1.0,161.0
4760,4759,0,2,保生D.T2                                ,1,0.00816667,0.268042,60.0,1.0125,23.9,0.0,60.0,60.0,0.0,1.0,161.0
4764,4763,0,1,長發D.T1                                ,1,0.00817,0.26604,60.0,1.0125,23.9,0.0,60.0,60.0,0.0,1.0,161.0
4764,4763,0,2,長發D.T2                                ,1,0.00817,0.26437,60.0,1.0125,23.9,0.0,60.0,60.0,0.0,1.0,161.0
4802,4801,0,1,東社D.T1                                ,1,0.00867,0.28253,60.0,1.0,23.9,0.0,60.0,60.0,0.0,1.0,161.0
4802,4801,0,2,東社D.T2                                ,1,0.00867,0.2822,60.0,1.0,23.9,0.0,60.0,60.0,0.0,1.0,161.0
4802,4801,0,3,東社D.T3                                ,1,0.00723,0.2829,60.0,1.0,23.9,0.0,60.0,60.0,0.0,1.0,161.0
4806,4805,0,1,聖亭D.T1                                ,1,0.0085,0.2807,60.0,0.9875,23.9,0.0,60.0,60.0,0.0,1.0,161.0
4806,4805,0,2,聖亭D.T2                                ,1,0.0085,0.27737,60.0,0.9875,23.9,0.0,60.0,60.0,0.0,1.0,161.0
4806,4805,0,3,聖亭D.T3                                ,1,0.0063,0.2741,60.0,0.9875,23.9,0.0,60.0,60.0,0.0,1.0,161.0
4812,4811,0,1,高揚D.T1                                ,1,0.00817,0.27138,60.0,1.025,23.9,0.0,60.0,60.0,0.0,1.0,161.0
4812,4811,0,2,高揚D.T2                                ,1,0.0085,0.27153,60.0,1.025,23.9,0.0,60.0,60.0,0.0,1.0,161.0
4814,4813,0,2,瑞源D.T2                                ,1,0.00817,0.26738,60.0,1.0,23.9,0.0,60.0,60.0,0.0,1.0,161.0
4814,4813,0,3,瑞源D.T3                                ,1,0.0065,0.27958,60.0,1.0,23.9,0.0,60.0,60.0,0.0,1.0,161.0
4814,4813,0,4,瑞源D.T4                                ,1,0.00817,0.26838,60.0,1.0,23.9,0.0,60.0,60.0,0.0,1.0,161.0
4816,4815,0,1,新工D.T1                                ,1,0.00833,0.28355,60.0,1.025,23.9,0.0,60.0,60.0,0.0,1.0,161.0
4816,4815,0,2,新工D.T2                                ,1,0.00833,0.28355,60.0,1.025,23.9,0.0,60.0,60.0,0.0,1.0,161.0
4816,4815,0,3,新工D.T3                                ,1,0.00833,0.28422,60.0,1.025,23.9,0.0,60.0,60.0,0.0,1.0,161.0
4818,4817,0,1,楊梅D.T1                                ,1,0.00877,0.28182,60.0,1.0125,23.9,0.0,60.0,60.0,0.0,1.0,161.0
4818,4817,0,2,楊梅D.T2                                ,1,0.00877,0.28188,60.0,1.025,23.9,0.0,60.0,60.0,0.0,1.0,161.0
4818,4817,0,3,楊梅D.T3                                ,1,0.00733,0.26807,60.0,1.0125,23.9,0.0,60.0,60.0,0.0,1.0,161.0
4820,4819,0,1,龍顯D.T2                                ,1,0.00817,0.26617,60.0,1.0,23.9,0.0,60.0,60.0,0.0,1.0,161.0
4820,4819,0,2,龍顯D.T3                                ,1,0.008,0.26667,60.0,1.0,23.9,0.0,60.0,60.0,0.0,1.0,161.0
4822,4821,0,1,湖北D.T1                                ,1,0.0085,0.28172,60.0,1.0125,23.9,0.0,60.0,60.0,0.0,1.0,161.0
4822,4821,0,2,湖北D.T2                                ,1,0.00867,0.2822,60.0,1.0125,23.9,0.0,60.0,60.0,0.0,1.0,161.0
4822,4821,0,3,湖北D.T3                                ,1,0.00733,0.2664,60.0,1.0125,23.9,0.0,60.0,60.0,0.0,1.0,161.0
4822,4821,0,4,湖北D.T4                                ,1,0.00733,0.26507,60.0,1.0125,23.9,0.0,60.0,60.0,0.0,1.0,161.0
4824,4823,0,3,中豐D.T3                                ,1,0.008,0.272549,60.0,0.9875,23.9,0.0,60.0,60.0,0.0,1.0,161.0
4824,4823,0,4,中豐D.T4                                ,1,0.008,0.278385,60.0,0.9875,23.9,0.0,60.0,60.0,0.0,1.0,161.0
4840,4839,0,1,新崙D.T1                                ,1,0.0086,0.2665,60.0,1.0125,23.9,0.0,60.0,60.0,0.0,1.0,161.0
4840,4839,0,2,新崙D.T2                                ,1,0.0088,0.2674,60.0,1.0125,23.9,0.0,60.0,60.0,0.0,1.0,161.0
4840,4839,0,3,新崙D.T3                                ,1,0.00733333,0.284067,60.0,0.9875,23.9,0.0,60.0,60.0,0.0,1.0,161.0
4902,4901,0,1,青溪D.T1                                ,1,0.00867,0.29337,60.0,0.975,23.9,0.0,60.0,60.0,0.0,1.0,161.0
4902,4901,0,2,青溪D.T2                                ,1,0.00867,0.28987,60.0,0.975,23.9,0.0,60.0,60.0,0.0,1.0,161.0
4902,4901,0,3,青溪D.T3                                ,1,0.00783,0.2884,60.0,0.975,23.9,0.0,60.0,60.0,0.0,1.0,161.0
4904,4903,0,2,介壽D.T2                                ,1,0.00817,0.26855,60.0,1.0125,23.9,0.0,60.0,60.0,0.0,1.0,161.0
4904,4903,0,3,介壽D.T3                                ,1,0.008,0.26605,60.0,1.0125,23.9,0.0,60.0,60.0,0.0,1.0,161.0
4904,4903,0,4,介壽D.T4                                ,1,0.0065,0.27892,60.0,1.0125,23.9,0.0,60.0,60.0,0.0,1.0,161.0
4908,4907,0,1,武陵D.T1                                ,1,0.0072,0.2797,60.0,0.9875,23.9,0.0,60.0,60.0,0.0,1.0,161.0
4908,4907,0,2,武陵D.T2                                ,1,0.0072,0.2796,60.0,0.9875,23.9,0.0,60.0,60.0,0.0,1.0,161.0
4908,4907,0,3,武陵D.T3                                ,1,0.0087,0.2814,60.0,0.9875,23.9,0.0,60.0,60.0,0.0,1.0,161.0
4908,4907,0,4,武陵D.T4                                ,1,0.0085,0.2835,60.0,0.9875,23.9,0.0,60.0,60.0,0.0,1.0,161.0
4910,4909,0,1,桃園D.T1                                ,1,0.00883,0.2812,60.0,1.0,23.9,0.0,60.0,60.0,0.0,1.0,161.0
4910,4909,0,2,桃園D.T2                                ,1,0.00883,0.2842,60.0,1.0,23.9,0.0,60.0,60.0,0.0,1.0,161.0
4910,4909,0,3,桃園D.T3                                ,1,0.00867,0.28437,60.0,1.0,23.9,0.0,60.0,60.0,0.0,1.0,161.0
4922,4921,0,1,鳳鳴D.T1                                ,1,0.00857,0.26603,60.0,1.025,23.9,0.0,60.0,60.0,0.0,1.0,161.0
4922,4921,0,2,鳳鳴D.T2                                ,1,0.00745,0.28023,60.0,1.025,23.9,0.0,60.0,60.0,0.0,1.0,161.0
4922,4921,0,3,鳳鳴D.T3                                ,1,0.00738,0.28157,60.0,1.025,23.9,0.0,60.0,60.0,0.0,1.0,161.0
4922,4921,0,4,鳳鳴D.T4                                ,1,0.0074,0.27857,60.0,1.025,23.9,0.0,60.0,60.0,0.0,1.0,161.0
4990,4989,0,1,公園D.T1                                ,1,0.008,0.26472,60.0,1.0,23.9,0.0,60.0,60.0,0.0,1.0,161.0
4990,4989,0,2,公園D.T2                                ,1,0.00833,0.26253,60.0,1.0,23.9,0.0,60.0,60.0,0.0,1.0,161.0
4990,4989,0,3,公園D.T3                                ,1,0.00717,0.27657,60.0,1.0,23.9,0.0,60.0,60.0,0.0,1.0,161.0
4992,4991,0,1,境福D.T1                                ,1,0.0073,0.2666,60.0,1.0,23.9,0.0,60.0,60.0,0.0,1.0,161.0
4992,4991,0,2,境福D.T2                                ,1,0.0073,0.2641,60.0,1.0,23.9,0.0,60.0,60.0,0.0,1.0,161.0
4992,4991,0,3,境福D.T3                                ,1,0.0072,0.2646,60.0,1.0,23.9,0.0,60.0,60.0,0.0,1.0,161.0
4994,4993,0,1,潭後D.T1                                ,1,0.00883,0.27603,60.0,1.0,23.9,0.0,60.0,60.0,0.0,1.0,161.0
4994,4993,0,2,潭後D.T2                                ,1,0.00867,0.27687,60.0,1.0,23.9,0.0,60.0,60.0,0.0,1.0,161.0
4994,4993,0,3,潭後D.T3                                ,1,0.00717,0.27823,60.0,1.0,23.9,0.0,60.0,60.0,0.0,1.0,161.0
4996,4995,0,1,六家D.T1                                ,1,0.00833,0.27053,60.0,1.0,23.9,0.0,60.0,60.0,0.0,1.0,161.0
4996,4995,0,2,六家D.T2                                ,1,0.00833,0.2717,60.0,1.0,23.9,0.0,60.0,60.0,0.0,1.0,161.0
4996,4995,0,3,六家D.T3                                ,1,0.0072,0.2837,60.0,1.0,23.9,0.0,60.0,60.0,0.0,1.0,161.0
4996,4995,0,4,六家D.T4                                ,1,0.007,0.2762,60.0,1.0125,23.9,0.0,60.0,60.0,0.0,1.0,161.0
4998,4997,0,1,新豐D.T1                                ,1,0.0074,0.2866,60.0,1.025,23.9,0.0,60.0,0.0,0.0,1.0,161.0
4998,4997,0,2,新豐D.T2                                ,1,0.0077,0.2764,60.0,1.025,23.9,0.0,60.0,0.0,0.0,1.0,161.0
4998,4997,0,3,新豐D.T3                                ,1,0.0075,0.2832,60.0,1.025,23.9,0.0,60.0,0.0,0.0,1.0,161.0
5000,4999,0,1,隘口D.T1                                ,1,0.00633,0.27477,60.0,1.0,23.9,0.0,60.0,60.0,0.0,1.0,161.0
5000,4999,0,2,隘口D.T2                                ,1,0.00633,0.278928,60.0,1.0,23.9,0.0,60.0,60.0,0.0,1.0,161.0
5000,4999,0,3,隘口D.T3                                ,1,0.0073,0.2729,60.0,1.0,23.9,0.0,60.0,60.0,0.0,1.0,161.0
5004,5003,0,1,龍梅D.T1                                ,1,0.00738,0.28187,60.0,1.0,23.9,0.0,60.0,60.0,0.0,1.0,161.0
5004,5003,0,2,龍梅D.T2                                ,1,0.00732,0.2814,60.0,1.0,23.9,0.0,60.0,60.0,0.0,1.0,161.0
5004,5003,0,3,龍梅D.T3                                ,1,0.00737,0.28107,60.0,1.0,23.9,0.0,60.0,60.0,0.0,1.0,161.0
5004,5003,0,4,龍梅D.T4                                ,1,0.00738,0.28157,60.0,1.0,23.9,0.0,60.0,60.0,0.0,1.0,161.0
5006,5005,0,1,龍山D.T1                                ,1,0.0087,0.2689,60.0,1.0,23.9,0.0,60.0,60.0,0.0,1.0,161.0
5006,5005,0,2,龍山D.T2                                ,1,0.0083,0.2647,60.0,1.0,23.9,0.0,60.0,60.0,0.0,1.0,161.0
5006,5005,0,3,龍山D.T3                                ,1,0.0073,0.2849,60.0,1.0,23.9,0.0,60.0,60.0,0.0,1.0,161.0
5006,5005,0,4,龍山D.T4                                ,1,0.0074,0.2822,60.0,1.0,23.9,0.0,60.0,60.0,0.0,1.0,161.0
5014,5013,0,1,營盤D.T1                                ,1,0.0085,0.2657,60.0,1.0,23.9,0.0,60.0,60.0,0.0,1.0,161.0
5014,5013,0,2,營盤D.T2                                ,1,0.0085,0.26287,60.0,1.0,23.9,0.0,60.0,60.0,0.0,1.0,161.0
5018,5017,0,1,龍松D.T1                                ,1,0.00698,0.28075,60.0,1.0,23.9,0.0,60.0,60.0,0.0,1.0,161.0
5018,5017,0,2,龍松D.T2                                ,1,0.00733,0.295409,60.0,1.0,23.9,0.0,60.0,60.0,0.0,1.0,161.0
5018,5017,0,3,龍松D.T3                                ,1,0.00733,0.27657,60.0,1.0,23.9,0.0,60.0,60.0,0.0,1.0,161.0
5018,5017,0,4,龍松D.T4                                ,1,0.00725,0.29074,60.0,1.0,23.9,0.0,60.0,60.0,0.0,1.0,161.0
5022,5021,0,1,頂園D.T1                                ,1,0.00833,0.27303,60.0,1.0125,23.9,0.0,60.0,60.0,0.0,1.0,161.0
5022,5021,0,2,頂園D.T2                                ,1,0.00833,0.27337,60.0,1.0125,23.9,0.0,60.0,60.0,0.0,1.0,161.0
5024,5023,0,1,山佳D.T1                                ,1,0.00866999,0.26286,60.0,1.0,23.9,0.0,60.0,60.0,0.0,1.0,161.0
5024,5023,0,2,山佳D.T2                                ,1,0.00867,0.26169,60.0,1.0,23.9,0.0,60.0,60.0,0.0,1.0,161.0
5026,5025,0,1,蟠桃D.T1                                ,1,0.00867,0.2657,60.0,1.0,23.9,0.0,60.0,60.0,0.0,1.0,161.0
5026,5025,0,2,蟠桃D.T2                                ,1,0.00867,0.26703,60.0,1.0,23.9,0.0,60.0,60.0,0.0,1.0,161.0
5028,5027,0,1,房裡D.T1                                ,1,0.0085,0.28217,60.0,1.00001,23.9,0.0,60.0,60.0,0.0,1.0,161.0
5028,5027,0,2,房裡D.T2                                ,1,0.0085,0.2827,60.0,1.00001,23.9,0.0,60.0,60.0,0.0,1.0,161.0
5028,5027,0,3,房裡D.T3                                ,1,0.0088,0.2689,60.0,0.975,23.9,0.0,60.0,0.0,0.0,1.0,161.0
5056,5055,0,1,朝山D.T1                                ,1,0.0087,0.2785,60.0,0.9875,23.9,0.0,60.0,60.0,0.0,1.0,161.0
5056,5055,0,2,朝山D.T2                                ,1,0.0088,0.2803,60.0,0.9875,23.9,0.0,60.0,60.0,0.0,1.0,161.0
5080,5079,0,1,糖科D.T1                                ,1,0.0085,0.280538,60.0,1.0125,23.9,0.0,60.0,60.0,0.0,1.0,161.0
5080,5079,0,2,糖科D.T2                                ,1,0.0085,0.279537,60.0,1.0125,23.9,0.0,60.0,60.0,0.0,1.0,161.0
5092,5091,0,1,龍明D.T1                                ,1,0.0074,0.28223,60.0,1.0,23.9,0.0,60.0,60.0,0.0,1.0,161.0
5092,5091,0,2,龍明D.T2                                ,1,0.00727,0.2804,60.0,1.0,23.9,0.0,60.0,60.0,0.0,1.0,161.0
5092,5091,0,3,龍明D.T3                                ,1,0.00747,0.28323,60.0,1.0,23.9,0.0,60.0,60.0,0.0,1.0,161.0
5092,5091,0,4,龍明D.T4                                ,1,0.00727,0.28057,60.0,1.0,23.9,0.0,60.0,60.0,0.0,1.0,161.0
5098,5097,0,2,樹下D.T2                                ,1,0.0088,0.2812,60.0,0.9875,23.9,0.0,60.0,60.0,0.0,1.0,161.0
5098,5097,0,3,樹下D.T3                                ,1,0.0088,0.2812,60.0,0.9875,23.9,0.0,60.0,60.0,0.0,1.0,161.0
5098,5097,0,4,樹下D.T4                                ,1,0.0088,0.2807,60.0,0.9875,23.9,0.0,60.0,60.0,0.0,1.0,161.0
5108,5107,0,1,樟樹D.T1                                ,1,0.0074,0.2856,60.0,0.9875,23.9,0.0,60.0,0.0,0.0,1.0,161.0
5108,5107,0,2,樟樹D.T2                                ,1,0.0074,0.2986,60.0,0.9875,23.9,0.0,60.0,0.0,0.0,1.0,161.0
5108,5107,0,3,樟樹D.T3                                ,1,0.0074,0.2986,60.0,0.9875,23.9,0.0,60.0,0.0,0.0,1.0,161.0
5502,5501,0,1,潭南D.T1                                ,1,0.00883,0.28117,60.0,1.0125,23.9,0.0,60.0,60.0,0.0,1.0,161.0
5502,5501,0,2,潭南D.T2                                ,1,0.00885,0.28122,60.0,1.0125,23.9,0.0,60.0,60.0,0.0,1.0,161.0
5504,5503,0,1,文心D.T1                                ,1,0.00727,0.28908,60.0,0.9875,23.9,0.0,60.0,60.0,0.0,1.0,161.0
5504,5503,0,2,文心D.T2                                ,1,0.00738,0.29023,60.0,0.9875,23.9,0.0,60.0,60.0,0.0,1.0,161.0
5504,5503,0,3,文心D.T3                                ,1,0.00742,0.28923,60.0,0.9875,23.9,0.0,60.0,60.0,0.0,1.0,161.0
5506,5505,0,1,豐原D.T1                                ,1,0.008,0.28655,60.0,1.025,23.9,0.0,60.0,60.0,0.0,1.0,161.0
5506,5505,0,2,豐原D.T2                                ,1,0.00783,0.2834,60.0,1.025,23.9,0.0,60.0,60.0,0.0,1.0,161.0
5506,5505,0,3,豐原D.T3                                ,1,0.00783,0.28522,60.0,1.025,23.9,0.0,60.0,60.0,0.0,1.0,161.0
5522,5521,0,1,大雅D.T1                                ,1,0.0085,0.28353,60.0,1.025,23.9,0.0,60.0,60.0,0.0,1.0,161.0
5522,5521,0,2,大雅D.T2                                ,1,0.0085,0.2842,60.0,1.025,23.9,0.0,60.0,60.0,0.0,1.0,161.0
5522,5521,0,3,大雅D.T3                                ,1,0.0085,0.28337,60.0,1.025,23.9,0.0,60.0,60.0,0.0,1.0,161.0
5524,5523,0,1,潭寶D.T1                                ,1,0.0072,0.2694,60.0,1.0125,23.9,0.0,60.0,60.0,0.0,1.0,161.0
5524,5523,0,2,潭寶D.T2                                ,1,0.00817,0.26872,60.0,1.0125,23.9,0.0,60.0,60.0,0.0,1.0,161.0
5524,5523,0,3,潭寶D.T3                                ,1,0.00817,0.26938,60.0,1.0125,23.9,0.0,60.0,60.0,0.0,1.0,161.0
5526,5525,0,1,上城D.T1                                ,1,0.0176667,0.543046,30.0,1.0,23.9,0.0,30.0,30.0,0.0,1.0,161.0
5526,5525,0,2,上城D.T2                                ,1,0.0176667,0.538043,30.0,1.0,23.9,0.0,30.0,30.0,0.0,1.0,161.0
5530,5529,0,1,新社D.T1                                ,1,0.015,0.5378,30.0,1.0125,23.9,0.0,30.0,30.0,0.0,1.0,161.0
5530,5529,0,2,新社D.T2                                ,1,0.015,0.5338,30.0,1.0125,23.9,0.0,30.0,30.0,0.0,1.0,161.0
5538,5537,0,2,昌平D.T2                                ,1,0.0085,0.28337,60.0,0.9875,23.9,0.0,60.0,60.0,0.0,1.0,161.0
5538,5537,0,3,昌平D.T3                                ,1,0.0085,0.28487,60.0,0.9875,23.9,0.0,60.0,60.0,0.0,1.0,161.0
5542,5541,0,1,豐洲D.T1                                ,1,0.008,0.26838,60.0,1.0125,23.9,0.0,60.0,0.0,0.0,1.0,161.0
5542,5541,0,2,豐洲D.T2                                ,1,0.00816667,0.270377,60.0,1.0125,23.9,0.0,60.0,0.0,0.0,1.0,161.0
5546,5545,0,1,中沙D.T1                                ,1,0.0087,0.2799,60.0,1.0125,23.9,0.0,60.0,0.0,0.0,1.0,161.0
5546,5545,0,2,中沙D.T2                                ,1,0.0087,0.2807,60.0,1.0125,23.9,0.0,60.0,0.0,0.0,1.0,161.0
5602,5601,0,1,塗城D.T1                                ,1,0.0085,0.28337,60.0,1.0,23.9,0.0,60.0,60.0,0.0,1.0,161.0
5602,5601,0,2,塗城D.T2                                ,1,0.0085,0.284,60.0,1.0,23.9,0.0,60.0,60.0,0.0,1.0,161.0
5604,5603,0,1,十甲D.T1                                ,1,0.0088,0.28187,60.0,1.0,23.9,0.0,60.0,60.0,0.0,1.0,161.0
5604,5603,0,2,十甲D.T2                                ,1,0.0088,0.28087,60.0,1.0,23.9,0.0,60.0,60.0,0.0,1.0,161.0
5604,5603,0,3,十甲D.T3                                ,1,0.00742,0.28873,60.0,1.0,23.9,0.0,60.0,60.0,0.0,1.0,161.0
5606,5605,0,1,建平D.T1                                ,1,0.0088,0.2819,60.0,1.025,23.9,0.0,60.0,60.0,0.0,1.0,161.0
5606,5605,0,2,建平D.T2                                ,1,0.0088,0.2806,60.0,1.025,23.9,0.0,60.0,60.0,0.0,1.0,161.0
5610,5609,0,3,健民D.T3                                ,1,0.0087,0.2825,60.0,1.0125,23.9,0.0,60.0,60.0,0.0,1.0,161.0
5612,5611,0,1,茄荖D.T1                                ,1,0.00833,0.2637,60.0,1.0,23.9,0.0,60.0,60.0,0.0,1.0,161.0
5612,5611,0,2,茄荖D.T2                                ,1,0.00817,0.26653,60.0,1.0,23.9,0.0,60.0,60.0,0.0,1.0,161.0
5616,5615,0,1,中華D.T1                                ,1,0.00883,0.2827,60.0,0.9625,23.9,0.0,60.0,60.0,0.0,1.0,161.0
5616,5615,0,2,中華D.T2                                ,1,0.00883,0.28453,60.0,0.9625,23.9,0.0,60.0,60.0,0.0,1.0,161.0
5616,5615,0,3,中華D.T3                                ,1,0.00883,0.28237,60.0,0.9625,23.9,0.0,60.0,60.0,0.0,1.0,161.0
5617,5618,0,3,大坑D.T3                                ,1,0.0088,0.2674,60.0,0.9,23.9,0.0,60.0,0.0,0.0,1.0,23.9
5617,5618,0,4,大坑D.T4                                ,1,0.0088,0.2652,60.0,1.0,23.9,0.0,60.0,0.0,0.0,1.0,23.9
5626,5625,0,1,水湳D.T1                                ,1,0.0073,0.2849,60.0,1.0,23.9,0.0,60.0,60.0,0.0,1.0,161.0
5626,5625,0,2,水湳D.T2                                ,1,0.0073,0.2841,60.0,1.0,23.9,0.0,60.0,60.0,0.0,1.0,161.0
5626,5625,0,3,水湳D.T3                                ,1,0.0075,0.2841,60.0,1.0,23.9,0.0,60.0,60.0,0.0,1.0,161.0
5628,5627,0,1,太平D.T1                                ,1,0.00873,0.28177,60.0,1.0,23.9,0.0,60.0,60.0,0.0,1.0,161.0
5628,5627,0,2,太平D.T2                                ,1,0.00882,0.28097,60.0,1.0,23.9,0.0,60.0,60.0,0.0,1.0,161.0
5628,5627,0,3,太平D.T3                                ,1,0.00883,0.28138,60.0,1.0,23.9,0.0,60.0,60.0,0.0,1.0,161.0
5638,5637,0,1,北柳D.T2                                ,1,0.0088,0.2768,60.0,1.0125,23.9,0.0,60.0,0.0,0.0,1.0,161.0
5638,5637,0,2,北柳D.T3                                ,1,0.0088,0.2769,60.0,1.0125,23.9,0.0,60.0,0.0,0.0,1.0,161.0
5644,5643,0,3,中西D.T3                                ,1,0.00733,0.282738,60.0,0.95,23.9,0.0,60.0,60.0,0.0,1.0,161.0
5644,5643,0,4,中西D.T4                                ,1,0.00733,0.286573,60.0,0.95,23.9,0.0,60.0,60.0,0.0,1.0,161.0
5648,5647,0,1,九峰D.T1                                ,1,0.0177,0.5427,30.0,1.0,23.9,0.0,30.0,0.0,0.0,1.0,161.0
5648,5647,0,2,九峰D.T2                                ,1,0.0177,0.541,30.0,1.0,23.9,0.0,30.0,0.0,0.0,1.0,161.0
5652,5651,0,1,黎明D.T1                                ,1,0.0083,0.26,60.0,1.0125,23.9,0.0,60.0,60.0,0.0,1.0,161.0
5652,5651,0,2,黎明D.T2                                ,1,0.0082,0.2655,60.0,1.0125,23.9,0.0,60.0,60.0,0.0,1.0,161.0
5652,5651,0,3,黎明D.T3                                ,1,0.0073,0.2877,60.0,1.0125,23.9,0.0,60.0,60.0,0.0,1.0,161.0
5654,5653,0,1,國安D.T1                                ,1,0.0085,0.2669,60.0,1.0,23.9,0.0,60.0,60.0,0.0,1.0,161.0
5654,5653,0,2,國安D.T2                                ,1,0.0085,0.2679,60.0,1.0,23.9,0.0,60.0,60.0,0.0,1.0,161.0
5654,5653,0,3,國安D.T3                                ,1,0.00742,0.28413,60.0,1.0,23.9,0.0,60.0,60.0,0.0,1.0,161.0
5656,5655,0,1,工甲D.T1                                ,1,0.0085,0.2822,60.0,1.025,23.9,0.0,60.0,60.0,0.0,1.0,161.0
5656,5655,0,2,工甲D.T2                                ,1,0.0085,0.2825,60.0,1.025,23.9,0.0,60.0,60.0,0.0,1.0,161.0
5656,5655,0,3,工甲D.T3                                ,1,0.0073,0.2666,60.0,1.025,23.9,0.0,60.0,0.0,0.0,1.0,161.0
5658,5657,0,1,工乙D.T1                                ,1,0.0087,0.2729,60.0,1.0125,23.9,0.0,60.0,60.0,0.0,1.0,161.0
5658,5657,0,2,工乙D.T2                                ,1,0.0085,0.2729,60.0,1.0125,23.9,0.0,60.0,60.0,0.0,1.0,161.0
5660,5659,0,1,明秀D.T1                                ,1,0.0087,0.2799,60.0,1.0125,23.9,0.0,60.0,60.0,0.0,1.0,161.0
5660,5659,0,2,明秀D.T2                                ,1,0.0086,0.2809,60.0,1.0125,23.9,0.0,60.0,60.0,0.0,1.0,161.0
5664,5663,0,1,忠明D.T1                                ,1,0.00733333,0.2769,60.0,1.0125,23.9,0.0,60.0,60.0,0.0,1.0,161.0
5664,5663,0,2,忠明D.T2                                ,1,0.00733333,0.27807,60.0,1.0125,23.9,0.0,60.0,60.0,0.0,1.0,161.0
5664,5663,0,3,忠明D.T3                                ,1,0.00733333,0.275903,60.0,1.0125,23.9,0.0,60.0,60.0,0.0,1.0,161.0
5666,5665,0,1,英才D.T1                                ,1,0.0073,0.2741,60.0,1.0125,23.9,0.0,60.0,60.0,0.0,1.0,161.0
5666,5665,0,2,英才D.T2                                ,1,0.0073,0.275236,60.0,1.0125,23.9,0.0,60.0,60.0,0.0,1.0,161.0
5666,5665,0,3,英才D.T3                                ,1,0.0073,0.292742,60.0,1.0125,23.9,0.0,60.0,60.0,0.0,1.0,161.0
5668,5667,0,1,豐樂D.T1                                ,1,0.0086,0.2649,60.0,1.0125,23.9,0.0,60.0,60.0,0.0,1.0,161.0
5668,5667,0,2,豐樂D.T2                                ,1,0.0085,0.2657,60.0,1.0125,23.9,0.0,60.0,60.0,0.0,1.0,161.0
5668,5667,0,3,豐樂D.T3                                ,1,0.0071,0.2767,60.0,1.0125,23.9,0.0,60.0,60.0,0.0,1.0,161.0
5670,5669,0,1,烏日D.T1                                ,1,0.00851667,0.2722,60.0,1.0375,23.9,0.0,60.0,60.0,0.0,1.0,161.0
5670,5669,0,2,烏日D.T2                                ,1,0.00868333,0.265358,60.0,1.0375,23.9,0.0,60.0,60.0,0.0,1.0,161.0
5672,5671,0,1,南屯D.T1                                ,1,0.0074,0.2847,60.0,1.0125,23.9,0.0,60.0,60.0,0.0,1.0,161.0
5672,5671,0,2,南屯D.T2                                ,1,0.0074,0.2846,60.0,1.0125,23.9,0.0,60.0,60.0,0.0,1.0,161.0
5682,5681,0,1,外埔D.T1                                ,1,0.008,0.26472,60.0,1.0125,23.9,0.0,60.0,60.0,0.0,1.0,161.0
5682,5681,0,2,外埔D.T2                                ,1,0.00783,0.26505,60.0,1.0125,23.9,0.0,60.0,60.0,0.0,1.0,161.0
5684,5683,0,1,港工D.T1                                ,1,0.00816667,0.270543,60.0,1.0125,23.9,0.0,60.0,60.0,0.0,1.0,161.0
5684,5683,0,2,港工D.T2                                ,1,0.00816667,0.272211,60.0,1.0125,23.9,0.0,60.0,60.0,0.0,1.0,161.0
5684,5683,0,3,港工D.T3                                ,1,0.0075,0.2647,60.0,1.0125,23.9,0.0,60.0,60.0,0.0,1.0,161.0
5686,5685,0,1,機科D.T1                                ,1,0.0087,0.2765,60.0,1.025,23.9,0.0,60.0,0.0,0.0,1.0,161.0
5686,5685,0,2,機科D.T2                                ,1,0.0074,0.2814,60.0,1.025,23.0,0.0,60.0,0.0,0.0,1.0,161.0
5686,5685,0,3,機科D.T3                                ,1,0.0074,0.2822,60.0,1.025,23.9,0.0,60.0,0.0,0.0,1.0,161.0
5694,5693,0,1,學田D.T1                                ,1,0.0085,0.28337,60.0,1.0125,23.9,0.0,60.0,60.0,0.0,1.0,161.0
5694,5693,0,2,學田D.T2                                ,1,0.0085,0.28403,60.0,1.0125,23.9,0.0,60.0,60.0,0.0,1.0,161.0
5778,5777,0,1,航太D.T1                                ,1,0.00733,0.28452,60.0,1.0,23.9,0.0,60.0,60.0,0.0,1.0,161.0
5778,5777,0,2,航太D.T2                                ,1,0.00738,0.28472,60.0,1.0,23.9,0.0,60.0,60.0,0.0,1.0,161.0
5778,5777,0,3,航太D.T3                                ,1,0.0072,0.2689,60.0,1.0,23.9,0.0,60.0,60.0,0.0,1.0,161.0
5788,5787,0,1,德義D.T1                                ,1,0.00749999,0.2886,60.0,0.95,23.9,0.0,60.0,60.0,0.0,1.0,161.0
5788,5787,0,2,德義D.T2                                ,1,0.0075,0.2848,60.0,0.95,23.9,0.0,60.0,60.0,0.0,1.0,161.0
5788,5787,0,3,德義D.T3                                ,1,0.0074,0.2845,60.0,0.95,23.9,0.0,60.0,60.0,0.0,1.0,161.0
5790,5789,0,1,海尾D.T1                                ,1,0.00817,0.2642,60.0,1.0125,23.9,0.0,60.0,60.0,0.0,1.0,161.0
5790,5789,0,2,海尾D.T2                                ,1,0.008,0.26353,60.0,1.0125,23.9,0.0,60.0,60.0,0.0,1.0,161.0
5802,5801,0,1,線西D.T1                                ,1,0.007,0.2832,60.0,1.0125,23.9,0.0,60.0,60.0,0.0,1.0,161.0
5802,5801,0,2,線西D.T2                                ,1,0.007,0.2847,60.0,1.0125,23.9,0.0,60.0,60.0,0.0,1.0,161.0
5810,5809,0,1,鹿東D.T1                                ,1,0.00867,0.26352,60.0,1.0125,23.9,0.0,60.0,60.0,0.0,1.0,161.0
5810,5809,0,2,鹿東D.T2                                ,1,0.00733001,0.27807,60.0,1.0125,23.9,0.0,60.0,60.0,0.0,1.0,161.0
5810,5809,0,3,鹿東D.T3                                ,1,0.0075,0.2839,60.0,1.0125,23.9,0.0,60.0,60.0,0.0,1.0,161.0
5810,5809,0,4,鹿東D.T4                                ,1,0.0075,0.2839,60.0,1.0,23.9,0.0,60.0,60.0,0.0,1.0,161.0
5812,5811,0,1,鹿西D.T1                                ,1,0.007,0.27842,60.0,1.0125,23.9,0.0,60.0,60.0,0.0,1.0,161.0
5812,5811,0,2,鹿西D.T2                                ,1,0.007,0.27525,60.0,1.0125,23.9,0.0,60.0,60.0,0.0,1.0,161.0
5812,5811,0,3,鹿西D.T3                                ,1,0.007,0.27525,60.0,1.0125,23.9,0.0,60.0,60.0,0.0,1.0,161.0
5818,5817,0,1,漢寶D.T1                                ,1,0.0082,0.2614,60.0,1.0125,23.9,0.0,60.0,60.0,0.0,1.0,161.0
5818,5817,0,2,漢寶D.T2                                ,1,0.0082,0.266,60.0,1.0125,23.9,0.0,60.0,60.0,0.0,1.0,161.0
5818,5817,0,3,漢寶D.T3                                ,1,0.00733,0.27674,60.0,1.0125,23.9,0.0,60.0,60.0,0.0,1.0,161.0
5820,5819,0,1,草港D.T2                                ,1,0.0086,0.2812,60.0,1.0125,23.9,0.0,60.0,60.0,0.0,1.0,161.0
5820,5819,0,2,草港D.T3                                ,1,0.0086,0.281,60.0,1.0125,23.9,0.0,60.0,60.0,0.0,1.0,161.0
5842,5841,0,1,大城D.T1                                ,1,0.0088,0.2805,60.0,1.025,23.9,0.0,60.0,0.0,0.0,1.0,161.0
5842,5841,0,2,大城D.T2                                ,1,0.0087,0.2805,60.0,1.025,23.9,0.0,60.0,0.0,0.0,1.0,161.0
5846,5845,0,2,芳興D.T2                                ,1,0.0075,0.2842,60.0,1.0,23.9,0.0,60.0,0.0,0.0,1.0,161.0
5846,5845,0,3,芳興D.T3                                ,1,0.0075,0.2837,60.0,1.0,23.9,0.0,60.0,0.0,0.0,1.0,161.0
5852,5851,0,1,彰新D.T1                                ,1,0.00883333,0.279861,60.0,1.0125,23.9,0.0,60.0,60.0,0.0,1.0,161.0
5852,5851,0,2,彰新D.T2                                ,1,0.00883333,0.282195,60.0,1.0125,23.9,0.0,60.0,60.0,0.0,1.0,161.0
5852,5851,0,3,彰新D.T3                                ,1,0.00866667,0.263858,60.0,1.0125,23.9,0.0,60.0,60.0,0.0,1.0,161.0
5854,5853,0,1,大霞D.T1                                ,1,0.0085,0.28653,60.0,1.025,23.9,0.0,60.0,60.0,0.0,1.0,161.0
5854,5853,0,2,大霞D.T2                                ,1,0.0085,0.28587,60.0,1.025,23.9,0.0,60.0,60.0,0.0,1.0,161.0
5856,5855,0,1,福興D.T1                                ,1,0.00857,0.28087,60.0,1.025,23.9,0.0,60.0,60.0,0.0,1.0,161.0
5856,5855,0,2,福興D.T2                                ,1,0.00862,0.2807,60.0,1.025,23.9,0.0,60.0,60.0,0.0,1.0,161.0
5864,5863,0,1,彰竹D.T1                                ,1,0.0085,0.2789,60.0,1.0125,23.9,0.0,60.0,60.0,0.0,1.0,161.0
5902,5901,0,1,員林D.T1                                ,1,0.0087,0.2801,60.0,1.025,23.9,0.0,60.0,60.0,0.0,1.0,161.0
5902,5901,0,2,員林D.T2                                ,1,0.0088,0.2818,60.0,1.025,23.9,0.0,60.0,60.0,0.0,1.0,161.0
5902,5901,0,3,員林D.T3                                ,1,0.0088,0.2798,60.0,1.025,23.9,0.0,60.0,60.0,0.0,1.0,161.0
5904,5903,0,1,花壇D.T1                                ,1,0.0082,0.2697,60.0,1.025,23.9,0.0,60.0,60.0,0.0,1.0,161.0
5904,5903,0,2,花壇D.T2                                ,1,0.008,0.2675,60.0,1.025,23.9,0.0,60.0,60.0,0.0,1.0,161.0
5906,5905,0,1,員東D.T1                                ,1,0.00867,0.2757,60.0,1.025,23.9,0.0,60.0,60.0,0.0,1.0,161.0
5906,5905,0,2,員東D.T2                                ,1,0.00883,0.27418,60.0,1.025,23.9,0.0,60.0,60.0,0.0,1.0,161.0
5910,5909,0,1,田中D.T1                                ,1,0.0085,0.2802,60.0,1.0375,23.9,0.0,60.0,60.0,0.0,1.0,161.0
5910,5909,0,2,田中D.T2                                ,1,0.0087,0.28,60.0,1.0375,23.9,0.0,60.0,60.0,0.0,1.0,161.0
5914,5913,0,1,藍城D.T1                                ,1,0.00867,0.2862,60.0,1.0,23.9,0.0,60.0,60.0,0.0,1.0,161.0
5914,5913,0,2,藍城D.T2                                ,1,0.0085,0.28537,60.0,1.0,23.9,0.0,60.0,60.0,0.0,1.0,161.0
5916,5915,0,1,投中D.T1                                ,1,0.0085,0.2767,60.0,1.025,23.9,0.0,60.0,60.0,0.0,1.0,161.0
5916,5915,0,2,投中D.T2                                ,1,0.0085,0.28,60.0,1.025,23.9,0.0,60.0,60.0,0.0,1.0,161.0
5916,5915,0,3,投中D.T3                                ,1,0.0073,0.2677,60.0,1.025,23.9,0.0,60.0,60.0,0.0,1.0,161.0
5942,5941,0,1,台西D.T1                                ,1,0.00867,0.276,60.0,0.9875,23.9,0.0,60.0,60.0,0.0,1.0,161.0
5942,5941,0,2,台西D.T2                                ,1,0.00872,0.2722,60.0,0.9875,23.9,0.0,60.0,60.0,0.0,1.0,161.0
5944,5943,0,1,四湖D.T1                                ,1,0.0085,0.272034,60.0,0.9875,23.9,0.0,60.0,60.0,0.0,1.0,161.0
5944,5943,0,2,四湖D.T2                                ,1,0.00833333,0.272039,60.0,0.9875,23.9,0.0,60.0,60.0,0.0,1.0,161.0
5944,5943,0,3,四湖D.T3                                ,1,0.0082,0.2714,60.0,0.9875,23.9,0.0,60.0,60.0,0.0,1.0,161.0
5948,5947,0,1,宜梧D.T1                                ,1,0.0077,0.2724,60.0,1.0,23.9,0.0,60.0,0.0,0.0,1.0,161.0
5956,5955,0,1,下營D.T1                                ,1,0.00833333,0.268204,60.0,1.0,23.9,0.0,60.0,60.0,0.0,1.0,161.0
5956,5955,0,2,下營D.T2                                ,1,0.00816667,0.268709,60.0,1.0,23.9,0.0,60.0,60.0,0.0,1.0,161.0
5956,5955,0,3,下營D.T3                                ,1,0.0074,0.2856,60.0,0.9875,23.9,0.0,60.0,60.0,0.0,1.0,161.0
5958,5957,0,1,北門D.T1                                ,1,0.0072,0.2709,60.0,1.1,23.9,0.0,60.0,0.0,0.0,1.0,161.0
5958,5957,0,2,北門D.T2                                ,1,0.0072,0.2709,60.0,1.1,23.9,0.0,60.0,0.0,0.0,1.0,161.0
5958,5957,0,3,北門D.T3                                ,1,0.017667,0.538043,30.0,1.1,23.9,0.0,30.0,30.0,0.0,1.0,161.0
5958,5957,0,4,北門D.T4                                ,1,0.017667,0.538043,30.0,1.1,23.9,0.0,30.0,30.0,0.0,1.0,161.0
5976,5975,0,1,太鐵D.T1                                ,1,0.008,0.26288,60.0,1.0,23.9,0.0,60.0,60.0,0.0,1.0,161.0
5976,5975,0,2,太鐵D.T2                                ,1,0.008,0.26288,60.0,1.0,23.9,0.0,60.0,60.0,0.0,1.0,161.0
5978,5977,0,1,義竹D.T1                                ,1,0.00883333,0.27736,60.0,0.9875,23.9,0.0,60.0,0.0,0.0,1.0,161.0
5978,5977,0,2,義竹D.T2                                ,1,0.0085,0.2815,60.0,0.9875,23.9,0.0,60.0,0.0,0.0,1.0,161.0
5978,5977,0,3,義竹D.T3                                ,1,0.0075,0.2634,60.0,0.9875,23.9,0.0,60.0,0.0,0.0,1.0,161.0
5980,5979,0,1,虎菁D.T1                                ,1,0.0088,0.2806,60.0,0.9875,23.9,0.0,60.0,60.0,0.0,1.0,161.0
5980,5979,0,2,虎菁D.T2                                ,1,0.0088,0.2794,60.0,0.9875,23.9,0.0,60.0,60.0,0.0,1.0,161.0
5984,5983,0,2,虎科D.T2                                ,1,0.00817,0.26722,60.0,1.0,23.9,0.0,60.0,60.0,0.0,1.0,161.0
5984,5983,0,3,虎科D.T3                                ,1,0.00667,0.27892,60.0,1.0,23.9,0.0,60.0,60.0,0.0,1.0,161.0
5984,5983,0,4,虎科D.T4                                ,1,0.00667,0.28108,60.0,1.0,23.9,0.0,60.0,60.0,0.0,1.0,161.0
5986,5985,0,1,布袋D.T1                                ,1,0.00733,0.2789,60.0,0.9875,23.9,0.0,60.0,60.0,0.0,1.0,161.0
5988,5987,0,1,台區D.T1                                ,1,0.007,0.2762,60.0,1.0,23.9,0.0,60.0,0.0,0.0,1.0,161.0
5996,5995,0,3,斗六D.T3                                ,1,0.00717,0.28308,60.0,1.0,23.9,0.0,60.0,60.0,0.0,1.0,161.0
5996,5995,0,4,斗六D.T4                                ,1,0.00717,0.28342,60.0,1.0,23.9,0.0,60.0,60.0,0.0,1.0,161.0
5998,5997,0,1,榴中D.T1                                ,1,0.008,0.265213,60.0,1.0,23.9,0.0,60.0,60.0,0.0,1.0,161.0
5998,5997,0,2,榴中D.T2                                ,1,0.008,0.265213,60.0,1.0,23.9,0.0,60.0,60.0,0.0,1.0,161.0
6004,6003,0,1,北回D.T1                                ,1,0.0083,0.2682,60.0,0.9875,23.9,0.0,60.0,60.0,0.0,1.0,161.0
6004,6003,0,2,北回D.T2                                ,1,0.0082,0.2687,60.0,0.9875,23.9,0.0,60.0,60.0,0.0,1.0,161.0
6010,6009,0,1,斗工D.T1                                ,1,0.0085,0.2777,60.0,1.0,23.9,0.0,60.0,60.0,0.0,1.0,161.0
6010,6009,0,2,斗工D.T2                                ,1,0.0085,0.27853,60.0,1.0,23.9,0.0,60.0,60.0,0.0,1.0,161.0
6010,6009,0,3,斗工D.T3                                ,1,0.0082,0.269,60.0,0.9875,23.9,0.0,60.0,60.0,0.0,1.0,161.0
6012,6011,0,1,北勢D.T1                                ,1,0.00833,0.28305,60.0,1.0125,23.9,0.0,60.0,60.0,0.0,1.0,161.0
6012,6011,0,3,北勢D.T3                                ,1,0.00733,0.27957,60.0,1.0125,23.9,0.0,60.0,60.0,0.0,1.0,161.0
6012,6011,0,4,北勢D.T4                                ,1,0.00733,0.2809,60.0,1.0125,23.9,0.0,60.0,60.0,0.0,1.0,161.0
6018,6017,0,1,柳營D.T1                                ,1,0.0088,0.2811,60.0,1.0125,23.9,0.0,60.0,60.0,0.0,1.0,161.0
6018,6017,0,2,柳營D.T2                                ,1,0.0088,0.2797,60.0,1.0125,23.9,0.0,60.0,60.0,0.0,1.0,161.0
6024,6023,0,1,仁愛D.T1                                ,1,0.00833,0.26687,60.0,0.9875,23.9,0.0,60.0,60.0,0.0,1.0,161.0
6024,6023,0,2,仁愛D.T2                                ,1,0.00833,0.2687,60.0,0.9875,23.9,0.0,60.0,60.0,0.0,1.0,161.0
6024,6023,0,3,仁愛D.T3                                ,1,0.00717001,0.27473,60.0,0.9875,23.9,0.0,60.0,60.0,0.0,1.0,161.0
6024,6023,0,4,仁愛D.T4                                ,1,0.00717,0.27523,60.0,0.9875,23.9,0.0,60.0,60.0,0.0,1.0,161.0
6034,6033,0,2,斗南D.T2                                ,1,0.00878333,0.284198,60.0,0.9875,23.9,0.0,60.0,60.0,0.0,1.0,161.0
6034,6033,0,3,斗南D.T3                                ,1,0.00878333,0.282697,60.0,0.9875,23.9,0.0,60.0,60.0,0.0,1.0,161.0
6040,6039,0,1,糠榔D.T1                                ,1,0.0067,0.2761,60.0,0.9875,23.9,0.0,60.0,60.0,0.0,1.0,161.0
6040,6039,0,2,糠榔D.T2                                ,1,0.0063,0.2746,60.0,0.9875,23.9,0.0,60.0,60.0,0.0,1.0,161.0
6040,6039,0,3,糠榔D.T3                                ,1,0.0097,0.2655,60.0,0.9875,23.9,0.0,60.0,60.0,0.0,1.0,161.0
6042,6041,0,1,貴舍D.T1                                ,1,0.00878,0.28168,60.0,0.9875,161.0,0.0,60.0,60.0,0.0,1.0,23.9
6042,6041,0,2,貴舍D.T2                                ,0,0.01667,0.53173,30.0,1.0,23.9,0.0,30.0,0.0,0.0,1.0,161.0
6042,6041,0,3,貴舍D.T3                                ,0,0.01667,0.53173,30.0,1.0,23.9,0.0,30.0,0.0,0.0,1.0,161.0
6044,6043,0,1,王行D.T1                                ,1,0.0085,0.2822,60.0,1.0,23.9,0.0,60.0,60.0,0.0,1.0,161.0
6044,6043,0,2,王行D.T2                                ,1,0.008,0.2759,60.0,1.0,23.9,0.0,60.0,60.0,0.0,1.0,161.0
6056,6055,0,1,小北D.T1                                ,1,0.00883,0.28487,60.0,1.0,23.9,0.0,60.0,60.0,0.0,1.0,161.0
6056,6055,0,2,小北D.T2                                ,1,0.00867,0.2857,60.0,1.0,23.9,0.0,60.0,60.0,0.0,1.0,161.0
6056,6055,0,3,小北D.T3                                ,1,0.00867,0.2857,60.0,1.0,23.9,0.0,60.0,60.0,0.0,1.0,161.0
6060,6059,0,1,鹽行D.T1                                ,1,0.00883,0.28487,60.0,1.0,23.9,0.0,60.0,60.0,0.0,1.0,161.0
6060,6059,0,2,鹽行D.T2                                ,1,0.00883,0.29137,60.0,1.0,23.9,0.0,60.0,60.0,0.0,1.0,161.0
6060,6059,0,3,鹽行D.T3                                ,1,0.00883,0.2832,60.0,1.0,23.9,0.0,60.0,60.0,0.0,1.0,161.0
6064,6063,0,1,新化D.T1                                ,1,0.00733,0.28407,60.0,1.0,23.9,0.0,60.0,60.0,0.0,1.0,161.0
6064,6063,0,2,新化D.T2                                ,1,0.0075,0.28407,60.0,1.0125,23.9,0.0,60.0,60.0,0.0,1.0,161.0
6068,6067,0,1,府城D.T1                                ,1,0.0085,0.2662,60.0,0.9875,23.9,0.0,60.0,60.0,0.0,1.0,161.0
6068,6067,0,2,府城D.T2                                ,1,0.0074,0.2852,60.0,0.9875,23.9,0.0,60.0,60.0,0.0,1.0,161.0
6072,6071,0,1,和順D.T1                                ,1,0.00817,0.26805,60.0,1.0125,23.9,0.0,60.0,60.0,0.0,1.0,161.0
6072,6071,0,2,和順D.T2                                ,1,0.0085,0.26737,60.0,1.0125,23.9,0.0,60.0,60.0,0.0,1.0,161.0
6072,6071,0,3,和順D.T3                                ,1,0.0074,0.2828,60.0,1.0125,23.9,0.0,60.0,60.0,0.0,1.0,161.0
6074,6073,0,1,三竹D.T1                                ,1,0.00833,0.28822,60.0,1.0,23.9,0.0,60.0,60.0,0.0,1.0,161.0
6074,6073,0,2,三竹D.T2                                ,1,0.0082,0.2684,60.0,1.0,23.9,0.0,60.0,60.0,0.0,1.0,161.0
6074,6073,0,3,三竹D.T3                                ,1,0.0075,0.28057,60.0,1.0,23.9,0.0,60.0,60.0,0.0,1.0,161.0
6074,6073,0,4,三竹D.T4                                ,1,0.00733,0.28223,60.0,1.0,23.9,0.0,60.0,60.0,0.0,1.0,161.0
6076,6075,0,1,豐華D.T1                                ,1,0.0065,0.27308,60.0,1.0125,23.9,0.0,60.0,60.0,0.0,1.0,161.0
6076,6075,0,2,豐華D.T2                                ,1,0.008,0.2659,60.0,1.0125,23.9,0.0,60.0,60.0,0.0,1.0,161.0
6076,6075,0,3,豐華D.T3                                ,1,0.008,0.26622,60.0,1.0125,23.9,0.0,60.0,60.0,0.0,1.0,161.0
6076,6075,0,4,豐華D.T4                                ,1,0.0073,0.2732,60.0,1.0125,23.9,0.0,60.0,60.0,0.0,1.0,161.0
6080,6079,0,1,忠孝D.T1                                ,1,0.0072,0.2687,60.0,1.0625,23.9,0.0,60.0,60.0,0.0,1.0,161.0
6080,6079,0,2,忠孝D.T2                                ,1,0.0073,0.2687,60.0,1.0625,23.9,0.0,60.0,60.0,0.0,1.0,161.0
6080,6079,0,3,忠孝D.T3                                ,1,0.0073,0.2686,60.0,1.0625,23.9,0.0,60.0,60.0,0.0,1.0,161.0
6084,6083,0,1,南濱D.T1                                ,1,0.0085,0.2862,60.0,1.0,23.9,0.0,60.0,60.0,0.0,1.0,161.0
6084,6083,0,2,南濱D.T2                                ,1,0.0087,0.2807,60.0,1.0,23.9,0.0,60.0,60.0,60.0,1.0,161.0
6084,6083,0,3,南濱D.T3                                ,1,0.0073,0.2917,60.0,1.0,23.9,0.0,60.0,60.0,0.0,1.0,161.0
6084,6083,0,4,南濱D.T4                                ,1,0.0073,0.2817,60.0,1.0,23.9,0.0,60.0,60.0,0.0,1.0,161.0
6086,6085,0,1,鹿耳D.T1                                ,1,0.0072,0.28123,60.0,1.0125,23.9,0.0,60.0,60.0,0.0,1.0,161.0
6086,6085,0,2,鹿耳D.T2                                ,1,0.00715,0.28125,60.0,1.0125,23.9,0.0,60.0,60.0,0.0,1.0,161.0
6094,6093,0,1,東學D.T1                                ,1,0.008,0.2687,60.0,1.0,23.9,0.0,60.0,0.0,0.0,1.0,161.0
6096,6095,0,1,道爺D.T1                                ,1,0.0073,0.2772,60.0,1.0125,23.9,0.0,60.0,60.0,0.0,1.0,161.0
6096,6095,0,2,道爺D.T2                                ,1,0.007,0.2676,60.0,1.0125,23.9,0.0,60.0,60.0,0.0,1.0,161.0
6098,6097,0,3,道爺D.T3                                ,1,0.0072,0.2679,60.0,1.0125,23.9,0.0,60.0,60.0,0.0,1.0,161.0
6098,6097,0,4,道爺D.T4                                ,1,0.0072,0.2679,60.0,1.0125,23.9,0.0,60.0,60.0,0.0,1.0,161.0
6106,6105,0,1,仁德D.T1                                ,1,0.00833,0.27003,60.0,1.0125,23.9,0.0,60.0,60.0,0.0,1.0,161.0
6106,6105,0,2,仁德D.T2                                ,1,0.0085,0.2702,60.0,1.0125,23.9,0.0,60.0,60.0,0.0,1.0,161.0
6106,6105,0,3,仁德D.T3                                ,1,0.00742,0.2824,60.0,1.0125,23.9,0.0,60.0,60.0,0.0,1.0,161.0
6106,6105,0,4,仁德D.T4                                ,1,0.0075,0.2821,60.0,1.0125,23.9,0.0,60.0,60.0,0.0,1.0,161.0
6108,6107,0,1,延平D.T1                                ,1,0.00733,0.29107,60.0,1.0125,23.9,0.0,60.0,60.0,0.0,1.0,161.0
6108,6107,0,2,延平D.T2                                ,1,0.00733,0.29307,60.0,1.0125,23.9,0.0,60.0,60.0,0.0,1.0,161.0
6108,6107,0,3,延平D.T3                                ,1,0.00733,0.29273,60.0,1.0125,23.9,0.0,60.0,60.0,0.0,1.0,161.0
6110,6109,0,1,裕農D.T1                                ,1,0.0073,0.2917,60.0,1.0,23.9,0.0,60.0,60.0,0.0,1.0,161.0
6110,6109,0,2,裕農D.T2                                ,1,0.0087,0.2817,60.0,1.0,23.9,0.0,60.0,60.0,0.0,1.0,161.0
6110,6109,0,3,裕農D.T3                                ,1,0.0085,0.2834,60.0,1.0,23.9,0.0,60.0,60.0,0.0,1.0,161.0
6112,6111,0,1,保定D.T1                                ,1,0.0077,0.2662,60.0,1.0125,23.9,0.0,60.0,60.0,0.0,1.0,161.0
6112,6111,0,2,保定D.T2                                ,1,0.008,0.2667,60.0,1.0125,23.9,0.0,60.0,60.0,0.0,1.0,161.0
6112,6111,0,3,保定D.T3                                ,1,0.00748333,0.286733,60.0,1.0125,23.9,0.0,60.0,60.0,0.0,1.0,161.0
6116,6115,0,2,嘉峰D.T2                                ,1,0.00833,0.29322,60.0,1.025,23.9,0.0,60.0,60.0,0.0,1.0,161.0
6116,6115,0,3,嘉峰D.T3                                ,1,0.0085,0.29405,60.0,1.025,23.9,0.0,60.0,60.0,0.0,1.0,161.0
6120,6119,0,1,北嶺D.T1                                ,1,0.00885,0.280077,60.0,1.0375,23.9,0.0,60.0,60.0,0.0,1.0,161.0
6120,6119,0,2,北嶺D.T2                                ,1,0.00881667,0.280678,60.0,1.0375,23.9,0.0,60.0,60.0,0.0,1.0,161.0
6126,6125,0,1,二甲D.T1                                ,1,0.00867,0.28287,60.0,1.0,23.9,0.0,60.0,60.0,0.0,1.0,161.0
6126,6125,0,2,二甲D.T2                                ,1,0.0072,0.2644,60.0,1.0,23.9,0.0,60.0,60.0,0.0,1.0,161.0
6126,6125,0,3,二甲D.T3                                ,1,0.00867,0.28287,60.0,1.0,23.9,0.0,60.0,60.0,0.0,1.0,161.0
6126,6125,0,4,二甲D.T4                                ,1,0.00867,0.28287,60.0,1.0,23.9,0.0,60.0,60.0,0.0,1.0,161.0
6128,6127,0,1,岡工D.T1                                ,1,0.0087,0.2682,60.0,1.0375,23.9,0.0,60.0,60.0,0.0,1.0,161.0
6128,6127,0,2,岡工D.T2                                ,1,0.0087,0.2645,60.0,1.0375,23.9,0.0,60.0,60.0,0.0,1.0,161.0
6128,6127,0,3,岡工D.T3                                ,1,0.0074,0.2861,60.0,1.0375,23.9,0.0,60.0,60.0,0.0,1.0,161.0
6128,6127,0,4,岡工D.T4                                ,1,0.0074,0.2824,60.0,1.0375,23.9,0.0,60.0,60.0,0.0,1.0,161.0
6130,6129,0,1,竹嶺D.T1                                ,1,0.007,0.27808,60.0,1.0125,23.9,0.0,60.0,60.0,0.0,1.0,161.0
6130,6129,0,2,竹嶺D.T2                                ,1,0.007,0.27758,60.0,1.0125,23.9,0.0,60.0,60.0,0.0,1.0,161.0
6140,6139,0,1,路園D.T1                                ,1,0.0085,0.2879,60.0,1.025,23.9,0.0,60.0,60.0,0.0,1.0,161.0
6140,6139,0,2,路園D.T2                                ,1,0.0085,0.2879,60.0,1.025,23.9,0.0,60.0,60.0,0.0,1.0,161.0
6140,6139,0,3,路園D.T3                                ,1,0.0087,0.2809,60.0,1.025,23.9,0.0,60.0,60.0,0.0,1.0,161.0
6162,6161,0,1,楠梓D.T1                                ,1,0.00883,0.2882,60.0,1.0125,23.9,0.0,60.0,60.0,0.0,1.0,161.0
6162,6161,0,2,楠梓D.T2                                ,1,0.00867,0.28903,60.0,1.0125,23.9,0.0,60.0,60.0,0.0,1.0,161.0
6162,6161,0,3,楠梓D.T3                                ,1,0.00867,0.28937,60.0,1.0125,23.9,0.0,60.0,60.0,0.0,1.0,161.0
6164,6163,0,1,楠旗D.T1                                ,1,0.0083,0.2867,60.0,1.0,23.9,0.0,60.0,60.0,0.0,1.0,161.0
6164,6163,0,2,楠旗D.T2                                ,1,0.0083,0.2867,60.0,1.0,23.9,0.0,60.0,60.0,0.0,1.0,161.0
6166,6165,0,1,加昌D.T1                                ,1,0.00867,0.2667,60.0,1.05,23.9,0.0,60.0,60.0,0.0,1.0,161.0
6166,6165,0,2,加昌D.T2                                ,1,0.00867,0.26603,60.0,1.05,23.9,0.0,60.0,60.0,0.0,1.0,161.0
6166,6165,0,3,加昌D.T3                                ,1,0.00867,0.2667,60.0,1.05,23.9,0.0,60.0,60.0,0.0,1.0,161.0
6170,6169,0,1,後勁D.T1                                ,1,0.0087,0.283,60.0,1.0,23.9,0.0,60.0,60.0,0.0,1.0,161.0
6170,6169,0,2,後勁D.T2                                ,1,0.0085,0.2794,60.0,1.0,23.9,0.0,60.0,60.0,0.0,1.0,161.0
6170,6169,0,3,後勁D.T3                                ,1,0.0068,0.2732,60.0,1.0,23.9,0.0,60.0,60.0,0.0,1.0,161.0
6170,6169,0,4,後勁D.T4                                ,1,0.007,0.2724,60.0,1.0,23.9,0.0,60.0,60.0,0.0,1.0,161.0
6204,6203,0,1,北營D.T1                                ,1,0.00833,0.28388,60.0,1.0,23.9,0.0,60.0,60.0,0.0,1.0,161.0
6204,6203,0,2,北營D.T2                                ,1,0.00833,0.28555,60.0,1.0,23.9,0.0,60.0,60.0,0.0,1.0,161.0
6204,6203,0,3,北營D.T3                                ,1,0.0075,0.28407,60.0,1.0,23.9,0.0,60.0,60.0,0.0,1.0,161.0
6208,6207,0,1,屏山D.T1                                ,1,0.00732,0.28373,60.0,0.975,23.9,0.0,60.0,60.0,0.0,1.0,161.0
6208,6207,0,2,屏山D.T2                                ,1,0.00733,0.28557,60.0,0.975,23.9,0.0,60.0,60.0,0.0,1.0,161.0
6208,6207,0,3,屏山D.T3                                ,1,0.0072,0.2661,60.0,1.0,23.9,0.0,60.0,60.0,0.0,1.0,161.0
6208,6207,0,4,屏山D.T4                                ,1,0.0073,0.2664,60.0,1.0,23.9,0.0,60.0,60.0,0.0,1.0,161.0
6218,6217,0,1,美山D.T1                                ,1,0.00875,0.282698,60.0,1.025,23.9,0.0,60.0,60.0,0.0,1.0,161.0
6218,6217,0,2,美山D.T2                                ,1,0.00873333,0.283182,60.0,1.025,23.9,0.0,60.0,60.0,0.0,1.0,161.0
6218,6217,0,3,美山D.T3                                ,1,0.008733,0.283182,60.0,1.025,161.0,0.0,60.0,60.0,0.0,1.0,23.9
6220,6219,0,1,鳳山D.T1                                ,1,0.00865,0.2792,60.0,1.0,23.9,0.0,60.0,60.0,0.0,1.0,161.0
6220,6219,0,2,鳳山D.T2                                ,1,0.0083,0.280544,60.0,1.0,23.9,0.0,60.0,60.0,0.0,1.0,161.0
6224,6223,0,2,旗山D.T2                                ,1,0.0087,0.2659,60.0,1.0,23.9,0.0,60.0,60.0,0.0,1.0,161.0
6224,6223,0,3,旗山D.T3                                ,1,0.0086,0.2664,60.0,1.0,23.9,0.0,60.0,60.0,0.0,1.0,161.0
6228,6227,0,1,九曲D.T1                                ,1,0.00867,0.2837,60.0,1.0125,23.9,0.0,60.0,60.0,0.0,1.0,161.0
6228,6227,0,2,九曲D.T2                                ,1,0.00867,0.28387,60.0,1.0125,23.9,0.0,60.0,60.0,0.0,1.0,161.0
6228,6227,0,3,九曲D.T3                                ,1,0.0072,0.2682,60.0,1.0125,23.9,0.0,60.0,60.0,0.0,1.0,161.0
6228,6227,0,4,九曲D.T4                                ,1,0.0075,0.2844,60.0,1.0125,23.9,0.0,60.0,60.0,0.0,1.0,161.0
6234,6233,0,1,社灣D.T1                                ,1,0.0087,0.2645,60.0,1.0,23.9,0.0,60.0,60.0,0.0,1.0,161.0
6234,6233,0,2,社灣D.T2                                ,1,0.0087,0.2672,60.0,1.0,23.9,0.0,60.0,60.0,0.0,1.0,161.0
6236,6235,0,3,仕豐D.T3                                ,1,0.0082,0.2702,60.0,1.0,23.9,0.0,60.0,60.0,0.0,1.0,161.0
6236,6235,0,4,仕豐D.T4                                ,1,0.0082,0.2689,60.0,1.0,23.9,0.0,60.0,60.0,0.0,1.0,161.0
6302,6301,0,3,龍子D.T3                                ,1,0.0065,0.27925,60.0,1.0125,23.9,0.0,60.0,60.0,0.0,1.0,161.0
6302,6301,0,4,龍子D.T4                                ,1,0.00667,0.27758,60.0,1.0125,23.9,0.0,60.0,60.0,0.0,1.0,161.0
6306,6305,0,1,同盟D.T1                                ,1,0.00733,0.29123,60.0,1.0125,23.9,0.0,60.0,60.0,0.0,1.0,161.0
6306,6305,0,2,同盟D.T2                                ,1,0.00883,0.2812,60.0,1.0125,23.9,0.0,60.0,60.0,0.0,1.0,161.0
6306,6305,0,3,同盟D.T3                                ,1,0.00867,0.28203,60.0,1.0125,23.9,0.0,60.0,60.0,0.0,1.0,161.0
6310,6309,0,3,內惟D.T3                                ,1,0.00667,0.27975,60.0,1.0,23.9,0.0,60.0,60.0,0.0,1.0,161.0
6310,6309,0,4,內惟D.T4                                ,1,0.00667,0.27575,60.0,1.0,23.9,0.0,60.0,60.0,0.0,1.0,161.0
6312,6311,0,1,三民D.T1                                ,1,0.0085,0.283206,60.0,1.025,23.9,0.0,60.0,60.0,0.0,1.0,161.0
6312,6311,0,2,三民D.T2                                ,1,0.0085,0.288375,60.0,1.025,23.9,0.0,60.0,60.0,0.0,1.0,161.0
6312,6311,0,3,三民D.T3                                ,1,0.007,0.27823,60.0,1.0,23.9,0.0,60.0,60.0,0.0,1.0,161.0
6318,6317,0,2,西甲D.T2                                ,1,0.0069,0.2784,60.0,1.025,23.9,0.0,60.0,0.0,0.0,1.0,161.0
6318,6317,0,3,西甲D.T3                                ,1,0.0069,0.2774,60.0,1.025,23.9,0.0,60.0,0.0,0.0,1.0,161.0
6318,6317,0,4,西甲D.T4                                ,1,0.0178,0.5633,30.0,1.025,23.9,0.0,30.0,0.0,0.0,1.0,161.0
6320,6319,0,1,鎮北D.T1                                ,1,0.00733333,0.280904,60.0,1.0125,23.9,0.0,60.0,60.0,0.0,1.0,161.0
6320,6319,0,2,鎮北D.T2                                ,1,0.00733333,0.280237,60.0,1.0125,23.9,0.0,60.0,60.0,0.0,1.0,161.0
6320,6319,0,3,鎮北D.T3                                ,1,0.0075,0.280733,60.0,1.0125,23.9,0.0,60.0,60.0,0.0,1.0,161.0
6320,6319,0,4,鎮北D.T4                                ,1,0.00733333,0.280404,60.0,1.0125,23.9,0.0,60.0,60.0,0.0,1.0,161.0
6322,6321,0,1,中島D.T1                                ,1,0.00866667,0.283201,60.0,1.025,23.9,0.0,60.0,60.0,0.0,1.0,161.0
6322,6321,0,2,中島D.T2                                ,1,0.0085,0.282372,60.0,1.025,23.9,0.0,60.0,60.0,0.0,1.0,161.0
6322,6321,0,3,中島D.T3                                ,1,0.00733333,0.280404,60.0,1.025,23.9,0.0,60.0,60.0,0.0,1.0,161.0
6330,6329,0,1,中加D.T1                                ,1,0.008,0.2715,60.0,1.0125,23.9,0.0,60.0,0.0,0.0,1.0,161.0
6330,6329,0,2,中加D.T2                                ,1,0.0063,0.2758,60.0,1.0125,23.9,0.0,60.0,0.0,0.0,1.0,161.0
6354,6353,0,1,凱旋D.T1                                ,1,0.00867,0.28453,60.0,1.0,23.9,0.0,60.0,60.0,0.0,1.0,161.0
6354,6353,0,2,凱旋D.T2                                ,1,0.00868,0.28287,60.0,1.0,23.9,0.0,60.0,60.0,0.0,1.0,161.0
6362,6361,0,1,四維D.T1                                ,1,0.00707,0.27658,60.0,1.0,23.9,0.0,60.0,60.0,0.0,1.0,161.0
6362,6361,0,2,四維D.T2                                ,1,0.00713,0.27673,60.0,1.0,23.9,0.0,60.0,60.0,0.0,1.0,161.0
6362,6361,0,3,四維D.T3                                ,1,0.00717,0.27573,60.0,0.9875,23.9,0.0,60.0,60.0,0.0,1.0,161.0
6368,6367,0,1,臨海D.T1                                ,1,0.0085,0.27353,60.0,1.0,23.9,0.0,60.0,60.0,0.0,1.0,161.0
6368,6367,0,2,臨海D.T2                                ,1,0.00833,0.27353,60.0,1.0,23.9,0.0,60.0,60.0,0.0,1.0,161.0
6370,6369,0,1,貴陽D.T1                                ,1,0.008,0.2682,60.0,1.0,23.9,0.0,60.0,60.0,0.0,1.0,161.0
6370,6369,0,2,貴陽D.T2                                ,1,0.008,0.2684,60.0,1.0,23.9,0.0,60.0,60.0,0.0,1.0,161.0
6372,6371,0,1,經貿D.T1                                ,1,0.007,0.2906,60.0,0.9875,23.9,0.0,60.0,60.0,0.0,1.0,161.0
6408,6407,0,3,過埤D.T3                                ,1,0.00833,0.2687,60.0,1.0125,23.9,0.0,60.0,60.0,0.0,1.0,161.0
6408,6407,0,4,過埤D.T4                                ,1,0.00817,0.26822,60.0,1.0125,23.9,0.0,60.0,60.0,0.0,1.0,161.0
6410,6409,0,1,鳳農D.T1                                ,1,0.0085,0.265364,60.0,0.9875,23.9,0.0,60.0,60.0,0.0,1.0,161.0
6410,6409,0,2,鳳農D.T2                                ,1,0.00816667,0.26404,60.0,0.9875,23.9,0.0,60.0,60.0,0.0,1.0,161.0
6452,6451,0,1,西屏D.T1                                ,1,0.0085,0.2844,60.0,0.9875,23.9,0.0,60.0,60.0,0.0,1.0,161.0
6452,6451,0,2,西屏D.T2                                ,1,0.0087,0.2844,60.0,0.9875,23.9,0.0,60.0,60.0,0.0,1.0,161.0
6452,6451,0,3,西屏D.T3                                ,1,0.00733333,0.280071,60.0,0.9875,23.9,0.0,60.0,60.0,0.0,1.0,161.0
6452,6451,0,4,西屏D.T4                                ,1,0.00733333,0.280904,60.0,0.9875,23.9,0.0,60.0,60.0,0.0,1.0,161.0
6456,6455,0,1,南屏D.T1                                ,1,0.0088,0.2815,60.0,1.0,23.9,0.0,60.0,60.0,0.0,1.0,161.0
6456,6455,0,2,南屏D.T2                                ,1,0.0088,0.2817,60.0,1.0,23.9,0.0,60.0,60.0,0.0,1.0,161.0
6456,6455,0,3,南屏D.T3                                ,1,0.0073,0.2677,60.0,1.0,23.9,0.0,60.0,60.0,0.0,1.0,161.0
6458,6457,0,1,農一D.T1                                ,1,0.008333,0.2699,60.0,1.0,23.9,0.0,60.0,60.0,0.0,1.0,161.0
6458,6457,0,2,農一D.T2                                ,1,0.008333,0.2684,60.0,1.0,23.9,0.0,60.0,60.0,0.0,1.0,161.0
6512,6511,0,1,潮東D.T1                                ,1,0.00876667,0.283698,60.0,1.0125,23.9,0.0,60.0,60.0,0.0,1.0,161.0
6512,6511,0,2,潮東D.T2                                ,1,0.00876667,0.282864,60.0,1.0125,23.9,0.0,60.0,60.0,0.0,1.0,161.0
6514,6513,0,1,東港D.T1                                ,1,0.0083,0.2649,60.0,1.0,23.9,0.0,60.0,0.0,0.0,1.0,161.0
6514,6513,0,2,東港D.T2                                ,1,0.0083,0.269,60.0,1.0,23.9,0.0,60.0,0.0,0.0,1.0,161.0
6514,6513,0,3,東港D.T3                                ,1,0.0072,0.2719,60.0,1.0,23.9,0.0,60.0,0.0,0.0,1.0,161.0
6516,6515,0,2,佳源D.T2                                ,1,0.0075,0.2651,60.0,1.0,23.9,0.0,60.0,0.0,0.0,1.0,161.0
6516,6515,0,3,佳源D.T3                                ,1,0.0075,0.2644,60.0,1.0,23.9,0.0,60.0,0.0,0.0,1.0,161.0
6522,6521,0,1,加一D.T1                                ,1,0.00833333,0.26737,60.0,1.025,23.9,0.0,60.0,60.0,0.0,1.0,161.0
6522,6521,0,2,加一D.T2                                ,1,0.00816667,0.267042,60.0,1.025,23.9,0.0,60.0,60.0,0.0,1.0,161.0
6522,6521,0,3,加一D.T3                                ,1,0.0073,0.2841,60.0,1.0125,23.9,0.0,60.0,0.0,0.0,1.0,161.0
6522,6521,0,4,加一D.T4                                ,1,0.0073,0.2841,60.0,1.0125,23.9,0.0,60.0,0.0,0.0,1.0,161.0
7002,7001,0,1,知本D.T1                                ,1,0.01777,0.52637,30.0,0.9875,23.9,0.0,30.0,30.0,0.0,1.0,161.0
7002,7001,0,2,知本D.T2                                ,1,0.01773,0.52937,30.0,0.9875,23.9,0.0,30.0,30.0,0.0,1.0,161.0
7002,7001,0,3,知本D.T3                                ,1,0.0072,0.2699,60.0,0.9875,23.9,0.0,60.0,60.0,0.0,1.0,161.0
7004,7003,0,1,大武D.T1                                ,1,0.01682,0.53,20.0,0.9875,23.9,0.0,30.0,30.0,0.0,1.0,161.0
7004,7003,0,2,大武D.T2                                ,1,0.0177,0.5614,20.0,1.0,23.9,0.0,30.0,30.0,0.0,1.0,161.0
7006,7005,0,1,東成D.T1                                ,1,0.0179,0.56077,30.0,0.9875,23.9,0.0,30.0,30.0,0.0,1.0,161.0
7006,7005,0,2,東成D.T2                                ,1,0.0181,0.5644,30.0,0.9875,23.9,0.0,30.0,30.0,0.0,1.0,161.0
7012,7011,0,1,勝安D.T1                                ,1,0.00878,0.28002,60.0,0.9875,23.9,0.0,60.0,60.0,0.0,1.0,161.0
7012,7011,0,2,勝安D.T2                                ,1,0.00878333,0.280446,60.0,0.9875,23.9,0.0,60.0,60.0,0.0,1.0,161.0
7014,7013,0,1,池上D.T1                                ,1,0.01733,0.5624,30.0,0.9875,23.9,0.0,30.0,30.0,0.0,1.0,161.0
7014,7013,0,2,池上D.T2                                ,1,0.01733,0.56207,30.0,0.9875,23.9,0.0,30.0,30.0,0.0,1.0,161.0
7020,7019,0,1,玉里D.T1                                ,1,0.018,0.5628,30.0,1.0,23.9,0.0,30.0,30.0,0.0,1.0,161.0
7020,7019,0,2,玉里D.T2                                ,1,0.01667,0.5354,30.0,1.0,23.9,0.0,30.0,30.0,0.0,1.0,161.0
7020,7019,0,3,玉里D.T3                                ,1,0.01667,0.53173,30.0,1.0,23.9,0.0,30.0,30.0,0.0,1.0,161.0
7020,7019,0,4,玉里D.T4                                ,1,0.01667,0.53173,30.0,1.0,23.9,0.0,30.0,30.0,0.0,1.0,161.0
7022,7021,0,1,豐里D.T1                                ,1,0.018,0.5427,30.0,1.0,23.9,0.0,30.0,30.0,0.0,1.0,161.0
7022,7021,0,2,豐里D.T2                                ,1,0.018,0.5414,30.0,1.0,23.9,0.0,30.0,30.0,0.0,1.0,161.0
7024,7023,0,1,鹿野D.T1                                ,1,0.017,0.5354,30.0,1.0,23.9,0.0,30.0,30.0,0.0,1.0,161.0
7024,7023,0,2,鹿野D.T2                                ,1,0.017,0.54007,30.0,1.0,23.9,0.0,30.0,30.0,0.0,1.0,161.0
7030,7029,0,1,馬蘭D.T1                                ,1,0.00865,0.2667,60.0,1.0,23.9,0.0,60.0,60.0,0.0,1.0,161.0
7030,7029,0,2,馬蘭D.T2                                ,1,0.00845,0.2732,60.0,1.0,23.9,0.0,60.0,60.0,0.0,1.0,161.0
7032,7031,0,2,壽豐D.T2                                ,1,0.0086,0.2675,60.0,1.0,23.9,0.0,60.0,60.0,0.0,1.0,161.0
7032,7031,0,3,壽豐D.T3                                ,1,0.0086,0.2674,60.0,1.0,23.9,0.0,60.0,60.0,0.0,1.0,161.0
8205,9615,0,1,錦興T1                                  ,1,0.01,0.2,60.0,1.0,11.4,0.0,80.0,80.0,0.0,1.0,161.0
8205,9615,0,2,錦興T2                                  ,1,0.01,0.2,60.0,1.0,11.4,0.0,80.0,80.0,0.0,1.0,161.0
8402,8400,0,1,煤場1                                   ,1,0.0461,0.9217,100.0,0.9752,0.0,0.0,12.0,12.0,0.0,1.0,0.0
8402,8400,0,2,煤場2                                   ,1,0.0461,0.9217,100.0,0.9752,0.0,0.0,12.0,12.0,0.0,1.0,0.0
9100,9103,0,1,海湖ST.T1                               ,1,0.00127,0.06682,242.0,1.0568,161.0,0.0,242.0,242.0,0.0,1.0,18.0
9100,9106,0,1,海湖ST.T2                               ,0,0.00127,0.06682,242.0,1.0568,161.0,0.0,242.0,242.0,0.0,1.0,18.0
9110,9111,0,1,新桃GT.1A                               ,1,0.0022,0.1786,190.0,0.95,161.0,0.0,190.0,190.0,0.0,0.95,18.0
9110,9112,0,1,新桃GT.1B                               ,1,0.0022,0.1775,190.0,1.0,161.0,0.0,190.0,190.0,0.0,0.95,18.0
9110,9113,0,1,新桃GT.1C                               ,1,0.0022,0.1769,190.0,1.0,161.0,0.0,190.0,190.0,0.0,0.95,18.0
9110,9114,0,1,新桃ST.T                                ,1,0.0008,0.1089,290.0,1.0,161.0,0.0,290.0,0.0,0.0,0.95,18.0
9110,9115,0,1,新桃S.ST                                ,1,0.0138,0.3745,21.0,1.0,161.0,0.0,21.0,21.0,0.0,1.0,4.1
9120,9121,0,1,和平1M.T                                ,1,0.00026,0.02075,721.0,0.9837,345.0,0.0,721.0,721.0,0.0,1.0,22.0
9120,9122,0,1,和平2M.T                                ,1,0.00026,0.02089,721.0,0.9837,345.0,0.0,721.0,721.0,0.0,1.0,22.0
9120,9123,0,1,和平#A ST                               ,1,0.0064,0.2817,55.0,1.0,345.0,0.0,55.0,55.0,0.0,1.0,13.8
9120,9124,0,1,和平#B ST                               ,1,0.0064,0.2817,55.0,1.0,345.0,0.0,55.0,55.0,0.0,1.0,13.8
9160,9163,0,1,國光ST.T1                               ,1,0.00091,0.0546,192.0,1.0,345.0,0.0,192.0,192.0,0.0,1.0,16.0
9230,9231,0,1,星元GT.T1                               ,1,0.00171,0.10748,210.0,1.0,161.0,0.0,210.0,210.0,0.0,0.95,18.0
9230,9232,0,2,星元GT.T2                               ,1,0.00171,0.10748,210.0,1.0,161.0,0.0,210.0,210.0,0.0,0.95,18.0
9230,9233,0,3,星元ST                                  ,1,0.00146,0.09604,240.0,1.0,161.0,0.0,240.0,240.0,0.0,0.95,18.0
9240,9241,0,1,星彰GT.T1                               ,1,0.00115,0.0879,210.0,1.0,161.0,0.0,210.0,210.0,0.0,0.94545,16.5
9240,9242,0,1,星彰GT.T2                               ,1,0.00105,0.0888,210.0,1.0,161.0,0.0,210.0,210.0,0.0,0.94545,16.5
9240,9243,0,1,星彰ST.T                                ,1,0.00101,0.08477,220.0,1.0,161.0,0.0,220.0,220.0,0.0,0.95,18.0
9300,9301,0,1,麥寮#1M.T                               ,0,0.00204,0.1719,750.0,1.0,345.0,0.0,750.0,750.0,0.0,0.97297,18.5
9300,9302,0,1,麥寮#2M.T                               ,0,0.00204,0.1719,750.0,1.0,345.0,0.0,750.0,750.0,0.0,0.97297,18.5
9300,9303,0,1,麥寮#3M.T                               ,0,0.00204,0.1719,750.0,1.0,345.0,0.0,750.0,750.0,0.0,0.97297,18.5
9300,9304,0,1,#1 T.T                                  ,0,0.00149,0.15969,750.0,1.0125,345.0,0.0,750.0,0.0,0.0,1.0,161.0
9300,9305,0,1,#2 T.T                                  ,0,0.00159,0.155,750.0,1.0125,345.0,0.0,750.0,0.0,0.0,1.0,161.0
9300,9306,0,1,麥寮#ST1                                ,0,0.0064,0.2706,56.0,1.0,345.0,0.0,56.0,56.0,0.0,1.0,6.9
9300,9307,0,1,麥寮#ST2                                ,0,0.0064,0.2706,56.0,1.0,345.0,0.0,56.0,56.0,0.0,1.0,6.9
9300,9308,0,1,麥寮#ST3                                ,1,0.0064,0.2706,56.0,1.0,345.0,0.0,56.0,56.0,0.0,1.0,6.9
9340,9341,0,1,豐德GT.T1-1                             ,1,0.0012,0.0859,210.0,1.0,161.0,0.0,210.0,210.0,0.0,0.94545,16.5
9340,9342,0,1,豐德GT.T1-2                             ,1,0.00114,0.08747,210.0,1.0,161.0,0.0,210.0,210.0,0.0,0.94545,16.5
9340,9343,0,1,豐德ST.T1                               ,1,0.001,0.08427,220.0,1.0,161.0,0.0,220.0,220.0,0.0,0.95,18.0
9340,9344,0,1,豐德GT.T2-1                             ,1,0.00114,0.08861,210.0,1.0,161.0,0.0,210.0,210.0,0.0,0.94545,16.5
9340,9345,0,1,豐德GT.T2-2                             ,1,0.00114,0.08861,210.0,1.0,161.0,0.0,210.0,210.0,0.0,0.94545,16.5
9340,9346,0,1,豐德ST.T2                               ,1,0.001,0.08468,220.0,1.0,161.0,0.0,220.0,220.0,0.0,0.95,18.0
9350,9351,0,1,森霸GT.T1                               ,1,0.00055,0.0512,440.0,1.0,161.0,0.0,440.0,0.0,0.0,0.9748,19.5
9350,9352,0,1,森霸GT.T2                               ,1,0.00055,0.05168,440.0,1.0,161.0,0.0,440.0,0.0,0.0,0.9748,19.5
9350,9353,0,1,森霸ST.T1                               ,1,0.00049,0.05121,430.0,1.0,161.0,0.0,430.0,0.0,0.0,0.9748,19.5
9500,9501,0,1,台龍TR-101                              ,1,0.0016,0.07078,150.0,1.0,161.0,0.0,150.0,150.0,0.0,1.0,69.0
9500,9501,0,2,台龍TR-103                              ,1,0.0016,0.07078,150.0,1.0,161.0,0.0,150.0,150.0,0.0,1.0,69.0
9500,9504,0,1,台龍TR-102                              ,1,0.00145,0.05771,220.0,1.0,161.0,0.0,220.0,220.0,0.0,0.96,13.8
9501,9502,0,1,台龍TR-02                               ,1,0.00145,0.05771,220.0,1.0,69.0,0.0,220.0,220.0,0.0,0.96,13.8
9501,9503,0,1,台龍TR-07                               ,1,0.0065,0.19065,40.0,1.0,69.0,0.0,40.0,40.0,0.0,1.05,11.4
9505,9506,0,1,利焚TR1                                 ,1,0.025,0.5,100.0,1.0,161.0,0.0,100.0,100.0,0.0,1.0,11.4
9610,9611,0,1,南亞T1                                  ,1,0.0033,0.15,100.0,1.0,0.0,0.0,0.0,0.0,0.0,1.0,0.0
9612,9613,0,1,華亞L.T1                                ,1,0.0019,0.15,100.0,1.0,0.0,0.0,0.0,0.0,0.0,1.0,0.0
9612,9613,0,2,華亞L.T2                                ,1,0.0019,0.15,100.0,1.0,0.0,0.0,0.0,0.0,0.0,1.0,0.0
9613,9614,0,1,華亞G.T1                                ,1,0.0015,0.0667,100.0,1.0,0.0,0.0,0.0,0.0,0.0,1.0,0.0
9613,9614,0,2,華亞G.T2                                ,1,0.0015,0.0667,100.0,1.0,0.0,0.0,0.0,0.0,0.0,1.0,0.0
9615,9616,0,1,錦興S.T1                                ,1,0.01167,0.23333,60.0,1.0,0.0,0.0,75.0,75.0,0.0,1.0,0.0
9615,9617,0,1,錦興S.T2                                ,1,0.0125,0.25,60.0,1.0,0.0,0.0,75.0,75.0,0.0,1.0,0.0
9720,9721,0,1,中龍TR1                                 ,1,0.0027,0.1556,120.0,1.0,161.0,0.0,120.0,150.0,0.0,1.0,33.0
9720,9721,0,2,中龍TR2                                 ,1,0.0027,0.1556,120.0,1.0,161.0,0.0,120.0,150.0,0.0,1.0,33.0
9720,9728,0,3,中龍TR3                                 ,1,0.0027,0.1556,120.0,1.0,161.0,0.0,120.0,150.0,0.0,1.0,33.0
9720,9728,0,4,中龍TR4                                 ,1,0.0027,0.1556,120.0,1.0,161.0,0.0,120.0,150.0,0.0,1.0,33.0
9720,9730,0,5,中龍TR5                                 ,1,0.0027,0.1556,120.0,1.0,161.0,0.0,120.0,150.0,0.0,1.0,33.0
9720,9730,0,6,中龍TR6                                 ,1,0.0027,0.1556,120.0,1.0,161.0,0.0,120.0,150.0,0.0,1.0,33.0
9721,9722,0,1,中龍TTG1                                ,1,0.0,0.22,100.0,1.0,33.0,0.0,100.0,110.0,125.0,1.0,13.8
9721,9723,0,1,中龍TTG2                                ,1,0.0,0.22,100.0,1.0,33.0,0.0,100.0,110.0,125.0,1.0,13.8
9721,9724,0,1,中龍TTRT1                               ,1,0.0,0.275,40.0,1.0,33.0,0.0,40.0,50.0,0.0,1.0,11.5
9721,9725,0,1,中龍TTRT2                               ,1,0.0,0.275,40.0,1.0,33.0,0.0,40.0,50.0,0.0,1.0,11.5
9721,9726,0,1,中龍TCDQ1                               ,1,0.0,0.306,36.0,1.0,33.0,0.0,36.0,45.0,0.0,1.0,11.5
9721,9727,0,1,中龍TCDQ2                               ,1,0.0,0.306,36.0,1.0,33.0,0.0,36.0,45.0,0.0,1.0,11.5
9728,9729,0,1,中龍TTG3                                ,1,0.0,0.24,100.0,1.0,33.0,0.0,100.0,110.0,125.0,1.0,13.8
9730,9731,0,1,中龍TTG4                                ,1,0.0,0.24,100.0,1.0,33.0,0.0,100.0,110.0,125.0,1.0,13.8
9740,9743,0,1,台化T-G8                                ,1,0.002,0.0702,150.0,1.0,161.0,0.0,150.0,150.0,0.0,1.0,11.4
9740,9744,0,1,台化T-G6-G7                             ,1,0.0024,0.105,150.0,1.0,161.0,0.0,150.0,150.0,0.0,1.0,69.0
9744,9741,0,1,台化T-G6                                ,1,0.0039,0.125,80.0,1.0,69.0,0.0,80.0,80.0,0.0,1.0,11.4
9744,9742,0,1,台化T-G7                                ,1,0.0034,0.12,130.0,1.0,69.0,0.0,130.0,130.0,0.0,1.0,11.4
9760,9761,0,1,#3 T.T                                  ,1,0.00138,0.1822,937.5,1.0125,345.0,0.0,937.5,0.0,0.0,1.0,161.0
9760,9762,0,1,#4 T.T                                  ,1,0.0014,0.1819,937.5,1.0125,345.0,0.0,937.5,0.0,0.0,1.0,161.0
9760,9765,0,1,塑化#CM.T                               ,1,0.00204,0.1696,750.0,1.0,345.0,0.0,750.0,750.0,0.0,0.9737,19.0
9760,9767,0,1,塑化#BS.T                               ,1,0.0035,0.15435,70.0,1.0,345.0,0.0,70.0,70.0,0.0,1.0,6.9
9760,9768,0,1,塑化#CS.T                               ,1,0.0035,0.15435,70.0,1.0,345.0,0.0,70.0,70.0,0.0,1.0,6.9
9780,9763,0,1,塑化#AM.T                               ,1,0.00195,0.1733,750.0,1.0,161.0,0.0,750.0,750.0,0.0,0.9737,19.0
9770,9764,0,1,塑化#BM.T                               ,1,0.00204,0.1799,750.0,1.0,161.0,0.0,750.0,750.0,0.0,0.9737,19.0
9780,9766,0,1,塑化#AS.T                               ,1,0.0035,0.15435,70.0,1.0,161.0,0.0,70.0,70.0,0.0,1.0,6.9
9771,9770,0,1,#5 T.T                                  ,1,0.00176,0.1883,937.5,1.0125,345.0,0.0,937.5,0.0,0.0,1.0,161.0
9772,9770,0,2,#6 T.T                                  ,1,0.00176,0.1885,937.5,1.0125,345.0,0.0,937.5,0.0,0.0,1.0,161.0
9773,9774,0,1,海豐G.T4                                ,1,0.0026,0.1,90.0,1.0,161.0,0.0,90.0,0.0,0.0,0.9545,11.0
9773,9775,0,1,海豐G.T5                                ,1,0.0026,0.1,90.0,1.0,161.0,0.0,90.0,0.0,0.0,0.9545,11.0
9773,9776,0,1,海豐G.T1                                ,1,0.0026,0.1,140.0,1.0,161.0,0.0,140.0,0.0,0.0,0.9545,11.0
9773,9777,0,1,海豐G.T2                                ,1,0.0026,0.1,140.0,1.0,161.0,0.0,140.0,0.0,0.0,0.9545,11.0
9773,9778,0,1,海豐G.T3                                ,1,0.0026,0.1,140.0,1.0,161.0,0.0,140.0,0.0,0.0,0.9545,11.0
9780,9781,0,1,塑化#1L.T                               ,1,0.00272,0.1217,350.0,1.0125,161.0,0.0,350.0,465.0,581.0,1.0,161.0
9780,9781,0,2,塑化#2L.T                               ,1,0.00274,0.1204,350.0,1.0125,161.0,0.0,350.0,465.0,581.0,1.0,161.0
9780,9781,0,3,塑化#5L.T                               ,1,0.00274,0.1208,350.0,1.0125,161.0,0.0,350.0,465.0,581.0,1.0,161.0
9782,9783,0,1,塑化G.T1                                ,1,0.0026,0.1219,125.0,1.0,161.0,0.0,125.0,0.0,0.0,0.9545,11.0
9782,9784,0,1,塑化G.T2                                ,1,0.0027,0.0714,45.0,1.0,161.0,0.0,45.0,0.0,0.0,0.9545,11.0
9782,9785,0,1,塑化G.T3                                ,1,0.0026,0.1028,90.0,1.0,161.0,0.0,90.0,0.0,0.0,0.9545,11.0
9782,9786,0,1,塑化G.T4                                ,1,0.0026,0.073,45.0,1.0,161.0,0.0,45.0,0.0,0.0,0.9545,11.0
9782,9787,0,1,塑化G.T5                                ,1,0.0026,0.1019,90.0,1.0,161.0,0.0,90.0,0.0,0.0,0.9545,11.0
9788,9789,0,1,塑化煉製G.T1                            ,1,0.0026,0.1208,185.0,1.025,161.0,0.0,185.0,0.0,0.0,1.0,13.8
9788,9790,0,1,塑化煉製G.T2                            ,1,0.0026,0.1208,185.0,1.025,161.0,0.0,185.0,0.0,0.0,1.0,13.8
9800,9801,0,1,台嘉T1                                  ,1,0.0013,0.105,100.0,1.0,0.0,0.0,0.0,0.0,0.0,1.0,0.0
9800,9801,0,2,台嘉T2                                  ,1,0.0013,0.105,100.0,1.0,0.0,0.0,0.0,0.0,0.0,1.0,0.0
9800,9805,0,1,台嘉T4                                  ,1,0.0018,0.0648,100.0,1.0,0.0,0.0,0.0,0.0,0.0,1.0,0.0
9801,9802,0,1,台嘉G.T1                                ,1,0.0042,0.1249,100.0,1.0,0.0,0.0,0.0,0.0,0.0,1.0,0.0
9801,9803,0,1,台嘉G.T2                                ,1,0.0042,0.1249,100.0,1.0,0.0,0.0,0.0,0.0,0.0,1.0,0.0
9801,9804,0,1,台嘉G.T3                                ,1,0.0026,0.12,100.0,1.0,0.0,0.0,0.0,0.0,0.0,1.0,0.0
9820,9821,0,1,                                        ,1,0.0,0.18,120.0,1.0,161.0,0.0,120.0,150.0,0.0,1.0,69.0
9820,9821,0,2,                                        ,1,0.0,0.18,120.0,1.0,161.0,0.0,120.0,150.0,0.0,1.0,69.0
9821,9822,0,1,                                        ,1,0.0,0.24,45.0,1.0,69.0,0.0,45.0,56.25,0.0,1.0,13.8
9821,9822,0,2,                                        ,1,0.0,0.24,45.0,1.0,69.0,0.0,45.0,56.25,0.0,1.0,13.8
9824,9823,0,1,永資G.T1                                ,1,0.01778,0.4552,22.5,1.0,11.4,0.0,22.5,22.5,0.0,1.0,161.0
9860,9861,0,1,塑仁T1                                  ,1,0.002023,0.09506,100.0,1.00704,161.0,0.0,100.0,0.0,0.0,1.0,22.0
9860,9862,0,1,塑仁T2                                  ,1,0.0024,0.1047,100.0,1.0,0.0,0.0,0.0,0.0,0.0,1.0,0.0
9860,9863,0,1,塑仁T3                                  ,1,0.0024,0.1047,100.0,1.0,0.0,0.0,0.0,0.0,0.0,1.0,0.0
9860,9864,0,1,塑仁T4                                  ,1,0.0024,0.1047,100.0,1.0,0.0,0.0,0.0,0.0,0.0,1.0,0.0
9860,9866,0,1,塑仁T5                                  ,1,0.001393,0.08128,120.0,1.07838,161.0,0.0,120.0,0.0,0.0,1.2727,11.0
9860,9871,0,1,塑仁T.G3                                ,1,0.0013,0.0656,100.0,1.0,0.0,0.0,0.0,0.0,0.0,1.0,0.0
9861,9865,0,1,塑仁TG1                                 ,1,0.0055,0.1951,100.0,1.0,0.0,0.0,0.0,0.0,0.0,1.0,0.0
9862,9867,0,1,塑DG1-3                                 ,1,0.0102,0.4078,100.0,1.0,0.0,0.0,0.0,0.0,0.0,1.0,0.0
9862,9868,0,1,塑DG4-7                                 ,1,0.0102,0.4059,100.0,1.0,0.0,0.0,0.0,0.0,0.0,1.0,0.0
9863,9869,0,1,塑仁TG4                                 ,1,0.0028,0.1249,100.0,1.0,0.0,0.0,0.0,0.0,0.0,1.0,0.0
9864,9870,0,1,塑仁TG5                                 ,1,0.0028,0.1249,100.0,1.0,0.0,0.0,0.0,0.0,0.0,1.0,0.0
9900,9901,0,1,塑園G.T                                 ,1,0.0,0.0001,100.0,1.0,0.0,0.0,0.0,0.0,0.0,1.0,0.0
9902,9903,0,1,中園C  G.T                              ,1,0.0,0.0001,100.0,1.0,0.0,0.0,0.0,0.0,0.0,1.0,0.0
9904,9905,0,1,坪資G.T                                 ,1,0.0,0.0001,100.0,1.0,0.0,0.0,0.0,0.0,0.0,1.0,0.0
9906,9907,0,1,油高G.T                                 ,1,0.0,0.0001,100.0,1.0,0.0,0.0,0.0,0.0,0.0,1.0,0.0
9910,9911,0,1,中鋼一C G.T1                            ,1,0.0061,0.15215,100.0,1.0,0.0,0.0,0.0,0.0,0.0,1.0,0.0
9910,9912,0,1,中鋼一C G.T2                            ,1,0.0061,0.15215,100.0,1.0,0.0,0.0,0.0,0.0,0.0,1.0,0.0
9910,9913,0,1,中鋼一C G.T3                            ,1,0.0122,0.3043,100.0,1.0,0.0,0.0,0.0,0.0,0.0,1.0,0.0
9910,9914,0,1,中鋼一C G.T4                            ,1,0.0017,0.05625,100.0,1.0,0.0,0.0,0.0,0.0,0.0,1.0,0.0
9910,9915,0,1,中鋼一C G.T5                            ,1,0.0017,0.05625,100.0,1.0,0.0,0.0,0.0,0.0,0.0,1.0,0.0
9911,9916,0,1,鋼一TG1                                 ,1,0.0191,0.34375,100.0,1.0,0.0,0.0,0.0,0.0,0.0,1.0,0.0
9911,9917,0,1,鋼一TRT2                                ,1,0.0382,0.6875,100.0,1.0,0.0,0.0,0.0,0.0,0.0,1.0,0.0
9911,9918,0,1,鋼一TG2                                 ,1,0.0191,0.34375,100.0,1.0,0.0,0.0,0.0,0.0,0.0,1.0,0.0
9911,9919,0,1,鋼一TG3                                 ,1,0.0191,0.34375,100.0,1.0,0.0,0.0,0.0,0.0,0.0,1.0,0.0
9912,9920,0,1,鋼一TRT3                                ,1,0.0191,0.34375,100.0,1.0,0.0,0.0,0.0,0.0,0.0,1.0,0.0
9913,9921,0,1,鋼一TG5                                 ,1,0.005,0.1333,100.0,1.0,0.0,0.0,0.0,0.0,0.0,1.0,0.0
9922,9923,0,1,中鋼二C G.T1                            ,1,0.0061,0.15215,100.0,1.0,0.0,0.0,0.0,0.0,0.0,1.0,0.0
9922,9924,0,1,中鋼二C G.T2                            ,1,0.0025,0.075,100.0,1.0,0.0,0.0,0.0,0.0,0.0,1.0,0.0
9923,9926,0,1,鋼二TG7                                 ,1,0.0058,0.1625,100.0,1.0,0.0,0.0,0.0,0.0,0.0,1.0,0.0
9923,9927,0,1,鋼二TG4                                 ,1,0.0191,0.34375,100.0,1.0,0.0,0.0,0.0,0.0,0.0,1.0,0.0
9923,9928,0,1,鋼二TRT1                                ,1,0.0191,0.34375,100.0,1.0,0.0,0.0,0.0,0.0,0.0,1.0,0.0
9924,9929,0,1,鋼二TG6                                 ,1,0.0058,0.1625,100.0,1.0,0.0,0.0,0.0,0.0,0.0,1.0,0.0
9924,9930,0,1,鋼二CDQ                                 ,1,0.013,0.3,100.0,1.0,0.0,0.0,0.0,0.0,0.0,1.0,0.0
9924,9931,0,1,鋼二TRT4                                ,1,0.0153,0.275,100.0,1.0,0.0,0.0,0.0,0.0,0.0,1.0,0.0
9932,9933,0,1,中鋼三C T1                              ,1,0.002,0.09198,100.0,1.0,0.0,0.0,0.0,0.0,0.0,1.0,0.0
9932,9934,0,1,中鋼三C T2                              ,1,0.002,0.09198,100.0,1.0,0.0,0.0,0.0,0.0,0.0,1.0,0.0
9933,9935,0,1,鋼三TG8                                 ,1,0.0036,0.116,100.0,1.0,0.0,0.0,0.0,0.0,0.0,1.0,0.0
32100,32101,0,1,海洋離風MT1                             ,1,0.00284444,0.1333,90.0,1.0,161.0,0.0,90.0,0.0,0.0,1.0,33.0
32100,32102,0,2,海洋離風MT2                             ,1,0.00284444,0.1333,90.0,1.0,161.0,0.0,90.0,0.0,0.0,1.0,33.0
32111,32121,0,1,海洋離風GT1                             ,1,0.00899999,0.0926,49.2,1.0,33.0,0.0,49.2,0.0,0.0,0.92,0.75
32112,32122,0,2,海洋離風GT2                             ,1,0.009,0.0926,41.0,1.0,33.0,0.0,41.0,0.0,0.0,0.92,0.75
32113,32123,0,3,海洋離風GT3                             ,1,0.00899999,0.0926,49.2,1.0,33.0,0.0,49.2,0.0,0.0,0.92,0.75
32114,32124,0,4,海洋離風GT41                            ,1,0.00899999,0.0926,24.6,1.0,33.0,0.0,24.6,0.0,0.0,0.92,0.75
32114,32125,0,5,海洋離風GT42                            ,1,0.0075,0.0766,9.0,1.0,33.0,0.0,9.0,0.0,0.0,0.92,0.75
32130,32140,0,1,海能M.T1                                ,1,0.0016,0.0984,120.0,1.0,161.0,0.0,120.0,160.0,200.0,1.0,69.0
32130,32140,0,2,海能M.T2                                ,1,0.0016,0.0992,120.0,1.0,161.0,0.0,120.0,160.0,200.0,1.0,69.0
32130,32140,0,3,海能M.T3                                ,1,0.0016,0.099,120.0,1.0,161.0,0.0,120.0,160.0,200.0,1.0,69.0
32141,32151,0,1,海能G.T1                                ,1,0.0085,0.1097,96.8,1.05,66.0,0.0,96.8,0.0,0.0,1.0,0.69
32142,32152,0,1,海能G.T2                                ,1,0.0085,0.1097,105.6,1.05,66.0,0.0,105.6,0.0,0.0,1.0,0.69
32143,32153,0,1,海能G.T3                                ,1,0.0085,0.1097,96.8,1.05,66.0,0.0,96.8,0.0,0.0,1.0,0.69
32144,32154,0,1,海能G.T4                                ,1,0.0085,0.1097,105.6,1.05,66.0,0.0,105.6,0.0,0.0,1.0,0.69
32160,32161,0,1,大城R.T1                                ,1,0.0035,0.1102,60.0,1.0,161.0,0.0,60.0,0.0,0.0,1.0,33.0
32160,32171,0,2,大城R.T2                                ,1,0.0035,0.1101,60.0,1.0,161.0,0.0,60.0,0.0,0.0,1.0,33.0
32162,32164,0,1,大離風M.T1-1                            ,1,0.00392,0.1639,29.0,1.0,33.0,0.0,29.0,0.0,0.0,1.0,1.8
32163,32165,0,2,大離風M.T1-2                            ,1,0.00392,0.1639,34.8,1.0,33.0,0.0,34.8,0.0,0.0,1.0,1.8
32172,32174,0,1,大離風M.T2-1                            ,1,0.00392,0.1639,29.0,1.0,33.0,0.0,29.0,0.0,0.0,1.0,1.8
32173,32175,0,2,大離風M.T2-2                            ,1,0.00392,0.1639,29.0,1.0,33.0,0.0,29.0,0.0,0.0,1.0,1.8
32193,32198,0,1,沃一離風MT11                            ,1,0.0018,0.137689,360.0,1.0,230.0,0.0,360.0,0.0,0.0,1.0,66.0
32195,32199,0,1,沃一離風MT21                            ,1,0.00188,0.13769,360.0,1.0,230.0,0.0,360.0,0.0,0.0,1.0,66.0
32200,32204,0,1,沃一離風GT11                            ,1,0.0077799,0.1097,61.6,1.0,66.0,0.0,61.6,0.0,0.0,1.0,0.69
32200,32205,0,1,沃一離風GT12                            ,1,0.0077799,0.1097,70.4,1.0,66.0,0.0,70.4,0.0,0.0,1.0,0.69
32200,32206,0,1,沃一離風GT13                            ,1,0.0077799,0.1097,52.8,1.0,66.0,0.0,52.8,0.0,0.0,1.0,0.69
32201,32207,0,1,沃一離風GT14                            ,1,0.0077799,0.1097,70.4,1.0,66.0,0.0,70.4,0.0,0.0,1.0,0.69
32201,32208,0,1,沃一離風GT15                            ,1,0.0077799,0.1097,70.4,1.0,66.0,0.0,70.4,0.0,0.0,1.0,0.69
32202,32210,0,1,沃一離風GT21                            ,1,0.0077799,0.1097,70.4,1.0,66.0,0.0,70.4,0.0,0.0,1.0,0.69
32202,32211,0,1,沃一離風GT22                            ,1,0.0077799,0.1097,70.4,1.0,66.0,0.0,70.4,0.0,0.0,1.0,0.69
32203,32213,0,1,沃一離風GT24                            ,1,0.0077799,0.1097,70.4,1.0,66.0,0.0,70.4,0.0,0.0,1.0,0.69
32203,32214,0,1,沃一離風GT25                            ,1,0.0077799,0.1097,61.6,1.0,66.0,0.0,61.6,0.0,0.0,1.0,0.69
32203,32215,0,1,沃一離風GT26                            ,1,0.0077799,0.1097,61.6,1.0,66.0,0.0,61.6,0.0,0.0,1.0,0.69
32224,32240,0,1,沃二離風M.T2                            ,1,0.000522222,0.0382472,360.0,1.0,230.0,0.0,360.0,0.0,0.0,1.0,66.0
32241,32243,0,1,沃二離風GT21                            ,1,0.00778,0.1097,8.8,1.0,66.0,0.0,8.8,0.0,0.0,1.0,0.69
32241,32244,0,1,沃二離風GT22                            ,1,0.00778,0.1097,52.8,1.0,66.0,0.0,52.8,0.0,0.0,1.0,0.69
32241,32245,0,1,沃二離風GT23                            ,1,0.00778,0.1097,70.4,1.0,66.0,0.0,70.4,0.0,0.0,1.0,0.69
32242,32246,0,1,沃二離風GT24                            ,1,0.00778,0.1097,70.4,1.0,66.0,0.0,70.4,0.0,0.0,1.0,0.69
32242,32247,0,1,沃二離風GT25                            ,1,0.00778,0.1097,61.6,1.0,66.0,0.0,61.6,0.0,0.0,1.0,0.69
32242,32248,0,1,沃二離風GT26                            ,1,0.00778,0.1097,44.0,1.0,66.0,0.0,44.0,0.0,0.0,1.0,0.69
32250,32251,0,1,芳一離風M.T1                            ,1,0.0018,0.0985,100.0,1.0,161.0,0.0,100.0,125.0,0.0,1.0,66.0
32261,32271,0,1,芳一離風G.T                             ,1,0.012,0.0983,111.2,1.0,66.0,0.0,111.2,0.0,0.0,1.0,0.64
32280,32282,0,2,芳二離風M.T2                            ,1,0.0008,0.0496,250.0,1.0,161.0,0.0,250.0,300.0,350.0,1.0,66.0
32281,32283,0,3,芳二離風M.T3                            ,1,0.0008,0.0493,250.0,1.0,161.0,0.0,250.0,300.0,350.0,1.0,66.0
32291,32301,0,1,芳二離風GT1                             ,1,0.012,0.0983,111.2,1.0,66.0,0.0,111.2,0.0,0.0,1.0,0.64
32292,32302,0,2,芳二離風GT2                             ,1,0.012,0.0983,111.2,1.0,66.0,0.0,111.2,0.0,0.0,1.0,0.64
32293,32303,0,3,芳二離風GT3                             ,1,0.012,0.0983,100.1,1.0,66.0,0.0,100.08,0.0,0.0,1.0,0.64
32294,32304,0,4,芳二離風GT4                             ,1,0.012,0.0983,100.1,1.0,66.0,0.0,100.08,0.0,0.0,1.0,0.64
32295,32305,0,5,芳二離風GT5                             ,1,0.012,0.0983,100.1,1.0,66.0,0.0,100.08,0.0,0.0,1.0,0.64
32296,32306,0,6,西島離風GT1                             ,1,0.012,0.0983,55.6,1.0,66.0,0.0,55.6,0.0,0.0,1.0,0.64
32310,32311,0,1,海龍二A風MT1                            ,1,0.0043,0.1399,335.0,1.0,161.0,0.0,335.0,0.0,0.0,1.0,230.0
32312,32313,0,1,海龍二A風MMT                            ,1,0.00246,0.12997,325.0,1.0,230.0,0.0,325.0,0.0,0.0,1.0,66.0
32321,32331,0,1,海龍二A風GT1                            ,1,0.01137,0.14956,83.5,1.0,66.0,0.0,83.5,0.0,0.0,1.0,0.69
32322,32332,0,1,海龍二A風GT2                            ,1,0.01137,0.14956,83.5,1.0,66.0,0.0,83.5,0.0,0.0,1.0,0.69
32323,32333,0,1,海龍二A風GT3                            ,1,0.01137,0.14956,50.1,1.0,66.0,0.0,50.1,0.0,0.0,1.0,0.69
32334,32324,0,1,海龍二A風GT4                            ,1,0.00569637,0.0749296,50.1,1.0,69.0,0.0,50.1,0.0,0.0,1.0,0.69
32335,32325,0,1,海龍二A風GT5                            ,1,0.01137,0.14956,83.5,1.0,66.0,0.0,83.5,0.0,0.0,1.0,0.69
32340,32342,0,1,中能風M.T1                              ,1,0.0015,0.0756,165.0,1.0,161.0,0.0,165.0,0.0,0.0,1.0,66.0
32341,32347,0,2,中能風M.T2                              ,1,0.0015,0.0757,165.0,1.0,161.0,0.0,165.0,0.0,0.0,1.0,66.0
32343,32345,0,1,中能風GT1                               ,1,0.007,0.11078,88.96,1.0,66.0,0.0,88.96,0.0,0.0,1.0,0.64
32344,32346,0,2,中能風GT2                               ,1,0.007,0.11078,88.96,1.0,66.0,0.0,88.96,0.0,0.0,1.0,0.64
32348,32350,0,3,中能風GT3                               ,1,0.007,0.11078,88.96,1.0,66.0,0.0,88.96,0.0,0.0,1.0,0.64
32349,32351,0,4,中能風GT4                               ,1,0.007,0.11078,77.84,1.0,66.0,0.0,77.84,0.0,0.0,1.0,0.64
32373,32372,0,1,海龍二B風MT2                            ,1,0.00246,0.12997,255.0,1.0,230.0,0.0,255.0,0.0,0.0,1.0,66.0
32379,32374,0,1,海龍二B風GT1                            ,1,0.01137,0.14956,66.8,1.0,66.0,0.0,66.8,0.0,0.0,1.0,0.69
32380,32375,0,1,海龍二B風GT2                            ,1,0.01137,0.14956,83.5,1.0,66.0,0.0,83.5,0.0,0.0,1.0,0.69
32381,32376,0,1,海龍二B風GT3                            ,1,0.01137,0.14956,83.5,1.0,66.0,0.0,83.5,0.0,0.0,1.0,0.69
32382,32377,0,1,海龍二B風GT4                            ,1,0.01137,0.14956,33.4,1.0,66.0,0.0,33.4,0.0,0.0,1.0,0.69
32401,32400,0,1,海龍三A風MT1                            ,1,0.0043,0.1399,290.0,1.0,161.0,0.0,290.0,0.0,0.0,1.0,230.0
32403,32402,0,1,海龍三A風MMT                            ,1,0.00246,0.12997,325.0,1.0,230.0,0.0,325.0,0.0,0.0,1.0,66.0
32408,32404,0,1,海龍三A風GT1                            ,1,0.01137,0.14956,83.5,1.0,66.0,0.0,83.5,0.0,0.0,1.0,0.69
32409,32405,0,1,海龍三A風GT2                            ,1,0.01137,0.14956,83.5,1.0,66.0,0.0,83.5,0.0,0.0,1.0,0.69
32410,32406,0,1,海龍三A風GT3                            ,1,0.01137,0.14956,83.5,1.0,66.0,0.0,83.5,0.0,0.0,1.0,0.69
32411,32407,0,1,海龍三A風GT4                            ,1,0.01137,0.14956,50.1,1.0,66.0,0.0,50.1,0.0,0.0,1.0,0.69
32413,32412,0,1,海龍三A風MT1_2                          ,1,0.0043,0.1399,290.0,1.0,161.0,0.0,290.0,0.0,0.0,1.0,230.0
32415,32414,0,1,海龍三B風MMT                            ,1,0.00246,0.12997,325.0,1.0,230.0,0.0,325.0,0.0,0.0,1.0,66.0
32420,32416,0,1,海龍三B風GT                             ,1,0.01137,0.14956,83.5,1.0,66.0,0.0,83.5,0.0,0.0,1.0,0.69
32421,32417,0,1,海龍三B風GT2                            ,1,0.01137,0.14956,83.5,1.0,66.0,0.0,83.5,0.0,0.0,1.0,0.69
32422,32418,0,1,海龍三B風GT3                            ,1,0.0137,0.14956,83.5,1.0,66.0,0.0,83.5,0.0,0.0,1.0,0.69
32423,32419,0,1,海龍三B風GT4                            ,1,0.0137,0.14956,50.1,1.0,66.0,0.0,50.1,0.0,0.0,1.0,0.69
32464,32462,0,1,沃南風M.T1                              ,1,0.0,0.1371,360.0,1.0,230.0,0.0,360.0,0.0,0.0,1.0,66.0
32473,32465,0,1,沃南風G.T1                              ,1,0.0116,0.15,16.7,1.0,66.0,0.0,16.7,0.0,0.0,1.0,0.69
32496,32494,0,1,沃四風M.T1                              ,1,0.0,0.1371,360.0,1.0,230.0,0.0,360.0,0.0,0.0,1.0,66.0
32497,32495,0,1,沃四風M.T2                              ,1,0.0,0.1371,360.0,1.0,230.0,0.0,360.0,0.0,0.0,1.0,66.0
32503,32498,0,1,沃四風G.T1                              ,1,0.0116,0.15,350.7,1.0,66.0,0.0,350.7,0.0,0.0,1.0,0.69
32504,32499,0,1,沃四風G.T2                              ,1,0.0116,0.15,350.7,1.0,66.0,0.0,350.7,0.0,0.0,1.0,0.69
37200,37201,0,1,允西離風M.T1                            ,1,0.0023,0.1089,125.0,1.0,161.0,0.0,125.0,0.0,0.0,1.0,66.0
37200,37201,0,2,允西離風M.T2                            ,1,0.0023,0.1094,125.0,1.0,161.0,0.0,125.0,0.0,0.0,1.0,66.0
37200,37202,0,3,允西離風M.T3                            ,1,0.0023,0.1094,125.0,1.0,161.0,0.0,125.0,0.0,0.0,1.0,66.0
37200,37202,0,4,允西離風M.T4                            ,1,0.0023,0.1097,125.0,1.0,161.0,0.0,125.0,0.0,0.0,1.0,66.0
37211,37221,0,1,允西離風G.T1                            ,1,0.0,0.11,52.8,1.0,66.0,0.0,52.8,0.0,0.0,1.0,0.69
37212,37222,0,2,允西離風G.T2                            ,1,0.0,0.11,52.8,1.0,66.0,0.0,52.8,0.0,0.0,1.0,0.69
37213,37223,0,3,允西離風G.T3                            ,1,0.0,0.11,61.6,1.0,66.0,0.0,61.6,0.0,0.0,1.0,0.69
37214,37224,0,4,允西離風G.T4                            ,1,0.0,0.11,61.6,1.0,66.0,0.0,61.6,0.0,0.0,1.0,0.69
37215,37225,0,5,允西離風G.T5                            ,1,0.0,0.11,61.6,1.0,66.0,0.0,61.6,0.0,0.0,1.0,0.69
37216,37226,0,6,允西離風G.T6                            ,1,0.0,0.11,61.6,1.0,66.0,0.0,61.6,0.0,0.0,1.0,0.69
37230,37240,0,1,允湖離風M.T1                            ,1,0.0023,0.1089,125.0,1.0,161.0,0.0,125.0,0.0,0.0,1.0,66.0
37230,37240,0,2,允湖離風M.T2                            ,1,0.0023,0.1094,125.0,1.0,161.0,0.0,125.0,0.0,0.0,1.0,66.0
37230,37240,0,3,允湖離風M.T3                            ,1,0.0023,0.1093,125.0,1.0,161.0,0.0,125.0,0.0,0.0,1.0,66.0
37230,37240,0,4,允湖離風M.T4                            ,1,0.0023,0.1097,125.0,1.0,161.0,0.0,125.0,0.0,0.0,1.0,66.0
37231,37241,0,1,允湖離風G.T1                            ,1,0.000999999,0.11,61.6,1.0,66.0,0.0,61.6,0.0,0.0,1.0,0.69
37232,37242,0,2,允湖離風G.T2                            ,1,0.001,0.11,61.6,1.0,66.0,0.0,61.6,0.0,0.0,1.0,0.69
37233,37243,0,3,允湖離風G.T3                            ,1,0.000999999,0.11,61.6,1.0,66.0,0.0,61.6,0.0,0.0,1.0,0.69
37234,37244,0,4,允湖離風G.T4                            ,1,0.001,0.11,52.8,1.0,66.0,0.0,52.8,0.0,0.0,1.0,0.69
37235,37245,0,5,允湖離風G.T5                            ,1,0.001,0.11,61.6,1.0,66.0,0.0,61.8,0.0,0.0,1.0,0.69
37236,37246,0,6,允湖離風G.T6                            ,1,0.001,0.11,52.8,1.0,66.0,0.0,52.8,0.0,0.0,1.0,0.69
40000,40001,0,1,林口風M.T1                              ,1,0.0176667,0.554719,30.0,1.0,161.0,0.0,30.0,0.0,0.0,1.0,22.8
40030,40031,0,1,大潭風M.T1                              ,1,0.0146667,0.557474,30.0,1.0,161.0,0.0,30.0,0.0,0.0,1.0,22.8
40060,40061,0,1,觀威風M.T1                              ,1,0.00445056,0.200951,60.0,1.0,161.0,0.0,60.0,0.0,0.0,1.0,22.8
40090,40091,0,1,彰品風M.T1                              ,1,0.0039,0.1528,30.0,1.0,161.0,0.0,80.0,0.0,0.0,1.0,22.8
41530,41531,0,1,彰濱D.T2                                ,1,0.00733333,0.268233,60.0,1.0,161.0,0.0,60.0,0.0,0.0,1.0,23.9
41560,41561,0,1,彰風二M.T1                              ,1,0.0176667,0.554052,30.0,1.0,161.0,0.0,30.0,0.0,0.0,1.0,22.8
41590,41591,0,1,彰英風M.T1                              ,1,0.0,0.15,60.0,1.0,161.0,0.0,60.0,0.0,0.0,1.0,22.8
41620,41621,0,1,鹿英風M.T1                              ,1,0.0,0.15,60.0,1.0,161.0,0.0,60.0,0.0,0.0,1.0,22.8
41650,41651,0,1,王功風M.T1                              ,1,0.00716667,0.275907,60.0,1.0,161.0,0.0,60.0,0.0,0.0,1.0,22.8
41680,41681,0,1,苗英風M.T1                              ,1,0.0085,0.2544,40.0,1.0,161.0,0.0,40.0,0.0,0.0,1.0,22.8
41710,41711,0,1,東電風M.T1                              ,1,0.0328,0.7184,12.5,1.0,161.0,0.0,12.5,0.0,0.0,1.0,22.8
41740,41741,0,1,香風M.T1                                ,1,0.0152,0.568797,20.0,1.0,161.0,0.0,20.0,0.0,0.0,1.0,22.8
45400,45401,0,1,湖風M.T1                                ,1,0.0176667,0.554719,30.0,1.0,161.0,0.0,30.0,0.0,0.0,1.0,22.8
45430,45440,0,1,創維風M.T                               ,1,0.0035,0.1651,120.0,1.0,161.0,0.0,120.0,0.0,0.0,1.0,22.8
45431,45441,0,1,創維風G.T1-1                            ,1,0.008,0.0896,8.0,1.0,22.8,0.0,8.0,0.0,0.0,0.8667,0.75
45431,45442,0,2,創維風G.T1-2                            ,1,0.008,0.0986,5.2,1.0,22.8,0.0,5.15,0.0,0.0,0.9,0.8
45432,45443,0,1,創維風G.T2                              ,1,0.008,0.0896,16.0,1.0,22.8,0.0,16.0,0.0,0.0,0.8667,0.75
45433,45445,0,1,創維風G.T3-1                            ,1,0.008,0.0896,4.0,1.0,22.8,0.0,4.0,0.0,0.0,0.8667,0.75
45433,45446,0,2,創維風G.T3-2                            ,1,0.008,0.0986,15.4,1.0,22.8,0.0,15.45,0.0,0.0,0.9,0.8
45434,45447,0,1,創維風G.T4-1                            ,1,0.008,0.0896,8.0,1.0,22.8,0.0,8.0,0.0,0.0,0.8667,0.75
50501,50500,0,2,彰光M.T2                                ,1,0.0072,0.2757,60.0,1.0,23.9,0.0,60.0,60.0,0.0,1.0,161.0
50501,50500,0,3,彰光M.T3                                ,1,0.0072,0.2736,60.0,1.0,23.9,0.0,60.0,60.0,0.0,1.0,161.0
50520,50521,0,1,崙尾光M.T1                              ,1,0.003875,0.173588,80.0,1.0,161.0,0.0,80.0,0.0,0.0,1.0,22.8
50520,50522,0,2,崙尾光M.T2                              ,1,0.003875,0.173212,80.0,1.0,161.0,0.0,80.0,0.0,0.0,1.0,22.8
50520,50525,0,1,崙尾光M.T3                              ,1,0.005,0.1646,75.0,1.0,161.0,0.0,75.0,0.0,0.0,1.0,22.8
50521,50523,0,1,辰亞光G.T                               ,1,1e-06,0.06,88.0,1.0,22.8,0.0,88.0,0.0,0.0,1.0,0.36
50522,50524,0,1,厚固光G.T                               ,1,1e-06,0.06,93.0,1.0,22.8,0.0,93.0,0.0,0.0,1.0,0.36
50530,50531,0,1,聯華光M.T1                              ,1,0.004,0.176,80.0,1.0,161.0,0.0,100.0,0.0,0.0,1.0,22.8
50530,50532,0,2,聯華光M.T2                              ,1,0.004,0.1751,80.0,1.0,161.0,0.0,100.0,0.0,0.0,1.0,33.0
50540,50545,0,1,永堯光M.T1                              ,1,0.0024,0.1235,100.0,1.0,161.0,0.0,100.0,100.0,0.0,1.0,22.8
50541,50545,0,1,永堯光M.T2                              ,1,0.0003,0.0102,50.0,1.0,33.0,0.0,50.0,50.0,0.0,1.0,22.8
50560,50561,0,1,星崙光M.T1                              ,1,0.0028,0.1242,100.0,1.0,161.0,0.0,100.0,0.0,0.0,1.0,33.0
53500,53501,0,1,南鹽光M.T1                              ,1,0.0072,0.2757,60.0,1.0,161.0,0.0,60.0,60.0,0.0,1.0,23.9
53500,53501,0,2,南鹽光M.T2                              ,1,0.0072,0.2769,60.0,1.0,161.0,0.0,60.0,60.0,0.0,1.0,23.9
53500,53501,0,3,南鹽光M.T3                              ,1,0.0072,0.2746,60.0,1.0,161.0,0.0,60.0,60.0,0.0,1.0,23.9
53520,53521,0,1,天篷光G.T                               ,1,0.0053,0.1941,80.0,1.0,161.0,0.0,80.0,96.0,0.0,1.0,22.8
53530,53531,0,1,天英光M.T1                              ,1,0.0038,0.1538,100.0,1.0,161.0,0.0,100.0,100.0,0.0,1.0,22.8
53530,53536,0,1,天英光M.T2                              ,1,0.0038,0.1525,100.0,1.0,161.0,0.0,100.0,100.0,0.0,1.0,22.8
53530,53537,0,1,天英光M.T3                              ,1,0.0038,0.1538,100.0,1.0,161.0,0.0,100.0,100.0,0.0,1.0,22.8
53540,53541,0,4,天禽光G.T4                              ,1,0.0088,0.2579,40.0,1.0,161.0,0.0,53.2,48.0,0.0,1.0,22.8
53540,53542,0,1,天衝光G.T1                              ,1,0.0088,0.2571,40.0,1.0,161.0,0.0,50.0,48.0,0.0,1.0,22.8
53540,53543,0,2,天衝光G.T2                              ,1,0.0088,0.2559,40.0,1.0,161.0,0.0,50.0,48.0,0.0,1.0,22.8
53540,53544,0,3,天衝光G.T3                              ,1,0.0088,0.2546,40.0,1.0,161.0,0.0,40.0,0.0,0.0,1.0,22.8
53540,53545,0,5,南旭光G.T5                              ,1,0.0048,0.1984,60.0,1.0,161.0,0.0,60.0,72.0,0.0,1.0,33.0
53540,53546,0,6,新日泰G.T6                              ,1,0.005,0.1984,100.0,1.0,161.0,0.0,60.0,72.0,0.0,1.0,33.0
53560,53561,0,1,星威光G.T1                              ,1,0.0029,0.1771,100.0,1.0,161.0,0.0,80.0,100.0,120.0,1.0,22.8
53570,53571,0,1,星二光G.T1                              ,1,0.003,0.1721,100.0,1.0,161.0,0.0,100.0,100.0,0.0,1.0,22.8
53580,53581,0,1,新和光M.T1                              ,1,0.0025,0.0991,120.0,1.0,161.0,0.0,120.0,120.0,0.0,1.0,22.8
53600,53601,0,1,碩力光M.T1                              ,1,0.0043,0.1674,60.0,1.0,161.0,0.0,80.0,0.0,0.0,1.0,33.0
53600,53601,0,2,碩力光M.T2                              ,1,0.0043,0.1686,60.0,1.0,161.0,0.0,80.0,0.0,0.0,1.0,33.0
53600,53602,0,1,碩力光M.T3                              ,1,0.0043,0.1679,60.0,1.0,161.0,0.0,80.0,0.0,0.0,1.0,33.0
53600,53602,0,2,碩力光M.T4                              ,1,0.0043,0.1686,60.0,1.0,161.0,0.0,80.0,0.0,0.0,1.0,33.0
53620,53621,0,1,向陽共用M.T1                            ,1,0.0047,0.2073,60.0,1.0,161.0,0.0,90.0,0.0,0.0,1.0,22.8
53620,53622,0,1,向陽共用M.T2                            ,1,0.0047,0.206,60.0,1.0,161.0,0.0,90.0,0.0,0.0,1.0,22.8
53620,53623,0,1,向陽共用M.T3                            ,1,0.0048,0.2061,60.0,1.0,161.0,0.0,90.0,60.0,0.0,1.0,22.8
53620,53624,0,1,向陽共用M.T4                            ,1,0.0048,0.2073,60.0,1.0,161.0,0.0,90.0,60.0,0.0,1.0,22.8
53640,53641,0,1,生利光G.T1                              ,1,0.0078,0.2425,45.0,1.0,161.0,0.0,45.0,0.0,0.0,1.0,22.8
53640,53642,0,1,生利光G.T2                              ,1,0.0076,0.2457,45.0,1.0,161.0,0.0,45.0,0.0,0.0,1.0,22.8
53660,53661,0,1,寶興光M.T1                              ,1,0.0034,0.1631,80.0,1.0,161.0,0.0,80.0,0.0,0.0,1.0,22.8
53680,53681,0,1,志光光M.T1                              ,1,0.0069,0.2874,60.0,1.0,161.0,0.0,60.0,60.0,0.0,1.0,22.8
53680,53682,0,2,志光光M.T2                              ,1,0.0069,0.2871,60.0,1.0,161.0,0.0,60.0,60.0,0.0,1.0,22.8
53700,53701,0,1,泰源光M.T1                              ,1,0.0038,0.1535,102.0,1.0,161.0,0.0,102.0,0.0,0.0,1.0,22.8
53700,53701,0,2,泰源光M.T2                              ,1,0.0038,0.1537,102.0,1.0,161.0,0.0,102.0,0.0,0.0,1.0,22.8
53720,53722,0,2,廷和光M.T2                              ,1,0.0031,0.13,100.0,1.0,161.0,0.0,100.0,100.0,0.0,1.0,22.8
53740,53741,0,1,星股光M.T1                              ,1,0.0065,0.2748,60.0,1.0,161.0,0.0,60.0,60.0,0.0,1.0,23.9
53740,53742,0,1,星股光M.T2                              ,1,0.0065,0.2748,60.0,1.0,161.0,0.0,60.0,60.0,0.0,1.0,23.9
53740,53743,0,1,星股光M.T3                              ,1,0.0075,0.2719,60.0,1.0,161.0,0.0,60.0,0.0,0.0,1.0,23.9
53800,53801,0,1,和山光M.T1                              ,1,0.0046,0.1744,100.0,1.0,161.0,0.0,70.0,70.0,0.0,1.0,23.9
53820,53821,0,1,昱昶光M.T1                              ,1,0.0057,0.1991,60.0,1.0,161.0,0.0,60.0,0.0,0.0,1.0,22.8
53860,53861,0,1,嘉原光M.T1                              ,1,0.0019,0.0753,160.0,1.0,161.0,0.0,160.0,160.0,0.0,1.0,22.8
53900,53901,0,1,宸峰光M.T1                              ,1,0.0029,0.1731,120.0,1.0,161.0,0.0,120.0,0.0,0.0,1.0,22.8
53900,53902,0,1,宸峰光M.T2                              ,1,0.0029,0.174,120.0,1.0,161.0,0.0,120.0,0.0,0.0,1.0,22.8
53920,53921,0,1,匯盟光M.T1                              ,1,0.0052,0.1966,60.0,1.0,161.0,0.0,60.0,0.0,0.0,1.0,22.8
53920,53922,0,1,匯盟光M.T2                              ,1,0.0052,0.1966,60.0,1.0,161.0,0.0,60.0,0.0,0.0,1.0,22.8
53920,53923,0,1,匯盟光M.T3                              ,1,0.0052,0.1976,60.0,1.0,161.0,0.0,60.0,0.0,0.0,1.0,22.8
53940,53941,0,1,寰宇光M.T1                              ,1,0.001,0.12,50.0,1.0,161.0,0.0,50.0,0.0,0.0,1.0,22.8
53940,53941,0,2,寰宇光M.T2                              ,1,0.001,0.12,50.0,1.0,161.0,0.0,50.0,0.0,0.0,1.0,22.8
53940,53941,0,3,寰宇光M.T3                              ,1,0.001,0.12,50.0,1.0,161.0,0.0,50.0,0.0,0.0,1.0,22.8
53960,53961,0,1,嘉和光M.T1                              ,1,0.001,0.1,60.0,1.0,161.0,0.0,60.0,0.0,0.0,1.0,22.8
53960,53961,0,2,嘉和光M.T2                              ,1,0.001,0.1,60.0,1.0,161.0,0.0,60.0,0.0,0.0,1.0,22.8
53980,53981,0,1,孝智光M.T1                              ,1,0.0035,0.18,125.0,1.0,161.0,0.0,125.0,0.0,0.0,1.0,22.8
53980,53981,0,2,孝智光M.T2                              ,1,0.0035,0.18,125.0,1.0,161.0,0.0,125.0,0.0,0.0,1.0,22.8
60000,60001,0,1,安南儲M.T1                              ,1,0.0031,0.1319,100.0,1.0,161.0,0.0,100.0,0.0,0.0,1.0,22.8
60020,60021,0,1,壽豐儲M.T1                              ,1,0.0032,0.1327,100.0,1.0,161.0,0.0,100.0,100.0,0.0,1.0,22.8
60040,60041,0,1,富威儲M.T1                              ,1,0.0057,0.2018,100.0,1.0,161.0,0.0,60.0,0.0,0.0,1.0,22.8
60060,60061,0,1,台蓮儲M.T1                              ,1,0.0034,0.1508,100.0,1.0,161.0,0.0,100.0,100.0,0.0,1.0,22.8
60060,60062,0,2,台蓮儲M.T2                              ,1,0.0033,0.151,100.0,1.0,161.0,0.0,100.0,100.0,0.0,1.0,22.8
60080,60081,0,1,雲利儲M.T1                              ,1,0.0034,0.1508,100.0,1.0,161.0,0.0,100.0,100.0,0.0,1.0,22.8
60080,60082,0,1,雲利儲M.T2                              ,1,0.0033,0.151,100.0,1.0,161.0,0.0,100.0,100.0,0.0,1.0,22.8
60085,60086,0,3,雲利儲M.T3                              ,1,0.0033,0.1515,100.0,1.0,161.0,0.0,100.0,100.0,115.0,1.0,22.8
60120,60121,0,1,匯旭儲M.T1                              ,1,0.0088,0.2554,40.0,1.0,161.0,0.0,40.0,0.0,0.0,1.0,22.8
62500,62501,0,1,智璞儲M.T1                              ,1,0.0072,0.2383,50.0,1.0,161.0,0.0,50.0,0.0,0.0,1.0,22.8
62500,62501,0,2,智璞儲M.T2                              ,1,0.0072,0.2379,50.0,1.0,161.0,0.0,50.0,0.0,0.0,1.0,22.8
65040,65041,0,1,匯聚儲M.T1                              ,1,0.0,0.195,100.0,1.0,161.0,0.0,100.0,0.0,0.0,1.0,22.8
65080,65081,0,1,三陸儲M.T1                              ,1,0.0,0.14,80.0,1.0,161.0,0.0,80.0,0.0,0.0,1.0,23.9
65100,65101,0,1,星德儲M.T1                              ,1,0.0039,0.1607,80.0,1.0,161.0,0.0,80.0,0.0,0.0,1.0,23.9
65120,65121,0,1,旭昇一儲M.T1                            ,1,0.0031,0.1323,100.0,1.0,161.0,0.0,100.0,125.0,0.0,1.0,22.8
65140,65141,0,1,台創儲M.T1                              ,1,0.0029,0.11886,60.0,1.0,161.0,0.0,75.0,0.0,0.0,1.04825,22.8
65200,65201,0,1,昊升儲M.T1                              ,1,0.0,0.1413,115.0,1.0,161.0,0.0,115.0,0.0,0.0,1.0,22.8
67500,67501,0,1,昊儒儲M.T1                              ,1,0.0,0.1625,100.0,1.0,161.0,0.0,100.0,0.0,0.0,1.0,22.8
67520,67521,0,1,聚旺儲M.T1                              ,1,0.0055,0.17,100.0,1.0,161.0,0.0,100.0,0.0,0.0,1.0,22.8
70000,70001,0,1,榮鼎MTR1                                ,1,0.0196,0.4272,25.0,1.0,161.0,0.0,25.0,0.0,0.0,1.0,11.0
70001,70003,0,1,榮鼎MTR2                                ,1,0.592,4.6585,1.3,1.0,11.0,0.0,1.3,0.0,0.0,1.0,0.38
