from_bus,to_bus,k_bus,ckt,cw,cz,cm,mag1,mag2,nmetr,status,r12_pu,x12_pu,sbase12_mva,windv1,nomv1,ang1_deg,rata1_mva,ratb1_mva,ratc1_mva,windv2,nomv2
1,1900,0,1,1,1,1,0.0,0.0,2,1,0.0,0.0001,100.0,1.0,0.0,0.0,2000.0,2000.0,0.0,1.0,0.0
2,2480,0,1,1,1,1,0.0,0.0,2,1,0.0,0.0001,100.0,1.0,0.0,0.0,2000.0,2000.0,0.0,1.0,0.0
3,2650,0,1,1,1,1,0.0,0.0,2,1,0.0,0.0001,100.0,1.0,0.0,0.0,2000.0,2000.0,0.0,1.0,0.0
10,15,0,1,1,1,1,0.0,0.0,1,1,0.00755,0.25771,22.4,1.0,345.0,0.0,44.8,0.0,0.0,1.0,4.16
10,16,0,2,1,1,1,0.0,0.0,1,1,0.00755,0.25771,22.4,1.0,345.0,0.0,44.8,0.0,0.0,1.0,4.16
30,25,28,1,1,1,1,0.0,0.0,2,1,0.00738,0.21023,38.6,1.0,345.0,0.0,38.6,0.0,0.0,1.0,13.8
30,26,27,2,1,1,1,0.0,0.0,2,1,0.01321,0.38916,38.6,1.0,345.0,0.0,38.6,0.0,0.0,1.0,13.8
53,51,0,1,1,1,1,0.0,0.0,1,1,0.0216,0.41519,45.2,1.0,11.4,0.0,20.0,0.0,0.0,1.0,161.0
51,54,0,1,1,1,1,0.0,0.0,1,1,0.01283,0.23174,60.75,1.0,161.0,0.0,60.75,60.75,0.0,1.0,4.16
51,55,0,1,1,1,1,0.0,0.0,1,1,0.00932,0.24875,69.5,1.0,161.0,0.0,60.75,60.75,0.0,1.0,4.16
51,56,0,1,1,1,1,0.0,0.0,1,1,0.035,0.88131,15.0,1.0,161.0,0.0,15.0,15.0,0.0,1.0,13.8
51,57,0,1,1,1,1,0.0,0.0,1,1,0.01319,0.23172,60.75,1.0,161.0,0.0,60.75,60.75,0.0,1.0,4.16
51,58,0,1,1,1,1,0.0,0.0,1,1,0.00932,0.24875,60.75,1.0,161.0,0.0,60.75,60.75,0.0,1.0,4.16
51,59,0,1,1,1,1,0.0,0.0,1,1,0.03467,0.88599,15.0,1.0,161.0,0.0,15.0,15.0,0.0,1.0,13.8
100,103,0,1,1,1,1,0.0,0.0,1,1,0.00032,0.02531,570.0,1.0,345.0,0.0,570.0,570.0,0.0,0.95,18.0
100,104,0,1,1,1,1,0.0,0.0,1,1,0.00029,0.02461,570.0,1.0,345.0,0.0,570.0,570.0,0.0,0.95,18.0
100,105,0,1,1,1,1,0.0,0.0,1,1,0.00858,0.23371,20.4,1.0,345.0,0.0,20.4,0.0,0.0,1.0,4.16
100,106,0,2,1,1,1,0.0,0.0,1,1,0.00641,0.14604,20.4,0.975,345.0,0.0,20.4,0.0,0.0,1.0,4.16
210,211,0,1,1,2,1,0.0,0.0,2,1,0.001998,0.240759,999.0,1.0,345.0,0.0,999.0,0.0,0.0,0.975,25.0
210,212,0,1,1,2,1,0.0,0.0,2,1,0.00255,0.23,999.0,1.0,345.0,0.0,999.0,0.0,0.0,0.975,25.0
210,213,0,1,1,2,1,0.0,0.0,2,1,0.0024,0.2392,999.0,1.0,345.0,0.0,999.0,0.0,0.0,0.975,25.0
210,230,236,1,1,1,1,0.0,0.0,1,1,0.0004,0.0343,500.0,1.0125,345.0,0.0,500.0,0.0,0.0,1.0,161.0
210,220,226,2,1,1,1,0.0,0.0,1,1,0.0004,0.0343,500.0,1.0125,345.0,0.0,500.0,0.0,0.0,1.0,161.0
210,220,227,3,1,1,1,0.0,0.0,1,1,0.000400001,0.0339,500.0,1.0125,345.0,0.0,500.0,0.0,0.0,1.0,161.0
210,216,217,1,1,1,1,0.0,0.0,2,1,0.003833,0.188431,100.0,1.0125,345.0,0.0,60.8,0.0,0.0,1.0,13.8
210,218,219,1,1,1,1,0.0,0.0,2,1,0.0095,0.2446,100.0,1.0125,345.0,0.0,57.0,0.0,0.0,1.0,13.8
220,229,0,1,1,1,1,0.0,0.0,1,1,0.0176,0.5013,25.0,1.0,161.0,0.0,25.0,25.0,0.0,1.0,6.9
233,230,0,1,1,1,1,0.0,0.0,1,1,0.01593,0.55877,30.0,1.0,23.9,0.0,30.0,30.0,0.0,1.0,161.0
230,238,239,1,1,1,1,0.0,0.0,1,1,0.006667,0.248858,57.0,1.0125,161.0,0.0,57.0,0.0,0.0,1.0,13.8
291,299,0,1,1,1,1,0.0,0.0,1,1,0.0111,0.3521,12.0,1.0,161.0,0.0,12.0,12.0,0.0,1.0,12.0
294,321,0,1,1,1,1,0.0,0.0,1,1,0.0008,0.0584,400.0,1.0,161.0,0.0,400.0,400.0,0.0,1.0,25.0
294,322,0,1,1,1,1,0.0,0.0,1,1,0.0008,0.0584,400.0,1.0125,161.0,0.0,400.0,400.0,0.0,1.0,25.0
294,323,0,1,1,1,1,0.0,0.0,1,1,0.0008,0.0595,386.0,1.0,161.0,0.0,386.0,0.0,0.0,0.975,15.6
295,327,0,1,1,1,1,0.0,0.0,1,1,0.0004,0.0445,505.0,0.975,161.0,0.0,505.0,505.0,0.0,0.975,26.0
295,328,0,1,1,1,1,0.0,0.0,1,1,0.0004,0.0446,505.0,0.975,161.0,0.0,505.0,505.0,0.0,0.975,26.0
295,329,0,1,1,1,1,0.0,0.0,1,1,0.0004,0.0444,505.0,0.975,161.0,0.0,505.0,505.0,0.0,0.975,26.0
300,309,0,1,1,1,1,0.0,0.0,1,1,0.00094,0.05452,340.0,0.975,345.0,0.0,340.0,340.0,0.0,0.95,16.0
300,310,0,2,1,1,1,0.0,0.0,1,1,0.00097,0.05496,340.0,0.975,345.0,0.0,340.0,340.0,0.0,0.95,16.0
300,311,0,3,1,1,1,0.0,0.0,1,1,0.00097,0.05484,340.0,0.975,345.0,0.0,340.0,340.0,0.0,0.95,16.0
300,312,0,1,1,1,1,0.0,0.0,1,1,0.00094,0.05499,340.0,0.975,345.0,0.0,340.0,340.0,0.0,0.95,16.0
300,313,0,2,1,1,1,0.0,0.0,1,1,0.00097,0.05449,180.0,0.975,345.0,0.0,340.0,340.0,0.0,0.95,16.0
300,314,0,1,1,1,1,0.0,0.0,1,1,0.00097,0.05473,340.0,0.975,345.0,0.0,340.0,340.0,0.0,0.95,16.0
300,315,0,1,1,1,1,0.0,0.0,1,1,0.00094,0.05443,340.0,0.975,345.0,0.0,340.0,340.0,0.0,0.95,16.0
300,316,0,2,1,1,1,0.0,0.0,1,1,0.00097,0.0549,340.0,0.975,345.0,0.0,340.0,340.0,0.0,0.95,16.0
300,317,0,1,1,1,1,0.0,0.0,1,1,0.00097,0.0547,340.0,0.975,345.0,0.0,340.0,340.0,0.0,0.95,16.0
300,318,0,1,1,1,1,0.0,0.0,1,1,0.00097,0.05449,340.0,0.975,345.0,0.0,340.0,340.0,0.0,0.95,16.0
300,319,0,2,1,1,1,0.0,0.0,1,1,0.001,0.05481,340.0,0.975,345.0,0.0,340.0,340.0,0.0,0.95,16.0
300,320,0,1,1,1,1,0.0,0.0,1,1,0.00097,0.0552,340.0,0.975,345.0,0.0,340.0,340.0,0.0,0.95,16.0
300,324,0,1,1,1,1,0.0,0.0,1,1,0.00036,0.04594,505.0,0.975,345.0,0.0,505.0,505.0,0.0,0.975,26.0
300,325,0,1,1,1,1,0.0,0.0,1,1,0.00034,0.04614,505.0,0.975,345.0,0.0,505.0,505.0,0.0,0.975,26.0
300,326,0,1,1,1,1,0.0,0.0,1,1,0.0004,0.0461366,505.0,0.975,345.0,0.0,505.0,505.0,0.0,0.975,26.0
300,293,296,1,1,1,1,0.0,0.0,1,1,0.0004,0.0338,501.0,0.9875,345.0,0.0,500.0,0.0,0.0,1.0,161.0
300,293,297,2,1,1,1,0.0,0.0,1,1,0.0004,0.0339,501.0,0.9875,345.0,0.0,500.0,0.0,0.0,1.0,161.0
91851,301,0,1,1,1,1,0.0,0.0,1,1,0.00179,0.09409,195.0,0.975,161.0,0.0,195.0,195.0,0.0,0.95152,16.5
91853,304,0,1,1,1,1,0.0,0.0,1,1,0.00091,0.04811,373.0,0.975,161.0,0.0,373.0,373.0,0.0,0.95,18.0
91861,305,0,1,1,1,1,0.0,0.0,1,1,0.00185,0.09449,195.0,0.975,161.0,0.0,195.0,195.0,0.0,0.95152,16.5
91863,308,0,1,1,1,1,0.0,0.0,1,1,0.00083,0.04822,373.0,0.975,161.0,0.0,373.0,373.0,0.0,0.95,18.0
410,411,0,1,1,1,1,0.0,0.0,2,1,0.00517,0.19993,60.0,1.0,161.0,0.0,60.0,0.0,0.0,0.9565,13.8
450,451,0,1,1,1,1,0.0,0.0,1,1,0.0073,0.20648,57.5,1.0,161.0,0.0,57.5,57.5,0.0,0.95652,13.8
450,452,0,1,1,1,1,0.0,0.0,1,1,0.00748,0.19812,57.5,1.0,161.0,0.0,57.5,57.5,0.0,0.95652,13.8
513,511,0,1,1,1,1,0.0,0.0,1,1,0.00867,0.283,60.0,1.0,23.9,0.0,60.0,60.0,0.0,1.0,161.0
511,542,543,1,1,1,1,0.0,0.0,2,1,0.00330003,0.0255669,200.0,1.0,161.0,0.0,200.0,0.0,0.0,0.9565,13.8
511,544,545,2,1,1,1,0.0,0.0,2,1,0.00330003,0.117175,200.0,1.0,161.0,0.0,200.0,0.0,0.0,0.9565,13.8
530,531,0,1,1,1,1,0.0,0.0,1,1,0.0007,0.0246,640.0,1.0,345.0,0.0,640.0,640.0,0.0,0.95,22.0
530,532,0,1,1,1,1,0.0,0.0,1,1,0.0007,0.0246,640.0,1.0,345.0,0.0,640.0,640.0,0.0,0.95,22.0
530,533,0,1,1,1,1,0.0,0.0,1,1,0.00049,0.0219,716.8,1.0,345.0,0.0,716.8,0.0,0.0,0.95,22.0
530,534,0,1,1,1,1,0.0,0.0,1,1,0.0007,0.0246,640.0,1.0,345.0,0.0,640.0,640.0,0.0,0.95,22.0
530,546,0,1,1,1,1,0.0,0.0,1,1,0.0029515,0.102142,60.0,1.0,345.0,0.0,60.0,0.0,0.0,1.0,6.9
530,547,0,1,1,1,1,0.0,0.0,1,1,0.0029515,0.102142,60.0,1.0,345.0,0.0,60.0,0.0,0.0,1.0,6.9
530,548,0,1,1,1,1,0.0,0.0,1,1,0.006637,0.184975,60.0,1.0,345.0,0.0,60.0,60.0,0.0,1.0,6.9
530,554,0,1,1,1,1,0.0,0.0,2,1,0.0005,0.042,540.0,1.0,345.0,0.0,540.0,0.0,0.0,0.975,26.0
530,555,0,2,1,1,1,0.0,0.0,2,1,0.0005,0.042,540.0,1.0,345.0,0.0,540.0,0.0,0.0,0.975,26.0
530,556,0,S,1,1,1,0.0,0.0,2,1,0.0005,0.042,540.0,1.0,345.0,0.0,540.0,0.0,0.0,0.975,26.0
530,511,516,1,1,1,1,0.0,0.0,1,1,0.00044,0.0242,500.0,1.0,345.0,0.0,500.0,0.0,0.0,1.0,161.0
530,511,518,3,1,1,1,0.0,0.0,1,1,0.00033,0.02389,500.0,1.0,345.0,0.0,500.0,0.0,0.0,1.0,161.0
530,511,517,2,1,1,1,0.0,0.0,1,1,0.00036,0.02513,500.0,1.0,345.0,0.0,500.0,0.0,0.0,1.0,161.0
540,535,0,1,1,1,1,0.0,0.0,1,1,0.00012,0.0236,650.0,1.0,345.0,0.0,650.0,650.0,0.0,0.95,21.5
540,536,0,1,1,1,1,0.0,0.0,1,1,0.0005,0.025,728.0,1.0,345.0,0.0,728.0,728.0,0.0,0.95,21.5
540,537,0,1,1,1,1,0.0,0.0,1,1,0.00012,0.0236,650.0,1.0,345.0,0.0,650.0,650.0,0.0,0.95,21.5
540,538,0,1,1,1,1,0.0,0.0,1,1,0.00012,0.0236,650.0,1.0,345.0,0.0,650.0,650.0,0.0,0.95,21.5
90530,539,0,1,1,1,1,0.0,0.0,1,1,0.00048,0.02186,650.0,1.0,345.0,0.0,650.0,650.0,0.0,0.95,19.0
90540,541,0,1,1,1,1,0.0,0.0,1,1,0.00037,0.02263,650.0,1.0,345.0,0.0,650.0,650.0,0.0,0.95,19.0
550,551,0,1,1,1,1,0.0,0.0,1,1,0.0005,0.042,540.0,1.0,345.0,0.0,540.0,0.0,0.0,0.975,26.0
550,552,0,1,1,1,1,0.0,0.0,1,1,0.0005,0.0421,540.0,1.0,345.0,0.0,540.0,0.0,0.0,0.975,26.0
550,553,0,1,1,1,1,0.0,0.0,1,1,0.0005,0.0423,540.0,1.0,345.0,0.0,540.0,0.0,0.0,0.975,26.0
660,590,0,1,1,1,1,0.0,0.0,2,1,0.00068,0.05767,395.0,1.0,345.0,0.0,395.0,0.0,0.0,0.975,20.0
660,591,0,2,1,1,1,0.0,0.0,2,1,0.00068,0.05777,395.0,1.0,345.0,0.0,395.0,0.0,0.0,0.975,20.0
660,592,0,S,1,1,1,0.0,0.0,2,1,0.00067,0.05752,376.0,1.0,345.0,0.0,376.0,0.0,0.0,0.975,20.0
650,593,0,1,1,1,1,0.0,0.0,2,1,0.00069,0.0582,395.0,1.0,345.0,0.0,395.0,0.0,0.0,0.975,20.0
650,594,0,2,1,1,1,0.0,0.0,2,1,0.00068,0.05779,395.0,1.0,345.0,0.0,395.0,0.0,0.0,0.975,20.0
650,595,0,S,1,1,1,0.0,0.0,2,1,0.00067,0.05763,376.0,1.0,345.0,0.0,376.0,0.0,0.0,0.975,20.0
650,596,0,1,1,1,1,0.0,0.0,2,1,0.000632911,0.0579458,395.0,1.0,345.0,0.0,395.0,0.0,0.0,0.975,20.0
650,597,0,2,1,1,1,0.0,0.0,2,1,0.000683544,0.0577934,395.0,1.0,345.0,0.0,395.0,0.0,0.0,0.975,20.0
650,598,0,S,1,1,1,0.0,0.0,2,1,0.00069,0.05747,376.0,1.0,345.0,0.0,376.0,0.0,0.0,0.975,20.0
600,652,656,1,1,1,1,0.0,0.0,1,1,0.00128,0.0557,200.0,1.00031,161.0,0.0,200.0,0.0,0.0,1.0,69.0
601,627,0,1,1,1,1,0.0,0.0,1,1,0.0025,0.08424,145.0,1.0,161.0,0.0,145.0,145.0,0.0,0.95652,13.8
601,652,657,2,1,1,1,0.0,0.0,1,1,0.00155,0.06028,200.0,1.00028,161.0,0.0,200.0,0.0,0.0,1.0,69.0
610,625,0,1,1,1,1,0.0,0.0,1,1,0.00246,0.08569,145.0,1.0,161.0,0.0,145.0,145.0,0.0,0.9565,13.8
610,626,0,2,1,1,1,0.0,0.0,1,1,0.0025,0.08486,145.0,1.0,161.0,0.0,145.0,145.0,0.0,0.9565,13.8
610,697,698,1,1,1,1,0.0,0.0,1,1,0.00368,0.21631,250.0,1.0,161.0,0.0,250.0,0.0,0.0,0.9565,13.8
650,600,662,1,1,1,1,0.0,0.0,2,1,0.00048,0.03234,500.0,0.9875,345.0,0.0,500.0,0.0,0.0,1.0,161.0
650,628,663,2,1,1,1,0.0,0.0,2,1,0.00046,0.03252,500.0,0.9875,345.0,0.0,500.0,0.0,0.0,1.0,161.0
650,601,664,3,1,1,1,0.0,0.0,2,1,0.00046,0.03252,500.0,0.9875,345.0,0.0,500.0,0.0,0.0,1.0,161.0
660,611,665,4,1,1,1,0.0,0.0,2,1,0.0004,0.0342,500.0,0.9875,345.0,0.0,500.0,0.0,0.0,1.0,161.0
700,701,0,1,1,1,1,0.0,0.0,1,1,0.0012,0.0498,280.0,1.0,345.0,0.0,280.0,280.0,0.0,1.0,16.5
700,702,0,1,1,1,1,0.0,0.0,1,1,0.0012,0.0498,280.0,1.0,345.0,0.0,280.0,280.0,0.0,1.0,16.5
700,703,0,1,1,1,1,0.0,0.0,1,1,0.0012,0.0498,280.0,1.0,345.0,0.0,280.0,280.0,0.0,1.0,16.5
700,704,0,1,1,1,1,0.0,0.0,1,1,0.0012,0.0498,280.0,1.0,345.0,0.0,280.0,280.0,0.0,1.0,16.5
700,705,0,1,1,1,1,0.0,0.0,1,1,0.01441,0.30121,34.0,1.0,345.0,0.0,34.0,34.0,0.0,1.0,6.9
700,706,0,1,1,1,1,0.0,0.0,1,1,0.01441,0.30121,34.0,1.0,345.0,0.0,34.0,34.0,0.0,1.0,6.9
710,711,0,1,1,1,1,0.0,0.0,1,1,0.001,0.0487,300.0,1.0,345.0,0.0,300.0,300.0,0.0,1.0,16.5
710,712,0,1,1,1,1,0.0,0.0,1,1,0.001,0.0487,300.0,1.0,345.0,0.0,300.0,300.0,0.0,1.0,16.5
710,713,0,1,1,1,1,0.0,0.0,1,1,0.001,0.0501,300.0,1.0,345.0,0.0,300.0,300.0,0.0,1.0,16.5
710,717,0,1,1,1,1,0.0,0.0,2,1,0.0132,0.39749,36.66,1.0,345.0,0.0,36.7,36.7,0.0,1.0,13.8
720,714,0,1,1,1,1,0.0,0.0,1,1,0.001,0.0501,300.0,1.0,345.0,0.0,300.0,300.0,0.0,1.0,16.5
720,715,0,1,1,1,1,0.0,0.0,1,1,0.001,0.0501,300.0,1.0,345.0,0.0,300.0,300.0,0.0,1.0,16.5
720,716,0,1,1,1,1,0.0,0.0,1,1,0.001,0.0501,300.0,1.0,345.0,0.0,300.0,300.0,0.0,1.0,16.5
720,718,0,1,1,1,1,0.0,0.0,1,1,0.0132,0.39749,36.66,1.0,345.0,0.0,36.7,36.7,0.0,1.0,13.8
800,801,0,1,1,1,1,0.0,0.0,1,1,0.01377,0.3462,30.0,1.0,161.0,0.0,30.0,30.0,0.0,0.95455,11.0
800,802,0,1,1,1,1,0.0,0.0,1,1,0.01383,0.3297,30.0,1.0,161.0,0.0,30.0,30.0,0.0,0.95455,11.0
800,803,0,1,1,1,1,0.0,0.0,1,1,0.01387,0.33113,30.0,1.0,161.0,0.0,30.0,30.0,0.0,0.95455,11.0
800,804,0,1,1,1,1,0.0,0.0,1,1,0.0193,0.4,30.0,1.0,161.0,0.0,30.0,30.0,0.0,0.95455,11.0
800,805,0,1,1,1,1,0.0,0.0,1,1,0.00187,0.0728,134.0,1.0,161.0,0.0,134.0,134.0,0.0,0.95652,13.8
822,820,0,1,1,1,1,0.0,0.0,1,1,0.015,0.5353,20.0,1.0,23.9,0.0,20.0,20.0,0.0,1.0,161.0
822,820,0,2,1,1,1,0.0,0.0,1,1,0.015,0.5353,20.0,1.0,23.9,0.0,20.0,20.0,0.0,1.0,161.0
820,825,0,1,1,1,1,0.0,0.0,1,1,0.00662001,0.17752,68.0,1.0,161.0,0.0,68.0,68.0,0.0,0.9565,13.8
820,826,0,2,1,1,1,0.0,0.0,1,1,0.00662,0.17738,68.0,1.0,161.0,0.0,68.0,68.0,0.0,0.9565,13.8
820,827,0,3,1,1,1,0.0,0.0,1,1,0.00662,0.1762,68.0,1.0,161.0,0.0,68.0,68.0,0.0,0.9565,13.8
820,828,0,4,1,1,1,0.0,0.0,1,1,0.00662001,0.17458,68.0,1.0,161.0,0.0,68.0,68.0,0.0,0.9565,13.8
830,831,0,1,1,1,1,0.0,0.0,2,1,0.00314,0.11233,118.0,1.0,161.0,0.0,118.0,0.0,0.0,0.9565,13.8
830,832,0,2,1,1,1,0.0,0.0,2,1,0.00314,0.11233,118.0,1.0,161.0,0.0,118.0,0.0,0.0,0.9565,13.8
830,833,0,3,1,1,1,0.0,0.0,2,1,0.00331,0.11309,118.0,1.0,161.0,0.0,118.0,0.0,0.0,0.9565,13.8
830,834,0,4,1,1,1,0.0,0.0,2,1,0.00331,0.11241,118.0,1.0,161.0,0.0,118.0,0.0,0.0,0.9565,13.8
830,835,0,1,1,1,1,0.0,0.0,2,1,0.09333,3.07525,3.0,1.0,161.0,0.0,3.0,0.0,0.0,1.0,11.95
840,841,0,1,1,1,1,0.0,0.0,1,1,0.00364,0.0984,100.0,1.0,161.0,0.0,100.0,100.0,0.0,0.95652,13.8
840,842,0,1,1,1,1,0.0,0.0,1,1,0.00364,0.0984,100.0,1.0,161.0,0.0,100.0,100.0,0.0,0.95652,13.8
840,843,0,1,1,1,1,0.0,0.0,1,1,0.00364,0.0984,100.0,1.0,161.0,0.0,100.0,100.0,0.0,0.95652,13.8
844,840,0,1,1,1,1,0.0,0.0,1,1,0.015,0.54779,20.0,1.0,23.9,0.0,20.0,20.0,0.0,1.0,161.0
844,840,0,2,1,1,1,0.0,0.0,1,1,0.015,0.5353,20.0,1.0,23.9,0.0,20.0,20.0,0.0,1.0,161.0
850,851,0,1,1,1,1,0.0,0.0,1,1,0.02192,0.36164,26.0,1.0,161.0,0.0,26.0,26.0,0.0,0.95455,11.0
850,852,0,1,1,1,1,0.0,0.0,1,1,0.02192,0.3655,26.0,1.0,161.0,0.0,26.0,26.0,0.0,0.95455,11.0
853,850,0,1,1,1,1,0.0,0.0,1,1,0.0115,0.566,30.0,0.9875,23.9,0.0,30.0,30.0,0.0,1.0,161.0
860,861,0,1,1,1,1,0.0,0.0,1,1,0.01739,0.43039,28.0,1.0,161.0,0.0,28.0,28.0,0.0,0.95455,11.0
860,862,0,1,1,1,1,0.0,0.0,1,1,0.02229,0.44389,28.0,1.0,161.0,0.0,28.0,28.0,0.0,0.95455,11.0
860,863,0,1,1,1,1,0.0,0.0,1,1,0.01629,0.4233,28.0,1.0,161.0,0.0,28.0,28.0,0.0,0.95455,11.0
860,864,0,1,1,1,1,0.0,0.0,1,1,0.01629,0.4225,28.0,1.0,161.0,0.0,28.0,28.0,0.0,0.95455,11.0
860,865,0,1,1,1,1,0.0,0.0,1,1,0.01629,0.4225,28.0,1.0,161.0,0.0,28.0,28.0,0.0,0.95455,11.0
870,872,0,2,1,1,1,0.0,0.0,2,1,0.01825,0.40559,40.0,1.0,161.0,0.0,40.0,40.0,0.0,1.0,69.0
870,874,0,4,1,1,1,0.0,0.0,2,1,0.01816,0.40527,33.25,1.0,161.0,0.0,33.25,33.25,0.0,0.9565,13.8
870,872,871,1,1,1,1,0.0,0.0,1,1,0.01925,0.43257,40.0,1.0,161.0,0.0,40.0,0.0,0.0,1.0,69.0
870,872,873,1,1,1,1,0.0,0.0,1,1,0.01925,0.43257,40.0,1.0,161.0,0.0,40.0,0.0,0.0,1.0,69.0
875,876,0,1,1,1,1,0.0,0.0,2,1,0.018,0.4016,25.0,1.0,161.0,0.0,25.0,25.0,0.0,0.9565,13.8
876,877,0,2,1,1,1,0.0,0.0,2,1,0.001826,0.018157,3.5,1.0,13.8,0.0,3.5,3.5,0.0,0.94286,3.5
880,881,0,1,1,1,1,0.0,0.0,1,1,0.00851,0.30579,39.0,1.0,161.0,0.0,52.0,52.0,0.0,0.95652,13.8
880,882,0,2,1,1,1,0.0,0.0,1,1,0.009,0.30831,39.0,1.0,161.0,0.0,52.0,52.0,0.0,0.95652,13.8
883,880,0,1,1,1,1,0.0,0.0,1,1,0.0162,0.5481,30.0,1.0,23.9,0.0,30.0,30.0,0.0,1.0,161.0
890,891,0,1,1,1,1,0.0,0.0,1,1,0.00407,0.14076,86.0,1.0,161.0,0.0,86.0,86.0,0.0,0.9565,13.8
890,892,0,1,1,1,1,0.0,0.0,1,1,0.00419,0.13982,86.0,1.0,161.0,0.0,86.0,86.0,0.0,0.9565,13.8
1000,1009,0,1,1,1,1,0.0,0.0,1,1,0.0206,0.6195,33.9,0.975,345.0,0.0,33.9,33.9,0.0,1.0,13.8
1020,1007,0,1,1,1,1,0.0,0.0,1,1,0.0058,0.2048,64.0,1.0,161.0,0.0,64.0,64.0,0.0,1.0,13.8
1020,1008,0,1,1,1,1,0.0,0.0,1,1,0.0058,0.2045,64.0,1.0,161.0,0.0,64.0,64.0,0.0,1.0,13.8
1020,1021,1022,1,1,1,1,0.0,0.0,2,1,0.00371681,0.181083,33.9,0.9565,161.0,0.0,33.9,0.0,0.0,1.0,13.8
1020,1021,1023,2,1,1,1,0.0,0.0,2,1,0.00365782,0.183444,33.9,0.95652,161.0,0.0,33.9,0.0,0.0,1.0,13.8
1030,1033,0,3,1,2,1,0.0,0.0,2,1,0.0,0.098,10.0,1.0,69.0,0.0,12.5,12.5,0.0,0.9565,13.8
1030,1034,0,4,1,2,1,0.0,0.0,2,1,0.0,0.0984,10.0,1.0,69.0,0.0,12.5,12.5,0.0,0.9565,13.8
1030,1035,0,5,1,2,1,0.0,0.0,2,1,0.0,0.0982,10.0,1.0,69.0,0.0,12.5,12.5,0.0,0.9565,13.8
1030,1036,0,6,1,2,1,0.0,0.0,2,1,0.0,0.0982,10.0,1.0,69.0,0.0,12.5,12.5,0.0,0.9565,13.8
1030,1037,0,7,1,2,1,0.0,0.0,2,1,0.0,0.098,10.0,1.0,69.0,0.0,12.5,12.5,0.0,0.9565,13.8
1030,1038,0,8,1,2,1,0.0,0.0,2,1,0.0,0.0975,10.0,1.0,69.0,0.0,12.5,12.5,0.0,0.9565,13.8
1030,1039,0,9,1,2,1,0.0,0.0,2,1,0.0,0.0982,10.0,1.0,69.0,0.0,12.5,12.5,0.0,0.9565,13.8
1030,1040,0,10,1,2,1,0.0,0.0,2,1,0.0,0.0987,10.0,1.0,69.0,0.0,12.5,12.5,0.0,0.9565,13.8
1030,1041,0,11,1,2,1,0.0,0.0,2,1,0.0,0.099,10.0,1.0,69.0,0.0,12.5,12.5,0.0,0.9565,13.8
1030,1042,0,12,1,2,1,0.0,0.0,2,1,0.0,0.0982,10.0,1.0,69.0,0.0,12.5,12.5,0.0,0.9565,13.8
1043,1031,0,1,1,2,1,0.0,0.0,2,1,0.0,0.098,10.0,1.0,69.0,0.0,12.5,12.5,0.0,0.9565,13.8
1043,1032,0,2,1,2,1,0.0,0.0,2,1,0.0,0.0979,10.0,1.0,69.0,0.0,12.5,12.5,0.0,0.9565,13.8
1050,1060,0,1,1,1,1,0.0,0.0,1,1,0.000474074,0.0422204,540.0,0.975,345.0,0.0,540.0,540.0,0.0,0.975,26.0
1050,1061,0,1,1,1,1,0.0,0.0,1,1,0.000472222,0.0421463,540.0,0.975,345.0,0.0,540.0,540.0,0.0,0.975,26.0
1050,1062,0,1,1,1,1,0.0,0.0,1,1,0.0005,0.0421,540.0,0.975,345.0,0.0,540.0,0.0,0.0,0.975,26.0
1050,1063,0,1,1,1,1,0.0,0.0,1,1,0.0005,0.0421,540.0,0.975,345.0,0.0,540.0,0.0,0.0,0.975,26.0
1050,1064,0,1,1,1,1,0.0,0.0,1,1,0.0005,0.0421,540.0,0.975,345.0,0.0,540.0,540.0,0.0,0.975,26.0
1050,1065,0,1,1,1,1,0.0,0.0,2,1,0.0005,0.0422,540.0,0.975,345.0,0.0,540.0,0.0,0.0,0.975,26.0
1050,1066,0,1,1,1,1,0.0,0.0,2,1,0.000628,0.042593,540.0,1.0,345.0,0.0,540.0,0.0,0.0,0.975,26.0
1050,1067,0,2,1,1,1,0.0,0.0,2,1,0.000628,0.042593,540.0,1.0,345.0,0.0,540.0,0.0,0.0,0.975,26.0
1050,1051,1058,3,1,1,1,0.0,0.0,2,1,0.00046,0.03244,500.0,1.0,345.0,0.0,500.0,0.0,0.0,1.0,0.0
1050,1051,1056,1,1,1,1,0.0,0.0,2,1,0.000453464,0.032416,500.0,1.0,345.0,0.0,500.0,0.0,0.0,1.0,161.0
1050,1051,1057,1,1,1,1,0.0,0.0,2,1,0.00046,0.03258,500.0,1.0,0.0,0.0,0.0,0.0,0.0,1.0,0.0
1051,1068,0,1,1,1,1,0.0,0.0,2,1,0.000628,0.042593,540.0,1.0,161.0,0.0,540.0,0.0,0.0,0.975,26.0
1090,1079,0,1,1,1,1,0.0,0.0,1,1,0.00136,0.05954,250.0,1.0,345.0,0.0,250.0,250.0,0.0,0.95,16.0
1080,1083,0,1,1,1,1,0.0,0.0,1,1,0.0002,0.0238,640.0,1.0,345.0,0.0,640.0,0.0,0.0,0.95,22.0
1080,1084,0,1,1,1,1,0.0,0.0,1,1,0.0002,0.0238,640.0,1.0,345.0,0.0,640.0,640.0,0.0,0.95,22.0
1080,1085,0,1,1,1,1,0.0,0.0,1,1,0.00511302,0.235463,30.0,1.0,345.0,0.0,60.0,0.0,0.0,1.0,4.16
1090,1089,0,1,1,1,1,0.0,0.0,1,1,0.00132,0.05999,250.0,1.0,345.0,0.0,250.0,250.0,0.0,0.95,16.0
1090,1093,0,1,1,1,1,0.0,0.0,1,1,0.00136,0.05994,250.0,1.0,345.0,0.0,250.0,250.0,0.0,0.95,16.0
1090,1096,0,1,1,1,1,0.0,0.0,1,1,0.00132,0.05932,250.0,1.0,345.0,0.0,250.0,250.0,0.0,0.95,16.0
1090,1099,0,1,1,1,1,0.0,0.0,1,1,0.00132,0.05932,250.0,1.0,345.0,0.0,250.0,250.0,0.0,0.95,16.0
1090,1077,1078,1,1,1,1,0.0,0.0,1,1,0.0011091,0.0692184,330.0,1.0,345.0,0.0,330.0,0.0,0.0,0.9565,13.8
1090,1087,1088,1,1,1,1,0.0,0.0,1,1,0.0012758,0.0665938,330.0,1.0,345.0,0.0,330.0,0.0,0.0,0.9565,13.8
1090,1091,1092,1,1,1,1,0.0,0.0,1,1,0.0012727,0.0666697,330.0,1.0,345.0,0.0,330.0,0.0,0.0,0.9565,13.8
1090,1094,1095,1,1,1,1,0.0,0.0,1,1,0.0014091,0.0677126,330.0,1.0,345.0,0.0,330.0,0.0,0.0,0.9565,13.8
1090,1097,1098,1,1,1,1,0.0,0.0,1,1,0.0012727,0.0666818,330.0,1.0,345.0,0.0,330.0,0.0,0.0,0.9565,13.8
1130,1101,0,1,1,1,1,0.0,0.0,2,1,0.0002,0.0237,999.0,1.0,345.0,0.0,999.0,0.0,0.0,0.975,25.0
1130,1102,0,1,1,1,1,0.0,0.0,2,1,0.0002,0.0238,999.0,1.0,345.0,0.0,999.0,0.0,0.0,0.975,25.0
1120,1106,0,1,1,1,1,0.0,0.0,1,1,0.0003,0.0235,728.0,1.0043,161.0,0.0,728.0,728.0,0.0,0.9488,21.5
1110,1125,1126,1,1,1,1,0.0,0.0,1,1,0.006667,0.31062,100.0,1.0,161.0,0.0,57.0,0.0,0.0,1.0,13.8
1123,1120,0,1,1,1,1,0.0,0.0,1,1,0.00848,0.2637,60.0,1.0,23.9,0.0,60.0,60.0,0.0,1.0,161.0
1120,1124,0,1,1,1,1,0.0,0.0,1,1,0.0063,0.32,37.5,1.0,161.0,0.0,37.5,37.5,0.0,1.0,4.2
1130,1110,1135,3,1,1,1,0.0,0.0,1,1,0.0004,0.0335,500.0,1.0,345.0,0.0,500.0,0.0,0.0,1.0,161.0
1130,1100,1137,4,1,1,1,0.0,0.0,2,1,0.0004,0.0335,500.0,1.0,345.0,0.0,500.0,0.0,0.0,1.0,161.0
1130,1120,1136,5,1,1,1,0.0,0.0,1,1,0.0004,0.0336,500.0,1.0,345.0,0.0,500.0,0.0,0.0,1.0,161.0
1130,1110,1138,6,1,1,1,0.0,0.0,2,1,0.0005,0.0325,500.0,1.0,345.0,0.0,500.0,0.0,0.0,1.0,161.0
1130,1141,1142,1,1,1,1,0.0,0.0,2,1,0.004,0.2737,122.5,1.0,345.0,0.0,122.5,0.0,0.0,1.0,13.8
1200,1201,0,1,1,1,1,0.0,0.0,1,1,0.0031,0.1242,131.0,1.0,161.0,0.0,131.0,131.0,0.0,0.95652,13.8
1200,1202,0,1,1,1,1,0.0,0.0,1,1,0.003,0.1228,131.0,1.0,161.0,0.0,131.0,131.0,0.0,0.95652,13.8
1200,1203,0,1,1,1,1,0.0,0.0,1,1,0.0022,0.088,175.0,1.0,161.0,0.0,175.0,175.0,0.0,0.95652,13.8
1200,1204,0,1,1,1,1,0.0,0.0,1,1,0.003,0.123,131.0,1.0,161.0,0.0,131.0,131.0,0.0,0.95652,13.8
1200,1205,0,1,1,1,1,0.0,0.0,1,1,0.003,0.1229,131.0,1.0,161.0,0.0,131.0,131.0,0.0,0.95652,13.8
1200,1206,0,1,1,1,1,0.0,0.0,1,1,0.0022,0.0879,175.0,1.0,161.0,0.0,175.0,175.0,0.0,0.95652,13.8
1210,1211,0,1,1,1,1,0.0,0.0,1,1,0.003,0.1248,131.0,1.0,161.0,0.0,131.0,131.0,0.0,0.95652,13.8
1210,1212,0,1,1,1,1,0.0,0.0,1,1,0.0028,0.1225,131.0,1.0,161.0,0.0,131.0,131.0,0.0,0.95652,13.8
1210,1213,0,1,1,1,1,0.0,0.0,1,1,0.0022,0.0879,175.0,1.0,161.0,0.0,175.0,175.0,0.0,0.95652,13.8
1210,1214,0,1,1,1,1,0.0,0.0,1,1,0.0011,0.051,330.0,1.0,161.0,0.0,330.0,330.0,0.0,0.95,16.0
1401,1400,0,1,1,1,1,0.0,0.0,2,1,0.0066,0.1876,60.0,0.95,11.0,0.0,60.0,60.0,0.0,1.0,69.0
1401,1400,0,2,1,1,1,0.0,0.0,2,1,0.0069,0.1413,60.0,0.95,11.0,0.0,60.0,60.0,0.0,1.0,69.0
1500,1501,1507,1,1,1,1,0.0,0.0,1,1,0.00031,0.02419,501.0,1.0125,345.0,0.0,500.0,0.0,0.0,1.0,161.0
1500,1501,1508,2,1,1,1,0.0,0.0,1,1,0.00034,0.02395,501.0,1.0125,345.0,0.0,500.0,0.0,0.0,1.0,161.0
1500,1501,1509,3,1,1,1,0.0,0.0,1,1,0.00035,0.02439,501.0,1.0125,345.0,0.0,500.0,0.0,0.0,1.0,161.0
60180,1501,0,1,1,1,1,0.0,0.0,1,1,0.0075,0.2819,60.0,1.0,23.9,0.0,60.0,60.0,0.0,1.0,161.0
1550,1551,1555,1,1,1,1,0.0,0.0,1,1,0.00036,0.03305,501.0,1.0125,345.0,0.0,500.0,0.0,0.0,1.0,161.0
1550,1551,1556,2,1,1,1,0.0,0.0,1,1,0.00036,0.03305,501.0,1.0125,345.0,0.0,500.0,0.0,0.0,1.0,161.0
1550,1551,1557,3,1,1,1,0.0,0.0,1,1,0.00036,0.03305,501.0,1.0125,345.0,0.0,500.0,0.0,0.0,1.0,161.0
1550,1551,1558,4,1,1,1,0.0,0.0,1,1,0.0004,0.0343,501.0,1.0125,345.0,0.0,500.0,0.0,0.0,1.0,161.0
1550,1551,1559,5,1,1,1,0.0,0.0,1,1,0.0004,0.03383,501.0,1.0125,345.0,0.0,500.0,0.0,0.0,1.0,161.0
1570,1571,1575,1,1,1,1,0.0,0.0,2,1,0.00034,0.03466,500.0,1.0,345.0,0.0,500.0,0.0,0.0,1.0,161.0
1580,1581,1586,1,1,1,1,0.0,0.0,2,1,0.00044,0.0338,500.0,1.0,345.0,0.0,500.0,500.0,0.0,1.0,161.0
1580,1581,1587,2,1,1,1,0.0,0.0,2,1,0.00044,0.03386,500.0,1.0,345.0,0.0,500.0,500.0,0.0,1.0,161.0
1580,1591,1596,3,1,1,1,0.0,0.0,2,1,0.00044,0.03382,500.0,1.0,345.0,0.0,500.0,500.0,0.0,1.0,161.0
1583,1581,0,1,1,1,1,0.0,0.0,1,1,0.0084,0.2665,60.0,1.0,23.9,0.0,60.0,60.0,0.0,1.0,161.0
1583,1581,0,2,1,1,1,0.0,0.0,1,1,0.0085,0.2664,60.0,1.0,23.9,0.0,60.0,60.0,0.0,1.0,161.0
1593,1591,0,3,1,1,1,0.0,0.0,1,1,0.0071,0.2809,60.0,0.9875,23.9,0.0,60.0,60.0,0.0,1.0,161.0
1593,1591,0,4,1,1,1,0.0,0.0,1,1,0.0073,0.2821,60.0,0.9875,23.9,0.0,60.0,60.0,0.0,1.0,161.0
1610,1611,1615,1,1,1,1,0.0,0.0,2,1,0.00034,0.03446,500.0,1.0,345.0,0.0,500.0,0.0,0.0,1.0,161.0
1610,1611,1616,2,1,1,1,0.0,0.0,2,1,0.00034,0.03446,500.0,1.0,345.0,0.0,500.0,0.0,0.0,1.0,161.0
1610,1611,1617,3,1,1,1,0.0,0.0,2,1,0.00034,0.03446,500.0,1.0,345.0,0.0,500.0,0.0,0.0,1.0,161.0
1650,1651,1656,1,1,1,1,0.0,0.0,1,1,0.00032,0.02385,501.0,1.0125,345.0,0.0,500.0,0.0,0.0,1.0,161.0
1650,1651,1657,2,1,1,1,0.0,0.0,1,1,0.00036,0.02495,501.0,1.0125,345.0,0.0,500.0,0.0,0.0,1.0,161.0
1650,1651,1658,3,1,1,1,0.0,0.0,1,1,0.00036,0.02495,501.0,1.0125,345.0,0.0,500.0,0.0,0.0,1.0,161.0
1650,1661,1666,4,1,1,1,0.0,0.0,1,1,0.00034,0.02389,501.0,1.0125,345.0,0.0,500.0,0.0,0.0,1.0,161.0
1650,1661,1667,5,1,1,1,0.0,0.0,1,1,0.00034,0.02387,501.0,1.0125,345.0,0.0,500.0,0.0,0.0,1.0,161.0
1663,1661,0,1,1,1,1,0.0,0.0,1,1,0.00897,0.28903,60.0,0.9625,23.9,0.0,60.0,60.0,0.0,1.0,161.0
1700,1701,1706,1,1,1,1,0.0,0.0,1,1,0.00034,0.03354,500.0,1.0,345.0,0.0,500.0,0.0,0.0,1.0,161.0
1700,1701,1707,2,1,1,1,0.0,0.0,1,1,0.00034,0.03362,500.0,1.0,345.0,0.0,500.0,0.0,0.0,1.0,161.0
1700,1711,1716,3,1,1,1,0.0,0.0,1,1,0.00034,0.03376,500.0,1.0,345.0,0.0,500.0,0.0,0.0,1.0,161.0
1700,1711,1717,4,1,1,1,0.0,0.0,1,1,0.00034,0.03362,501.0,1.0,345.0,0.0,500.0,0.0,0.0,1.0,161.0
1700,1711,1718,5,1,1,1,0.0,0.0,1,1,0.00036,0.03368,500.0,1.0,345.0,0.0,500.0,0.0,0.0,1.0,161.0
1750,1751,1756,1,1,1,1,0.0,0.0,1,1,0.00046,0.03447,501.0,1.025,345.0,0.0,500.0,0.0,0.0,1.0,161.0
1750,1751,1757,2,1,1,1,0.0,0.0,1,1,0.00046,0.03431,501.0,1.025,345.0,0.0,500.0,0.0,0.0,1.0,161.0
1750,1751,1758,3,1,1,1,0.0,0.0,1,1,0.00042,0.03397,501.0,1.025,345.0,0.0,500.0,0.0,0.0,1.0,161.0
1750,1761,1766,1,1,1,1,0.0,0.0,1,1,0.00046,0.03432,501.0,1.0125,345.0,0.0,500.0,0.0,0.0,1.0,161.0
1750,1761,1767,2,1,1,1,0.0,0.0,1,1,0.00044,0.03419,501.0,1.0125,345.0,0.0,500.0,0.0,0.0,1.0,161.0
1750,1761,1768,3,1,1,1,0.0,0.0,1,1,0.00045,0.03407,501.0,1.0125,345.0,0.0,500.0,0.0,0.0,1.0,161.0
1750,1781,1769,4,1,1,1,0.0,0.0,1,1,0.00046,0.03391,501.0,1.0125,345.0,0.0,500.0,0.0,0.0,1.0,161.0
1750,1751,1759,4,1,1,1,0.0,0.0,1,1,0.00034,0.03374,501.0,1.025,345.0,0.0,500.0,0.0,0.0,1.0,161.0
1751,1752,1777,1,1,1,1,0.0,0.0,1,1,0.0014,0.06209,200.0,1.0125,161.0,0.0,200.0,0.0,0.0,1.0,69.0
1751,1752,1778,2,1,1,1,0.0,0.0,1,1,0.00144,0.05868,200.0,1.0125,161.0,0.0,200.0,0.0,0.0,1.0,69.0
1751,1752,1779,3,1,1,1,0.0,0.0,1,1,0.0014,0.06183,200.0,1.0125,161.0,0.0,200.0,0.0,0.0,1.0,69.0
60200,1891,0,1,1,1,1,0.0,0.0,1,1,0.0077,0.2707,60.0,1.0,23.9,0.0,60.0,60.0,0.0,1.0,161.0
1900,1901,1906,1,1,1,1,0.0,0.0,1,1,0.00032,0.03445,501.0,1.0125,345.0,0.0,500.0,0.0,0.0,1.0,161.0
1900,1901,1907,1,1,1,1,0.0,0.0,1,1,0.00032,0.03445,501.0,1.0125,345.0,0.0,500.0,0.0,0.0,1.0,161.0
1900,1901,1908,1,1,1,1,0.0,0.0,1,1,0.00032,0.03445,501.0,1.0125,345.0,0.0,500.0,0.0,0.0,1.0,161.0
1900,1901,1909,1,1,1,1,0.0,0.0,1,1,0.00033,0.03373,501.0,1.0125,345.0,0.0,500.0,0.0,0.0,1.0,161.0
1900,1901,1905,1,1,1,1,0.0,0.0,1,1,0.0004,0.034,501.0,1.0125,345.0,0.0,500.0,0.0,0.0,1.0,161.0
1910,1911,1918,1,1,1,1,0.0,0.0,1,1,0.00032,0.03443,501.0,1.025,345.0,0.0,500.0,0.0,0.0,1.0,161.0
1910,1911,1919,1,1,1,1,0.0,0.0,1,1,0.00032,0.03435,501.0,1.025,345.0,0.0,500.0,0.0,0.0,1.0,161.0
1910,1911,1917,1,1,1,1,0.0,0.0,1,1,0.00041,0.03342,501.0,1.025,345.0,0.0,500.0,0.0,0.0,1.0,161.0
1930,1931,1936,1,1,1,1,0.0,0.0,1,1,0.00034,0.03376,500.0,0.95,345.0,0.0,500.0,0.0,0.0,1.0,161.0
1930,1931,1937,2,1,1,1,0.0,0.0,1,1,0.00048,0.03242,500.0,0.95,345.0,0.0,500.0,0.0,0.0,1.0,161.0
1930,1931,1938,3,1,1,1,0.0,0.0,1,1,0.00048,0.03244,500.0,0.95,345.0,0.0,500.0,0.0,0.0,1.0,161.0
1930,1941,1946,4,1,1,1,0.0,0.0,1,1,0.00048,0.03224,500.0,0.95,345.0,0.0,500.0,0.0,0.0,1.0,161.0
1930,1941,1947,5,1,1,1,0.0,0.0,1,1,0.00048,0.03232,500.0,0.95,345.0,0.0,500.0,0.0,0.0,1.0,161.0
1930,1941,1948,6,1,1,1,0.0,0.0,1,1,0.00046,0.03236,500.0,0.95,345.0,0.0,500.0,0.0,0.0,1.0,161.0
2000,2001,2005,1,1,1,1,0.0,0.0,1,1,0.00046,0.03423,501.0,0.975,345.0,0.0,500.0,0.0,0.0,1.0,161.0
2000,2001,2007,2,1,1,1,0.0,0.0,1,1,0.00034,0.03475,501.0,0.975,345.0,0.0,500.0,0.0,0.0,1.0,161.0
2000,2001,2008,3,1,1,1,0.0,0.0,1,1,0.00034,0.03475,501.0,0.975,345.0,0.0,500.0,0.0,0.0,1.0,161.0
2000,2001,2009,4,1,1,1,0.0,0.0,1,1,0.00034,0.03475,501.0,0.975,345.0,0.0,500.0,0.0,0.0,1.0,161.0
2000,2001,2006,5,1,1,1,0.0,0.0,1,1,0.0004,0.0338,501.0,0.975,345.0,0.0,500.0,0.0,0.0,1.0,161.0
2003,2001,0,1,1,1,1,0.0,0.0,1,1,0.00882,0.28182,60.0,0.9875,23.9,0.0,60.0,60.0,0.0,1.0,161.0
2003,2001,0,2,1,1,1,0.0,0.0,1,1,0.0087,0.2662,60.0,0.9875,23.9,0.0,60.0,60.0,0.0,1.0,161.0
2030,2031,2036,3,1,2,1,0.0,0.0,2,1,0.0022,0.1716,500.0,1.0,345.0,0.0,500.0,0.0,0.0,1.0,161.0
2030,2041,2046,4,1,2,1,0.0,0.0,2,1,0.0022,0.1709,500.0,1.0,345.0,0.0,500.0,0.0,0.0,1.0,161.0
2030,2041,2047,5,1,2,1,0.0,0.0,2,1,0.0023,0.1728,500.0,1.0,345.0,0.0,500.0,0.0,0.0,1.0,161.0
2032,2031,0,1,1,1,1,0.0,0.0,1,1,0.0082,0.266,60.0,1.0,23.9,0.0,60.0,60.0,0.0,1.0,161.0
2032,2031,0,2,1,1,1,0.0,0.0,1,1,0.0082,0.2639,60.0,1.0,23.9,0.0,60.0,60.0,0.0,1.0,161.0
2042,2041,0,1,1,1,1,0.0,0.0,1,1,0.0075,0.2846,60.0,1.0,23.9,0.0,60.0,60.0,0.0,1.0,161.0
2042,2041,0,2,1,1,1,0.0,0.0,1,1,0.0075,0.2844,60.0,1.0,23.9,0.0,60.0,60.0,0.0,1.0,161.0
2100,800,2108,1,1,1,1,0.0,0.0,1,1,0.00036,0.03347,501.0,1.0,345.0,0.0,500.0,0.0,0.0,1.0,161.0
2100,800,2109,2,1,1,1,0.0,0.0,1,1,0.00036,0.03343,501.0,1.0,345.0,0.0,500.0,0.0,0.0,1.0,161.0
2130,2141,2148,2,1,2,1,0.0,0.0,1,1,0.0023,0.162,500.0,0.975,345.0,0.0,500.0,0.0,0.0,1.0,161.0
2130,2141,2149,3,1,2,1,0.0,0.0,1,1,0.0023,0.1623,500.0,0.975,345.0,0.0,500.0,0.0,0.0,1.0,161.0
2130,2131,2137,4,1,2,1,0.0,0.0,1,1,0.0022,0.1624,500.0,0.9875,345.0,0.0,500.0,0.0,0.0,1.0,161.0
2130,2131,2138,5,1,2,1,0.0,0.0,1,1,0.0023,0.16278,500.0,0.9875,345.0,0.0,500.0,0.0,0.0,1.0,161.0
2130,2131,2139,6,1,1,1,0.0,0.0,1,1,0.00048,0.0327,500.0,0.9875,345.0,0.0,500.0,0.0,0.0,1.0,161.0
2130,2141,2147,1,1,1,1,0.0,0.0,2,1,0.00034,0.03446,500.0,0.975,345.0,0.0,500.0,0.0,0.0,1.0,161.0
2133,2131,0,3,1,1,1,0.0,0.0,1,1,0.0082,0.2734,60.0,1.0,23.9,0.0,60.0,60.0,0.0,1.0,161.0
2143,2141,0,2,1,1,1,0.0,0.0,1,1,0.008,0.2725,60.0,1.0,23.9,0.0,60.0,60.0,0.0,1.0,161.0
2150,2151,2156,1,1,1,1,0.0,0.0,1,1,0.00032,0.03389,501.0,1.025,345.0,0.0,500.0,0.0,0.0,1.0,161.0
2150,2151,2157,2,1,1,1,0.0,0.0,1,1,0.00032,0.03389,501.0,1.025,345.0,0.0,500.0,0.0,0.0,1.0,161.0
2150,2161,2164,3,1,1,1,0.0,0.0,1,1,0.00032,0.0339,501.0,1.025,345.0,0.0,500.0,0.0,0.0,1.0,161.0
2150,2161,2165,4,1,1,1,0.0,0.0,1,1,0.00034,0.03426,501.0,1.025,345.0,0.0,500.0,0.0,0.0,1.0,161.0
2150,2161,2166,5,1,1,1,0.0,0.0,1,1,0.00034,0.03506,501.0,1.025,345.0,0.0,500.0,0.0,0.0,1.0,161.0
2161,2162,2167,1,1,1,1,0.0,0.0,1,1,0.00126,0.05534,200.0,1.00031,161.0,0.0,200.0,0.0,0.0,1.0,69.0
2161,2162,2168,3,1,1,1,0.0,0.0,1,1,0.00135,0.05554,200.0,1.00031,161.0,0.0,200.0,0.0,0.0,1.0,69.0
2161,2162,2169,4,1,1,1,0.0,0.0,1,1,0.00135,0.06159,200.0,1.00031,161.0,0.0,200.0,0.0,0.0,1.0,69.0
2170,2171,2177,2,1,1,1,0.0,0.0,1,1,0.00046,0.03252,500.0,0.975,345.0,0.0,500.0,0.0,0.0,1.0,161.0
2170,2171,2178,3,1,1,1,0.0,0.0,1,1,0.00046,0.0338,500.0,0.975,345.0,0.0,500.0,0.0,0.0,1.0,161.0
2170,2181,2186,4,1,1,1,0.0,0.0,1,1,0.00046,0.03368,500.0,0.975,345.0,0.0,500.0,0.0,0.0,1.0,161.0
2170,2181,2187,5,1,1,1,0.0,0.0,1,1,0.00046,0.0339,500.0,0.975,345.0,0.0,500.0,0.0,0.0,1.0,161.0
2170,2171,2176,1,1,1,1,0.0,0.0,1,1,0.0004,0.0338,500.0,0.975,345.0,0.0,500.0,0.0,0.0,1.0,161.0
2170,2181,2188,6,1,1,1,0.0,0.0,2,1,0.00034,0.03446,500.0,0.975,345.0,0.0,500.0,0.0,0.0,1.0,161.0
2173,2171,0,1,1,1,1,0.0,0.0,1,1,0.0074,0.2852,60.0,1.0,23.9,0.0,60.0,60.0,0.0,1.0,161.0
2173,2171,0,2,1,1,1,0.0,0.0,1,1,0.0073,0.2716,60.0,1.0,23.9,0.0,60.0,0.0,0.0,1.0,161.0
2183,2181,0,2,1,1,1,0.0,0.0,1,1,0.0073,0.2875,60.0,0.9875,23.9,0.0,60.0,60.0,0.0,1.0,161.0
2200,2201,2206,1,1,1,1,0.0,0.0,1,1,0.00046,0.03258,501.0,1.025,345.0,0.0,500.0,0.0,0.0,1.0,161.0
2200,2201,2207,2,1,1,1,0.0,0.0,1,1,0.00046,0.0326,501.0,1.025,345.0,0.0,500.0,0.0,0.0,1.0,161.0
2200,2201,2208,3,1,1,1,0.0,0.0,1,1,0.00046,0.0326,501.0,1.025,345.0,0.0,500.0,0.0,0.0,1.0,161.0
2203,2201,0,1,1,1,1,0.0,0.0,1,1,0.008,0.26538,60.0,1.0125,23.9,0.0,60.0,60.0,0.0,1.0,161.0
2203,2201,0,2,1,1,1,0.0,0.0,1,1,0.008,0.26405,60.0,1.0125,23.9,0.0,60.0,60.0,0.0,1.0,161.0
2201,2202,2216,1,1,1,1,0.0,0.0,1,1,0.00155,0.06163,200.0,1.01227,161.0,0.0,200.0,0.0,0.0,1.0,69.0
2201,2202,2217,2,1,1,1,0.0,0.0,1,1,0.00126,0.05568,200.0,1.01227,161.0,0.0,200.0,0.0,0.0,1.0,69.0
2201,2202,2218,3,1,1,1,0.0,0.0,1,1,0.0014,0.0532,200.0,1.01227,161.0,0.0,200.0,0.0,0.0,1.0,69.0
2300,2301,2306,1,1,1,1,0.0,0.0,1,1,0.00027,0.02481,501.0,1.025,345.0,0.0,500.0,0.0,0.0,1.0,161.0
2300,2301,2307,2,1,1,1,0.0,0.0,1,1,0.00027,0.02485,501.0,1.025,345.0,0.0,500.0,0.0,0.0,1.0,161.0
2300,2311,2316,3,1,1,1,0.0,0.0,1,1,0.00046,0.03236,500.0,1.0,345.0,0.0,500.0,0.0,0.0,1.0,161.0
2300,2311,2317,4,1,1,1,0.0,0.0,1,1,0.00048,0.03232,500.0,1.0,345.0,0.0,500.0,0.0,0.0,1.0,161.0
2303,2301,0,1,1,1,1,0.0,0.0,1,1,0.00733,0.29323,60.0,0.975,23.9,0.0,60.0,60.0,0.0,1.0,161.0
2303,2301,0,2,1,1,1,0.0,0.0,1,1,0.00867,0.2797,60.0,0.975,23.9,0.0,60.0,60.0,0.0,1.0,161.0
2320,2321,2325,1,1,1,1,0.0,0.0,2,1,0.00034,0.03446,500.0,0.9875,345.0,0.0,500.0,0.0,0.0,1.0,161.0
2320,2321,2326,2,1,1,1,0.0,0.0,1,1,0.00042,0.03412,500.0,0.9875,345.0,0.0,500.0,0.0,0.0,1.0,161.0
2320,3066,2327,3,1,1,1,0.0,0.0,1,1,0.00044,0.03416,500.0,0.9875,345.0,0.0,500.0,0.0,0.0,1.0,161.0
2320,2331,2337,4,1,1,1,0.0,0.0,1,1,0.00044,0.03406,500.0,0.9875,345.0,0.0,500.0,0.0,0.0,1.0,161.0
2320,2331,2338,5,1,1,1,0.0,0.0,1,1,0.00044,0.03438,500.0,0.9875,345.0,0.0,500.0,0.0,0.0,1.0,161.0
2323,2321,0,2,1,1,1,0.0,0.0,1,1,0.0086,0.2635,60.0,1.0125,23.9,0.0,60.0,60.0,0.0,1.0,161.0
2321,2322,2328,2,1,1,1,0.0,0.0,1,1,0.00145,0.06228,200.0,1.00031,161.0,0.0,200.0,0.0,0.0,1.0,69.0
2321,2322,2329,3,1,1,1,0.0,0.0,1,1,0.0014,0.06223,200.0,1.00031,161.0,0.0,200.0,0.0,0.0,1.0,69.0
2333,2331,0,3,1,1,1,0.0,0.0,1,1,0.0086,0.2664,60.0,1.025,23.9,0.0,60.0,60.0,0.0,1.0,161.0
2331,2332,2339,1,1,1,1,0.0,0.0,1,1,0.0014,0.06208,200.0,1.00031,161.0,0.0,200.0,0.0,0.0,1.0,69.0
2350,2351,2357,1,1,1,1,0.0,0.0,1,1,0.00034,0.02471,501.0,1.0125,345.0,0.0,500.0,0.0,0.0,1.0,161.0
2350,2351,2358,2,1,1,1,0.0,0.0,1,1,0.00033,0.02405,501.0,1.0125,345.0,0.0,500.0,0.0,0.0,1.0,161.0
2350,2351,2359,3,1,1,1,0.0,0.0,1,1,0.00035,0.02399,501.0,1.0125,345.0,0.0,500.0,0.0,0.0,1.0,161.0
2353,2351,0,1,1,1,1,0.0,0.0,1,1,0.00717,0.28792,60.0,0.9875,23.9,0.0,60.0,60.0,0.0,1.0,161.0
2353,2351,0,2,1,1,1,0.0,0.0,1,1,0.00817,0.28655,60.0,0.9875,23.9,0.0,60.0,60.0,0.0,1.0,161.0
2353,2351,0,3,1,1,1,0.0,0.0,1,1,0.00733,0.28023,60.0,0.9875,23.9,0.0,60.0,60.0,0.0,1.0,161.0
2370,2371,2375,1,1,1,1,0.0,0.0,2,1,9.2e-05,0.033837,500.0,1.0,345.0,0.0,500.0,0.0,0.0,1.0,161.0
2370,2371,2376,2,1,1,1,0.0,0.0,2,1,0.000406,0.033658,500.0,1.0,345.0,0.0,500.0,0.0,0.0,1.0,161.0
2370,2371,2377,3,1,1,1,0.0,0.0,2,1,0.000415,0.033757,500.0,1.0,345.0,0.0,500.0,0.0,0.0,1.0,161.0
2370,2371,2378,4,1,1,1,0.0,0.0,2,1,0.00044,0.034017,500.0,1.0,345.0,0.0,500.0,0.0,0.0,1.0,161.0
2370,2371,2379,5,1,1,1,0.0,0.0,2,1,0.00034,0.03446,500.0,1.0,345.0,0.0,500.0,0.0,0.0,1.0,161.0
2400,2401,2407,1,1,1,1,0.0,0.0,1,1,0.00033,0.02421,501.0,1.0,345.0,0.0,500.0,0.0,0.0,1.0,161.0
2400,2401,2408,2,1,1,1,0.0,0.0,1,1,0.00033,0.02426,501.0,1.0,345.0,0.0,500.0,0.0,0.0,1.0,161.0
2400,2401,2409,3,1,1,1,0.0,0.0,1,1,0.00033,0.02421,501.0,1.0,345.0,0.0,500.0,0.0,0.0,1.0,161.0
2401,2402,2416,1,1,1,1,0.0,0.0,1,1,0.00147,0.05893,200.0,0.98835,161.0,0.0,200.0,0.0,0.0,1.0,69.0
2401,2402,2417,2,1,1,1,0.0,0.0,1,1,0.00145,0.05978,200.0,0.98835,161.0,0.0,200.0,0.0,0.0,1.0,69.0
2401,2402,2418,3,1,1,1,0.0,0.0,1,1,0.0014,0.06003,200.0,0.98835,161.0,0.0,200.0,0.0,0.0,1.0,69.0
2401,2402,2419,4,1,1,1,0.0,0.0,1,1,0.00146,0.05923,200.0,1.0,0.0,0.0,0.0,0.0,0.0,1.0,0.0
2500,2501,2506,1,1,1,1,0.0,0.0,1,1,0.00034,0.0349,501.0,1.025,345.0,0.0,500.0,0.0,0.0,1.0,161.0
2500,2501,2507,2,1,1,1,0.0,0.0,1,1,0.00031,0.03393,501.0,1.025,345.0,0.0,500.0,0.0,0.0,1.0,161.0
2500,3075,2508,3,1,2,1,0.0,0.0,1,1,0.00157,0.16915,501.0,1.025,345.0,0.0,500.0,0.0,0.0,1.0,0.0
2500,2511,2517,1,1,2,1,0.0,0.0,1,1,0.00153,0.17005,501.0,1.025,345.0,0.0,500.0,0.0,0.0,1.0,161.0
2500,2511,2518,2,1,2,1,0.0,0.0,1,1,0.00165,0.16955,501.0,1.025,345.0,0.0,500.0,0.0,0.0,1.0,161.0
2500,2511,2519,3,1,2,1,0.0,0.0,1,1,0.00159,0.16965,501.0,1.025,345.0,0.0,500.0,0.0,0.0,1.0,161.0
2500,2501,2509,4,1,1,1,0.0,0.0,1,1,0.00044,0.034,501.0,1.025,345.0,0.0,500.0,0.0,0.0,1.0,161.0
2503,2501,0,1,1,1,1,0.0,0.0,1,1,0.0082,0.2854,60.0,1.0,23.9,0.0,60.0,60.0,0.0,1.0,161.0
2600,2611,2617,1,1,1,1,0.0,0.0,1,1,0.00042,0.02408,501.0,0.9875,345.0,0.0,500.0,0.0,0.0,1.0,161.0
2600,2621,2628,10,1,1,1,0.0,0.0,2,1,0.0004,0.024,500.0,0.9875,345.0,0.0,500.0,0.0,0.0,1.0,161.0
2600,2621,2629,11,1,1,1,0.0,0.0,2,1,0.0004,0.024,500.0,0.9875,345.0,0.0,500.0,0.0,0.0,1.0,161.0
2600,2611,2618,2,1,1,1,0.0,0.0,1,1,0.00042,0.02392,501.0,0.9875,345.0,0.0,500.0,0.0,0.0,1.0,161.0
2600,2611,2619,3,1,1,1,0.0,0.0,1,1,0.0004,0.02408,501.0,0.9875,345.0,0.0,500.0,0.0,0.0,1.0,161.0
2600,2601,2607,1,1,1,1,0.0,0.0,1,1,0.00038,0.02466,501.0,0.9875,345.0,0.0,500.0,0.0,0.0,1.0,161.0
2600,2601,2608,2,1,1,1,0.0,0.0,1,1,0.00038,0.02444,501.0,0.9875,345.0,0.0,500.0,0.0,0.0,1.0,161.0
2600,2601,2609,3,1,1,1,0.0,0.0,1,1,0.00044,0.02405,501.0,0.9875,345.0,0.0,500.0,0.0,0.0,1.0,161.0
2600,2601,2606,7,1,1,1,0.0,0.0,2,1,0.00044,0.03414,501.0,0.9875,345.0,0.0,500.0,0.0,0.0,1.0,161.0
2600,2621,2626,8,1,1,1,0.0,0.0,2,1,0.0004,0.024,500.0,0.9875,345.0,0.0,500.0,0.0,0.0,1.0,161.0
2600,2621,2627,9,1,1,1,0.0,0.0,2,1,0.0004,0.024,500.0,0.9875,345.0,0.0,500.0,0.0,0.0,1.0,161.0
2603,2601,0,2,1,1,1,0.0,0.0,1,1,0.00735,0.28823,60.0,1.025,23.9,0.0,60.0,60.0,0.0,1.0,161.0
2603,2601,0,3,1,1,1,0.0,0.0,1,1,0.00733,0.28807,60.0,1.025,23.9,0.0,60.0,60.0,0.0,1.0,161.0
2613,2611,0,1,1,1,1,0.0,0.0,1,1,0.00875,0.2792,60.0,1.0125,23.9,0.0,60.0,60.0,0.0,1.0,161.0
2613,2611,0,4,1,1,1,0.0,0.0,1,1,0.00867,0.283,60.0,1.0125,23.9,0.0,60.0,60.0,0.0,1.0,161.0
2621,95200,0,1,1,1,1,0.0,0.0,2,1,0.0,0.0001,100.0,1.0,0.0,0.0,0.0,0.0,0.0,1.0,0.0
2650,2651,2656,1,1,1,1,0.0,0.0,1,1,0.00044,0.03404,501.0,1.0125,345.0,0.0,500.0,0.0,0.0,1.0,161.0
2650,2651,2657,2,1,1,1,0.0,0.0,1,1,0.00044,0.03402,501.0,1.0125,345.0,0.0,500.0,0.0,0.0,1.0,161.0
2650,2651,2658,3,1,1,1,0.0,0.0,1,1,0.00033,0.03397,501.0,1.0125,345.0,0.0,500.0,0.0,0.0,1.0,161.0
2650,2651,2659,4,1,1,1,0.0,0.0,1,1,0.00032,0.03391,501.0,1.0125,345.0,0.0,500.0,0.0,0.0,1.0,161.0
2660,2661,2668,4,1,1,1,0.0,0.0,1,1,0.00036,0.02347,501.0,0.9875,345.0,0.0,500.0,0.0,0.0,1.0,161.0
2660,2661,2667,1,1,1,1,0.0,0.0,1,1,0.00034,0.02427,501.0,0.9875,345.0,0.0,500.0,0.0,0.0,1.0,161.0
2660,2661,2669,3,1,1,1,0.0,0.0,1,1,0.00027,0.02485,501.0,0.9875,345.0,0.0,500.0,0.0,0.0,1.0,161.0
2670,2671,2676,3,1,1,1,0.0,0.0,1,1,0.00044,0.0344,501.0,0.9875,345.0,0.0,500.0,0.0,0.0,1.0,161.0
2673,2671,0,4,1,1,1,0.0,0.0,1,1,0.00733,0.2834,60.0,1.0,23.9,0.0,60.0,60.0,0.0,1.0,161.0
2671,2672,2677,1,1,1,1,0.0,0.0,1,1,0.0014,0.0625,200.0,0.9875,161.0,0.0,200.0,0.0,0.0,1.0,69.0
2671,2672,2678,2,1,1,1,0.0,0.0,1,1,0.0014,0.06254,200.0,0.9875,161.0,0.0,200.0,0.0,0.0,1.0,69.0
2671,2672,2679,3,1,1,1,0.0,0.0,1,1,0.0014,0.06213,200.0,0.9875,161.0,0.0,200.0,0.0,0.0,1.0,69.0
2680,2681,2686,4,1,1,1,0.0,0.0,1,1,0.00036,0.03416,501.0,0.9875,345.0,0.0,500.0,0.0,0.0,1.0,161.0
2680,2681,2687,5,1,1,1,0.0,0.0,1,1,0.00036,0.03378,501.0,0.9875,345.0,0.0,500.0,0.0,0.0,1.0,161.0
2683,2681,0,1,1,1,1,0.0,0.0,1,1,0.00733001,0.28123,60.0,1.0125,23.9,0.0,60.0,60.0,0.0,1.0,161.0
2683,2681,0,3,1,1,1,0.0,0.0,1,1,0.00717,0.28258,60.0,1.0125,23.9,0.0,60.0,60.0,0.0,1.0,161.0
2690,2691,2696,1,1,1,1,0.0,0.0,1,1,0.00034,0.02485,501.0,1.0,0.0,0.0,0.0,0.0,0.0,1.0,0.0
2691,2692,2697,1,1,1,1,0.0,0.0,1,1,0.0014,0.06118,200.0,1.0,0.0,0.0,0.0,0.0,0.0,1.0,0.0
2750,2751,2756,1,1,1,1,0.0,0.0,1,1,0.00042,0.03408,501.0,1.0,345.0,0.0,500.0,0.0,0.0,1.0,161.0
2750,2751,2757,2,1,1,1,0.0,0.0,1,1,0.00044,0.03406,501.0,1.0,345.0,0.0,500.0,0.0,0.0,1.0,161.0
2750,2761,2766,3,1,1,1,0.0,0.0,1,1,0.0004,0.03306,501.0,1.0,345.0,0.0,500.0,0.0,0.0,1.0,161.0
2750,2761,2767,6,1,1,1,0.0,0.0,2,1,0.0004,0.03324,500.0,1.0,345.0,0.0,500.0,0.0,0.0,1.0,161.0
2753,2751,0,1,1,1,1,0.0,0.0,1,1,0.00878,0.28168,60.0,1.0,23.9,0.0,60.0,60.0,0.0,1.0,161.0
2753,2751,0,2,1,1,1,0.0,0.0,1,1,0.00878,0.28168,60.0,1.0,23.9,0.0,60.0,60.0,0.0,1.0,161.0
2763,2761,0,3,1,1,1,0.0,0.0,1,1,0.00878,0.28168,60.0,1.0125,23.9,0.0,60.0,60.0,0.0,1.0,161.0
2763,2761,0,4,1,1,1,0.0,0.0,1,1,0.00875,0.28195,60.0,1.0125,23.9,0.0,60.0,60.0,0.0,1.0,161.0
2800,2801,2807,2,1,1,1,0.0,0.0,1,1,0.00034,0.0334,500.0,1.025,345.0,0.0,500.0,0.0,0.0,1.0,161.0
2800,2811,2816,3,1,1,1,0.0,0.0,1,1,0.00034,0.03344,500.0,1.025,345.0,0.0,500.0,0.0,0.0,1.0,161.0
2803,2801,0,1,1,1,1,0.0,0.0,1,1,0.00733,0.28657,60.0,1.0,23.9,0.0,60.0,60.0,0.0,1.0,161.0
2803,2801,0,2,1,1,1,0.0,0.0,1,1,0.00733,0.28757,60.0,1.0,23.9,0.0,60.0,60.0,0.0,1.0,161.0
2801,2802,2808,1,1,1,1,0.0,0.0,1,1,0.00145,0.05988,200.0,1.00031,161.0,0.0,200.0,0.0,0.0,1.0,69.0
2801,2802,2809,2,1,1,1,0.0,0.0,1,1,0.0015,0.05948,200.0,1.00031,161.0,0.0,200.0,0.0,0.0,1.0,69.0
2813,2811,0,3,1,1,1,0.0,0.0,1,1,0.00733,0.2839,60.0,1.0,23.9,0.0,60.0,60.0,0.0,1.0,161.0
2813,2811,0,4,1,1,1,0.0,0.0,1,1,0.00733,0.2864,60.0,1.0,23.9,0.0,60.0,60.0,0.0,1.0,161.0
2811,2812,2818,3,1,1,1,0.0,0.0,1,1,0.00145,0.06044,200.0,1.0,161.0,0.0,200.0,0.0,0.0,1.0,69.0
2850,2851,2857,3,1,1,1,0.0,0.0,2,1,0.00048,0.0327,500.0,1.0125,345.0,0.0,500.0,0.0,0.0,1.0,161.0
2850,2861,2864,4,1,1,1,0.0,0.0,2,1,0.00048,0.03264,500.0,1.0125,345.0,0.0,500.0,0.0,0.0,1.0,161.0
2853,2851,0,1,1,1,1,0.0,0.0,1,1,0.0078,0.2724,60.0,0.9875,23.9,0.0,60.0,0.0,0.0,1.0,161.0
2853,2851,0,2,1,1,1,0.0,0.0,1,1,0.0078,0.2726,60.0,0.9875,23.9,0.0,60.0,0.0,0.0,1.0,161.0
2863,2861,0,3,1,1,1,0.0,0.0,1,1,0.0072,0.2779,60.0,0.9875,23.9,0.0,60.0,0.0,0.0,1.0,161.0
2861,2862,2865,1,1,1,1,0.0,0.0,1,1,0.0014,0.06053,200.0,1.01227,161.0,0.0,200.0,0.0,0.0,1.0,69.0
2861,2862,2866,2,1,1,1,0.0,0.0,1,1,0.0014,0.05968,200.0,1.01224,161.0,0.0,200.0,0.0,0.0,1.0,69.0
2861,2862,2867,3,1,1,1,0.0,0.0,1,1,0.0024,0.0945,120.0,1.01224,161.0,0.0,120.0,0.0,0.0,1.0,69.0
2861,2862,2868,5,1,1,1,0.0,0.0,1,1,0.0015,0.05978,200.0,1.0,161.0,0.0,200.0,0.0,0.0,1.0,69.0
2861,2862,2869,6,1,1,1,0.0,0.0,1,1,0.0015,0.05933,200.0,1.0,161.0,0.0,200.0,0.0,0.0,1.0,69.0
2870,2871,2878,7,1,1,1,0.0,0.0,1,1,0.000466,0.03266,500.0,1.0,345.0,0.0,500.0,0.0,0.0,1.0,161.0
2870,2871,2879,8,1,1,1,0.0,0.0,1,1,0.00048,0.03422,500.0,1.0,345.0,0.0,500.0,0.0,0.0,1.0,161.0
2900,2901,2905,1,1,1,1,0.0,0.0,1,1,0.00049,0.02429,501.0,1.0,345.0,0.0,500.0,0.0,0.0,1.0,161.0
2900,2901,2906,2,1,1,1,0.0,0.0,1,1,0.00049,0.02429,501.0,1.0,345.0,0.0,500.0,0.0,0.0,1.0,161.0
2900,2911,2918,1,1,1,1,0.0,0.0,1,1,0.00033,0.02427,501.0,1.0,345.0,0.0,500.0,0.0,0.0,1.0,161.0
2900,2911,2919,2,1,1,1,0.0,0.0,1,1,0.00034,0.02371,501.0,1.0,345.0,0.0,500.0,0.0,0.0,1.0,161.0
2901,2902,2907,1,1,1,1,0.0,0.0,1,1,0.00145,0.05899,200.0,1.0,161.0,0.0,200.0,0.0,0.0,1.0,69.0
2901,2902,2908,2,1,1,1,0.0,0.0,1,1,0.00242,0.0599,200.0,1.0,161.0,0.0,200.0,0.0,0.0,1.0,69.0
2901,2902,2909,3,1,1,1,0.0,0.0,1,1,0.00125,0.0568,200.0,1.0,161.0,0.0,200.0,0.0,0.0,1.0,69.0
2920,2921,2928,1,1,1,1,0.0,0.0,1,1,0.00045,0.03378,501.0,0.975,345.0,0.0,500.0,500.0,0.0,1.0,161.0
2920,2921,2929,2,1,1,1,0.0,0.0,1,1,0.00044,0.03388,501.0,0.975,345.0,0.0,500.0,500.0,0.0,1.0,161.0
2923,2921,0,1,1,1,1,0.0,0.0,1,1,0.0088,0.2821,60.0,1.025,23.9,0.0,60.0,60.0,0.0,1.0,161.0
2923,2921,0,2,1,1,1,0.0,0.0,1,1,0.0088,0.28,60.0,1.025,23.9,0.0,60.0,60.0,0.0,1.0,161.0
2930,2931,2936,2,1,2,1,0.0,0.0,2,1,0.0023,0.16268,500.0,1.0125,345.0,0.0,500.0,0.0,0.0,1.0,161.0
2930,2941,2946,3,1,2,1,0.0,0.0,2,1,0.0022,0.16249,500.0,1.0125,345.0,0.0,500.0,0.0,0.0,1.0,161.0
2933,2931,0,2,1,1,1,0.0,0.0,1,1,0.0087,0.2802,60.0,1.025,23.9,0.0,60.0,60.0,0.0,1.0,161.0
2931,2932,2937,2,1,1,1,0.0,0.0,2,1,0.0014,0.05873,200.0,1.00031,161.0,0.0,200.0,0.0,0.0,1.0,69.0
2931,2932,2938,3,1,1,1,0.0,0.0,2,1,0.00145,0.05923,200.0,1.00031,161.0,0.0,200.0,0.0,0.0,1.0,69.0
2943,2941,0,3,1,1,1,0.0,0.0,1,1,0.0087,0.2804,60.0,1.0125,23.9,0.0,60.0,60.0,0.0,1.0,161.0
2950,2951,2954,1,1,1,1,0.0,0.0,1,1,0.00032,0.02397,501.0,1.0,345.0,0.0,500.0,0.0,0.0,1.0,161.0
2950,2951,2955,2,1,1,1,0.0,0.0,1,1,0.00033,0.02417,501.0,1.0,345.0,0.0,500.0,0.0,0.0,1.0,161.0
2950,2951,2956,3,1,1,1,0.0,0.0,1,1,0.00032,0.02385,501.0,1.0,345.0,0.0,500.0,0.0,0.0,1.0,161.0
2950,2951,2957,4,1,1,1,0.0,0.0,1,1,0.00033,0.02399,501.0,1.0,345.0,0.0,500.0,0.0,0.0,1.0,161.0
2953,2951,0,1,1,1,1,0.0,0.0,1,1,0.0085,0.2769,60.0,1.0125,23.9,0.0,60.0,0.0,0.0,1.0,161.0
2951,2952,2958,1,1,1,1,0.0,0.0,1,1,0.00145,0.05703,200.0,1.00031,161.0,0.0,200.0,0.0,0.0,1.0,69.0
2951,2952,2959,2,1,1,1,0.0,0.0,1,1,0.00145,0.05903,200.0,1.00031,161.0,0.0,200.0,0.0,0.0,1.0,69.0
3000,3001,3007,1,1,1,1,0.0,0.0,1,1,0.00032,0.02383,501.0,1.0125,345.0,0.0,500.0,0.0,0.0,1.0,161.0
3000,3001,3008,2,1,1,1,0.0,0.0,1,1,0.00033,0.02397,501.0,1.0125,345.0,0.0,500.0,0.0,0.0,1.0,161.0
3003,3001,0,1,1,1,1,0.0,0.0,1,1,0.01777,0.5844,30.0,1.0,23.9,0.0,30.0,30.0,0.0,1.0,161.0
3003,3001,0,2,1,1,1,0.0,0.0,1,1,0.0178,0.58407,30.0,1.0,23.9,0.0,30.0,30.0,0.0,1.0,161.0
3001,3002,3009,1,1,2,1,0.0,0.0,1,1,0.00393,0.18946,120.0,1.00028,161.0,0.0,120.0,0.0,0.0,1.0,69.0
3101,3102,3106,1,1,1,1,0.0,0.0,1,1,0.00145,0.06238,200.0,1.01227,161.0,0.0,200.0,0.0,0.0,1.0,69.0
3101,3102,3107,2,1,1,1,0.0,0.0,1,1,0.00145,0.05968,200.0,1.01227,161.0,0.0,200.0,0.0,0.0,1.0,69.0
3101,3102,3109,4,1,1,1,0.0,0.0,1,1,0.0014,0.06188,200.0,1.01227,161.0,0.0,200.0,0.0,0.0,1.0,69.0
3121,3122,3127,1,1,1,1,0.0,0.0,1,1,0.0015,0.0608,200.0,1.00031,161.0,0.0,200.0,0.0,0.0,1.0,69.0
3121,3122,3128,2,1,1,1,0.0,0.0,1,1,0.0015,0.0601,200.0,1.00031,161.0,0.0,200.0,0.0,0.0,1.0,69.0
3133,3131,0,1,1,1,1,0.0,0.0,1,1,0.00867,0.27203,60.0,1.0,23.9,0.0,60.0,60.0,0.0,1.0,161.0
3133,3131,0,2,1,1,1,0.0,0.0,1,1,0.00867,0.2742,60.0,1.0,23.9,0.0,60.0,60.0,0.0,1.0,161.0
3131,3132,3137,1,1,1,1,0.0,0.0,1,1,0.00146,0.05938,200.0,1.00031,161.0,0.0,200.0,0.0,0.0,1.0,69.0
3131,3132,3138,2,1,1,1,0.0,0.0,1,1,0.00148,0.06043,200.0,1.00031,161.0,0.0,200.0,0.0,0.0,1.0,69.0
3131,3132,3139,3,1,1,1,0.0,0.0,1,1,0.00149,0.06078,200.0,1.00031,161.0,0.0,200.0,0.0,0.0,1.0,69.0
3143,3141,0,3,1,1,1,0.0,0.0,1,1,0.00905,0.28868,60.0,0.9625,23.9,0.0,60.0,60.0,0.0,1.0,161.0
3143,3141,0,4,1,1,1,0.0,0.0,1,1,0.00911,0.28664,60.0,0.9625,23.9,0.0,60.0,60.0,0.0,1.0,161.0
3141,3142,3147,1,1,1,1,0.0,0.0,1,1,0.0017,0.05883,200.0,1.01227,161.0,0.0,200.0,0.0,0.0,1.0,69.0
3141,3142,3148,2,1,1,1,0.0,0.0,1,1,0.0014,0.05988,200.0,1.01227,161.0,0.0,200.0,0.0,0.0,1.0,69.0
3141,3142,3149,3,1,1,1,0.0,0.0,1,1,0.0014,0.06213,200.0,1.01227,161.0,0.0,200.0,0.0,0.0,1.0,69.0
3161,3162,3167,1,1,1,1,0.0,0.0,1,1,0.0013,0.05714,200.0,1.00031,161.0,0.0,200.0,0.0,0.0,1.0,69.0
3161,3162,3168,2,1,1,1,0.0,0.0,1,1,0.00143,0.05673,200.0,1.00031,161.0,0.0,200.0,0.0,0.0,1.0,69.0
3161,3162,3169,3,1,1,1,0.0,0.0,1,1,0.00196,0.09515,120.0,1.00031,161.0,0.0,120.0,0.0,0.0,1.0,69.0
3183,3181,0,1,1,1,1,0.0,0.0,1,1,0.01767,0.54171,30.0,1.025,23.9,0.0,30.0,30.0,30.0,1.0,161.0
3183,3181,0,2,1,1,1,0.0,0.0,1,1,0.00732,0.28357,60.0,1.025,23.9,0.0,60.0,60.0,60.0,1.0,161.0
3181,3182,3187,1,1,1,1,0.0,0.0,1,1,0.00152,0.06023,200.0,1.01224,161.0,0.0,200.0,0.0,0.0,1.0,69.0
3181,3182,3188,2,1,1,1,0.0,0.0,1,1,0.00148,0.06018,200.0,1.01224,161.0,0.0,200.0,0.0,0.0,1.0,69.0
3193,3191,0,3,1,1,1,0.0,0.0,1,1,0.0076,0.29757,60.0,1.0125,23.9,0.0,60.0,60.0,60.0,1.0,161.0
3193,3191,0,4,1,1,1,0.0,0.0,1,1,0.00867,0.27887,60.0,1.0125,23.9,0.0,60.0,60.0,60.0,1.0,161.0
3193,3191,0,5,1,1,1,0.0,0.0,1,1,0.00867,0.27937,60.0,1.0125,23.9,0.0,60.0,60.0,60.0,1.0,161.0
3193,3191,0,6,1,1,1,0.0,0.0,1,1,0.00867,0.2802,60.0,1.0125,23.9,0.0,60.0,60.0,60.0,1.0,161.0
3213,3211,0,1,1,1,1,0.0,0.0,1,1,0.007,0.2829,100.0,1.0,23.9,30.0,60.0,0.0,0.0,1.0,161.0
3213,3211,0,2,1,1,1,0.0,0.0,1,1,0.007,0.2829,100.0,1.0,23.9,30.0,60.0,0.0,0.0,1.0,161.0
3213,3211,0,3,1,1,1,0.0,0.0,1,1,0.007,0.2829,100.0,1.0,23.9,30.0,60.0,0.0,0.0,1.0,161.0
3211,3212,3215,1,1,1,1,0.0,0.0,2,1,0.0058,0.17693,60.0,1.0,161.0,0.0,60.0,0.0,0.0,1.0,69.0
3211,3212,3216,2,1,1,1,0.0,0.0,2,1,0.0058,0.17693,60.0,1.0,161.0,0.0,60.0,0.0,0.0,1.0,69.0
3223,3221,0,1,1,1,1,0.0,0.0,1,1,0.009,0.2797,60.0,1.0,23.9,0.0,60.0,60.0,0.0,1.0,161.0
3223,3221,0,2,1,1,1,0.0,0.0,1,1,0.00722,0.27907,60.0,1.0,23.9,0.0,60.0,60.0,0.0,1.0,161.0
3221,3222,3227,1,1,1,1,0.0,0.0,1,1,0.0014,0.06193,200.0,1.01227,161.0,0.0,200.0,0.0,0.0,1.0,69.0
3221,3222,3228,2,1,1,1,0.0,0.0,1,1,0.00131,0.0558,200.0,1.01227,161.0,0.0,200.0,0.0,0.0,1.0,69.0
3221,3222,3229,3,1,1,1,0.0,0.0,1,1,0.00148,0.05833,200.0,1.01227,161.0,0.0,200.0,0.0,0.0,1.0,69.0
3231,3232,3238,1,1,1,1,0.0,0.0,1,1,0.0014,0.06128,200.0,0.98835,161.0,0.0,200.0,0.0,0.0,1.0,69.0
3231,3232,3239,2,1,1,1,0.0,0.0,1,1,0.0014,0.06138,200.0,0.98835,161.0,0.0,200.0,0.0,0.0,1.0,69.0
3243,3241,0,1,1,1,1,0.0,0.0,1,1,0.00867,0.28703,60.0,1.0125,23.9,0.0,60.0,60.0,0.0,1.0,161.0
3243,3241,0,2,1,1,1,0.0,0.0,1,1,0.00905,0.2874,60.0,1.0125,23.9,0.0,60.0,60.0,0.0,1.0,161.0
3243,3241,0,3,1,1,1,0.0,0.0,1,1,0.00903,0.28672,60.0,1.0125,23.9,0.0,60.0,60.0,0.0,1.0,161.0
3243,3241,0,4,1,1,1,0.0,0.0,1,1,0.008,0.2664,60.0,1.0125,23.9,0.0,60.0,60.0,0.0,1.0,161.0
3241,3242,3247,1,1,1,1,0.0,0.0,1,1,0.00146,0.05286,200.0,0.98835,161.0,0.0,200.0,0.0,0.0,1.0,69.0
3241,3242,3248,2,1,1,1,0.0,0.0,1,1,0.00145,0.06028,200.0,0.98835,161.0,0.0,200.0,0.0,0.0,1.0,69.0
3241,3242,3249,3,1,1,1,0.0,0.0,1,1,0.00126,0.05594,200.0,0.98834,161.0,0.0,200.0,0.0,0.0,1.0,69.0
3283,3281,0,1,1,1,1,0.0,0.0,1,1,0.00717,0.27557,60.0,1.0125,23.9,0.0,60.0,60.0,0.0,1.0,161.0
3283,3281,0,2,1,1,1,0.0,0.0,1,1,0.00717,0.2754,60.0,1.0125,23.9,0.0,60.0,60.0,0.0,1.0,161.0
3283,3281,0,3,1,1,1,0.0,0.0,1,1,0.007,0.27608,60.0,1.0125,23.9,0.0,60.0,60.0,0.0,1.0,161.0
3281,3282,3289,1,1,1,1,0.0,0.0,1,1,0.0014,0.06138,200.0,1.00031,161.0,0.0,200.0,0.0,0.0,1.0,69.0
3281,3282,3288,2,1,1,1,0.0,0.0,1,1,0.0014,0.06133,200.0,1.00031,161.0,0.0,200.0,0.0,0.0,1.0,69.0
3281,3282,3287,3,1,1,1,0.0,0.0,1,1,0.0014,0.06138,200.0,1.0,161.0,0.0,200.0,0.0,0.0,1.0,69.0
3293,3291,0,1,1,1,1,0.0,0.0,1,1,0.0085,0.28303,60.0,0.9875,23.9,0.0,60.0,60.0,0.0,1.0,161.0
3293,3291,0,2,1,1,1,0.0,0.0,1,1,0.0085,0.28503,60.0,0.9875,23.9,0.0,60.0,60.0,0.0,1.0,161.0
3291,3292,3298,1,1,1,1,0.0,0.0,1,1,0.00147,0.05913,200.0,1.01253,161.0,0.0,200.0,0.0,0.0,1.0,69.0
3291,3292,3299,2,1,1,1,0.0,0.0,1,1,0.00148,0.05974,200.0,1.01253,161.0,0.0,200.0,0.0,0.0,1.0,69.0
3303,3301,0,1,1,1,1,0.0,0.0,1,1,0.00838,0.27037,60.0,1.0,23.9,0.0,60.0,60.0,0.0,1.0,161.0
3303,3301,0,2,1,1,1,0.0,0.0,1,1,0.00867,0.27837,60.0,1.0,23.9,0.0,60.0,60.0,0.0,1.0,161.0
3301,3302,3307,1,1,1,1,0.0,0.0,1,1,0.0014,0.05993,200.0,1.00028,161.0,0.0,200.0,0.0,0.0,1.0,69.0
3301,3302,3308,2,1,1,1,0.0,0.0,1,1,0.0014,0.06194,200.0,1.00031,161.0,0.0,200.0,0.0,0.0,1.0,69.0
3301,3302,3309,3,1,1,1,0.0,0.0,1,1,0.0014,0.06148,200.0,1.00031,161.0,0.0,200.0,0.0,0.0,1.0,69.0
3323,3321,0,1,1,1,1,0.0,0.0,1,1,0.0085,0.2807,60.0,0.9875,23.9,0.0,60.0,60.0,0.0,1.0,161.0
3323,3321,0,2,1,1,1,0.0,0.0,1,1,0.0085,0.2807,60.0,0.9875,23.9,0.0,60.0,60.0,0.0,1.0,161.0
3321,3322,3326,1,1,1,1,0.0,0.0,1,1,0.00142,0.06124,200.0,1.00031,161.0,0.0,200.0,0.0,0.0,1.0,69.0
3321,3322,3328,1,1,1,1,0.0,0.0,1,1,0.00142,0.06124,200.0,1.00031,161.0,0.0,200.0,0.0,0.0,1.0,69.0
3321,3322,3327,2,1,1,1,0.0,0.0,1,1,0.00136,0.06632,200.0,1.00031,161.0,0.0,200.0,0.0,0.0,1.0,69.0
3321,3322,3329,2,1,1,1,0.0,0.0,1,1,0.00145,0.05893,200.0,1.00031,161.0,0.0,200.0,0.0,0.0,1.0,69.0
3341,3342,3348,1,1,1,1,0.0,0.0,1,1,0.0014,0.06194,200.0,1.00031,161.0,0.0,200.0,0.0,0.0,1.0,69.0
3341,3352,3358,1,1,1,1,0.0,0.0,1,1,0.0014,0.05583,200.0,0.98835,161.0,0.0,200.0,0.0,0.0,1.0,69.0
3341,3342,3349,2,1,1,1,0.0,0.0,1,1,0.0014,0.06193,200.0,1.00031,161.0,0.0,200.0,0.0,0.0,1.0,69.0
3341,3352,3359,2,1,1,1,0.0,0.0,1,1,0.0014,0.06083,200.0,0.98835,161.0,0.0,200.0,0.0,0.0,1.0,69.0
3363,3361,0,1,1,1,1,0.0,0.0,1,1,0.0087,0.2822,60.0,1.025,23.9,0.0,60.0,60.0,0.0,1.0,161.0
3363,3361,0,2,1,1,1,0.0,0.0,1,1,0.00783,0.28473,60.0,0.9875,23.9,0.0,60.0,60.0,0.0,1.0,161.0
3363,3361,0,3,1,1,1,0.0,0.0,1,1,0.00783,0.28457,60.0,0.9875,23.9,0.0,60.0,60.0,0.0,1.0,161.0
3361,3362,3368,1,1,1,1,0.0,0.0,1,1,0.0015,0.0556298,200.0,0.98835,161.0,0.0,200.0,0.0,0.0,1.0,69.0
3361,3364,3366,1,1,1,1,0.0,0.0,1,1,0.00138,0.06103,200.0,0.98835,161.0,0.0,200.0,0.0,0.0,1.0,69.0
3361,3362,3365,2,1,1,1,0.0,0.0,1,1,0.00145,0.05928,200.0,0.98835,161.0,0.0,200.0,0.0,0.0,1.0,69.0
3361,3364,3367,2,1,1,1,0.0,0.0,1,1,0.00145,0.06113,200.0,0.98835,161.0,0.0,200.0,0.0,0.0,1.0,69.0
3371,3372,3376,1,1,1,1,0.0,0.0,1,1,0.0014,0.05623,200.0,0.98835,161.0,0.0,200.0,0.0,0.0,1.0,69.0
3371,3372,3377,2,1,1,1,0.0,0.0,1,1,0.00126,0.05563,200.0,0.98835,161.0,0.0,200.0,0.0,0.0,1.0,69.0
3371,3374,3378,3,1,1,1,0.0,0.0,1,1,0.0014,0.06183,200.0,1.0,161.0,0.0,200.0,0.0,0.0,1.0,69.0
3371,3374,3379,4,1,1,1,0.0,0.0,1,1,0.00145,0.05964,200.0,1.0,161.0,0.0,200.0,0.0,0.0,1.0,69.0
3393,3391,0,1,1,1,1,0.0,0.0,1,1,0.009,0.27918,60.0,1.0,23.9,0.0,60.0,60.0,0.0,1.0,161.0
3393,3391,0,2,1,1,1,0.0,0.0,1,1,0.00817,0.29655,60.0,1.0,23.9,0.0,60.0,60.0,0.0,1.0,161.0
3391,3392,3396,1,1,1,1,0.0,0.0,1,1,0.0014,0.06094,200.0,1.00031,161.0,0.0,200.0,0.0,0.0,1.0,69.0
3391,3392,3397,2,1,1,1,0.0,0.0,1,1,0.00155,0.06028,200.0,1.00031,161.0,0.0,200.0,0.0,0.0,1.0,69.0
3391,3394,3398,3,1,1,1,0.0,0.0,1,1,0.0014,0.06094,200.0,0.98835,161.0,0.0,200.0,0.0,0.0,1.0,69.0
3391,3394,3399,4,1,1,1,0.0,0.0,1,1,0.00155,0.06028,200.0,0.98835,161.0,0.0,200.0,0.0,0.0,1.0,69.0
3413,3411,0,1,1,1,1,0.0,0.0,1,1,0.0085,0.2824,60.0,1.0,23.9,0.0,60.0,60.0,0.0,1.0,161.0
3413,3411,0,2,1,1,1,0.0,0.0,1,1,0.0085,0.2837,60.0,1.0,23.9,0.0,60.0,60.0,0.0,1.0,161.0
3411,3412,3416,1,1,1,1,0.0,0.0,1,1,0.0015,0.06053,200.0,1.01227,161.0,0.0,200.0,0.0,0.0,1.0,69.0
3411,3412,3417,2,1,1,1,0.0,0.0,1,1,0.00145,0.06159,200.0,1.01227,161.0,0.0,200.0,0.0,0.0,1.0,69.0
3421,3422,3426,1,1,1,1,0.0,0.0,1,1,0.0014,0.06173,200.0,1.01227,161.0,0.0,200.0,0.0,0.0,1.0,69.0
3421,3422,3427,2,1,1,1,0.0,0.0,1,1,0.00145,0.06274,200.0,1.01227,161.0,0.0,200.0,0.0,0.0,1.0,69.0
3421,3422,3428,3,1,1,1,0.0,0.0,1,1,0.00359,0.09373,120.0,1.06009,161.0,0.0,120.0,0.0,0.0,1.0,69.0
3421,3422,3429,4,1,1,1,0.0,0.0,1,1,0.0014,0.06118,200.0,1.01227,161.0,0.0,200.0,0.0,0.0,1.0,69.0
3443,3441,0,1,1,1,1,0.0,0.0,1,1,0.00867,0.28037,60.0,0.9875,23.9,0.0,60.0,60.0,0.0,1.0,161.0
3443,3441,0,2,1,1,1,0.0,0.0,1,1,0.0085,0.29022,60.0,0.9875,23.9,0.0,60.0,60.0,0.0,1.0,161.0
3443,3441,0,3,1,1,1,0.0,0.0,1,1,0.00717,0.27757,60.0,0.9875,23.9,0.0,60.0,60.0,0.0,1.0,161.0
3441,3442,3446,1,1,1,1,0.0,0.0,1,1,0.00145,0.05968,200.0,0.98835,161.0,0.0,200.0,0.0,0.0,1.0,69.0
3441,3442,3447,2,1,1,1,0.0,0.0,1,1,0.00145,0.05928,200.0,0.98835,161.0,0.0,200.0,0.0,0.0,1.0,69.0
3441,3442,3448,3,1,1,1,0.0,0.0,1,1,0.00148,0.05988,200.0,0.98835,161.0,0.0,200.0,0.0,0.0,1.0,69.0
3453,3451,0,1,1,1,1,0.0,0.0,1,1,0.0088,0.2768,60.0,1.0,23.9,0.0,60.0,0.0,0.0,1.0,161.0
3453,3451,0,2,1,1,1,0.0,0.0,1,1,0.0088,0.2768,60.0,1.0,23.9,0.0,60.0,0.0,0.0,1.0,161.0
3451,3452,3458,1,1,1,1,0.0,0.0,1,1,0.00126,0.05625,200.0,1.01224,161.0,0.0,200.0,0.0,0.0,1.0,69.0
3451,3452,3459,2,1,1,1,0.0,0.0,1,1,0.0015,0.0582,200.0,1.01224,161.0,0.0,200.0,0.0,0.0,1.0,69.0
3461,3462,3466,1,1,1,1,0.0,0.0,2,1,0.00145,0.05975,200.0,1.01227,161.0,0.0,200.0,0.0,0.0,1.0,69.0
3461,3462,3467,2,1,2,1,0.0,0.0,2,1,0.0029,0.1189,200.0,1.01227,161.0,0.0,200.0,0.0,0.0,1.0,69.0
3471,3472,3477,2,1,1,1,0.0,0.0,2,1,0.00141,0.05674,200.0,1.01227,161.0,0.0,200.0,0.0,0.0,1.0,69.0
3471,3472,3478,3,1,1,1,0.0,0.0,2,1,0.00145,0.05663,200.0,1.01227,161.0,0.0,200.0,0.0,0.0,1.0,69.0
3483,3481,0,1,1,1,1,0.0,0.0,1,1,0.00883,0.2803,60.0,1.0125,23.9,0.0,60.0,60.0,0.0,1.0,161.0
3483,3481,0,2,1,1,1,0.0,0.0,1,1,0.00873,0.2807,60.0,1.0125,23.9,0.0,60.0,60.0,0.0,1.0,161.0
3481,3482,3488,1,1,1,1,0.0,0.0,1,1,0.0058,0.17693,60.0,1.01227,161.0,0.0,60.0,0.0,0.0,1.0,69.0
3481,3482,3489,2,1,1,1,0.0,0.0,1,1,0.00562,0.17787,60.0,1.01227,161.0,0.0,60.0,0.0,0.0,1.0,69.0
3523,3521,0,1,1,1,1,0.0,0.0,1,1,0.00767,0.2839,60.0,1.0125,23.9,0.0,60.0,60.0,0.0,1.0,161.0
3523,3521,0,2,1,1,1,0.0,0.0,1,1,0.00883,0.26702,60.0,1.0125,23.9,0.0,60.0,60.0,0.0,1.0,161.0
3523,3521,0,6,1,1,1,0.0,0.0,1,1,0.007333,0.265833,60.0,1.0125,23.9,0.0,60.0,60.0,0.0,1.0,161.0
3521,3522,3527,1,1,2,1,0.0,0.0,1,1,0.0028,0.11948,200.0,1.00031,161.0,0.0,200.0,0.0,0.0,1.0,69.0
3521,3522,3528,2,1,1,1,0.0,0.0,1,1,0.0014,0.06229,200.0,1.00031,161.0,0.0,200.0,0.0,0.0,1.0,69.0
3521,3522,3529,3,1,1,1,0.0,0.0,1,1,0.00154,0.05963,200.0,1.00031,161.0,0.0,200.0,0.0,0.0,1.0,69.0
3531,3532,3536,1,1,1,1,0.0,0.0,1,1,0.00145,0.05863,200.0,0.98835,161.0,0.0,200.0,0.0,0.0,1.0,69.0
3531,3532,3537,2,1,1,1,0.0,0.0,1,1,0.0015,0.05858,200.0,0.98835,161.0,0.0,200.0,0.0,0.0,1.0,69.0
3531,3532,3538,3,1,1,1,0.0,0.0,1,1,0.00145002,0.05943,200.0,0.98835,161.0,0.0,200.0,0.0,0.0,1.0,69.0
3553,3551,0,1,1,1,1,0.0,0.0,1,1,0.00817,0.29072,60.0,1.025,23.9,0.0,60.0,60.0,0.0,1.0,161.0
3553,3551,0,2,1,1,1,0.0,0.0,1,1,0.00833,0.29022,60.0,1.025,23.9,0.0,60.0,60.0,0.0,1.0,161.0
3551,3552,3556,1,1,1,1,0.0,0.0,1,1,0.00127,0.05575,200.0,1.00031,161.0,0.0,200.0,0.0,0.0,1.0,69.0
3551,3552,3557,2,1,1,1,0.0,0.0,1,1,0.0015,0.05563,200.0,1.00031,161.0,0.0,200.0,0.0,0.0,1.0,69.0
3551,3552,3558,3,1,1,1,0.0,0.0,1,1,0.00186,0.05846,200.0,1.00031,161.0,0.0,200.0,0.0,0.0,1.0,69.0
3551,3552,3559,4,1,1,1,0.0,0.0,1,1,0.00145,0.05833,200.0,1.00031,161.0,0.0,200.0,0.0,0.0,1.0,69.0
3663,3661,0,1,1,1,1,0.0,0.0,1,1,0.0085,0.2837,60.0,1.0,23.9,0.0,60.0,60.0,0.0,1.0,161.0
3663,3661,0,2,1,1,1,0.0,0.0,1,1,0.0085,0.2842,60.0,1.0,23.9,0.0,60.0,60.0,0.0,1.0,161.0
3661,3662,3667,1,1,1,1,0.0,0.0,1,1,0.00126,0.05544,200.0,1.00031,161.0,0.0,200.0,0.0,0.0,1.0,69.0
3661,3662,3668,2,1,1,1,0.0,0.0,1,1,0.0014,0.06153,200.0,1.00031,161.0,0.0,200.0,0.0,0.0,1.0,69.0
3661,3662,3669,3,1,1,1,0.0,0.0,1,1,0.0015,0.05653,200.0,1.00031,161.0,0.0,200.0,0.0,0.0,1.0,69.0
3673,3671,0,1,1,1,1,0.0,0.0,1,1,0.00897,0.28837,60.0,0.9875,23.9,0.0,60.0,60.0,0.0,1.0,161.0
3671,3672,3677,1,1,1,1,0.0,0.0,1,1,0.00146,0.05928,200.0,1.01227,161.0,0.0,200.0,0.0,0.0,1.0,69.0
3671,3672,3678,2,1,1,1,0.0,0.0,1,1,0.00145,0.05853,200.0,1.01227,161.0,0.0,200.0,0.0,0.0,1.0,69.0
3671,3672,3679,3,1,1,1,0.0,0.0,1,1,0.00145,0.06063,200.0,1.01227,161.0,0.0,200.0,0.0,0.0,1.0,69.0
3683,3681,0,2,1,1,1,0.0,0.0,1,1,0.0085,0.2627,60.0,1.0125,23.9,0.0,60.0,60.0,0.0,1.0,161.0
3683,3681,0,3,1,1,1,0.0,0.0,1,1,0.0085,0.26587,60.0,1.0125,23.9,0.0,60.0,60.0,0.0,1.0,161.0
3681,3682,3686,1,1,1,1,0.0,0.0,1,1,0.0014,0.06124,200.0,1.00031,161.0,0.0,200.0,0.0,0.0,1.0,69.0
3681,3682,3687,2,1,1,1,0.0,0.0,1,1,0.0015,0.05958,200.0,1.00031,161.0,0.0,200.0,0.0,0.0,1.0,69.0
3681,3682,3688,3,1,1,1,0.0,0.0,1,1,0.00195,0.06135,200.0,1.00031,161.0,0.0,200.0,0.0,0.0,1.0,69.0
3681,3682,3689,4,1,1,1,0.0,0.0,1,1,0.00146,0.06085,200.0,1.00031,161.0,0.0,200.0,0.0,0.0,1.0,69.0
3691,3692,3696,1,1,1,1,0.0,0.0,2,1,0.00141,0.05684,200.0,1.02419,161.0,0.0,200.0,0.0,0.0,1.0,69.0
3691,3692,3697,2,1,1,1,0.0,0.0,2,1,0.00085,0.05653,200.0,1.02419,161.0,0.0,200.0,0.0,0.0,1.0,69.0
3694,3695,0,1,1,2,1,0.0,0.0,2,1,0.0,0.0871,15.0,1.0,69.0,0.0,15.0,20.0,25.0,1.048,11.4
3694,3695,0,2,1,2,1,0.0,0.0,2,1,0.0,0.086,15.0,1.0,69.0,0.0,15.0,20.0,25.0,1.048,11.4
3694,3695,0,3,1,2,1,0.0,0.0,2,1,0.0,0.0861,15.0,1.0,69.0,0.0,15.0,20.0,25.0,1.048,11.4
3694,3695,0,4,1,2,1,0.0,0.0,2,1,0.0,0.0939,15.0,1.0,69.0,0.0,15.0,20.0,25.0,1.048,11.4
3701,3702,3707,1,1,1,1,0.0,0.0,1,1,0.00147,0.05853,200.0,1.00031,161.0,0.0,200.0,0.0,0.0,1.0,69.0
3701,3702,3708,2,1,1,1,0.0,0.0,1,1,0.00146,0.06293,200.0,1.00031,161.0,0.0,200.0,0.0,0.0,1.0,69.0
3701,3702,3709,3,1,1,1,0.0,0.0,1,1,0.00139,0.06175,200.0,1.00031,161.0,0.0,200.0,0.0,0.0,1.0,69.0
3723,3721,0,6,1,1,1,0.0,0.0,1,1,0.0083,0.2919,60.0,1.0125,23.9,0.0,60.0,60.0,0.0,1.0,161.0
3721,3722,3727,1,1,1,1,0.0,0.0,1,1,0.00145,0.05833,200.0,1.01227,161.0,0.0,200.0,0.0,0.0,1.0,69.0
3721,3722,3728,2,1,1,1,0.0,0.0,1,1,0.00146,0.06033,200.0,1.01227,161.0,0.0,200.0,0.0,0.0,1.0,69.0
3721,3722,3729,3,1,1,1,0.0,0.0,1,1,0.00127,0.05614,200.0,1.01227,161.0,0.0,200.0,0.0,0.0,1.0,69.0
3733,3731,0,1,1,1,1,0.0,0.0,1,1,0.00783,0.2839,60.0,1.0,23.9,0.0,60.0,60.0,0.0,1.0,161.0
3733,3731,0,2,1,1,1,0.0,0.0,1,1,0.008,0.28405,60.0,1.0,23.9,0.0,60.0,60.0,0.0,1.0,161.0
3733,3731,0,3,1,1,1,0.0,0.0,1,1,0.00867,0.2897,60.0,1.0,23.9,0.0,60.0,60.0,0.0,1.0,161.0
3731,3732,3738,1,1,1,1,0.0,0.0,1,1,0.00145,0.05903,200.0,1.00031,161.0,0.0,200.0,0.0,0.0,1.0,69.0
3731,3732,3739,2,1,1,1,0.0,0.0,1,1,0.00145,0.05889,200.0,1.00031,161.0,0.0,200.0,0.0,0.0,1.0,69.0
3763,3761,0,1,1,1,1,0.0,0.0,1,1,0.00867,0.27853,60.0,1.0,23.9,0.0,60.0,60.0,0.0,1.0,161.0
3763,3761,0,2,1,1,1,0.0,0.0,1,1,0.00733,0.27773,60.0,1.0,23.9,0.0,60.0,60.0,0.0,1.0,161.0
3763,3761,0,3,1,1,1,0.0,0.0,1,1,0.0075,0.27973,60.0,1.0,23.9,0.0,60.0,60.0,0.0,1.0,161.0
3763,3761,0,4,1,1,1,0.0,0.0,1,1,0.00883,0.26485,60.0,1.0,23.9,0.0,60.0,60.0,0.0,1.0,161.0
3761,3762,3767,1,1,1,1,0.0,0.0,1,1,0.00169,0.05838,200.0,0.98835,161.0,0.0,200.0,0.0,0.0,1.0,69.0
3761,3762,3768,2,1,1,1,0.0,0.0,1,1,0.00151,0.05998,200.0,0.98835,161.0,0.0,200.0,0.0,0.0,1.0,69.0
3761,3762,3769,3,1,1,1,0.0,0.0,1,1,0.00128,0.05584,200.0,0.98835,161.0,0.0,200.0,0.0,0.0,1.0,69.0
3793,3791,0,1,1,1,1,0.0,0.0,1,1,0.0085,0.288541,60.0,1.025,23.9,0.0,60.0,60.0,0.0,1.0,161.0
3793,3791,0,2,1,1,1,0.0,0.0,1,1,0.0092,0.2832,60.0,1.025,23.9,0.0,60.0,60.0,0.0,1.0,161.0
3791,3792,3796,1,1,1,1,0.0,0.0,1,1,0.0019,0.0585,200.0,0.9937,161.0,0.0,200.0,0.0,0.0,1.0,69.0
3791,3792,3797,2,1,1,1,0.0,0.0,1,1,0.00127,0.05561,200.0,0.9937,161.0,0.0,200.0,0.0,0.0,1.0,69.0
3791,3792,3798,3,1,1,1,0.0,0.0,1,1,0.00145,0.05658,200.0,0.9937,161.0,0.0,200.0,0.0,0.0,1.0,69.0
3791,3792,3799,4,1,1,1,0.0,0.0,1,1,0.00151,0.06073,200.0,0.9937,161.0,0.0,200.0,0.0,0.0,1.0,69.0
3813,3811,0,1,1,1,1,0.0,0.0,1,1,0.00883,0.28303,60.0,1.0125,23.9,0.0,60.0,60.0,0.0,1.0,161.0
3813,3811,0,2,1,1,1,0.0,0.0,1,1,0.00733,0.29873,60.0,1.0125,23.9,0.0,60.0,60.0,0.0,1.0,161.0
3811,3812,3817,1,1,1,1,0.0,0.0,1,1,0.0014,0.06034,200.0,1.00031,161.0,0.0,200.0,0.0,0.0,1.0,69.0
3811,3812,3818,2,1,1,1,0.0,0.0,1,1,0.00126,0.05563,200.0,1.00031,161.0,0.0,200.0,0.0,0.0,1.0,69.0
3811,3812,3819,3,1,1,1,0.0,0.0,1,1,0.00126,0.05534,200.0,1.00031,161.0,0.0,200.0,0.0,0.0,1.0,69.0
3881,3882,3888,1,1,1,1,0.0,0.0,1,1,0.0014,0.05613,200.0,1.00031,161.0,0.0,200.0,0.0,0.0,1.0,69.0
3881,3882,3889,2,1,1,1,0.0,0.0,1,1,0.0014,0.06158,200.0,1.00031,161.0,0.0,200.0,0.0,0.0,1.0,69.0
3881,3882,3890,3,1,1,1,0.0,0.0,1,1,0.00141,0.06084,200.0,1.00028,161.0,0.0,200.0,0.0,0.0,1.0,69.0
3891,3892,3896,1,1,1,1,0.0,0.0,1,1,0.00169,0.05837,200.0,1.00031,161.0,0.0,200.0,0.0,0.0,1.0,69.0
3891,3892,3897,2,1,1,1,0.0,0.0,1,1,0.00127,0.05593,200.0,0.98835,161.0,0.0,200.0,0.0,0.0,1.0,69.0
3891,3892,3898,3,1,1,1,0.0,0.0,1,1,0.0014,0.06159,200.0,0.98835,161.0,0.0,200.0,0.0,0.0,1.0,69.0
3891,3892,3899,4,1,1,1,0.0,0.0,1,1,0.0015,0.06183,200.0,0.98835,161.0,0.0,200.0,0.0,0.0,1.0,69.0
3903,3901,0,1,1,1,1,0.0,0.0,1,1,0.00883,0.28103,60.0,1.0375,23.9,0.0,60.0,60.0,0.0,1.0,161.0
3923,3921,0,1,1,1,1,0.0,0.0,1,1,0.00837,0.29172,60.0,0.9875,23.9,0.0,60.0,60.0,0.0,1.0,161.0
3923,3921,0,2,1,1,1,0.0,0.0,1,1,0.0087,0.2812,60.0,0.9875,23.9,0.0,60.0,60.0,0.0,1.0,161.0
3921,3922,3926,1,1,1,1,0.0,0.0,2,1,0.00145,0.06228,200.0,1.02422,161.0,0.0,200.0,0.0,0.0,1.0,69.0
3933,3931,0,3,1,1,1,0.0,0.0,1,1,0.0075,0.2659,60.0,1.0,23.9,0.0,60.0,0.0,0.0,1.0,161.0
3931,3932,3936,1,1,1,1,0.0,0.0,1,1,0.00145,0.06073,200.0,1.00031,161.0,0.0,200.0,0.0,0.0,1.0,69.0
3931,3932,3938,3,1,1,1,0.0,0.0,1,1,0.00149,0.06103,200.0,1.00031,161.0,0.0,200.0,0.0,0.0,1.0,69.0
3931,3932,3939,4,1,1,1,0.0,0.0,1,1,0.0014,0.0602,200.0,1.00031,161.0,0.0,200.0,0.0,0.0,1.0,69.0
3941,3942,3948,1,1,1,1,0.0,0.0,1,1,0.0014,0.05948,200.0,1.02422,161.0,0.0,200.0,0.0,0.0,1.0,69.0
3941,3942,3949,2,1,1,1,0.0,0.0,1,1,0.0014,0.05948,200.0,0.98833,161.0,0.0,200.0,0.0,0.0,1.0,69.0
3953,3951,0,1,1,1,1,0.0,0.0,1,1,0.00883,0.28337,60.0,1.0125,23.9,0.0,60.0,60.0,0.0,1.0,161.0
3951,3952,3957,1,1,1,1,0.0,0.0,1,1,0.0014,0.06128,200.0,0.98835,161.0,0.0,200.0,0.0,0.0,1.0,69.0
3951,3952,3958,2,1,1,1,0.0,0.0,1,1,0.00145,0.05924,200.0,0.98835,161.0,0.0,200.0,0.0,0.0,1.0,69.0
3951,3952,3959,3,1,1,1,0.0,0.0,1,1,0.00145,0.06003,200.0,0.98835,161.0,0.0,200.0,0.0,0.0,1.0,69.0
3973,3971,0,4,1,1,1,0.0,0.0,1,1,0.00783333,0.272221,60.0,1.0,23.9,0.0,60.0,60.0,0.0,1.0,161.0
3973,3971,0,5,1,1,1,0.0,0.0,1,1,0.009,0.2871,60.0,1.0,23.9,0.0,60.0,60.0,0.0,1.0,161.0
3971,3972,3977,2,1,1,1,0.0,0.0,1,1,0.00613,0.19418,60.0,1.01227,161.0,0.0,60.0,0.0,0.0,1.0,69.0
3971,3972,3978,3,1,1,1,0.0,0.0,1,1,0.00613,0.19418,60.0,1.01227,161.0,0.0,60.0,0.0,0.0,1.0,69.0
3971,3972,3979,4,1,1,1,0.0,0.0,1,1,0.00242,0.0943,120.0,1.01227,161.0,0.0,120.0,0.0,0.0,1.0,69.0
4002,4001,0,1,1,1,1,0.0,0.0,1,1,0.00833,0.26803,60.0,0.9875,23.9,0.0,60.0,60.0,0.0,1.0,161.0
4002,4001,0,2,1,1,1,0.0,0.0,1,1,0.00833,0.26803,60.0,0.9875,23.9,0.0,60.0,60.0,0.0,1.0,161.0
4012,4011,0,1,1,1,1,0.0,0.0,1,1,0.0083,0.2859,60.0,0.9875,23.9,0.0,60.0,60.0,0.0,1.0,161.0
4012,4011,0,2,1,1,1,0.0,0.0,1,1,0.0082,0.2739,60.0,0.9875,23.9,0.0,60.0,60.0,0.0,1.0,161.0
4012,4011,0,3,1,1,1,0.0,0.0,1,1,0.0073,0.2799,60.0,0.9875,23.9,0.0,60.0,60.0,0.0,1.0,161.0
4012,4011,0,4,1,1,1,0.0,0.0,1,1,0.0073,0.2791,60.0,0.9875,23.9,0.0,60.0,60.0,0.0,1.0,161.0
4016,4015,0,1,1,1,1,0.0,0.0,1,1,0.0157,0.5294,30.0,1.0125,23.9,0.0,30.0,30.0,0.0,1.0,161.0
4026,4025,0,1,1,1,1,0.0,0.0,1,1,0.008,0.26638,60.0,0.9875,23.9,0.0,60.0,60.0,0.0,1.0,161.0
4026,4025,0,2,1,1,1,0.0,0.0,1,1,0.008,0.26472,60.0,0.9875,23.9,0.0,60.0,60.0,0.0,1.0,161.0
4028,4027,0,1,1,1,1,0.0,0.0,1,1,0.0082,0.2694,60.0,1.0,23.9,0.0,60.0,60.0,0.0,1.0,161.0
4028,4027,0,2,1,1,1,0.0,0.0,1,1,0.0082,0.2682,60.0,1.0,23.9,0.0,60.0,60.0,0.0,1.0,161.0
4030,4029,0,1,1,1,1,0.0,0.0,1,1,0.008,0.2665,60.0,0.9875,23.9,0.0,60.0,60.0,0.0,1.0,161.0
4030,4029,0,2,1,1,1,0.0,0.0,1,1,0.0078,0.2671,60.0,0.9875,23.9,0.0,60.0,60.0,0.0,1.0,161.0
4048,4047,0,1,1,1,1,0.0,0.0,1,1,0.0084,0.2789,60.0,1.0,23.9,0.0,60.0,0.0,0.0,1.0,161.0
4048,4047,0,2,1,1,1,0.0,0.0,1,1,0.0092,0.2777,60.0,1.0,23.9,0.0,60.0,0.0,0.0,1.0,161.0
4108,4107,0,1,1,1,1,0.0,0.0,1,1,0.0088,0.2804,60.0,0.975,23.9,0.0,60.0,60.0,0.0,1.0,161.0
4108,4107,0,2,1,1,1,0.0,0.0,1,1,0.0088,0.28,60.0,0.975,23.9,0.0,60.0,60.0,0.0,1.0,161.0
4108,4107,0,3,1,1,1,0.0,0.0,1,1,0.00742,0.2789,60.0,0.975,23.9,0.0,60.0,60.0,0.0,1.0,161.0
4110,4109,0,1,1,1,1,0.0,0.0,1,1,0.0073,0.2807,60.0,1.0,23.9,0.0,60.0,60.0,0.0,1.0,161.0
4110,4109,0,2,1,1,1,0.0,0.0,1,1,0.0085,0.2857,60.0,1.0,23.9,0.0,60.0,60.0,0.0,1.0,161.0
4110,4109,0,3,1,1,1,0.0,0.0,1,1,0.0075,0.2806,60.0,1.0,23.9,0.0,60.0,60.0,0.0,1.0,161.0
4112,4111,0,1,1,1,1,0.0,0.0,1,1,0.0087,0.2792,60.0,1.0,23.9,0.0,60.0,60.0,0.0,1.0,161.0
4112,4111,0,2,1,1,1,0.0,0.0,1,1,0.0087,0.2799,60.0,1.0,23.9,0.0,60.0,60.0,0.0,1.0,161.0
4112,4111,0,3,1,1,1,0.0,0.0,1,1,0.0086,0.3007,60.0,1.0,23.9,0.0,60.0,60.0,0.0,1.0,161.0
4114,4113,0,1,1,1,1,0.0,0.0,1,1,0.00633,0.2791,60.0,1.0,23.9,0.0,60.0,60.0,0.0,1.0,161.0
4114,4113,0,2,1,1,1,0.0,0.0,1,1,0.00833,0.26953,60.0,1.0,23.9,0.0,60.0,60.0,0.0,1.0,161.0
4114,4113,0,3,1,1,1,0.0,0.0,1,1,0.00833,0.26937,60.0,1.0,23.9,0.0,60.0,60.0,0.0,1.0,161.0
4114,4113,0,4,1,1,1,0.0,0.0,1,1,0.0073,0.2641,60.0,1.0,23.9,0.0,60.0,60.0,0.0,1.0,161.0
4116,4115,0,1,1,1,1,0.0,0.0,1,1,0.0086,0.2669,60.0,1.0,23.9,0.0,60.0,60.0,0.0,1.0,161.0
4116,4115,0,2,1,1,1,0.0,0.0,1,1,0.0087,0.2682,60.0,1.0,23.9,0.0,60.0,60.0,0.0,1.0,161.0
4118,4117,0,1,1,1,1,0.0,0.0,1,1,0.0088,0.28,60.0,0.9875,23.9,0.0,60.0,60.0,0.0,1.0,161.0
4118,4117,0,2,1,1,1,0.0,0.0,1,1,0.0088,0.2808,60.0,0.9875,23.9,0.0,60.0,60.0,0.0,1.0,161.0
4128,4127,0,1,1,1,1,0.0,0.0,1,1,0.0085,0.2667,60.0,0.9875,23.9,0.0,60.0,60.0,0.0,1.0,161.0
4128,4127,0,2,1,1,1,0.0,0.0,1,1,0.0085,0.26487,60.0,0.9875,23.9,0.0,60.0,60.0,0.0,1.0,161.0
4140,4139,0,1,1,1,1,0.0,0.0,1,1,0.0085,0.2767,60.0,0.9875,23.9,0.0,60.0,60.0,0.0,1.0,161.0
4140,4139,0,2,1,1,1,0.0,0.0,1,1,0.0085,0.28,60.0,0.9875,23.9,0.0,60.0,60.0,0.0,1.0,161.0
4142,4141,0,1,1,1,1,0.0,0.0,1,1,0.007,0.2762,60.0,1.0,23.9,0.0,60.0,0.0,0.0,1.0,161.0
4144,4143,0,1,1,1,1,0.0,0.0,1,1,0.00633,0.27963,60.0,1.0125,23.9,0.0,60.0,60.0,0.0,1.0,161.0
4144,4143,0,2,1,1,1,0.0,0.0,1,1,0.00817,0.26722,60.0,1.0125,23.9,0.0,60.0,60.0,0.0,1.0,161.0
4144,4143,0,3,1,1,1,0.0,0.0,1,1,0.00633,0.2786,60.0,1.0125,23.9,0.0,60.0,60.0,0.0,1.0,161.0
4148,4147,0,1,1,1,1,0.0,0.0,1,1,0.00783333,0.267552,60.0,1.0,23.9,0.0,60.0,60.0,0.0,1.0,161.0
4148,4147,0,2,1,1,1,0.0,0.0,1,1,0.00656667,0.298461,60.0,1.0,23.9,0.0,60.0,60.0,0.0,1.0,161.0
4162,4161,0,1,1,1,1,0.0,0.0,1,1,0.0082,0.2679,60.0,0.9875,23.9,0.0,60.0,60.0,0.0,1.0,161.0
4162,4161,0,2,1,1,1,0.0,0.0,1,1,0.0082,0.2659,60.0,0.9875,23.9,0.0,60.0,60.0,0.0,1.0,161.0
4162,4161,0,3,1,1,1,0.0,0.0,1,1,0.0067,0.2769,60.0,0.9875,23.9,0.0,60.0,60.0,0.0,1.0,161.0
4204,4203,0,1,1,1,1,0.0,0.0,1,1,0.0088,0.2817,60.0,0.975,23.9,0.0,60.0,60.0,0.0,1.0,161.0
4204,4203,0,2,1,1,1,0.0,0.0,1,1,0.0087,0.2845,60.0,0.975,23.9,0.0,60.0,60.0,0.0,1.0,161.0
4204,4203,0,3,1,1,1,0.0,0.0,1,1,0.0082,0.2687,60.0,0.975,23.9,0.0,60.0,60.0,0.0,1.0,161.0
4208,4207,0,1,1,1,1,0.0,0.0,1,1,0.0085,0.28387,60.0,1.0,23.9,0.0,60.0,60.0,0.0,1.0,161.0
4208,4207,0,2,1,1,1,0.0,0.0,1,1,0.0085,0.28387,60.0,1.0,23.9,0.0,60.0,60.0,0.0,1.0,161.0
4214,4213,0,1,1,1,1,0.0,0.0,1,1,0.0085,0.28905,60.0,1.0,23.9,0.0,60.0,60.0,0.0,1.0,161.0
4214,4213,0,2,1,1,1,0.0,0.0,1,1,0.0085,0.28553,60.0,1.0,23.9,0.0,60.0,60.0,0.0,1.0,161.0
4214,4213,0,3,1,1,1,0.0,0.0,1,1,0.00783,0.2849,60.0,1.0,23.9,0.0,60.0,60.0,0.0,1.0,161.0
4256,4255,0,1,1,1,1,0.0,0.0,1,1,0.0083,0.2809,60.0,1.0,23.9,0.0,60.0,60.0,0.0,1.0,161.0
4256,4255,0,2,1,1,1,0.0,0.0,1,1,0.0089,0.2784,60.0,1.0,23.9,0.0,60.0,60.0,0.0,1.0,161.0
4256,4255,0,3,1,1,1,0.0,0.0,1,1,0.0093,0.2905,60.0,1.0,23.9,0.0,60.0,60.0,0.0,1.0,161.0
4258,4257,0,1,1,1,1,0.0,0.0,1,1,0.0075,0.2832,60.0,0.9875,23.9,0.0,60.0,60.0,0.0,1.0,161.0
4258,4257,0,2,1,1,1,0.0,0.0,1,1,0.007,0.2754,60.0,0.9875,23.9,0.0,60.0,60.0,0.0,1.0,161.0
4258,4257,0,3,1,1,1,0.0,0.0,1,1,0.007,0.2739,60.0,0.9875,23.9,0.0,60.0,60.0,0.0,1.0,161.0
4260,4259,0,1,1,1,1,0.0,0.0,1,1,0.0073,0.2637,60.0,1.0,23.9,0.0,60.0,0.0,0.0,1.0,161.0
4260,4259,0,2,1,1,1,0.0,0.0,1,1,0.0073,0.2651,60.0,1.0,23.9,0.0,60.0,0.0,0.0,1.0,161.0
4260,4259,0,3,1,1,1,0.0,0.0,1,1,0.0073,0.2649,60.0,1.0,23.9,0.0,60.0,0.0,0.0,1.0,161.0
4264,4263,0,1,1,1,1,0.0,0.0,1,1,0.0068,0.2789,60.0,1.0,23.9,0.0,60.0,60.0,0.0,1.0,161.0
4264,4263,0,2,1,1,1,0.0,0.0,1,1,0.0068,0.2811,60.0,1.0,23.9,0.0,60.0,60.0,0.0,1.0,161.0
4264,4263,0,3,1,1,1,0.0,0.0,1,1,0.0068,0.2814,60.0,1.0,23.9,0.0,60.0,60.0,0.0,1.0,161.0
4266,4265,0,1,1,1,1,0.0,0.0,1,1,0.007,0.2751,60.0,1.0,23.9,0.0,60.0,60.0,0.0,1.0,161.0
4266,4265,0,2,1,1,1,0.0,0.0,1,1,0.0072,0.2764,60.0,1.0,23.9,0.0,60.0,60.0,0.0,1.0,161.0
4270,4269,0,1,1,1,1,0.0,0.0,1,1,0.0081,0.2792,60.0,0.9625,23.9,0.0,60.0,60.0,0.0,1.0,161.0
4270,4269,0,2,1,1,1,0.0,0.0,1,1,0.0078,0.2802,60.0,0.9625,23.9,0.0,60.0,60.0,0.0,1.0,161.0
4270,4269,0,3,1,1,1,0.0,0.0,1,1,0.008,0.2791,60.0,0.9625,23.9,0.0,60.0,60.0,0.0,1.0,161.0
4276,4275,0,1,1,1,1,0.0,0.0,1,1,0.008,0.2784,60.0,0.95,23.9,0.0,60.0,0.0,0.0,1.0,161.0
4276,4275,0,2,1,1,1,0.0,0.0,1,1,0.008,0.2787,60.0,0.95,23.9,0.0,60.0,0.0,0.0,1.0,161.0
4276,4275,0,3,1,1,1,0.0,0.0,1,1,0.008,0.2789,60.0,0.95,23.9,0.0,60.0,0.0,0.0,1.0,161.0
4276,4275,0,4,1,1,1,0.0,0.0,1,1,0.008,0.2784,60.0,0.95,23.9,0.0,60.0,0.0,0.0,1.0,161.0
4302,4301,0,1,1,1,1,0.0,0.0,1,1,0.00683,0.29192,60.0,1.0125,23.9,0.0,60.0,60.0,0.0,1.0,161.0
4302,4301,0,2,1,1,1,0.0,0.0,1,1,0.007,0.29342,60.0,1.0125,23.9,0.0,60.0,60.0,0.0,1.0,161.0
4302,4301,0,3,1,1,1,0.0,0.0,1,1,0.007,0.29558,60.0,1.0125,23.9,0.0,60.0,60.0,0.0,1.0,161.0
4306,4305,0,1,1,1,1,0.0,0.0,1,1,0.0082,0.2005,60.0,1.0125,23.9,0.0,60.0,60.0,0.0,1.0,161.0
4306,4305,0,2,1,1,1,0.0,0.0,1,1,0.00582,0.27827,60.0,1.0125,23.9,0.0,60.0,60.0,0.0,1.0,161.0
4306,4305,0,3,1,1,1,0.0,0.0,1,1,0.0082,0.1999,60.0,1.0125,23.9,0.0,60.0,60.0,0.0,1.0,161.0
4308,4307,0,1,1,1,1,0.0,0.0,1,1,0.007,0.276745,60.0,1.0,23.9,0.0,60.0,60.0,0.0,1.0,161.0
4308,4307,0,2,1,1,1,0.0,0.0,1,1,0.00717,0.2769,60.0,1.0,23.9,0.0,60.0,60.0,0.0,1.0,161.0
4310,4309,0,1,1,1,1,0.0,0.0,1,1,0.00733,0.27857,60.0,1.0125,23.9,0.0,60.0,60.0,0.0,1.0,161.0
4310,4309,0,2,1,1,1,0.0,0.0,1,1,0.00717,0.2754,60.0,1.0125,23.9,0.0,60.0,60.0,0.0,1.0,161.0
4310,4309,0,3,1,1,1,0.0,0.0,1,1,0.00717,0.27423,60.0,1.0125,23.9,0.0,60.0,60.0,0.0,1.0,161.0
4314,4313,0,1,1,1,1,0.0,0.0,1,1,0.0072,0.2866,60.0,1.0,23.9,0.0,60.0,60.0,0.0,1.0,161.0
4314,4313,0,2,1,1,1,0.0,0.0,1,1,0.0072,0.2882,60.0,1.0,23.9,0.0,60.0,60.0,0.0,1.0,161.0
4314,4313,0,3,1,1,1,0.0,0.0,1,1,0.007,0.2862,60.0,1.0,23.9,0.0,60.0,60.0,0.0,1.0,161.0
4352,4351,0,1,1,1,1,0.0,0.0,1,1,0.00577,0.27743,60.0,1.0125,23.9,0.0,60.0,60.0,0.0,1.0,161.0
4352,4351,0,2,1,1,1,0.0,0.0,1,1,0.00578,0.27693,60.0,1.0125,23.9,0.0,60.0,60.0,0.0,1.0,161.0
4352,4351,0,3,1,1,1,0.0,0.0,1,1,0.00767,0.29407,60.0,1.0125,23.9,0.0,60.0,60.0,0.0,1.0,161.0
4352,4351,0,4,1,1,1,0.0,0.0,1,1,0.00683,0.27842,60.0,1.0125,23.9,0.0,60.0,60.0,0.0,1.0,161.0
4354,4353,0,1,1,1,1,0.0,0.0,1,1,0.00717,0.2789,60.0,1.0125,23.9,0.0,60.0,60.0,0.0,1.0,161.0
4354,4353,0,2,1,1,1,0.0,0.0,1,1,0.00728,0.29292,60.0,1.0125,23.9,0.0,60.0,60.0,0.0,1.0,161.0
4354,4353,0,3,1,1,1,0.0,0.0,1,1,0.00723,0.29192,60.0,1.0125,23.9,0.0,60.0,60.0,0.0,1.0,161.0
4358,4357,0,1,1,1,1,0.0,0.0,1,1,0.00717,0.29558,60.0,1.0125,23.9,0.0,60.0,60.0,0.0,1.0,161.0
4358,4357,0,2,1,1,1,0.0,0.0,1,1,0.00733,0.29342,60.0,1.0125,23.9,0.0,60.0,60.0,0.0,1.0,161.0
4358,4357,0,3,1,1,1,0.0,0.0,1,1,0.00733,0.29342,60.0,1.0125,23.9,0.0,60.0,60.0,0.0,1.0,161.0
4360,4359,0,1,1,1,1,0.0,0.0,1,1,0.0072,0.27373,60.0,1.0125,23.9,0.0,60.0,60.0,0.0,1.0,161.0
4360,4359,0,2,1,1,1,0.0,0.0,1,1,0.00705,0.27358,60.0,1.0125,23.9,0.0,60.0,60.0,0.0,1.0,161.0
4362,4361,0,1,1,1,1,0.0,0.0,1,1,0.0082,0.2695,60.0,1.05,23.9,0.0,60.0,60.0,0.0,1.0,161.0
4362,4361,0,2,1,1,1,0.0,0.0,1,1,0.0082,0.2704,60.0,1.05,23.9,0.0,60.0,60.0,0.0,1.0,161.0
4402,4401,0,1,1,1,1,0.0,0.0,1,1,0.0089,0.28503,60.0,1.0125,23.9,0.0,60.0,60.0,0.0,1.0,161.0
4402,4401,0,2,1,1,1,0.0,0.0,1,1,0.00873,0.27103,60.0,1.0125,23.9,0.0,60.0,60.0,0.0,1.0,161.0
4402,4401,0,3,1,1,1,0.0,0.0,1,1,0.00908,0.29303,60.0,1.0125,23.9,0.0,60.0,60.0,0.0,1.0,161.0
4404,4403,0,1,1,1,1,0.0,0.0,1,1,0.00883,0.28353,60.0,1.0125,23.9,0.0,60.0,60.0,0.0,1.0,161.0
4404,4403,0,2,1,1,1,0.0,0.0,1,1,0.00875,0.28353,60.0,1.0125,23.9,0.0,60.0,60.0,0.0,1.0,161.0
4404,4403,0,3,1,1,1,0.0,0.0,1,1,0.00883,0.2842,60.0,1.0125,23.9,0.0,60.0,60.0,0.0,1.0,161.0
4410,4409,0,1,1,1,1,0.0,0.0,1,1,0.00733,0.29307,60.0,1.0125,23.9,0.0,60.0,60.0,0.0,1.0,161.0
4410,4409,0,2,1,1,1,0.0,0.0,1,1,0.0075,0.29173,60.0,1.0125,23.9,0.0,60.0,60.0,0.0,1.0,161.0
4410,4409,0,3,1,1,1,0.0,0.0,1,1,0.00733,0.29023,60.0,1.0125,23.9,0.0,60.0,60.0,0.0,1.0,161.0
4412,4411,0,1,1,1,1,0.0,0.0,1,1,0.00743,0.28473,60.0,1.0125,23.9,0.0,60.0,60.0,0.0,1.0,161.0
4412,4411,0,2,1,1,1,0.0,0.0,1,1,0.00872,0.27087,60.0,1.0125,23.9,0.0,60.0,60.0,0.0,1.0,161.0
4412,4411,0,3,1,1,1,0.0,0.0,1,1,0.00727,0.2839,60.0,1.0125,23.9,0.0,60.0,60.0,0.0,1.0,161.0
4426,4425,0,1,1,1,1,0.0,0.0,1,1,0.007,0.289582,60.0,0.9625,23.9,0.0,60.0,60.0,0.0,1.0,161.0
4426,4425,0,2,1,1,1,0.0,0.0,1,1,0.007,0.289415,60.0,0.9625,23.9,0.0,60.0,60.0,0.0,1.0,161.0
4426,4425,0,3,1,1,1,0.0,0.0,1,1,0.007,0.290249,60.0,0.9625,23.9,0.0,60.0,60.0,0.0,1.0,161.0
4426,4425,0,4,1,1,1,0.0,0.0,1,1,0.007,0.289916,60.0,0.9625,23.9,0.0,60.0,60.0,0.0,1.0,161.0
4438,4437,0,1,1,1,1,0.0,0.0,1,1,0.0086,0.266528,60.0,0.9875,23.9,0.0,60.0,60.0,0.0,1.0,161.0
4438,4437,0,2,1,1,1,0.0,0.0,1,1,0.0087,0.2684,60.0,0.9875,23.9,0.0,60.0,60.0,0.0,1.0,161.0
4438,4437,0,3,1,1,1,0.0,0.0,1,1,0.00732,0.2799,60.0,0.9875,23.9,0.0,60.0,60.0,0.0,1.0,161.0
4438,4437,0,4,1,1,1,0.0,0.0,1,1,0.00735,0.28173,60.0,0.9875,23.9,0.0,60.0,60.0,0.0,1.0,161.0
4506,4505,0,1,1,1,1,0.0,0.0,1,1,0.0085,0.28587,60.0,0.9875,23.9,0.0,60.0,60.0,0.0,1.0,161.0
4506,4505,0,2,1,1,1,0.0,0.0,1,1,0.0085,0.2857,60.0,0.9875,23.9,0.0,60.0,60.0,0.0,1.0,161.0
4506,4505,0,3,1,1,1,0.0,0.0,1,1,0.00867,0.28587,60.0,0.9875,23.9,0.0,60.0,60.0,0.0,1.0,161.0
4508,4507,0,1,1,1,1,0.0,0.0,1,1,0.0075,0.2774,60.0,0.9875,23.9,0.0,60.0,60.0,0.0,1.0,161.0
4508,4507,0,2,1,1,1,0.0,0.0,1,1,0.0086,0.28153,60.0,0.9875,23.9,0.0,60.0,60.0,0.0,1.0,161.0
4508,4507,0,3,1,1,1,0.0,0.0,1,1,0.00733,0.27523,60.0,0.9875,23.9,0.0,60.0,60.0,0.0,1.0,161.0
4514,4513,0,1,1,1,1,0.0,0.0,1,1,0.00883,0.28503,60.0,0.975,23.9,0.0,60.0,60.0,0.0,1.0,161.0
4514,4513,0,2,1,1,1,0.0,0.0,1,1,0.00867,0.2847,60.0,0.975,23.9,0.0,60.0,60.0,0.0,1.0,161.0
4514,4513,0,3,1,1,1,0.0,0.0,1,1,0.00883,0.28537,60.0,0.975,23.9,0.0,60.0,60.0,0.0,1.0,161.0
4528,4527,0,1,1,1,1,0.0,0.0,1,1,0.0073,0.2681,60.0,1.0125,23.9,0.0,60.0,0.0,0.0,1.0,161.0
4528,4527,0,2,1,1,1,0.0,0.0,1,1,0.0072,0.2689,60.0,1.0125,23.9,0.0,60.0,0.0,0.0,1.0,161.0
4528,4527,0,3,1,1,1,0.0,0.0,1,1,0.0085,0.2794,60.0,1.0125,23.9,0.0,60.0,0.0,0.0,1.0,161.0
4552,4551,0,1,1,1,1,0.0,0.0,1,1,0.00883,0.28403,60.0,0.9875,23.9,0.0,60.0,60.0,0.0,1.0,161.0
4552,4551,0,2,1,1,1,0.0,0.0,1,1,0.00883,0.28487,60.0,0.9875,23.9,0.0,60.0,60.0,0.0,1.0,161.0
4552,4551,0,3,1,1,1,0.0,0.0,1,1,0.00883,0.28287,60.0,0.9875,23.9,0.0,60.0,60.0,0.0,1.0,161.0
4554,4553,0,1,1,1,1,0.0,0.0,1,1,0.0073,0.2857,60.0,1.0,23.9,0.0,60.0,60.0,0.0,1.0,161.0
4554,4553,0,2,1,1,1,0.0,0.0,1,1,0.0073,0.2839,60.0,1.0,23.9,0.0,60.0,60.0,0.0,1.0,161.0
4558,4557,0,1,1,1,1,0.0,0.0,1,1,0.00683,0.28392,60.0,1.0125,23.9,0.0,60.0,60.0,0.0,1.0,161.0
4558,4557,0,2,1,1,1,0.0,0.0,1,1,0.00683,0.28525,60.0,1.025,23.9,0.0,60.0,0.0,0.0,1.0,161.0
4558,4557,0,3,1,1,1,0.0,0.0,1,1,0.00683,0.28442,60.0,1.0125,23.9,0.0,60.0,60.0,0.0,1.0,161.0
4558,4557,0,4,1,1,1,0.0,0.0,1,1,0.00667,0.28442,60.0,1.025,23.9,0.0,60.0,0.0,0.0,1.0,161.0
4560,4559,0,1,1,1,1,0.0,0.0,1,1,0.0073,0.2854,60.0,1.0,23.9,0.0,60.0,0.0,0.0,1.0,161.0
4560,4559,0,2,1,1,1,0.0,0.0,1,1,0.0087,0.2672,60.0,1.0,23.9,0.0,60.0,0.0,0.0,1.0,161.0
4560,4559,0,3,1,1,1,0.0,0.0,1,1,0.0086,0.2682,60.0,1.0,23.9,0.0,60.0,0.0,0.0,1.0,161.0
4564,4563,0,1,1,1,1,0.0,0.0,1,1,0.0085,0.28788,60.0,1.0125,23.9,0.0,60.0,60.0,0.0,1.0,161.0
4564,4563,0,2,1,1,1,0.0,0.0,1,1,0.0085,0.28503,60.0,1.0125,23.9,0.0,60.0,60.0,0.0,1.0,161.0
4564,4563,0,3,1,1,1,0.0,0.0,1,1,0.00733,0.28007,60.0,1.0125,23.9,0.0,60.0,60.0,0.0,1.0,161.0
4568,4567,0,1,1,1,1,0.0,0.0,1,1,0.0068,0.2839,60.0,1.0125,23.9,0.0,60.0,60.0,0.0,1.0,161.0
4568,4567,0,2,1,1,1,0.0,0.0,1,1,0.0068,0.2843,60.0,1.0125,23.9,0.0,60.0,60.0,0.0,1.0,161.0
4568,4567,0,3,1,1,1,0.0,0.0,1,1,0.0068,0.2869,60.0,1.0125,23.9,0.0,60.0,60.0,0.0,1.0,161.0
4568,4567,0,4,1,1,1,0.0,0.0,1,1,0.0068,0.2856,60.0,1.0125,23.9,0.0,60.0,60.0,0.0,1.0,161.0
4574,4573,0,1,1,1,1,0.0,0.0,1,1,0.0085,0.29105,60.0,1.0125,23.9,0.0,60.0,60.0,0.0,1.0,161.0
4574,4573,0,2,1,1,1,0.0,0.0,1,1,0.00867,0.29287,60.0,1.0125,23.9,0.0,60.0,60.0,0.0,1.0,161.0
4574,4573,0,3,1,1,1,0.0,0.0,1,1,0.00733,0.2789,60.0,1.0125,23.9,0.0,60.0,60.0,0.0,1.0,161.0
4576,4575,0,1,1,1,1,0.0,0.0,1,1,0.00767,0.28157,60.0,1.0375,23.9,0.0,60.0,60.0,0.0,1.0,161.0
4576,4575,0,2,1,1,1,0.0,0.0,1,1,0.00783,0.28372,60.0,1.0375,23.9,0.0,60.0,60.0,0.0,1.0,161.0
4584,4583,0,1,1,1,1,0.0,0.0,1,1,0.00852,0.2647,60.0,0.9875,23.9,0.0,60.0,60.0,0.0,1.0,161.0
4584,4583,0,2,1,1,1,0.0,0.0,1,1,0.00853,0.2642,60.0,0.9875,23.9,0.0,60.0,60.0,0.0,1.0,161.0
4584,4583,0,3,1,1,1,0.0,0.0,1,1,0.0074,0.2839,60.0,0.9875,23.9,0.0,60.0,60.0,0.0,1.0,161.0
4602,4601,0,1,1,1,1,0.0,0.0,1,1,0.007,0.27642,60.0,1.0125,23.9,0.0,60.0,60.0,0.0,1.0,161.0
4602,4601,0,2,1,1,1,0.0,0.0,1,1,0.007,0.27525,60.0,1.0125,23.9,0.0,60.0,60.0,0.0,1.0,161.0
4602,4601,0,3,1,1,1,0.0,0.0,1,1,0.0075,0.2754,60.0,1.0125,23.9,0.0,60.0,60.0,0.0,1.0,161.0
4604,4603,0,1,1,1,1,0.0,0.0,1,1,0.0065,0.27458,60.0,1.0,23.9,0.0,60.0,60.0,0.0,1.0,161.0
4604,4603,0,2,1,1,1,0.0,0.0,1,1,0.00633,0.2751,60.0,1.0,23.9,0.0,60.0,60.0,0.0,1.0,161.0
4604,4603,0,3,1,1,1,0.0,0.0,1,1,0.0065,0.27708,60.0,1.0,23.9,0.0,60.0,60.0,0.0,1.0,161.0
4604,4603,0,4,1,1,1,0.0,0.0,1,1,0.0065,0.27708,60.0,1.0125,23.9,0.0,60.0,60.0,0.0,1.0,161.0
4608,4607,0,1,1,1,1,0.0,0.0,1,1,0.00867,0.28237,60.0,0.975,23.9,0.0,60.0,60.0,0.0,1.0,161.0
4608,4607,0,2,1,1,1,0.0,0.0,1,1,0.00867,0.28003,60.0,0.975,23.9,0.0,60.0,60.0,0.0,1.0,161.0
4608,4607,0,3,1,1,1,0.0,0.0,1,1,0.00717,0.2649,60.0,0.975,23.9,0.0,60.0,60.0,0.0,1.0,161.0
4612,4611,0,1,1,1,1,0.0,0.0,1,1,0.0085,0.28087,60.0,1.025,23.9,0.0,60.0,60.0,0.0,1.0,161.0
4612,4611,0,2,1,1,1,0.0,0.0,1,1,0.0085,0.28003,60.0,1.025,23.9,0.0,60.0,60.0,0.0,1.0,161.0
4612,4611,0,3,1,1,1,0.0,0.0,1,1,0.0085,0.27987,60.0,1.025,23.9,0.0,60.0,60.0,0.0,1.0,161.0
4614,4613,0,1,1,1,1,0.0,0.0,1,1,0.00867,0.29137,60.0,0.9875,23.9,0.0,60.0,60.0,0.0,1.0,161.0
4614,4613,0,2,1,1,1,0.0,0.0,1,1,0.00867,0.28587,60.0,0.9875,23.9,0.0,60.0,60.0,0.0,1.0,161.0
4614,4613,0,3,1,1,1,0.0,0.0,1,1,0.00867,0.28687,60.0,0.9875,23.9,0.0,60.0,60.0,0.0,1.0,161.0
4618,4617,0,1,1,1,1,0.0,0.0,1,1,0.00733,0.2914,60.0,1.0,23.9,0.0,60.0,60.0,0.0,1.0,161.0
4618,4617,0,2,1,1,1,0.0,0.0,1,1,0.00733,0.29208,60.0,1.0,23.9,0.0,60.0,60.0,0.0,1.0,161.0
4618,4617,0,3,1,1,1,0.0,0.0,1,1,0.00733,0.28873,60.0,1.0,23.9,0.0,60.0,60.0,0.0,1.0,161.0
4618,4617,0,4,1,1,1,0.0,0.0,1,1,0.0074,0.2846,60.0,1.0,23.9,0.0,60.0,60.0,0.0,1.0,161.0
4626,4625,0,1,1,1,1,0.0,0.0,1,1,0.00833,0.2607,60.0,1.0,23.9,0.0,60.0,60.0,0.0,1.0,161.0
4626,4625,0,2,1,1,1,0.0,0.0,1,1,0.00817,0.2642,60.0,1.0,23.9,0.0,60.0,60.0,0.0,1.0,161.0
4626,4625,0,3,1,1,1,0.0,0.0,1,1,0.00733,0.27557,60.0,1.0,23.9,0.0,60.0,60.0,0.0,1.0,161.0
4628,4627,0,1,1,1,1,0.0,0.0,1,1,0.00886667,0.280493,60.0,1.0125,23.9,0.0,60.0,60.0,0.0,1.0,161.0
4628,4627,0,2,1,1,1,0.0,0.0,1,1,0.00878333,0.279295,60.0,1.0125,23.9,0.0,60.0,60.0,0.0,1.0,161.0
4628,4627,0,3,1,1,1,0.0,0.0,1,1,0.00881667,0.280745,60.0,1.0125,23.9,0.0,60.0,60.0,0.0,1.0,161.0
4630,4629,0,1,1,1,1,0.0,0.0,1,1,0.0085,0.2607,60.0,1.0,23.9,0.0,60.0,60.0,0.0,1.0,161.0
4630,4629,0,2,1,1,1,0.0,0.0,1,1,0.00833,0.2597,60.0,1.0,23.9,0.0,60.0,60.0,0.0,1.0,161.0
4630,4629,0,3,1,1,1,0.0,0.0,1,1,0.00733,0.2797,60.0,1.0,23.9,0.0,60.0,60.0,0.0,1.0,161.0
4636,4635,0,1,1,1,1,0.0,0.0,1,1,0.00733,0.28507,60.0,1.0,23.9,0.0,60.0,60.0,0.0,1.0,161.0
4636,4635,0,2,1,1,1,0.0,0.0,1,1,0.0085,0.2767,60.0,1.0,23.9,0.0,60.0,60.0,0.0,1.0,161.0
4636,4635,0,3,1,1,1,0.0,0.0,1,1,0.00733,0.2849,60.0,1.0,23.9,0.0,60.0,60.0,0.0,1.0,161.0
4636,4635,0,4,1,1,1,0.0,0.0,1,1,0.0082,0.2689,60.0,1.0,23.9,0.0,60.0,60.0,0.0,1.0,161.0
4638,4637,0,1,1,1,1,0.0,0.0,1,1,0.0073,0.2819,60.0,1.0125,23.9,0.0,60.0,0.0,0.0,1.0,161.0
4638,4637,0,2,1,1,1,0.0,0.0,1,1,0.0073,0.2819,60.0,1.0125,23.9,0.0,60.0,0.0,0.0,1.0,161.0
4638,4637,0,3,1,1,1,0.0,0.0,1,1,0.0073,0.2832,60.0,1.0125,23.9,0.0,60.0,0.0,0.0,1.0,161.0
4640,4639,0,1,1,1,1,0.0,0.0,1,1,0.00882,0.27887,60.0,1.025,23.9,0.0,60.0,60.0,0.0,1.0,161.0
4640,4639,0,2,1,1,1,0.0,0.0,1,1,0.00883333,0.280744,60.0,1.025,23.9,0.0,60.0,60.0,0.0,1.0,161.0
4640,4639,0,3,1,1,1,0.0,0.0,1,1,0.00885,0.279543,60.0,1.025,23.9,0.0,60.0,60.0,0.0,1.0,161.0
4640,4639,0,4,1,1,1,0.0,0.0,1,1,0.00885,0.27883,60.0,1.025,23.9,0.0,60.0,60.0,0.0,1.0,161.0
4650,4649,0,1,1,1,1,0.0,0.0,1,1,0.0083,0.2727,60.0,1.0125,23.9,0.0,60.0,60.0,60.0,1.0,161.0
4650,4649,0,2,1,1,1,0.0,0.0,1,1,0.0083,0.27351,60.0,1.0125,23.9,0.0,60.0,60.0,60.0,1.0,161.0
4650,4649,0,3,1,1,1,0.0,0.0,1,1,0.0065,0.2709,60.0,1.0125,23.9,0.0,60.0,60.0,60.0,1.0,161.0
4650,4649,0,4,1,1,1,0.0,0.0,1,1,0.0075,0.2634,60.0,1.0125,23.9,0.0,60.0,0.0,0.0,1.0,161.0
4652,4651,0,1,1,1,1,0.0,0.0,1,1,0.0082,0.2677,60.0,1.0,23.9,0.0,60.0,0.0,0.0,1.0,161.0
4652,4651,0,2,1,1,1,0.0,0.0,1,1,0.008,0.2684,60.0,1.0,23.9,0.0,60.0,0.0,0.0,1.0,161.0
4652,4651,0,3,1,1,1,0.0,0.0,1,1,0.0073,0.2651,60.0,1.0,23.9,0.0,60.0,60.0,0.0,1.0,161.0
4652,4651,0,4,1,1,1,0.0,0.0,1,1,0.0073,0.2651,60.0,1.0,23.9,0.0,60.0,60.0,0.0,1.0,161.0
4702,4701,0,3,1,1,1,0.0,0.0,1,1,0.00817,0.2685,60.0,1.0125,23.9,0.0,60.0,60.0,0.0,1.0,161.0
4702,4701,0,4,1,1,1,0.0,0.0,1,1,0.0085,0.267,60.0,1.0125,23.9,0.0,60.0,60.0,0.0,1.0,161.0
4704,4703,0,1,1,1,1,0.0,0.0,1,1,0.00783,0.28255,60.0,1.0,23.9,0.0,60.0,60.0,0.0,1.0,161.0
4704,4703,0,2,1,1,1,0.0,0.0,1,1,0.008,0.28355,60.0,1.0,23.9,0.0,60.0,60.0,0.0,1.0,161.0
4704,4703,0,3,1,1,1,0.0,0.0,1,1,0.00783,0.2859,60.0,1.0,23.9,0.0,60.0,60.0,0.0,1.0,161.0
4706,4705,0,1,1,1,1,0.0,0.0,1,1,0.00867,0.26168,60.0,1.0,23.9,0.0,60.0,60.0,0.0,1.0,161.0
4706,4705,0,2,1,1,1,0.0,0.0,1,1,0.00867,0.26502,60.0,1.0,23.9,0.0,60.0,60.0,0.0,1.0,161.0
4706,4705,0,3,1,1,1,0.0,0.0,1,1,0.007,0.2784,60.0,1.0,23.9,0.0,60.0,60.0,0.0,1.0,161.0
4710,4709,0,1,1,1,1,0.0,0.0,1,1,0.0067,0.2786,60.0,1.0,23.9,0.0,60.0,60.0,0.0,1.0,161.0
4710,4709,0,2,1,1,1,0.0,0.0,1,1,0.008,0.2687,60.0,1.0,23.9,0.0,60.0,60.0,0.0,1.0,161.0
4710,4709,0,3,1,1,1,0.0,0.0,1,1,0.0082,0.267,60.0,1.0,23.9,0.0,60.0,60.0,0.0,1.0,161.0
4712,4711,0,2,1,1,1,0.0,0.0,1,1,0.0073,0.2797,60.0,1.0125,23.9,0.0,60.0,60.0,0.0,1.0,161.0
4712,4711,0,3,1,1,1,0.0,0.0,1,1,0.0087,0.2674,60.0,1.0125,23.9,0.0,60.0,60.0,0.0,1.0,161.0
4712,4711,0,4,1,1,1,0.0,0.0,1,1,0.0088,0.2689,60.0,1.0125,23.9,0.0,60.0,60.0,0.0,1.0,161.0
4714,4713,0,1,1,1,1,0.0,0.0,1,1,0.008,0.2719,60.0,1.0,23.9,0.0,60.0,60.0,0.0,1.0,161.0
4714,4713,0,2,1,1,1,0.0,0.0,1,1,0.008,0.2725,60.0,1.0,23.9,0.0,60.0,60.0,0.0,1.0,161.0
4716,4715,0,1,1,1,1,0.0,0.0,1,1,0.00783,0.28205,60.0,1.0,23.9,0.0,60.0,60.0,0.0,1.0,161.0
4716,4715,0,2,1,1,1,0.0,0.0,1,1,0.008,0.28355,60.0,1.0,23.9,0.0,60.0,60.0,0.0,1.0,161.0
4716,4715,0,3,1,1,1,0.0,0.0,1,1,0.008,0.28355,60.0,1.0,23.9,0.0,60.0,60.0,0.0,1.0,161.0
4716,4715,0,4,1,1,1,0.0,0.0,1,1,0.00738333,0.279069,60.0,1.0,23.9,0.0,60.0,60.0,0.0,1.0,161.0
4752,4751,0,1,1,1,1,0.0,0.0,1,1,0.00878,0.28637,60.0,1.025,23.9,0.0,60.0,60.0,0.0,1.0,161.0
4752,4751,0,2,1,1,1,0.0,0.0,1,1,0.00873,0.27737,60.0,1.025,23.9,0.0,60.0,60.0,0.0,1.0,161.0
4752,4751,0,3,1,1,1,0.0,0.0,1,1,0.0085,0.28137,60.0,1.025,23.9,0.0,60.0,60.0,0.0,1.0,161.0
4754,4753,0,1,1,1,1,0.0,0.0,1,1,0.00877,0.26652,60.0,1.0,23.9,0.0,60.0,60.0,0.0,1.0,161.0
4754,4753,0,2,1,1,1,0.0,0.0,1,1,0.0085,0.26603,60.0,1.0,23.9,0.0,60.0,60.0,0.0,1.0,161.0
4754,4753,0,3,1,1,1,0.0,0.0,1,1,0.007,0.28192,60.0,1.0,23.9,0.0,60.0,60.0,0.0,1.0,161.0
4756,4755,0,1,1,1,1,0.0,0.0,1,1,0.00833,0.28838,60.0,1.0125,23.9,0.0,60.0,60.0,0.0,1.0,161.0
4756,4755,0,2,1,1,1,0.0,0.0,1,1,0.007,0.27625,60.0,1.0125,23.9,0.0,60.0,60.0,0.0,1.0,161.0
4756,4755,0,3,1,1,1,0.0,0.0,1,1,0.00717,0.2769,60.0,1.0125,23.9,0.0,60.0,60.0,0.0,1.0,161.0
4756,4755,0,4,1,1,1,0.0,0.0,1,1,0.00817,0.26803,60.0,1.0125,23.9,0.0,60.0,60.0,0.0,1.0,161.0
4758,4757,0,1,1,1,1,0.0,0.0,1,1,0.0065,0.27392,60.0,1.0125,23.9,0.0,60.0,60.0,0.0,1.0,161.0
4758,4757,0,2,1,1,1,0.0,0.0,1,1,0.0065,0.27392,60.0,1.0125,23.9,0.0,60.0,60.0,0.0,1.0,161.0
4760,4759,0,1,1,1,1,0.0,0.0,1,1,0.00816667,0.269376,60.0,1.0125,23.9,0.0,60.0,60.0,0.0,1.0,161.0
4760,4759,0,2,1,1,1,0.0,0.0,1,1,0.00816667,0.268042,60.0,1.0125,23.9,0.0,60.0,60.0,0.0,1.0,161.0
4764,4763,0,1,1,1,1,0.0,0.0,1,1,0.00817,0.26604,60.0,1.0125,23.9,0.0,60.0,60.0,0.0,1.0,161.0
4764,4763,0,2,1,1,1,0.0,0.0,1,1,0.00817,0.26437,60.0,1.0125,23.9,0.0,60.0,60.0,0.0,1.0,161.0
4802,4801,0,1,1,1,1,0.0,0.0,1,1,0.00867,0.28253,60.0,1.0,23.9,0.0,60.0,60.0,0.0,1.0,161.0
4802,4801,0,2,1,1,1,0.0,0.0,1,1,0.00867,0.2822,60.0,1.0,23.9,0.0,60.0,60.0,0.0,1.0,161.0
4802,4801,0,3,1,1,1,0.0,0.0,1,1,0.00723,0.2829,60.0,1.0,23.9,0.0,60.0,60.0,0.0,1.0,161.0
4806,4805,0,1,1,1,1,0.0,0.0,1,1,0.0085,0.2807,60.0,0.9875,23.9,0.0,60.0,60.0,0.0,1.0,161.0
4806,4805,0,2,1,1,1,0.0,0.0,1,1,0.0085,0.27737,60.0,0.9875,23.9,0.0,60.0,60.0,0.0,1.0,161.0
4806,4805,0,3,1,1,1,0.0,0.0,1,1,0.0063,0.2741,60.0,0.9875,23.9,0.0,60.0,60.0,0.0,1.0,161.0
4812,4811,0,1,1,1,1,0.0,0.0,1,1,0.00817,0.27138,60.0,1.025,23.9,0.0,60.0,60.0,0.0,1.0,161.0
4812,4811,0,2,1,1,1,0.0,0.0,1,1,0.0085,0.27153,60.0,1.025,23.9,0.0,60.0,60.0,0.0,1.0,161.0
4814,4813,0,2,1,1,1,0.0,0.0,1,1,0.00817,0.26738,60.0,1.0,23.9,0.0,60.0,60.0,0.0,1.0,161.0
4814,4813,0,3,1,1,1,0.0,0.0,1,1,0.0065,0.27958,60.0,1.0,23.9,0.0,60.0,60.0,0.0,1.0,161.0
4814,4813,0,4,1,1,1,0.0,0.0,1,1,0.00817,0.26838,60.0,1.0,23.9,0.0,60.0,60.0,0.0,1.0,161.0
4816,4815,0,1,1,1,1,0.0,0.0,1,1,0.00833,0.28355,60.0,1.025,23.9,0.0,60.0,60.0,0.0,1.0,161.0
4816,4815,0,2,1,1,1,0.0,0.0,1,1,0.00833,0.28355,60.0,1.025,23.9,0.0,60.0,60.0,0.0,1.0,161.0
4816,4815,0,3,1,1,1,0.0,0.0,1,1,0.00833,0.28422,60.0,1.025,23.9,0.0,60.0,60.0,0.0,1.0,161.0
4818,4817,0,1,1,1,1,0.0,0.0,1,1,0.00877,0.28182,60.0,1.0125,23.9,0.0,60.0,60.0,0.0,1.0,161.0
4818,4817,0,2,1,1,1,0.0,0.0,1,1,0.00877,0.28188,60.0,1.025,23.9,0.0,60.0,60.0,0.0,1.0,161.0
4818,4817,0,3,1,1,1,0.0,0.0,1,1,0.00733,0.26807,60.0,1.0125,23.9,0.0,60.0,60.0,0.0,1.0,161.0
4820,4819,0,1,1,1,1,0.0,0.0,1,1,0.00817,0.26617,60.0,1.0,23.9,0.0,60.0,60.0,0.0,1.0,161.0
4820,4819,0,2,1,1,1,0.0,0.0,1,1,0.008,0.26667,60.0,1.0,23.9,0.0,60.0,60.0,0.0,1.0,161.0
4822,4821,0,1,1,1,1,0.0,0.0,1,1,0.0085,0.28172,60.0,1.0125,23.9,0.0,60.0,60.0,0.0,1.0,161.0
4822,4821,0,2,1,1,1,0.0,0.0,1,1,0.00867,0.2822,60.0,1.0125,23.9,0.0,60.0,60.0,0.0,1.0,161.0
4822,4821,0,3,1,1,1,0.0,0.0,1,1,0.00733,0.2664,60.0,1.0125,23.9,0.0,60.0,60.0,0.0,1.0,161.0
4822,4821,0,4,1,1,1,0.0,0.0,1,1,0.00733,0.26507,60.0,1.0125,23.9,0.0,60.0,60.0,0.0,1.0,161.0
4824,4823,0,3,1,1,1,0.0,0.0,1,1,0.008,0.272549,60.0,0.9875,23.9,0.0,60.0,60.0,0.0,1.0,161.0
4824,4823,0,4,1,1,1,0.0,0.0,1,1,0.008,0.278385,60.0,0.9875,23.9,0.0,60.0,60.0,0.0,1.0,161.0
4840,4839,0,1,1,1,1,0.0,0.0,1,1,0.0086,0.2665,60.0,1.0125,23.9,0.0,60.0,60.0,0.0,1.0,161.0
4840,4839,0,2,1,1,1,0.0,0.0,1,1,0.0088,0.2674,60.0,1.0125,23.9,0.0,60.0,60.0,0.0,1.0,161.0
4840,4839,0,3,1,1,1,0.0,0.0,1,1,0.00733333,0.284067,60.0,0.9875,23.9,0.0,60.0,60.0,0.0,1.0,161.0
4902,4901,0,1,1,1,1,0.0,0.0,1,1,0.00867,0.29337,60.0,0.975,23.9,0.0,60.0,60.0,0.0,1.0,161.0
4902,4901,0,2,1,1,1,0.0,0.0,1,1,0.00867,0.28987,60.0,0.975,23.9,0.0,60.0,60.0,0.0,1.0,161.0
4902,4901,0,3,1,1,1,0.0,0.0,1,1,0.00783,0.2884,60.0,0.975,23.9,0.0,60.0,60.0,0.0,1.0,161.0
4904,4903,0,2,1,1,1,0.0,0.0,1,1,0.00817,0.26855,60.0,1.0125,23.9,0.0,60.0,60.0,0.0,1.0,161.0
4904,4903,0,3,1,1,1,0.0,0.0,1,1,0.008,0.26605,60.0,1.0125,23.9,0.0,60.0,60.0,0.0,1.0,161.0
4904,4903,0,4,1,1,1,0.0,0.0,1,1,0.0065,0.27892,60.0,1.0125,23.9,0.0,60.0,60.0,0.0,1.0,161.0
4908,4907,0,1,1,1,1,0.0,0.0,1,1,0.0072,0.2797,60.0,0.9875,23.9,0.0,60.0,60.0,0.0,1.0,161.0
4908,4907,0,2,1,1,1,0.0,0.0,1,1,0.0072,0.2796,60.0,0.9875,23.9,0.0,60.0,60.0,0.0,1.0,161.0
4908,4907,0,3,1,1,1,0.0,0.0,1,1,0.0087,0.2814,60.0,0.9875,23.9,0.0,60.0,60.0,0.0,1.0,161.0
4908,4907,0,4,1,1,1,0.0,0.0,1,1,0.0085,0.2835,60.0,0.9875,23.9,0.0,60.0,60.0,0.0,1.0,161.0
4910,4909,0,1,1,1,1,0.0,0.0,1,1,0.00883,0.2812,60.0,1.0,23.9,0.0,60.0,60.0,0.0,1.0,161.0
4910,4909,0,2,1,1,1,0.0,0.0,1,1,0.00883,0.2842,60.0,1.0,23.9,0.0,60.0,60.0,0.0,1.0,161.0
4910,4909,0,3,1,1,1,0.0,0.0,1,1,0.00867,0.28437,60.0,1.0,23.9,0.0,60.0,60.0,0.0,1.0,161.0
4922,4921,0,1,1,1,1,0.0,0.0,1,1,0.00857,0.26603,60.0,1.025,23.9,0.0,60.0,60.0,0.0,1.0,161.0
4922,4921,0,2,1,1,1,0.0,0.0,1,1,0.00745,0.28023,60.0,1.025,23.9,0.0,60.0,60.0,0.0,1.0,161.0
4922,4921,0,3,1,1,1,0.0,0.0,1,1,0.00738,0.28157,60.0,1.025,23.9,0.0,60.0,60.0,0.0,1.0,161.0
4922,4921,0,4,1,1,1,0.0,0.0,1,1,0.0074,0.27857,60.0,1.025,23.9,0.0,60.0,60.0,0.0,1.0,161.0
4990,4989,0,1,1,1,1,0.0,0.0,1,1,0.008,0.26472,60.0,1.0,23.9,0.0,60.0,60.0,0.0,1.0,161.0
4990,4989,0,2,1,1,1,0.0,0.0,1,1,0.00833,0.26253,60.0,1.0,23.9,0.0,60.0,60.0,0.0,1.0,161.0
4990,4989,0,3,1,1,1,0.0,0.0,1,1,0.00717,0.27657,60.0,1.0,23.9,0.0,60.0,60.0,0.0,1.0,161.0
4992,4991,0,1,1,1,1,0.0,0.0,1,1,0.0073,0.2666,60.0,1.0,23.9,0.0,60.0,60.0,0.0,1.0,161.0
4992,4991,0,2,1,1,1,0.0,0.0,1,1,0.0073,0.2641,60.0,1.0,23.9,0.0,60.0,60.0,0.0,1.0,161.0
4992,4991,0,3,1,1,1,0.0,0.0,1,1,0.0072,0.2646,60.0,1.0,23.9,0.0,60.0,60.0,0.0,1.0,161.0
4994,4993,0,1,1,1,1,0.0,0.0,1,1,0.00883,0.27603,60.0,1.0,23.9,0.0,60.0,60.0,0.0,1.0,161.0
4994,4993,0,2,1,1,1,0.0,0.0,1,1,0.00867,0.27687,60.0,1.0,23.9,0.0,60.0,60.0,0.0,1.0,161.0
4994,4993,0,3,1,1,1,0.0,0.0,1,1,0.00717,0.27823,60.0,1.0,23.9,0.0,60.0,60.0,0.0,1.0,161.0
4996,4995,0,1,1,1,1,0.0,0.0,1,1,0.00833,0.27053,60.0,1.0,23.9,0.0,60.0,60.0,0.0,1.0,161.0
4996,4995,0,2,1,1,1,0.0,0.0,1,1,0.00833,0.2717,60.0,1.0,23.9,0.0,60.0,60.0,0.0,1.0,161.0
4996,4995,0,3,1,1,1,0.0,0.0,1,1,0.0072,0.2837,60.0,1.0,23.9,0.0,60.0,60.0,0.0,1.0,161.0
4996,4995,0,4,1,1,1,0.0,0.0,1,1,0.007,0.2762,60.0,1.0125,23.9,0.0,60.0,60.0,0.0,1.0,161.0
4998,4997,0,1,1,1,1,0.0,0.0,1,1,0.0074,0.2866,60.0,1.025,23.9,0.0,60.0,0.0,0.0,1.0,161.0
4998,4997,0,2,1,1,1,0.0,0.0,1,1,0.0077,0.2764,60.0,1.025,23.9,0.0,60.0,0.0,0.0,1.0,161.0
4998,4997,0,3,1,1,1,0.0,0.0,1,1,0.0075,0.2832,60.0,1.025,23.9,0.0,60.0,0.0,0.0,1.0,161.0
5000,4999,0,1,1,1,1,0.0,0.0,1,1,0.00633,0.27477,60.0,1.0,23.9,0.0,60.0,60.0,0.0,1.0,161.0
5000,4999,0,2,1,1,1,0.0,0.0,1,1,0.00633,0.278928,60.0,1.0,23.9,0.0,60.0,60.0,0.0,1.0,161.0
5000,4999,0,3,1,1,1,0.0,0.0,1,1,0.0073,0.2729,60.0,1.0,23.9,0.0,60.0,60.0,0.0,1.0,161.0
5004,5003,0,1,1,1,1,0.0,0.0,1,1,0.00738,0.28187,60.0,1.0,23.9,0.0,60.0,60.0,0.0,1.0,161.0
5004,5003,0,2,1,1,1,0.0,0.0,1,1,0.00732,0.2814,60.0,1.0,23.9,0.0,60.0,60.0,0.0,1.0,161.0
5004,5003,0,3,1,1,1,0.0,0.0,1,1,0.00737,0.28107,60.0,1.0,23.9,0.0,60.0,60.0,0.0,1.0,161.0
5004,5003,0,4,1,1,1,0.0,0.0,1,1,0.00738,0.28157,60.0,1.0,23.9,0.0,60.0,60.0,0.0,1.0,161.0
5006,5005,0,1,1,1,1,0.0,0.0,1,1,0.0087,0.2689,60.0,1.0,23.9,0.0,60.0,60.0,0.0,1.0,161.0
5006,5005,0,2,1,1,1,0.0,0.0,1,1,0.0083,0.2647,60.0,1.0,23.9,0.0,60.0,60.0,0.0,1.0,161.0
5006,5005,0,3,1,1,1,0.0,0.0,1,1,0.0073,0.2849,60.0,1.0,23.9,0.0,60.0,60.0,0.0,1.0,161.0
5006,5005,0,4,1,1,1,0.0,0.0,1,1,0.0074,0.2822,60.0,1.0,23.9,0.0,60.0,60.0,0.0,1.0,161.0
5014,5013,0,1,1,1,1,0.0,0.0,1,1,0.0085,0.2657,60.0,1.0,23.9,0.0,60.0,60.0,0.0,1.0,161.0
5014,5013,0,2,1,1,1,0.0,0.0,1,1,0.0085,0.26287,60.0,1.0,23.9,0.0,60.0,60.0,0.0,1.0,161.0
5018,5017,0,1,1,1,1,0.0,0.0,1,1,0.00698,0.28075,60.0,1.0,23.9,0.0,60.0,60.0,0.0,1.0,161.0
5018,5017,0,2,1,1,1,0.0,0.0,1,1,0.00733,0.295409,60.0,1.0,23.9,0.0,60.0,60.0,0.0,1.0,161.0
5018,5017,0,3,1,1,1,0.0,0.0,1,1,0.00733,0.27657,60.0,1.0,23.9,0.0,60.0,60.0,0.0,1.0,161.0
5018,5017,0,4,1,1,1,0.0,0.0,1,1,0.00725,0.29074,60.0,1.0,23.9,0.0,60.0,60.0,0.0,1.0,161.0
5022,5021,0,1,1,1,1,0.0,0.0,1,1,0.00833,0.27303,60.0,1.0125,23.9,0.0,60.0,60.0,0.0,1.0,161.0
5022,5021,0,2,1,1,1,0.0,0.0,1,1,0.00833,0.27337,60.0,1.0125,23.9,0.0,60.0,60.0,0.0,1.0,161.0
5024,5023,0,1,1,1,1,0.0,0.0,1,1,0.00866999,0.26286,60.0,1.0,23.9,0.0,60.0,60.0,0.0,1.0,161.0
5024,5023,0,2,1,1,1,0.0,0.0,1,1,0.00867,0.26169,60.0,1.0,23.9,0.0,60.0,60.0,0.0,1.0,161.0
5026,5025,0,1,1,1,1,0.0,0.0,1,1,0.00867,0.2657,60.0,1.0,23.9,0.0,60.0,60.0,0.0,1.0,161.0
5026,5025,0,2,1,1,1,0.0,0.0,1,1,0.00867,0.26703,60.0,1.0,23.9,0.0,60.0,60.0,0.0,1.0,161.0
5028,5027,0,1,1,1,1,0.0,0.0,1,1,0.0085,0.28217,60.0,1.00001,23.9,0.0,60.0,60.0,0.0,1.0,161.0
5028,5027,0,2,1,1,1,0.0,0.0,1,1,0.0085,0.2827,60.0,1.00001,23.9,0.0,60.0,60.0,0.0,1.0,161.0
5028,5027,0,3,1,1,1,0.0,0.0,1,1,0.0088,0.2689,60.0,0.975,23.9,0.0,60.0,0.0,0.0,1.0,161.0
5056,5055,0,1,1,1,1,0.0,0.0,1,1,0.0087,0.2785,60.0,0.9875,23.9,0.0,60.0,60.0,0.0,1.0,161.0
5056,5055,0,2,1,1,1,0.0,0.0,1,1,0.0088,0.2803,60.0,0.9875,23.9,0.0,60.0,60.0,0.0,1.0,161.0
5080,5079,0,1,1,1,1,0.0,0.0,1,1,0.0085,0.280538,60.0,1.0125,23.9,0.0,60.0,60.0,0.0,1.0,161.0
5080,5079,0,2,1,1,1,0.0,0.0,1,1,0.0085,0.279537,60.0,1.0125,23.9,0.0,60.0,60.0,0.0,1.0,161.0
5092,5091,0,1,1,1,1,0.0,0.0,1,1,0.0074,0.28223,60.0,1.0,23.9,0.0,60.0,60.0,0.0,1.0,161.0
5092,5091,0,2,1,1,1,0.0,0.0,1,1,0.00727,0.2804,60.0,1.0,23.9,0.0,60.0,60.0,0.0,1.0,161.0
5092,5091,0,3,1,1,1,0.0,0.0,1,1,0.00747,0.28323,60.0,1.0,23.9,0.0,60.0,60.0,0.0,1.0,161.0
5092,5091,0,4,1,1,1,0.0,0.0,1,1,0.00727,0.28057,60.0,1.0,23.9,0.0,60.0,60.0,0.0,1.0,161.0
5098,5097,0,2,1,1,1,0.0,0.0,1,1,0.0088,0.2812,60.0,0.9875,23.9,0.0,60.0,60.0,0.0,1.0,161.0
5098,5097,0,3,1,1,1,0.0,0.0,1,1,0.0088,0.2812,60.0,0.9875,23.9,0.0,60.0,60.0,0.0,1.0,161.0
5098,5097,0,4,1,1,1,0.0,0.0,1,1,0.0088,0.2807,60.0,0.9875,23.9,0.0,60.0,60.0,0.0,1.0,161.0
5108,5107,0,1,1,1,1,0.0,0.0,1,1,0.0074,0.2856,60.0,0.9875,23.9,0.0,60.0,0.0,0.0,1.0,161.0
5108,5107,0,2,1,1,1,0.0,0.0,1,1,0.0074,0.2986,60.0,0.9875,23.9,0.0,60.0,0.0,0.0,1.0,161.0
5108,5107,0,3,1,1,1,0.0,0.0,1,1,0.0074,0.2986,60.0,0.9875,23.9,0.0,60.0,0.0,0.0,1.0,161.0
5502,5501,0,1,1,1,1,0.0,0.0,1,1,0.00883,0.28117,60.0,1.0125,23.9,0.0,60.0,60.0,0.0,1.0,161.0
5502,5501,0,2,1,1,1,0.0,0.0,1,1,0.00885,0.28122,60.0,1.0125,23.9,0.0,60.0,60.0,0.0,1.0,161.0
5504,5503,0,1,1,1,1,0.0,0.0,1,1,0.00727,0.28908,60.0,0.9875,23.9,0.0,60.0,60.0,0.0,1.0,161.0
5504,5503,0,2,1,1,1,0.0,0.0,1,1,0.00738,0.29023,60.0,0.9875,23.9,0.0,60.0,60.0,0.0,1.0,161.0
5504,5503,0,3,1,1,1,0.0,0.0,1,1,0.00742,0.28923,60.0,0.9875,23.9,0.0,60.0,60.0,0.0,1.0,161.0
5506,5505,0,1,1,1,1,0.0,0.0,1,1,0.008,0.28655,60.0,1.025,23.9,0.0,60.0,60.0,0.0,1.0,161.0
5506,5505,0,2,1,1,1,0.0,0.0,1,1,0.00783,0.2834,60.0,1.025,23.9,0.0,60.0,60.0,0.0,1.0,161.0
5506,5505,0,3,1,1,1,0.0,0.0,1,1,0.00783,0.28522,60.0,1.025,23.9,0.0,60.0,60.0,0.0,1.0,161.0
5522,5521,0,1,1,1,1,0.0,0.0,1,1,0.0085,0.28353,60.0,1.025,23.9,0.0,60.0,60.0,0.0,1.0,161.0
5522,5521,0,2,1,1,1,0.0,0.0,1,1,0.0085,0.2842,60.0,1.025,23.9,0.0,60.0,60.0,0.0,1.0,161.0
5522,5521,0,3,1,1,1,0.0,0.0,1,1,0.0085,0.28337,60.0,1.025,23.9,0.0,60.0,60.0,0.0,1.0,161.0
5524,5523,0,1,1,1,1,0.0,0.0,1,1,0.0072,0.2694,60.0,1.0125,23.9,0.0,60.0,60.0,0.0,1.0,161.0
5524,5523,0,2,1,1,1,0.0,0.0,1,1,0.00817,0.26872,60.0,1.0125,23.9,0.0,60.0,60.0,0.0,1.0,161.0
5524,5523,0,3,1,1,1,0.0,0.0,1,1,0.00817,0.26938,60.0,1.0125,23.9,0.0,60.0,60.0,0.0,1.0,161.0
5526,5525,0,1,1,1,1,0.0,0.0,1,1,0.0176667,0.543046,30.0,1.0,23.9,0.0,30.0,30.0,0.0,1.0,161.0
5526,5525,0,2,1,1,1,0.0,0.0,1,1,0.0176667,0.538043,30.0,1.0,23.9,0.0,30.0,30.0,0.0,1.0,161.0
5530,5529,0,1,1,1,1,0.0,0.0,1,1,0.015,0.5378,30.0,1.0125,23.9,0.0,30.0,30.0,0.0,1.0,161.0
5530,5529,0,2,1,1,1,0.0,0.0,1,1,0.015,0.5338,30.0,1.0125,23.9,0.0,30.0,30.0,0.0,1.0,161.0
5538,5537,0,2,1,1,1,0.0,0.0,1,1,0.0085,0.28337,60.0,0.9875,23.9,0.0,60.0,60.0,0.0,1.0,161.0
5538,5537,0,3,1,1,1,0.0,0.0,1,1,0.0085,0.28487,60.0,0.9875,23.9,0.0,60.0,60.0,0.0,1.0,161.0
5542,5541,0,1,1,1,1,0.0,0.0,1,1,0.008,0.26838,60.0,1.0125,23.9,0.0,60.0,0.0,0.0,1.0,161.0
5542,5541,0,2,1,1,1,0.0,0.0,1,1,0.00816667,0.270377,60.0,1.0125,23.9,0.0,60.0,0.0,0.0,1.0,161.0
5546,5545,0,1,1,1,1,0.0,0.0,1,1,0.0087,0.2799,60.0,1.0125,23.9,0.0,60.0,0.0,0.0,1.0,161.0
5546,5545,0,2,1,1,1,0.0,0.0,1,1,0.0087,0.2807,60.0,1.0125,23.9,0.0,60.0,0.0,0.0,1.0,161.0
5602,5601,0,1,1,1,1,0.0,0.0,1,1,0.0085,0.28337,60.0,1.0,23.9,0.0,60.0,60.0,0.0,1.0,161.0
5602,5601,0,2,1,1,1,0.0,0.0,1,1,0.0085,0.284,60.0,1.0,23.9,0.0,60.0,60.0,0.0,1.0,161.0
5604,5603,0,1,1,1,1,0.0,0.0,1,1,0.0088,0.28187,60.0,1.0,23.9,0.0,60.0,60.0,0.0,1.0,161.0
5604,5603,0,2,1,1,1,0.0,0.0,1,1,0.0088,0.28087,60.0,1.0,23.9,0.0,60.0,60.0,0.0,1.0,161.0
5604,5603,0,3,1,1,1,0.0,0.0,1,1,0.00742,0.28873,60.0,1.0,23.9,0.0,60.0,60.0,0.0,1.0,161.0
5606,5605,0,1,1,1,1,0.0,0.0,1,1,0.0088,0.2819,60.0,1.025,23.9,0.0,60.0,60.0,0.0,1.0,161.0
5606,5605,0,2,1,1,1,0.0,0.0,1,1,0.0088,0.2806,60.0,1.025,23.9,0.0,60.0,60.0,0.0,1.0,161.0
5610,5609,0,3,1,1,1,0.0,0.0,1,1,0.0087,0.2825,60.0,1.0125,23.9,0.0,60.0,60.0,0.0,1.0,161.0
5612,5611,0,1,1,1,1,0.0,0.0,1,1,0.00833,0.2637,60.0,1.0,23.9,0.0,60.0,60.0,0.0,1.0,161.0
5612,5611,0,2,1,1,1,0.0,0.0,1,1,0.00817,0.26653,60.0,1.0,23.9,0.0,60.0,60.0,0.0,1.0,161.0
5616,5615,0,1,1,1,1,0.0,0.0,1,1,0.00883,0.2827,60.0,0.9625,23.9,0.0,60.0,60.0,0.0,1.0,161.0
5616,5615,0,2,1,1,1,0.0,0.0,1,1,0.00883,0.28453,60.0,0.9625,23.9,0.0,60.0,60.0,0.0,1.0,161.0
5616,5615,0,3,1,1,1,0.0,0.0,1,1,0.00883,0.28237,60.0,0.9625,23.9,0.0,60.0,60.0,0.0,1.0,161.0
5617,5618,0,3,1,1,1,0.0,0.0,2,1,0.0088,0.2674,60.0,0.9,23.9,0.0,60.0,0.0,0.0,1.0,23.9
5617,5618,0,4,1,1,1,0.0,0.0,2,1,0.0088,0.2652,60.0,1.0,23.9,0.0,60.0,0.0,0.0,1.0,23.9
5626,5625,0,1,1,1,1,0.0,0.0,1,1,0.0073,0.2849,60.0,1.0,23.9,0.0,60.0,60.0,0.0,1.0,161.0
5626,5625,0,2,1,1,1,0.0,0.0,1,1,0.0073,0.2841,60.0,1.0,23.9,0.0,60.0,60.0,0.0,1.0,161.0
5626,5625,0,3,1,1,1,0.0,0.0,1,1,0.0075,0.2841,60.0,1.0,23.9,0.0,60.0,60.0,0.0,1.0,161.0
5628,5627,0,1,1,1,1,0.0,0.0,1,1,0.00873,0.28177,60.0,1.0,23.9,0.0,60.0,60.0,0.0,1.0,161.0
5628,5627,0,2,1,1,1,0.0,0.0,1,1,0.00882,0.28097,60.0,1.0,23.9,0.0,60.0,60.0,0.0,1.0,161.0
5628,5627,0,3,1,1,1,0.0,0.0,1,1,0.00883,0.28138,60.0,1.0,23.9,0.0,60.0,60.0,0.0,1.0,161.0
5638,5637,0,1,1,1,1,0.0,0.0,1,1,0.0088,0.2768,60.0,1.0125,23.9,0.0,60.0,0.0,0.0,1.0,161.0
5638,5637,0,2,1,1,1,0.0,0.0,1,1,0.0088,0.2769,60.0,1.0125,23.9,0.0,60.0,0.0,0.0,1.0,161.0
5644,5643,0,3,1,1,1,0.0,0.0,1,1,0.00733,0.282738,60.0,0.95,23.9,0.0,60.0,60.0,0.0,1.0,161.0
5644,5643,0,4,1,1,1,0.0,0.0,1,1,0.00733,0.286573,60.0,0.95,23.9,0.0,60.0,60.0,0.0,1.0,161.0
5648,5647,0,1,1,1,1,0.0,0.0,1,1,0.0177,0.5427,30.0,1.0,23.9,0.0,30.0,0.0,0.0,1.0,161.0
5648,5647,0,2,1,1,1,0.0,0.0,1,1,0.0177,0.541,30.0,1.0,23.9,0.0,30.0,0.0,0.0,1.0,161.0
5652,5651,0,1,1,1,1,0.0,0.0,1,1,0.0083,0.26,60.0,1.0125,23.9,0.0,60.0,60.0,0.0,1.0,161.0
5652,5651,0,2,1,1,1,0.0,0.0,1,1,0.0082,0.2655,60.0,1.0125,23.9,0.0,60.0,60.0,0.0,1.0,161.0
5652,5651,0,3,1,1,1,0.0,0.0,1,1,0.0073,0.2877,60.0,1.0125,23.9,0.0,60.0,60.0,0.0,1.0,161.0
5654,5653,0,1,1,1,1,0.0,0.0,1,1,0.0085,0.2669,60.0,1.0,23.9,0.0,60.0,60.0,0.0,1.0,161.0
5654,5653,0,2,1,1,1,0.0,0.0,1,1,0.0085,0.2679,60.0,1.0,23.9,0.0,60.0,60.0,0.0,1.0,161.0
5654,5653,0,3,1,1,1,0.0,0.0,1,1,0.00742,0.28413,60.0,1.0,23.9,0.0,60.0,60.0,0.0,1.0,161.0
5656,5655,0,1,1,1,1,0.0,0.0,1,1,0.0085,0.2822,60.0,1.025,23.9,0.0,60.0,60.0,0.0,1.0,161.0
5656,5655,0,2,1,1,1,0.0,0.0,1,1,0.0085,0.2825,60.0,1.025,23.9,0.0,60.0,60.0,0.0,1.0,161.0
5656,5655,0,3,1,1,1,0.0,0.0,1,1,0.0073,0.2666,60.0,1.025,23.9,0.0,60.0,0.0,0.0,1.0,161.0
5658,5657,0,1,1,1,1,0.0,0.0,1,1,0.0087,0.2729,60.0,1.0125,23.9,0.0,60.0,60.0,0.0,1.0,161.0
5658,5657,0,2,1,1,1,0.0,0.0,1,1,0.0085,0.2729,60.0,1.0125,23.9,0.0,60.0,60.0,0.0,1.0,161.0
5660,5659,0,1,1,1,1,0.0,0.0,1,1,0.0087,0.2799,60.0,1.0125,23.9,0.0,60.0,60.0,0.0,1.0,161.0
5660,5659,0,2,1,1,1,0.0,0.0,1,1,0.0086,0.2809,60.0,1.0125,23.9,0.0,60.0,60.0,0.0,1.0,161.0
5664,5663,0,1,1,1,1,0.0,0.0,1,1,0.00733333,0.2769,60.0,1.0125,23.9,0.0,60.0,60.0,0.0,1.0,161.0
5664,5663,0,2,1,1,1,0.0,0.0,1,1,0.00733333,0.27807,60.0,1.0125,23.9,0.0,60.0,60.0,0.0,1.0,161.0
5664,5663,0,3,1,1,1,0.0,0.0,1,1,0.00733333,0.275903,60.0,1.0125,23.9,0.0,60.0,60.0,0.0,1.0,161.0
5666,5665,0,1,1,1,1,0.0,0.0,1,1,0.0073,0.2741,60.0,1.0125,23.9,0.0,60.0,60.0,0.0,1.0,161.0
5666,5665,0,2,1,1,1,0.0,0.0,1,1,0.0073,0.275236,60.0,1.0125,23.9,0.0,60.0,60.0,0.0,1.0,161.0
5666,5665,0,3,1,1,1,0.0,0.0,1,1,0.0073,0.292742,60.0,1.0125,23.9,0.0,60.0,60.0,0.0,1.0,161.0
5668,5667,0,1,1,1,1,0.0,0.0,1,1,0.0086,0.2649,60.0,1.0125,23.9,0.0,60.0,60.0,0.0,1.0,161.0
5668,5667,0,2,1,1,1,0.0,0.0,1,1,0.0085,0.2657,60.0,1.0125,23.9,0.0,60.0,60.0,0.0,1.0,161.0
5668,5667,0,3,1,1,1,0.0,0.0,1,1,0.0071,0.2767,60.0,1.0125,23.9,0.0,60.0,60.0,0.0,1.0,161.0
5670,5669,0,1,1,1,1,0.0,0.0,1,1,0.00851667,0.2722,60.0,1.0375,23.9,0.0,60.0,60.0,0.0,1.0,161.0
5670,5669,0,2,1,1,1,0.0,0.0,1,1,0.00868333,0.265358,60.0,1.0375,23.9,0.0,60.0,60.0,0.0,1.0,161.0
5672,5671,0,1,1,1,1,0.0,0.0,1,1,0.0074,0.2847,60.0,1.0125,23.9,0.0,60.0,60.0,0.0,1.0,161.0
5672,5671,0,2,1,1,1,0.0,0.0,1,1,0.0074,0.2846,60.0,1.0125,23.9,0.0,60.0,60.0,0.0,1.0,161.0
5682,5681,0,1,1,1,1,0.0,0.0,1,1,0.008,0.26472,60.0,1.0125,23.9,0.0,60.0,60.0,0.0,1.0,161.0
5682,5681,0,2,1,1,1,0.0,0.0,1,1,0.00783,0.26505,60.0,1.0125,23.9,0.0,60.0,60.0,0.0,1.0,161.0
5684,5683,0,1,1,1,1,0.0,0.0,1,1,0.00816667,0.270543,60.0,1.0125,23.9,0.0,60.0,60.0,0.0,1.0,161.0
5684,5683,0,2,1,1,1,0.0,0.0,1,1,0.00816667,0.272211,60.0,1.0125,23.9,0.0,60.0,60.0,0.0,1.0,161.0
5684,5683,0,3,1,1,1,0.0,0.0,1,1,0.0075,0.2647,60.0,1.0125,23.9,0.0,60.0,60.0,0.0,1.0,161.0
5686,5685,0,1,1,1,1,0.0,0.0,1,1,0.0087,0.2765,60.0,1.025,23.9,0.0,60.0,0.0,0.0,1.0,161.0
5686,5685,0,2,1,1,1,0.0,0.0,1,1,0.0074,0.2814,60.0,1.025,23.0,0.0,60.0,0.0,0.0,1.0,161.0
5686,5685,0,3,1,1,1,0.0,0.0,1,1,0.0074,0.2822,60.0,1.025,23.9,0.0,60.0,0.0,0.0,1.0,161.0
5694,5693,0,1,1,1,1,0.0,0.0,1,1,0.0085,0.28337,60.0,1.0125,23.9,0.0,60.0,60.0,0.0,1.0,161.0
5694,5693,0,2,1,1,1,0.0,0.0,1,1,0.0085,0.28403,60.0,1.0125,23.9,0.0,60.0,60.0,0.0,1.0,161.0
5778,5777,0,1,1,1,1,0.0,0.0,1,1,0.00733,0.28452,60.0,1.0,23.9,0.0,60.0,60.0,0.0,1.0,161.0
5778,5777,0,2,1,1,1,0.0,0.0,1,1,0.00738,0.28472,60.0,1.0,23.9,0.0,60.0,60.0,0.0,1.0,161.0
5778,5777,0,3,1,1,1,0.0,0.0,1,1,0.0072,0.2689,60.0,1.0,23.9,0.0,60.0,60.0,0.0,1.0,161.0
5788,5787,0,1,1,1,1,0.0,0.0,1,1,0.00749999,0.2886,60.0,0.95,23.9,0.0,60.0,60.0,0.0,1.0,161.0
5788,5787,0,2,1,1,1,0.0,0.0,1,1,0.0075,0.2848,60.0,0.95,23.9,0.0,60.0,60.0,0.0,1.0,161.0
5788,5787,0,3,1,1,1,0.0,0.0,1,1,0.0074,0.2845,60.0,0.95,23.9,0.0,60.0,60.0,0.0,1.0,161.0
5790,5789,0,1,1,1,1,0.0,0.0,1,1,0.00817,0.2642,60.0,1.0125,23.9,0.0,60.0,60.0,0.0,1.0,161.0
5790,5789,0,2,1,1,1,0.0,0.0,1,1,0.008,0.26353,60.0,1.0125,23.9,0.0,60.0,60.0,0.0,1.0,161.0
5802,5801,0,1,1,1,1,0.0,0.0,1,1,0.007,0.2832,60.0,1.0125,23.9,0.0,60.0,60.0,0.0,1.0,161.0
5802,5801,0,2,1,1,1,0.0,0.0,1,1,0.007,0.2847,60.0,1.0125,23.9,0.0,60.0,60.0,0.0,1.0,161.0
5810,5809,0,1,1,1,1,0.0,0.0,1,1,0.00867,0.26352,60.0,1.0125,23.9,0.0,60.0,60.0,0.0,1.0,161.0
5810,5809,0,2,1,1,1,0.0,0.0,1,1,0.00733001,0.27807,60.0,1.0125,23.9,0.0,60.0,60.0,0.0,1.0,161.0
5810,5809,0,3,1,1,1,0.0,0.0,1,1,0.0075,0.2839,60.0,1.0125,23.9,0.0,60.0,60.0,0.0,1.0,161.0
5810,5809,0,4,1,1,1,0.0,0.0,1,1,0.0075,0.2839,60.0,1.0,23.9,0.0,60.0,60.0,0.0,1.0,161.0
5812,5811,0,1,1,1,1,0.0,0.0,1,1,0.007,0.27842,60.0,1.0125,23.9,0.0,60.0,60.0,0.0,1.0,161.0
5812,5811,0,2,1,1,1,0.0,0.0,1,1,0.007,0.27525,60.0,1.0125,23.9,0.0,60.0,60.0,0.0,1.0,161.0
5812,5811,0,3,1,1,1,0.0,0.0,1,1,0.007,0.27525,60.0,1.0125,23.9,0.0,60.0,60.0,0.0,1.0,161.0
5818,5817,0,1,1,1,1,0.0,0.0,1,1,0.0082,0.2614,60.0,1.0125,23.9,0.0,60.0,60.0,0.0,1.0,161.0
5818,5817,0,2,1,1,1,0.0,0.0,1,1,0.0082,0.266,60.0,1.0125,23.9,0.0,60.0,60.0,0.0,1.0,161.0
5818,5817,0,3,1,1,1,0.0,0.0,1,1,0.00733,0.27674,60.0,1.0125,23.9,0.0,60.0,60.0,0.0,1.0,161.0
5820,5819,0,1,1,1,1,0.0,0.0,1,1,0.0086,0.2812,60.0,1.0125,23.9,0.0,60.0,60.0,0.0,1.0,161.0
5820,5819,0,2,1,1,1,0.0,0.0,1,1,0.0086,0.281,60.0,1.0125,23.9,0.0,60.0,60.0,0.0,1.0,161.0
5842,5841,0,1,1,1,1,0.0,0.0,1,1,0.0088,0.2805,60.0,1.025,23.9,0.0,60.0,0.0,0.0,1.0,161.0
5842,5841,0,2,1,1,1,0.0,0.0,1,1,0.0087,0.2805,60.0,1.025,23.9,0.0,60.0,0.0,0.0,1.0,161.0
5846,5845,0,2,1,1,1,0.0,0.0,1,1,0.0075,0.2842,60.0,1.0,23.9,0.0,60.0,0.0,0.0,1.0,161.0
5846,5845,0,3,1,1,1,0.0,0.0,1,1,0.0075,0.2837,60.0,1.0,23.9,0.0,60.0,0.0,0.0,1.0,161.0
5852,5851,0,1,1,1,1,0.0,0.0,1,1,0.00883333,0.279861,60.0,1.0125,23.9,0.0,60.0,60.0,0.0,1.0,161.0
5852,5851,0,2,1,1,1,0.0,0.0,1,1,0.00883333,0.282195,60.0,1.0125,23.9,0.0,60.0,60.0,0.0,1.0,161.0
5852,5851,0,3,1,1,1,0.0,0.0,1,1,0.00866667,0.263858,60.0,1.0125,23.9,0.0,60.0,60.0,0.0,1.0,161.0
5854,5853,0,1,1,1,1,0.0,0.0,1,1,0.0085,0.28653,60.0,1.025,23.9,0.0,60.0,60.0,0.0,1.0,161.0
5854,5853,0,2,1,1,1,0.0,0.0,1,1,0.0085,0.28587,60.0,1.025,23.9,0.0,60.0,60.0,0.0,1.0,161.0
5856,5855,0,1,1,1,1,0.0,0.0,1,1,0.00857,0.28087,60.0,1.025,23.9,0.0,60.0,60.0,0.0,1.0,161.0
5856,5855,0,2,1,1,1,0.0,0.0,1,1,0.00862,0.2807,60.0,1.025,23.9,0.0,60.0,60.0,0.0,1.0,161.0
5864,5863,0,1,1,1,1,0.0,0.0,1,1,0.0085,0.2789,60.0,1.0125,23.9,0.0,60.0,60.0,0.0,1.0,161.0
5902,5901,0,1,1,1,1,0.0,0.0,1,1,0.0087,0.2801,60.0,1.025,23.9,0.0,60.0,60.0,0.0,1.0,161.0
5902,5901,0,2,1,1,1,0.0,0.0,1,1,0.0088,0.2818,60.0,1.025,23.9,0.0,60.0,60.0,0.0,1.0,161.0
5902,5901,0,3,1,1,1,0.0,0.0,1,1,0.0088,0.2798,60.0,1.025,23.9,0.0,60.0,60.0,0.0,1.0,161.0
5904,5903,0,1,1,1,1,0.0,0.0,1,1,0.0082,0.2697,60.0,1.025,23.9,0.0,60.0,60.0,0.0,1.0,161.0
5904,5903,0,2,1,1,1,0.0,0.0,1,1,0.008,0.2675,60.0,1.025,23.9,0.0,60.0,60.0,0.0,1.0,161.0
5906,5905,0,1,1,1,1,0.0,0.0,1,1,0.00867,0.2757,60.0,1.025,23.9,0.0,60.0,60.0,0.0,1.0,161.0
5906,5905,0,2,1,1,1,0.0,0.0,1,1,0.00883,0.27418,60.0,1.025,23.9,0.0,60.0,60.0,0.0,1.0,161.0
5910,5909,0,1,1,1,1,0.0,0.0,1,1,0.0085,0.2802,60.0,1.0375,23.9,0.0,60.0,60.0,0.0,1.0,161.0
5910,5909,0,2,1,1,1,0.0,0.0,1,1,0.0087,0.28,60.0,1.0375,23.9,0.0,60.0,60.0,0.0,1.0,161.0
5914,5913,0,1,1,1,1,0.0,0.0,1,1,0.00867,0.2862,60.0,1.0,23.9,0.0,60.0,60.0,0.0,1.0,161.0
5914,5913,0,2,1,1,1,0.0,0.0,1,1,0.0085,0.28537,60.0,1.0,23.9,0.0,60.0,60.0,0.0,1.0,161.0
5916,5915,0,1,1,1,1,0.0,0.0,1,1,0.0085,0.2767,60.0,1.025,23.9,0.0,60.0,60.0,0.0,1.0,161.0
5916,5915,0,2,1,1,1,0.0,0.0,1,1,0.0085,0.28,60.0,1.025,23.9,0.0,60.0,60.0,0.0,1.0,161.0
5916,5915,0,3,1,1,1,0.0,0.0,1,1,0.0073,0.2677,60.0,1.025,23.9,0.0,60.0,60.0,0.0,1.0,161.0
5942,5941,0,1,1,1,1,0.0,0.0,1,1,0.00867,0.276,60.0,0.9875,23.9,0.0,60.0,60.0,0.0,1.0,161.0
5942,5941,0,2,1,1,1,0.0,0.0,1,1,0.00872,0.2722,60.0,0.9875,23.9,0.0,60.0,60.0,0.0,1.0,161.0
5944,5943,0,1,1,1,1,0.0,0.0,1,1,0.0085,0.272034,60.0,0.9875,23.9,0.0,60.0,60.0,0.0,1.0,161.0
5944,5943,0,2,1,1,1,0.0,0.0,1,1,0.00833333,0.272039,60.0,0.9875,23.9,0.0,60.0,60.0,0.0,1.0,161.0
5944,5943,0,3,1,1,1,0.0,0.0,1,1,0.0082,0.2714,60.0,0.9875,23.9,0.0,60.0,60.0,0.0,1.0,161.0
5948,5947,0,1,1,1,1,0.0,0.0,1,1,0.0077,0.2724,60.0,1.0,23.9,0.0,60.0,0.0,0.0,1.0,161.0
5956,5955,0,1,1,1,1,0.0,0.0,1,1,0.00833333,0.268204,60.0,1.0,23.9,0.0,60.0,60.0,0.0,1.0,161.0
5956,5955,0,2,1,1,1,0.0,0.0,1,1,0.00816667,0.268709,60.0,1.0,23.9,0.0,60.0,60.0,0.0,1.0,161.0
5956,5955,0,3,1,1,1,0.0,0.0,1,1,0.0074,0.2856,60.0,0.9875,23.9,0.0,60.0,60.0,0.0,1.0,161.0
5958,5957,0,1,1,1,1,0.0,0.0,1,1,0.0072,0.2709,60.0,1.1,23.9,0.0,60.0,0.0,0.0,1.0,161.0
5958,5957,0,2,1,1,1,0.0,0.0,1,1,0.0072,0.2709,60.0,1.1,23.9,0.0,60.0,0.0,0.0,1.0,161.0
5958,5957,0,3,1,1,1,0.0,0.0,1,1,0.017667,0.538043,30.0,1.1,23.9,0.0,30.0,30.0,0.0,1.0,161.0
5958,5957,0,4,1,1,1,0.0,0.0,1,1,0.017667,0.538043,30.0,1.1,23.9,0.0,30.0,30.0,0.0,1.0,161.0
5976,5975,0,1,1,1,1,0.0,0.0,1,1,0.008,0.26288,60.0,1.0,23.9,0.0,60.0,60.0,0.0,1.0,161.0
5976,5975,0,2,1,1,1,0.0,0.0,1,1,0.008,0.26288,60.0,1.0,23.9,0.0,60.0,60.0,0.0,1.0,161.0
5978,5977,0,1,1,1,1,0.0,0.0,1,1,0.00883333,0.27736,60.0,0.9875,23.9,0.0,60.0,0.0,0.0,1.0,161.0
5978,5977,0,2,1,1,1,0.0,0.0,1,1,0.0085,0.2815,60.0,0.9875,23.9,0.0,60.0,0.0,0.0,1.0,161.0
5978,5977,0,3,1,1,1,0.0,0.0,1,1,0.0075,0.2634,60.0,0.9875,23.9,0.0,60.0,0.0,0.0,1.0,161.0
5980,5979,0,1,1,1,1,0.0,0.0,1,1,0.0088,0.2806,60.0,0.9875,23.9,0.0,60.0,60.0,0.0,1.0,161.0
5980,5979,0,2,1,1,1,0.0,0.0,1,1,0.0088,0.2794,60.0,0.9875,23.9,0.0,60.0,60.0,0.0,1.0,161.0
5984,5983,0,2,1,1,1,0.0,0.0,1,1,0.00817,0.26722,60.0,1.0,23.9,0.0,60.0,60.0,0.0,1.0,161.0
5984,5983,0,3,1,1,1,0.0,0.0,1,1,0.00667,0.27892,60.0,1.0,23.9,0.0,60.0,60.0,0.0,1.0,161.0
5984,5983,0,4,1,1,1,0.0,0.0,1,1,0.00667,0.28108,60.0,1.0,23.9,0.0,60.0,60.0,0.0,1.0,161.0
5986,5985,0,1,1,1,1,0.0,0.0,1,1,0.00733,0.2789,60.0,0.9875,23.9,0.0,60.0,60.0,0.0,1.0,161.0
5988,5987,0,1,1,1,1,0.0,0.0,1,1,0.007,0.2762,60.0,1.0,23.9,0.0,60.0,0.0,0.0,1.0,161.0
5996,5995,0,3,1,1,1,0.0,0.0,1,1,0.00717,0.28308,60.0,1.0,23.9,0.0,60.0,60.0,0.0,1.0,161.0
5996,5995,0,4,1,1,1,0.0,0.0,1,1,0.00717,0.28342,60.0,1.0,23.9,0.0,60.0,60.0,0.0,1.0,161.0
5998,5997,0,1,1,1,1,0.0,0.0,1,1,0.008,0.265213,60.0,1.0,23.9,0.0,60.0,60.0,0.0,1.0,161.0
5998,5997,0,2,1,1,1,0.0,0.0,1,1,0.008,0.265213,60.0,1.0,23.9,0.0,60.0,60.0,0.0,1.0,161.0
6004,6003,0,1,1,1,1,0.0,0.0,1,1,0.0083,0.2682,60.0,0.9875,23.9,0.0,60.0,60.0,0.0,1.0,161.0
6004,6003,0,2,1,1,1,0.0,0.0,1,1,0.0082,0.2687,60.0,0.9875,23.9,0.0,60.0,60.0,0.0,1.0,161.0
6010,6009,0,1,1,1,1,0.0,0.0,1,1,0.0085,0.2777,60.0,1.0,23.9,0.0,60.0,60.0,0.0,1.0,161.0
6010,6009,0,2,1,1,1,0.0,0.0,1,1,0.0085,0.27853,60.0,1.0,23.9,0.0,60.0,60.0,0.0,1.0,161.0
6010,6009,0,3,1,1,1,0.0,0.0,1,1,0.0082,0.269,60.0,0.9875,23.9,0.0,60.0,60.0,0.0,1.0,161.0
6012,6011,0,1,1,1,1,0.0,0.0,1,1,0.00833,0.28305,60.0,1.0125,23.9,0.0,60.0,60.0,0.0,1.0,161.0
6012,6011,0,3,1,1,1,0.0,0.0,1,1,0.00733,0.27957,60.0,1.0125,23.9,0.0,60.0,60.0,0.0,1.0,161.0
6012,6011,0,4,1,1,1,0.0,0.0,1,1,0.00733,0.2809,60.0,1.0125,23.9,0.0,60.0,60.0,0.0,1.0,161.0
6018,6017,0,1,1,1,1,0.0,0.0,1,1,0.0088,0.2811,60.0,1.0125,23.9,0.0,60.0,60.0,0.0,1.0,161.0
6018,6017,0,2,1,1,1,0.0,0.0,1,1,0.0088,0.2797,60.0,1.0125,23.9,0.0,60.0,60.0,0.0,1.0,161.0
6024,6023,0,1,1,1,1,0.0,0.0,1,1,0.00833,0.26687,60.0,0.9875,23.9,0.0,60.0,60.0,0.0,1.0,161.0
6024,6023,0,2,1,1,1,0.0,0.0,1,1,0.00833,0.2687,60.0,0.9875,23.9,0.0,60.0,60.0,0.0,1.0,161.0
6024,6023,0,3,1,1,1,0.0,0.0,1,1,0.00717001,0.27473,60.0,0.9875,23.9,0.0,60.0,60.0,0.0,1.0,161.0
6024,6023,0,4,1,1,1,0.0,0.0,1,1,0.00717,0.27523,60.0,0.9875,23.9,0.0,60.0,60.0,0.0,1.0,161.0
6034,6033,0,2,1,1,1,0.0,0.0,1,1,0.00878333,0.284198,60.0,0.9875,23.9,0.0,60.0,60.0,0.0,1.0,161.0
6034,6033,0,3,1,1,1,0.0,0.0,1,1,0.00878333,0.282697,60.0,0.9875,23.9,0.0,60.0,60.0,0.0,1.0,161.0
6040,6039,0,1,1,1,1,0.0,0.0,1,1,0.0067,0.2761,60.0,0.9875,23.9,0.0,60.0,60.0,0.0,1.0,161.0
6040,6039,0,2,1,1,1,0.0,0.0,1,1,0.0063,0.2746,60.0,0.9875,23.9,0.0,60.0,60.0,0.0,1.0,161.0
6040,6039,0,3,1,1,1,0.0,0.0,1,1,0.0097,0.2655,60.0,0.9875,23.9,0.0,60.0,60.0,0.0,1.0,161.0
6042,6041,0,1,1,1,1,0.0,0.0,1,1,0.00878,0.28168,60.0,0.9875,161.0,0.0,60.0,60.0,0.0,1.0,23.9
6042,6041,0,2,1,1,1,0.0,0.0,1,1,0.01667,0.53173,30.0,1.0,23.9,0.0,30.0,0.0,0.0,1.0,161.0
6042,6041,0,3,1,1,1,0.0,0.0,1,1,0.01667,0.53173,30.0,1.0,23.9,0.0,30.0,0.0,0.0,1.0,161.0
6044,6043,0,1,1,1,1,0.0,0.0,1,1,0.0085,0.2822,60.0,1.0,23.9,0.0,60.0,60.0,0.0,1.0,161.0
6044,6043,0,2,1,1,1,0.0,0.0,1,1,0.008,0.2759,60.0,1.0,23.9,0.0,60.0,60.0,0.0,1.0,161.0
6056,6055,0,1,1,1,1,0.0,0.0,1,1,0.00883,0.28487,60.0,1.0,23.9,0.0,60.0,60.0,0.0,1.0,161.0
6056,6055,0,2,1,1,1,0.0,0.0,1,1,0.00867,0.2857,60.0,1.0,23.9,0.0,60.0,60.0,0.0,1.0,161.0
6056,6055,0,3,1,1,1,0.0,0.0,1,1,0.00867,0.2857,60.0,1.0,23.9,0.0,60.0,60.0,0.0,1.0,161.0
6060,6059,0,1,1,1,1,0.0,0.0,1,1,0.00883,0.28487,60.0,1.0,23.9,0.0,60.0,60.0,0.0,1.0,161.0
6060,6059,0,2,1,1,1,0.0,0.0,1,1,0.00883,0.29137,60.0,1.0,23.9,0.0,60.0,60.0,0.0,1.0,161.0
6060,6059,0,3,1,1,1,0.0,0.0,1,1,0.00883,0.2832,60.0,1.0,23.9,0.0,60.0,60.0,0.0,1.0,161.0
6064,6063,0,1,1,1,1,0.0,0.0,1,1,0.00733,0.28407,60.0,1.0,23.9,0.0,60.0,60.0,0.0,1.0,161.0
6064,6063,0,2,1,1,1,0.0,0.0,1,1,0.0075,0.28407,60.0,1.0125,23.9,0.0,60.0,60.0,0.0,1.0,161.0
6068,6067,0,1,1,1,1,0.0,0.0,1,1,0.0085,0.2662,60.0,0.9875,23.9,0.0,60.0,60.0,0.0,1.0,161.0
6068,6067,0,2,1,1,1,0.0,0.0,1,1,0.0074,0.2852,60.0,0.9875,23.9,0.0,60.0,60.0,0.0,1.0,161.0
6072,6071,0,1,1,1,1,0.0,0.0,1,1,0.00817,0.26805,60.0,1.0125,23.9,0.0,60.0,60.0,0.0,1.0,161.0
6072,6071,0,2,1,1,1,0.0,0.0,1,1,0.0085,0.26737,60.0,1.0125,23.9,0.0,60.0,60.0,0.0,1.0,161.0
6072,6071,0,3,1,1,1,0.0,0.0,1,1,0.0074,0.2828,60.0,1.0125,23.9,0.0,60.0,60.0,0.0,1.0,161.0
6074,6073,0,1,1,1,1,0.0,0.0,1,1,0.00833,0.28822,60.0,1.0,23.9,0.0,60.0,60.0,0.0,1.0,161.0
6074,6073,0,2,1,1,1,0.0,0.0,1,1,0.0082,0.2684,60.0,1.0,23.9,0.0,60.0,60.0,0.0,1.0,161.0
6074,6073,0,3,1,1,1,0.0,0.0,1,1,0.0075,0.28057,60.0,1.0,23.9,0.0,60.0,60.0,0.0,1.0,161.0
6074,6073,0,4,1,1,1,0.0,0.0,1,1,0.00733,0.28223,60.0,1.0,23.9,0.0,60.0,60.0,0.0,1.0,161.0
6076,6075,0,1,1,1,1,0.0,0.0,1,1,0.0065,0.27308,60.0,1.0125,23.9,0.0,60.0,60.0,0.0,1.0,161.0
6076,6075,0,2,1,1,1,0.0,0.0,1,1,0.008,0.2659,60.0,1.0125,23.9,0.0,60.0,60.0,0.0,1.0,161.0
6076,6075,0,3,1,1,1,0.0,0.0,1,1,0.008,0.26622,60.0,1.0125,23.9,0.0,60.0,60.0,0.0,1.0,161.0
6076,6075,0,4,1,1,1,0.0,0.0,1,1,0.0073,0.2732,60.0,1.0125,23.9,0.0,60.0,60.0,0.0,1.0,161.0
6080,6079,0,1,1,1,1,0.0,0.0,1,1,0.0072,0.2687,60.0,1.0625,23.9,0.0,60.0,60.0,0.0,1.0,161.0
6080,6079,0,2,1,1,1,0.0,0.0,1,1,0.0073,0.2687,60.0,1.0625,23.9,0.0,60.0,60.0,0.0,1.0,161.0
6080,6079,0,3,1,1,1,0.0,0.0,1,1,0.0073,0.2686,60.0,1.0625,23.9,0.0,60.0,60.0,0.0,1.0,161.0
6084,6083,0,1,1,1,1,0.0,0.0,1,1,0.0085,0.2862,60.0,1.0,23.9,0.0,60.0,60.0,0.0,1.0,161.0
6084,6083,0,2,1,1,1,0.0,0.0,1,1,0.0087,0.2807,60.0,1.0,23.9,0.0,60.0,60.0,60.0,1.0,161.0
6084,6083,0,3,1,1,1,0.0,0.0,1,1,0.0073,0.2917,60.0,1.0,23.9,0.0,60.0,60.0,0.0,1.0,161.0
6084,6083,0,4,1,1,1,0.0,0.0,1,1,0.0073,0.2817,60.0,1.0,23.9,0.0,60.0,60.0,0.0,1.0,161.0
6086,6085,0,1,1,1,1,0.0,0.0,1,1,0.0072,0.28123,60.0,1.0125,23.9,0.0,60.0,60.0,0.0,1.0,161.0
6086,6085,0,2,1,1,1,0.0,0.0,1,1,0.00715,0.28125,60.0,1.0125,23.9,0.0,60.0,60.0,0.0,1.0,161.0
6094,6093,0,1,1,1,1,0.0,0.0,1,1,0.008,0.2687,60.0,1.0,23.9,0.0,60.0,0.0,0.0,1.0,161.0
6096,6095,0,1,1,1,1,0.0,0.0,1,1,0.0073,0.2772,60.0,1.0125,23.9,0.0,60.0,60.0,0.0,1.0,161.0
6096,6095,0,2,1,1,1,0.0,0.0,1,1,0.007,0.2676,60.0,1.0125,23.9,0.0,60.0,60.0,0.0,1.0,161.0
6098,6097,0,3,1,1,1,0.0,0.0,1,1,0.0072,0.2679,60.0,1.0125,23.9,0.0,60.0,60.0,0.0,1.0,161.0
6098,6097,0,4,1,1,1,0.0,0.0,1,1,0.0072,0.2679,60.0,1.0125,23.9,0.0,60.0,60.0,0.0,1.0,161.0
6106,6105,0,1,1,1,1,0.0,0.0,1,1,0.00833,0.27003,60.0,1.0125,23.9,0.0,60.0,60.0,0.0,1.0,161.0
6106,6105,0,2,1,1,1,0.0,0.0,1,1,0.0085,0.2702,60.0,1.0125,23.9,0.0,60.0,60.0,0.0,1.0,161.0
6106,6105,0,3,1,1,1,0.0,0.0,1,1,0.00742,0.2824,60.0,1.0125,23.9,0.0,60.0,60.0,0.0,1.0,161.0
6106,6105,0,4,1,1,1,0.0,0.0,1,1,0.0075,0.2821,60.0,1.0125,23.9,0.0,60.0,60.0,0.0,1.0,161.0
6108,6107,0,1,1,1,1,0.0,0.0,1,1,0.00733,0.29107,60.0,1.0125,23.9,0.0,60.0,60.0,0.0,1.0,161.0
6108,6107,0,2,1,1,1,0.0,0.0,1,1,0.00733,0.29307,60.0,1.0125,23.9,0.0,60.0,60.0,0.0,1.0,161.0
6108,6107,0,3,1,1,1,0.0,0.0,1,1,0.00733,0.29273,60.0,1.0125,23.9,0.0,60.0,60.0,0.0,1.0,161.0
6110,6109,0,1,1,1,1,0.0,0.0,1,1,0.0073,0.2917,60.0,1.0,23.9,0.0,60.0,60.0,0.0,1.0,161.0
6110,6109,0,2,1,1,1,0.0,0.0,1,1,0.0087,0.2817,60.0,1.0,23.9,0.0,60.0,60.0,0.0,1.0,161.0
6110,6109,0,3,1,1,1,0.0,0.0,1,1,0.0085,0.2834,60.0,1.0,23.9,0.0,60.0,60.0,0.0,1.0,161.0
6112,6111,0,1,1,1,1,0.0,0.0,1,1,0.0077,0.2662,60.0,1.0125,23.9,0.0,60.0,60.0,0.0,1.0,161.0
6112,6111,0,2,1,1,1,0.0,0.0,1,1,0.008,0.2667,60.0,1.0125,23.9,0.0,60.0,60.0,0.0,1.0,161.0
6112,6111,0,3,1,1,1,0.0,0.0,1,1,0.00748333,0.286733,60.0,1.0125,23.9,0.0,60.0,60.0,0.0,1.0,161.0
6116,6115,0,2,1,1,1,0.0,0.0,1,1,0.00833,0.29322,60.0,1.025,23.9,0.0,60.0,60.0,0.0,1.0,161.0
6116,6115,0,3,1,1,1,0.0,0.0,1,1,0.0085,0.29405,60.0,1.025,23.9,0.0,60.0,60.0,0.0,1.0,161.0
6120,6119,0,1,1,1,1,0.0,0.0,1,1,0.00885,0.280077,60.0,1.0375,23.9,0.0,60.0,60.0,0.0,1.0,161.0
6120,6119,0,2,1,1,1,0.0,0.0,1,1,0.00881667,0.280678,60.0,1.0375,23.9,0.0,60.0,60.0,0.0,1.0,161.0
6126,6125,0,1,1,1,1,0.0,0.0,1,1,0.00867,0.28287,60.0,1.0,23.9,0.0,60.0,60.0,0.0,1.0,161.0
6126,6125,0,2,1,1,1,0.0,0.0,1,1,0.0072,0.2644,60.0,1.0,23.9,0.0,60.0,60.0,0.0,1.0,161.0
6126,6125,0,3,1,1,1,0.0,0.0,1,1,0.00867,0.28287,60.0,1.0,23.9,0.0,60.0,60.0,0.0,1.0,161.0
6126,6125,0,4,1,1,1,0.0,0.0,1,1,0.00867,0.28287,60.0,1.0,23.9,0.0,60.0,60.0,0.0,1.0,161.0
6128,6127,0,1,1,1,1,0.0,0.0,1,1,0.0087,0.2682,60.0,1.0375,23.9,0.0,60.0,60.0,0.0,1.0,161.0
6128,6127,0,2,1,1,1,0.0,0.0,1,1,0.0087,0.2645,60.0,1.0375,23.9,0.0,60.0,60.0,0.0,1.0,161.0
6128,6127,0,3,1,1,1,0.0,0.0,1,1,0.0074,0.2861,60.0,1.0375,23.9,0.0,60.0,60.0,0.0,1.0,161.0
6128,6127,0,4,1,1,1,0.0,0.0,1,1,0.0074,0.2824,60.0,1.0375,23.9,0.0,60.0,60.0,0.0,1.0,161.0
6130,6129,0,1,1,1,1,0.0,0.0,1,1,0.007,0.27808,60.0,1.0125,23.9,0.0,60.0,60.0,0.0,1.0,161.0
6130,6129,0,2,1,1,1,0.0,0.0,1,1,0.007,0.27758,60.0,1.0125,23.9,0.0,60.0,60.0,0.0,1.0,161.0
6140,6139,0,1,1,1,1,0.0,0.0,1,1,0.0085,0.2879,60.0,1.025,23.9,0.0,60.0,60.0,0.0,1.0,161.0
6140,6139,0,2,1,1,1,0.0,0.0,1,1,0.0085,0.2879,60.0,1.025,23.9,0.0,60.0,60.0,0.0,1.0,161.0
6140,6139,0,3,1,1,1,0.0,0.0,1,1,0.0087,0.2809,60.0,1.025,23.9,0.0,60.0,60.0,0.0,1.0,161.0
6162,6161,0,1,1,1,1,0.0,0.0,1,1,0.00883,0.2882,60.0,1.0125,23.9,0.0,60.0,60.0,0.0,1.0,161.0
6162,6161,0,2,1,1,1,0.0,0.0,1,1,0.00867,0.28903,60.0,1.0125,23.9,0.0,60.0,60.0,0.0,1.0,161.0
6162,6161,0,3,1,1,1,0.0,0.0,1,1,0.00867,0.28937,60.0,1.0125,23.9,0.0,60.0,60.0,0.0,1.0,161.0
6164,6163,0,1,1,1,1,0.0,0.0,1,1,0.0083,0.2867,60.0,1.0,23.9,0.0,60.0,60.0,0.0,1.0,161.0
6164,6163,0,2,1,1,1,0.0,0.0,1,1,0.0083,0.2867,60.0,1.0,23.9,0.0,60.0,60.0,0.0,1.0,161.0
6166,6165,0,1,1,1,1,0.0,0.0,1,1,0.00867,0.2667,60.0,1.05,23.9,0.0,60.0,60.0,0.0,1.0,161.0
6166,6165,0,2,1,1,1,0.0,0.0,1,1,0.00867,0.26603,60.0,1.05,23.9,0.0,60.0,60.0,0.0,1.0,161.0
6166,6165,0,3,1,1,1,0.0,0.0,1,1,0.00867,0.2667,60.0,1.05,23.9,0.0,60.0,60.0,0.0,1.0,161.0
6170,6169,0,1,1,1,1,0.0,0.0,1,1,0.0087,0.283,60.0,1.0,23.9,0.0,60.0,60.0,0.0,1.0,161.0
6170,6169,0,2,1,1,1,0.0,0.0,1,1,0.0085,0.2794,60.0,1.0,23.9,0.0,60.0,60.0,0.0,1.0,161.0
6170,6169,0,3,1,1,1,0.0,0.0,1,1,0.0068,0.2732,60.0,1.0,23.9,0.0,60.0,60.0,0.0,1.0,161.0
6170,6169,0,4,1,1,1,0.0,0.0,1,1,0.007,0.2724,60.0,1.0,23.9,0.0,60.0,60.0,0.0,1.0,161.0
6204,6203,0,1,1,1,1,0.0,0.0,1,1,0.00833,0.28388,60.0,1.0,23.9,0.0,60.0,60.0,0.0,1.0,161.0
6204,6203,0,2,1,1,1,0.0,0.0,1,1,0.00833,0.28555,60.0,1.0,23.9,0.0,60.0,60.0,0.0,1.0,161.0
6204,6203,0,3,1,1,1,0.0,0.0,1,1,0.0075,0.28407,60.0,1.0,23.9,0.0,60.0,60.0,0.0,1.0,161.0
6208,6207,0,1,1,1,1,0.0,0.0,1,1,0.00732,0.28373,60.0,0.975,23.9,0.0,60.0,60.0,0.0,1.0,161.0
6208,6207,0,2,1,1,1,0.0,0.0,1,1,0.00733,0.28557,60.0,0.975,23.9,0.0,60.0,60.0,0.0,1.0,161.0
6208,6207,0,3,1,1,1,0.0,0.0,1,1,0.0072,0.2661,60.0,1.0,23.9,0.0,60.0,60.0,0.0,1.0,161.0
6208,6207,0,4,1,1,1,0.0,0.0,1,1,0.0073,0.2664,60.0,1.0,23.9,0.0,60.0,60.0,0.0,1.0,161.0
6218,6217,0,1,1,1,1,0.0,0.0,1,1,0.00875,0.282698,60.0,1.025,23.9,0.0,60.0,60.0,0.0,1.0,161.0
6218,6217,0,2,1,1,1,0.0,0.0,1,1,0.00873333,0.283182,60.0,1.025,23.9,0.0,60.0,60.0,0.0,1.0,161.0
6218,6217,0,3,1,1,1,0.0,0.0,1,1,0.008733,0.283182,60.0,1.025,161.0,0.0,60.0,60.0,0.0,1.0,23.9
6220,6219,0,1,1,1,1,0.0,0.0,1,1,0.00865,0.2792,60.0,1.0,23.9,0.0,60.0,60.0,0.0,1.0,161.0
6220,6219,0,2,1,1,1,0.0,0.0,1,1,0.0083,0.280544,60.0,1.0,23.9,0.0,60.0,60.0,0.0,1.0,161.0
6224,6223,0,2,1,1,1,0.0,0.0,1,1,0.0087,0.2659,60.0,1.0,23.9,0.0,60.0,60.0,0.0,1.0,161.0
6224,6223,0,3,1,1,1,0.0,0.0,1,1,0.0086,0.2664,60.0,1.0,23.9,0.0,60.0,60.0,0.0,1.0,161.0
6228,6227,0,1,1,1,1,0.0,0.0,1,1,0.00867,0.2837,60.0,1.0125,23.9,0.0,60.0,60.0,0.0,1.0,161.0
6228,6227,0,2,1,1,1,0.0,0.0,1,1,0.00867,0.28387,60.0,1.0125,23.9,0.0,60.0,60.0,0.0,1.0,161.0
6228,6227,0,3,1,1,1,0.0,0.0,1,1,0.0072,0.2682,60.0,1.0125,23.9,0.0,60.0,60.0,0.0,1.0,161.0
6228,6227,0,4,1,1,1,0.0,0.0,1,1,0.0075,0.2844,60.0,1.0125,23.9,0.0,60.0,60.0,0.0,1.0,161.0
6234,6233,0,1,1,1,1,0.0,0.0,1,1,0.0087,0.2645,60.0,1.0,23.9,0.0,60.0,60.0,0.0,1.0,161.0
6234,6233,0,2,1,1,1,0.0,0.0,1,1,0.0087,0.2672,60.0,1.0,23.9,0.0,60.0,60.0,0.0,1.0,161.0
6236,6235,0,3,1,1,1,0.0,0.0,1,1,0.0082,0.2702,60.0,1.0,23.9,0.0,60.0,60.0,0.0,1.0,161.0
6236,6235,0,4,1,1,1,0.0,0.0,1,1,0.0082,0.2689,60.0,1.0,23.9,0.0,60.0,60.0,0.0,1.0,161.0
6302,6301,0,3,1,1,1,0.0,0.0,1,1,0.0065,0.27925,60.0,1.0125,23.9,0.0,60.0,60.0,0.0,1.0,161.0
6302,6301,0,4,1,1,1,0.0,0.0,1,1,0.00667,0.27758,60.0,1.0125,23.9,0.0,60.0,60.0,0.0,1.0,161.0
6306,6305,0,1,1,1,1,0.0,0.0,1,1,0.00733,0.29123,60.0,1.0125,23.9,0.0,60.0,60.0,0.0,1.0,161.0
6306,6305,0,2,1,1,1,0.0,0.0,1,1,0.00883,0.2812,60.0,1.0125,23.9,0.0,60.0,60.0,0.0,1.0,161.0
6306,6305,0,3,1,1,1,0.0,0.0,1,1,0.00867,0.28203,60.0,1.0125,23.9,0.0,60.0,60.0,0.0,1.0,161.0
6310,6309,0,3,1,1,1,0.0,0.0,1,1,0.00667,0.27975,60.0,1.0,23.9,0.0,60.0,60.0,0.0,1.0,161.0
6310,6309,0,4,1,1,1,0.0,0.0,1,1,0.00667,0.27575,60.0,1.0,23.9,0.0,60.0,60.0,0.0,1.0,161.0
6312,6311,0,1,1,1,1,0.0,0.0,1,1,0.0085,0.283206,60.0,1.025,23.9,0.0,60.0,60.0,0.0,1.0,161.0
6312,6311,0,2,1,1,1,0.0,0.0,1,1,0.0085,0.288375,60.0,1.025,23.9,0.0,60.0,60.0,0.0,1.0,161.0
6312,6311,0,3,1,1,1,0.0,0.0,1,1,0.007,0.27823,60.0,1.0,23.9,0.0,60.0,60.0,0.0,1.0,161.0
6318,6317,0,2,1,1,1,0.0,0.0,1,1,0.0069,0.2784,60.0,1.025,23.9,0.0,60.0,0.0,0.0,1.0,161.0
6318,6317,0,3,1,1,1,0.0,0.0,1,1,0.0069,0.2774,60.0,1.025,23.9,0.0,60.0,0.0,0.0,1.0,161.0
6318,6317,0,4,1,1,1,0.0,0.0,1,1,0.0178,0.5633,30.0,1.025,23.9,0.0,30.0,0.0,0.0,1.0,161.0
6320,6319,0,1,1,1,1,0.0,0.0,1,1,0.00733333,0.280904,60.0,1.0125,23.9,0.0,60.0,60.0,0.0,1.0,161.0
6320,6319,0,2,1,1,1,0.0,0.0,1,1,0.00733333,0.280237,60.0,1.0125,23.9,0.0,60.0,60.0,0.0,1.0,161.0
6320,6319,0,3,1,1,1,0.0,0.0,1,1,0.0075,0.280733,60.0,1.0125,23.9,0.0,60.0,60.0,0.0,1.0,161.0
6320,6319,0,4,1,1,1,0.0,0.0,1,1,0.00733333,0.280404,60.0,1.0125,23.9,0.0,60.0,60.0,0.0,1.0,161.0
6322,6321,0,1,1,1,1,0.0,0.0,1,1,0.00866667,0.283201,60.0,1.025,23.9,0.0,60.0,60.0,0.0,1.0,161.0
6322,6321,0,2,1,1,1,0.0,0.0,1,1,0.0085,0.282372,60.0,1.025,23.9,0.0,60.0,60.0,0.0,1.0,161.0
6322,6321,0,3,1,1,1,0.0,0.0,1,1,0.00733333,0.280404,60.0,1.025,23.9,0.0,60.0,60.0,0.0,1.0,161.0
6330,6329,0,1,1,1,1,0.0,0.0,1,1,0.008,0.2715,60.0,1.0125,23.9,0.0,60.0,0.0,0.0,1.0,161.0
6330,6329,0,2,1,1,1,0.0,0.0,1,1,0.0063,0.2758,60.0,1.0125,23.9,0.0,60.0,0.0,0.0,1.0,161.0
6354,6353,0,1,1,1,1,0.0,0.0,1,1,0.00867,0.28453,60.0,1.0,23.9,0.0,60.0,60.0,0.0,1.0,161.0
6354,6353,0,2,1,1,1,0.0,0.0,1,1,0.00868,0.28287,60.0,1.0,23.9,0.0,60.0,60.0,0.0,1.0,161.0
6362,6361,0,1,1,1,1,0.0,0.0,1,1,0.00707,0.27658,60.0,1.0,23.9,0.0,60.0,60.0,0.0,1.0,161.0
6362,6361,0,2,1,1,1,0.0,0.0,1,1,0.00713,0.27673,60.0,1.0,23.9,0.0,60.0,60.0,0.0,1.0,161.0
6362,6361,0,3,1,1,1,0.0,0.0,1,1,0.00717,0.27573,60.0,0.9875,23.9,0.0,60.0,60.0,0.0,1.0,161.0
6368,6367,0,1,1,1,1,0.0,0.0,1,1,0.0085,0.27353,60.0,1.0,23.9,0.0,60.0,60.0,0.0,1.0,161.0
6368,6367,0,2,1,1,1,0.0,0.0,1,1,0.00833,0.27353,60.0,1.0,23.9,0.0,60.0,60.0,0.0,1.0,161.0
6370,6369,0,1,1,1,1,0.0,0.0,1,1,0.008,0.2682,60.0,1.0,23.9,0.0,60.0,60.0,0.0,1.0,161.0
6370,6369,0,2,1,1,1,0.0,0.0,1,1,0.008,0.2684,60.0,1.0,23.9,0.0,60.0,60.0,0.0,1.0,161.0
6372,6371,0,1,1,1,1,0.0,0.0,1,1,0.007,0.2906,60.0,0.9875,23.9,0.0,60.0,60.0,0.0,1.0,161.0
6408,6407,0,3,1,1,1,0.0,0.0,1,1,0.00833,0.2687,60.0,1.0125,23.9,0.0,60.0,60.0,0.0,1.0,161.0
6408,6407,0,4,1,1,1,0.0,0.0,1,1,0.00817,0.26822,60.0,1.0125,23.9,0.0,60.0,60.0,0.0,1.0,161.0
6410,6409,0,1,1,1,1,0.0,0.0,1,1,0.0085,0.265364,60.0,0.9875,23.9,0.0,60.0,60.0,0.0,1.0,161.0
6410,6409,0,2,1,1,1,0.0,0.0,1,1,0.00816667,0.26404,60.0,0.9875,23.9,0.0,60.0,60.0,0.0,1.0,161.0
6452,6451,0,1,1,1,1,0.0,0.0,1,1,0.0085,0.2844,60.0,0.9875,23.9,0.0,60.0,60.0,0.0,1.0,161.0
6452,6451,0,2,1,1,1,0.0,0.0,1,1,0.0087,0.2844,60.0,0.9875,23.9,0.0,60.0,60.0,0.0,1.0,161.0
6452,6451,0,3,1,1,1,0.0,0.0,1,1,0.00733333,0.280071,60.0,0.9875,23.9,0.0,60.0,60.0,0.0,1.0,161.0
6452,6451,0,4,1,1,1,0.0,0.0,1,1,0.00733333,0.280904,60.0,0.9875,23.9,0.0,60.0,60.0,0.0,1.0,161.0
6456,6455,0,1,1,1,1,0.0,0.0,1,1,0.0088,0.2815,60.0,1.0,23.9,0.0,60.0,60.0,0.0,1.0,161.0
6456,6455,0,2,1,1,1,0.0,0.0,1,1,0.0088,0.2817,60.0,1.0,23.9,0.0,60.0,60.0,0.0,1.0,161.0
6456,6455,0,3,1,1,1,0.0,0.0,1,1,0.0073,0.2677,60.0,1.0,23.9,0.0,60.0,60.0,0.0,1.0,161.0
6458,6457,0,1,1,1,1,0.0,0.0,1,1,0.008333,0.2699,60.0,1.0,23.9,0.0,60.0,60.0,0.0,1.0,161.0
6458,6457,0,2,1,1,1,0.0,0.0,1,1,0.008333,0.2684,60.0,1.0,23.9,0.0,60.0,60.0,0.0,1.0,161.0
6512,6511,0,1,1,1,1,0.0,0.0,1,1,0.00876667,0.283698,60.0,1.0125,23.9,0.0,60.0,60.0,0.0,1.0,161.0
6512,6511,0,2,1,1,1,0.0,0.0,1,1,0.00876667,0.282864,60.0,1.0125,23.9,0.0,60.0,60.0,0.0,1.0,161.0
6514,6513,0,1,1,1,1,0.0,0.0,1,1,0.0083,0.2649,60.0,1.0,23.9,0.0,60.0,0.0,0.0,1.0,161.0
6514,6513,0,2,1,1,1,0.0,0.0,1,1,0.0083,0.269,60.0,1.0,23.9,0.0,60.0,0.0,0.0,1.0,161.0
6514,6513,0,3,1,1,1,0.0,0.0,1,1,0.0072,0.2719,60.0,1.0,23.9,0.0,60.0,0.0,0.0,1.0,161.0
6516,6515,0,2,1,1,1,0.0,0.0,1,1,0.0075,0.2651,60.0,1.0,23.9,0.0,60.0,0.0,0.0,1.0,161.0
6516,6515,0,3,1,1,1,0.0,0.0,1,1,0.0075,0.2644,60.0,1.0,23.9,0.0,60.0,0.0,0.0,1.0,161.0
6522,6521,0,1,1,1,1,0.0,0.0,1,1,0.00833333,0.26737,60.0,1.025,23.9,0.0,60.0,60.0,0.0,1.0,161.0
6522,6521,0,2,1,1,1,0.0,0.0,1,1,0.00816667,0.267042,60.0,1.025,23.9,0.0,60.0,60.0,0.0,1.0,161.0
6522,6521,0,3,1,1,1,0.0,0.0,2,1,0.0073,0.2841,60.0,1.0125,23.9,0.0,60.0,0.0,0.0,1.0,161.0
6522,6521,0,4,1,1,1,0.0,0.0,2,1,0.0073,0.2841,60.0,1.0125,23.9,0.0,60.0,0.0,0.0,1.0,161.0
7002,7001,0,1,1,1,1,0.0,0.0,1,1,0.01777,0.52637,30.0,0.9875,23.9,0.0,30.0,30.0,0.0,1.0,161.0
7002,7001,0,2,1,1,1,0.0,0.0,1,1,0.01773,0.52937,30.0,0.9875,23.9,0.0,30.0,30.0,0.0,1.0,161.0
7002,7001,0,3,1,1,1,0.0,0.0,1,1,0.0072,0.2699,60.0,0.9875,23.9,0.0,60.0,60.0,0.0,1.0,161.0
7004,7003,0,1,1,1,1,0.0,0.0,1,1,0.01682,0.53,20.0,0.9875,23.9,0.0,30.0,30.0,0.0,1.0,161.0
7004,7003,0,2,1,1,1,0.0,0.0,1,1,0.0177,0.5614,20.0,1.0,23.9,0.0,30.0,30.0,0.0,1.0,161.0
7006,7005,0,1,1,1,1,0.0,0.0,1,1,0.0179,0.56077,30.0,0.9875,23.9,0.0,30.0,30.0,0.0,1.0,161.0
7006,7005,0,2,1,1,1,0.0,0.0,1,1,0.0181,0.5644,30.0,0.9875,23.9,0.0,30.0,30.0,0.0,1.0,161.0
7012,7011,0,1,1,1,1,0.0,0.0,1,1,0.00878,0.28002,60.0,0.9875,23.9,0.0,60.0,60.0,0.0,1.0,161.0
7012,7011,0,2,1,1,1,0.0,0.0,1,1,0.00878333,0.280446,60.0,0.9875,23.9,0.0,60.0,60.0,0.0,1.0,161.0
7014,7013,0,1,1,1,1,0.0,0.0,1,1,0.01733,0.5624,30.0,0.9875,23.9,0.0,30.0,30.0,0.0,1.0,161.0
7014,7013,0,2,1,1,1,0.0,0.0,1,1,0.01733,0.56207,30.0,0.9875,23.9,0.0,30.0,30.0,0.0,1.0,161.0
7020,7019,0,1,1,1,1,0.0,0.0,1,1,0.018,0.5628,30.0,1.0,23.9,0.0,30.0,30.0,0.0,1.0,161.0
7020,7019,0,2,1,1,1,0.0,0.0,1,1,0.01667,0.5354,30.0,1.0,23.9,0.0,30.0,30.0,0.0,1.0,161.0
7020,7019,0,3,1,1,1,0.0,0.0,1,1,0.01667,0.53173,30.0,1.0,23.9,0.0,30.0,30.0,0.0,1.0,161.0
7020,7019,0,4,1,1,1,0.0,0.0,1,1,0.01667,0.53173,30.0,1.0,23.9,0.0,30.0,30.0,0.0,1.0,161.0
7022,7021,0,1,1,1,1,0.0,0.0,1,1,0.018,0.5427,30.0,1.0,23.9,0.0,30.0,30.0,0.0,1.0,161.0
7022,7021,0,2,1,1,1,0.0,0.0,1,1,0.018,0.5414,30.0,1.0,23.9,0.0,30.0,30.0,0.0,1.0,161.0
7024,7023,0,1,1,1,1,0.0,0.0,1,1,0.017,0.5354,30.0,1.0,23.9,0.0,30.0,30.0,0.0,1.0,161.0
7024,7023,0,2,1,1,1,0.0,0.0,1,1,0.017,0.54007,30.0,1.0,23.9,0.0,30.0,30.0,0.0,1.0,161.0
7030,7029,0,1,1,1,1,0.0,0.0,1,1,0.00865,0.2667,60.0,1.0,23.9,0.0,60.0,60.0,0.0,1.0,161.0
7030,7029,0,2,1,1,1,0.0,0.0,1,1,0.00845,0.2732,60.0,1.0,23.9,0.0,60.0,60.0,0.0,1.0,161.0
7032,7031,0,2,1,1,1,0.0,0.0,1,1,0.0086,0.2675,60.0,1.0,23.9,0.0,60.0,60.0,0.0,1.0,161.0
7032,7031,0,3,1,1,1,0.0,0.0,1,1,0.0086,0.2674,60.0,1.0,23.9,0.0,60.0,60.0,0.0,1.0,161.0
8402,8400,0,1,1,1,1,0.0,0.0,2,1,0.0461,0.9217,100.0,0.9752,0.0,0.0,12.0,12.0,0.0,1.0,0.0
8402,8400,0,2,1,1,1,0.0,0.0,2,1,0.0461,0.9217,100.0,0.9752,0.0,0.0,12.0,12.0,0.0,1.0,0.0
91852,302,303,1,1,1,1,0.0,0.0,1,1,0.00097,0.0942,390.0,0.975,161.0,0.0,390.0,0.0,0.0,0.9515,16.5
91862,306,307,1,1,1,1,0.0,0.0,1,1,0.00097,0.0942,390.0,0.975,161.0,0.0,390.0,0.0,0.0,0.9515,16.5
