datetime,load_mw,hour_of_day,day_of_week,month,day_of_year,is_weekend,load_pu,load_scale
2025-01-01 00:00:00,24066.63,0,2,1,1,0,0.230245697534784,0.5887118809495562
2025-01-01 01:00:00,23718.0,1,2,1,1,0,0.2142847659470826,0.5801837811260477
2025-01-01 02:00:00,23399.5,2,2,1,1,0,0.1997032419512048,0.5723927138232124
2025-01-01 03:00:00,23079.23,3,2,1,1,0,0.1850406840543138,0.5645583492232783
2025-01-01 04:00:00,23019.46,4,2,1,1,0,0.1823043019845065,0.5630962704393208
2025-01-01 05:00:00,22858.7,5,2,1,1,0,0.17494440937044906,0.5591637995457454
2025-01-01 06:00:00,22425.71,6,2,1,1,0,0.15512131965310166,0.5485721065113508
2025-01-01 07:00:00,22649.56,7,2,1,1,0,0.1653695901286975,0.5540478691981316
2025-01-01 08:00:00,23589.2,8,2,1,1,0,0.20838806173776062,0.5770331077552309
2025-01-01 09:00:00,24536.29,9,2,1,1,0,0.2517476082409189,0.6002005863481421
2025-01-01 10:00:00,25161.12,10,2,1,1,0,0.2803534909358774,0.6154850214590699
2025-01-01 11:00:00,25512.91,11,2,1,1,0,0.2964590932169131,0.6240904204118625
2025-01-01 12:00:00,25514.72,12,2,1,1,0,0.29654195839252556,0.6241346961789523
2025-01-01 13:00:00,25214.69,13,2,1,1,0,0.2828060254428136,0.6167954373944322
2025-01-01 14:00:00,25237.04,14,2,1,1,0,0.283829250125099,0.6173421575018683
2025-01-01 15:00:00,25353.56,15,2,1,1,0,0.2891637530324764,0.6201924405854675
2025-01-01 16:00:00,25705.05,16,2,1,1,0,0.30525562075401813,0.6287905010133279
2025-01-01 17:00:00,26569.13,17,2,1,1,0,0.34481481464525243,0.6499274097575474
2025-01-01 18:00:00,27779.65,18,2,1,1,0,0.4002346778398835,0.6795388470932714
2025-01-01 19:00:00,27626.4,19,2,1,1,0,0.3932186070318198,0.6757900839404943
2025-01-01 20:00:00,27733.47,20,2,1,1,0,0.39812047131514366,0.6784092034887348
2025-01-01 21:00:00,27684.21,21,2,1,1,0,0.39586525664626776,0.6772042176948959
2025-01-01 22:00:00,26959.41,22,2,1,1,0,0.3626825609093377,0.6594743414591189
2025-01-01 23:00:00,25725.29,23,2,1,1,0,0.3061822457011974,0.629285606828742
2025-01-02 00:00:00,24647.21,0,3,1,2,0,0.25682573270441256,0.6029138836330101
2025-01-02 01:00:00,24196.4,1,3,1,2,0,0.23618681015313586,0.5918862822176533
2025-01-02 02:00:00,23841.04,2,3,1,2,0,0.2199177666141244,0.5831935548181697
2025-01-02 03:00:00,23537.03,3,3,1,2,0,0.20599962184179524,0.5757569382695513
2025-01-02 04:00:00,23119.72,4,3,1,2,0,0.186894391767322,0.5655488054716042
2025-01-02 05:00:00,23315.92,5,3,1,2,0,0.1958767936762425,0.5703482007771498
2025-01-02 06:00:00,23511.5,6,3,1,2,0,0.2048308108288761,0.5751324297978359
2025-01-02 07:00:00,24574.66,7,3,1,2,0,0.25350425840017105,0.6011391836869483
2025-01-02 08:00:00,25973.98,8,3,1,2,0,0.3175677377028766,0.6353689993798947
2025-01-02 09:00:00,28066.68,9,3,1,2,0,0.4133754465448656,0.686560103130737
2025-01-02 10:00:00,28593.98,10,3,1,2,0,0.437516223948402,0.699458783786263
2025-01-02 11:00:00,29105.83,11,3,1,2,0,0.4609496715380098,0.7119795304077896
2025-01-02 12:00:00,28739.18,12,3,1,2,0,0.44416375074338305,0.703010629853364
2025-01-02 13:00:00,29599.92,13,3,1,2,0,0.4835700332055866,0.7240658363533401
2025-01-02 14:00:00,29380.74,14,3,1,2,0,0.4735355640394439,0.7187043100380014
2025-01-02 15:00:00,28826.48,15,3,1,2,0,0.4481605075560679,0.7051461406085838
2025-01-02 16:00:00,28927.21,16,3,1,2,0,0.4527721148154235,0.7076101726632608
2025-01-02 17:00:00,28899.18,17,3,1,2,0,0.4514888491400564,0.7069245098171117
2025-01-02 18:00:00,29518.41,18,3,1,2,0,0.4798383533911314,0.7220719591293084
2025-01-02 19:00:00,29140.83,19,3,1,2,0,0.4625520368122821,0.7128356916498594
2025-01-02 20:00:00,28860.24,20,3,1,2,0,0.44970610331776606,0.7059719692809346
2025-01-02 21:00:00,28556.48,21,3,1,2,0,0.4357994040116817,0.6985414681697596
2025-01-02 22:00:00,27838.99,22,3,1,2,0,0.4029513737077497,0.6809904073248264
2025-01-02 23:00:00,26437.91,23,3,1,2,0,0.3388073183226807,0.6467175389522788
2025-01-03 00:00:00,24968.75,0,4,1,3,0,0.2715464335698272,0.6107793146551566
2025-01-03 01:00:00,24123.87,1,4,1,3,0,0.23286625148619378,0.5901120715065868
2025-01-03 02:00:00,23830.53,2,4,1,3,0,0.21943659921319283,0.5829364618280509
2025-01-03 03:00:00,24350.54,3,4,1,3,0,0.24324362682103098,0.5956568163277287
2025-01-03 04:00:00,24079.31,4,4,1,3,0,0.23082621158272038,0.5890220559366832
2025-01-03 05:00:00,24227.58,5,4,1,3,0,0.23761428870318757,0.5926489995755887
2025-01-03 06:00:00,23950.45,6,4,1,3,0,0.22492676046149956,0.5858699148608799
2025-01-03 07:00:00,24633.06,7,4,1,3,0,0.25617791931495687,0.6025677498737162
2025-01-03 08:00:00,26536.16,8,4,1,3,0,0.34330538655688786,0.6491209058675176
2025-01-03 09:00:00,28168.82,9,4,1,3,0,0.41805160623384185,0.6890586262525944
2025-01-03 10:00:00,28649.88,10,4,1,3,0,0.4400754302007398,0.7008261955985974
2025-01-03 11:00:00,29215.39,11,4,1,3,0,0.46596553266513174,0.7146595597129658
2025-01-03 12:00:00,29282.09,12,4,1,3,0,0.46901918305924495,0.7162911584228531
2025-01-03 13:00:00,29033.41,13,4,1,3,0,0.45763414887621545,0.7102080104891982
2025-01-03 14:00:00,29737.11,14,4,1,3,0,0.4898508472620843,0.7274217438047561
2025-01-03 15:00:00,28699.07,15,4,1,3,0,0.442327440139067,0.702029469069952
2025-01-03 16:00:00,28796.39,16,4,1,3,0,0.4467829312388435,0.7044100865579015
2025-01-03 17:00:00,28715.77,17,4,1,3,0,0.4430919972842198,0.7024379802911682
2025-01-03 18:00:00,29031.13,18,4,1,3,0,0.4575297662240629,0.7101522376997149
2025-01-03 19:00:00,28615.99,19,4,1,3,0,0.43852388279659443,0.6999971868987761
2025-01-03 20:00:00,28337.8,20,4,1,3,0,0.42578782577802843,0.6931921727293074
2025-01-03 21:00:00,28013.75,21,4,1,3,0,0.4109522124315161,0.6852653427152298
2025-01-03 22:00:00,27516.54,22,4,1,3,0,0.388189011345204,0.6731027161103861
2025-01-03 23:00:00,26395.65,23,4,1,3,0,0.3368725767086594,0.645683785406854
2025-01-04 00:00:00,25178.91,0,5,1,4,1,0.2811679503138576,0.6159201959875391
2025-01-04 01:00:00,24282.65,1,5,1,4,1,0.24013549600759257,0.5939961081356111
2025-01-04 02:00:00,23408.6,2,5,1,4,1,0.20011985692251555,0.5726153157461505
2025-01-04 03:00:00,22880.71,3,5,1,4,1,0.17595206821864137,0.5597022026582583
2025-01-04 04:00:00,23015.89,4,5,1,4,1,0.18214086072653074,0.5630089419926296
2025-01-04 05:00:00,23005.53,5,5,1,4,1,0.1816665606053461,0.5627555182649769
2025-01-04 06:00:00,23250.33,6,5,1,4,1,0.1928739611522564,0.568743754609511
2025-01-04 07:00:00,23433.74,7,5,1,4,1,0.20127081300809296,0.5732302841354545
2025-01-04 08:00:00,24045.68,8,5,1,4,1,0.22928656746346954,0.588199407291803
2025-01-04 09:00:00,25301.28,9,5,1,4,1,0.28677027713136327,0.6189135803073129
2025-01-04 10:00:00,26044.38,10,5,1,4,1,0.3207907809974129,0.6370911065639436
2025-01-04 11:00:00,26950.76,11,5,1,4,1,0.3622865477772675,0.6592627473235787
2025-01-04 12:00:00,27295.11,12,5,1,4,1,0.37805153298285793,0.667686150858057
2025-01-04 13:00:00,26974.7,13,5,1,4,1,0.36338256562486987,0.6598483616131545
2025-01-04 14:00:00,27108.79,14,5,1,4,1,0.3695214558999319,0.6631284376402728
2025-01-04 15:00:00,26618.51,15,5,1,4,1,0.3470755231379256,0.6511353309613589
2025-01-04 16:00:00,26380.75,16,5,1,4,1,0.33619042692046913,0.64531930533523
2025-01-04 17:00:00,26414.8,17,5,1,4,1,0.33774929942301113,0.6461522279150149
2025-01-04 18:00:00,27312.31,18,5,1,4,1,0.37883898106050035,0.6681068929541599
2025-01-04 19:00:00,26927.1,19,5,1,4,1,0.36120334885185945,0.6586839823239395
2025-01-04 20:00:00,26954.87,20,5,1,4,1,0.3624747112423321,0.6593632851151475
2025-01-04 21:00:00,26701.05,21,5,1,4,1,0.35085435827330946,0.6531544037876573
2025-01-04 22:00:00,26472.13,22,5,1,4,1,0.34037397374226924,0.6475546200295254
2025-01-04 23:00:00,25497.34,23,5,1,4,1,0.29574626957918687,0.6237095509678903
2025-01-05 00:00:00,24119.28,0,6,1,5,1,0.2326561127259392,0.5899997920751269
2025-01-05 01:00:00,23271.15,1,6,1,5,1,0.19382713958112352,0.5692530482397936
2025-01-05 02:00:00,22717.49,2,6,1,5,1,0.16847955221673513,0.5557095558602403
2025-01-05 03:00:00,22488.55,3,6,1,5,1,0.1579982520483951,0.5501092828671127
2025-01-05 04:00:00,22068.91,4,6,1,5,1,0.1387863502285202,0.5398441541921934
2025-01-05 05:00:00,21899.91,5,6,1,5,1,0.13104921504703404,0.535710118480485
2025-01-05 06:00:00,22243.07,6,6,1,5,1,0.1467597198332991,0.5441044125327329
2025-01-05 07:00:00,22223.12,7,6,1,5,1,0.14584637162696387,0.543616400624753
2025-01-05 08:00:00,22676.96,8,6,1,5,1,0.1666240132291277,0.5547181211419233
2025-01-05 09:00:00,23600.75,9,6,1,5,1,0.20891684227827045,0.5773156409651139
2025-01-05 10:00:00,24341.05,10,6,1,5,1,0.24280915692237823,0.5954246743223789
2025-01-05 11:00:00,25667.28,11,6,1,5,1,0.3035264397137534,0.6278665807243857
2025-01-05 12:00:00,26081.74,12,6,1,5,1,0.3225011914730362,0.6380049975354787
2025-01-05 13:00:00,26071.47,13,6,1,5,1,0.32203101171969967,0.6377537753653056
2025-01-05 14:00:00,25969.68,14,6,1,5,1,0.31737087568346606,0.6352638138558689
2025-01-05 15:00:00,25619.97,15,6,1,5,1,0.3013604996815872,0.6267092953426051
2025-01-05 16:00:00,25024.91,16,6,1,5,1,0.27411754310705955,0.612153086522432
2025-01-05 17:00:00,25485.15,17,6,1,5,1,0.2951881886450904,0.6234113622381523
2025-01-05 18:00:00,26734.64,18,6,1,5,1,0.35239217111796106,0.6539760739625465
2025-01-05 19:00:00,26721.71,19,6,1,5,1,0.3518002116037799,0.6536597835379762
2025-01-05 20:00:00,26899.69,20,6,1,5,1,0.35994846793277935,0.6580134857626501
2025-01-05 21:00:00,26861.78,21,6,1,5,1,0.3582128774314176,0.6570861408287396
2025-01-05 22:00:00,26096.34,22,6,1,5,1,0.32316960670173256,0.6383621390821707
2025-01-05 23:00:00,25047.46,23,6,1,5,1,0.27514992416234063,0.6127046989798227
2025-01-06 00:00:00,23453.24,0,0,1,6,0,0.20216355937518754,0.5737072882560362
2025-01-06 01:00:00,22478.29,1,0,1,6,0,0.1575285301137085,0.5498583053144375
2025-01-06 02:00:00,22371.91,2,0,1,6,0,0.1526582553172203,0.5472560643735407
2025-01-06 03:00:00,21844.31,3,0,1,6,0,0.12850374335419013,0.5343500451930827
2025-01-06 04:00:00,21767.19,4,0,1,6,0,0.12497304592699347,0.5324635550505563
2025-01-06 05:00:00,22089.13,5,0,1,6,0,0.13971205953839985,0.5403387707726122
2025-01-06 06:00:00,22653.05,6,0,1,6,0,0.16552936883747485,0.5541332407048408
2025-01-06 07:00:00,23792.36,7,0,1,6,0,0.21768910542693656,0.5820027568391994
2025-01-06 08:00:00,25602.05,8,0,1,6,0,0.3005400886611597,0.6262709407866653
2025-01-06 09:00:00,27807.38,9,0,1,6,0,0.4015042089557569,0.6802171714144885
2025-01-06 10:00:00,28236.97,10,0,1,6,0,0.42117164033217497,0.6907256944996533
2025-01-06 11:00:00,28816.62,11,0,1,6,0,0.4477090983673729,0.7049049477558179
2025-01-06 12:00:00,29214.97,12,0,1,6,0,0.46594630428184053,0.714649285778061
2025-01-06 13:00:00,29379.35,13,0,1,6,0,0.47347192724712267,0.7186703082058162
2025-01-06 14:00:00,29717.97,14,0,1,6,0,0.48897458236638225,0.7269535459140928
2025-01-06 15:00:00,29230.9,15,0,1,6,0,0.46667560939095937,0.7150389614519517
2025-01-06 16:00:00,28830.13,16,0,1,6,0,0.44832761136324206,0.7052354259952569
2025-01-06 17:00:00,28520.08,17,0,1,6,0,0.4341329441264386,0.6976510604780071
2025-01-06 18:00:00,28994.85,18,0,1,6,0,0.4558688001626171,0.709264765417935
2025-01-06 19:00:00,28528.09,19,0,1,6,0,0.434499656864922,0.6978469990936922
2025-01-06 20:00:00,28359.5,20,0,1,6,0,0.42678129224807726,0.6937229926993908
2025-01-06 21:00:00,28135.78,21,0,1,6,0,0.4165389734149288,0.6882504100400805
2025-01-06 22:00:00,27616.06,22,0,1,6,0,0.3927452225479348,0.6755371494478372
2025-01-06 23:00:00,26160.29,23,0,1,6,0,0.3260973569671529,0.639926467980181
2025-01-07 00:00:00,24541.25,0,1,1,7,0,0.2519746862912157,0.6003219166270182
2025-01-07 01:00:00,24258.78,1,1,1,7,0,0.23904268289053873,0.5934122061685194
2025-01-07 02:00:00,23883.38,2,1,1,7,0,0.2218561707773441,0.5842292653035764
2025-01-07 03:00:00,23552.17,3,1,1,7,0,0.20669275927758043,0.5761272891611209
2025-01-07 04:00:00,23486.69,4,1,1,7,0,0.2036949627587419,0.5745255337859572
2025-01-07 05:00:00,23835.73,5,1,1,7,0,0.21967466491108475,0.5830636629268728
2025-01-07 06:00:00,24160.31,6,1,1,7,0,0.23453454264603624,0.5910034576683305
2025-01-07 07:00:00,25155.3,7,1,1,7,0,0.28008704048169847,0.6153426540753886
2025-01-07 08:00:00,26235.22,8,1,1,7,0,0.329527792110045,0.6417593868907037
2025-01-07 09:00:00,27869.89,9,1,1,7,0,0.40436603333560717,0.6817462753928251
2025-01-07 10:00:00,28669.03,10,1,1,7,0,0.44095215291509154,0.7012946381067584
2025-01-07 11:00:00,29419.5,11,1,1,7,0,0.47531006912603796,0.7196524474592192
2025-01-07 12:00:00,29507.89,12,1,1,7,0,0.4793567281715501,0.7218146215216921
2025-01-07 13:00:00,29698.65,13,1,1,7,0,0.48809007673498395,0.7264809449084703
2025-01-07 14:00:00,29977.59,14,1,1,7,0,0.5008604701522842,0.7333043053902688
2025-01-07 15:00:00,29002.0,15,1,1,7,0,0.4561961404972185,0.7094396669288151
2025-01-07 16:00:00,28994.72,16,1,1,7,0,0.45586284852016995,0.7092615853904646
2025-01-07 17:00:00,28754.92,17,1,1,7,0,0.4448843572981557,0.7033956577947976
2025-01-07 18:00:00,29462.88,18,1,1,7,0,0.47729608642883603,0.7207135981643903
2025-01-07 19:00:00,29232.72,19,1,1,7,0,0.4667589323852215,0.7150834818365392
2025-01-07 20:00:00,28883.26,20,1,1,7,0,0.45076000184958726,0.7065350787607187
2025-01-07 21:00:00,28657.25,21,1,1,7,0,0.4404128425456365,0.7010064786944274
2025-01-07 22:00:00,28019.64,22,1,1,7,0,0.4112218676162436,0.6854094224213951
2025-01-07 23:00:00,26323.64,23,1,1,7,0,0.33357582461150653,0.6439222948056698
2025-01-08 00:00:00,24840.53,0,2,1,8,0,0.2656762828421931,0.6076428290992082
2025-01-08 01:00:00,24129.82,1,2,1,8,0,0.2331386535828201,0.5902576189177388
2025-01-08 02:00:00,24109.18,2,2,1,8,0,0.23219371588964927,0.5897527284024153
2025-01-08 03:00:00,23927.6,3,2,1,8,0,0.22388064484672457,0.5853109638785572
2025-01-08 04:00:00,23858.33,4,2,1,8,0,0.22070933505961496,0.5836164984717522
2025-01-08 05:00:00,23757.08,5,2,1,8,0,0.21607392123047015,0.5811397463071931
2025-01-08 06:00:00,24195.62,6,2,1,8,0,0.23615110029845196,0.5918672020528299
2025-01-08 07:00:00,25244.05,7,2,1,8,0,0.2841501809986032,0.61751363436778
2025-01-08 08:00:00,26659.55,8,2,1,8,0,0.34895441087667234,0.6521392411720602
2025-01-08 09:00:00,28189.05,9,2,1,8,0,0.41897777336237124,0.6895534874505108
2025-01-08 10:00:00,29181.16,10,2,1,8,0,0.46439841942689347,0.7138222340182215
2025-01-08 11:00:00,30193.85,11,2,1,8,0,0.5107612562726878,0.7385944033962693
2025-01-08 12:00:00,30310.46,12,2,1,8,0,0.5160998795479131,0.7414468880373482
2025-01-08 13:00:00,30126.44,13,2,1,8,0,0.5076751007544393,0.7369454368440428
2025-01-08 14:00:00,30841.46,14,2,1,8,0,0.5404100498518727,0.7544360771670358
2025-01-08 15:00:00,29860.44,15,2,1,8,0,0.4954971246699699,0.7304386114043123
2025-01-08 16:00:00,29363.29,16,2,1,8,0,0.4727366704955567,0.7182774525044551
2025-01-08 17:00:00,29065.16,17,2,1,8,0,0.4590877230893053,0.7109846710445045
2025-01-08 18:00:00,29665.25,18,2,1,8,0,0.48656096244467834,0.725663922466038
2025-01-08 19:00:00,29368.68,19,2,1,8,0,0.4729834347477946,0.7184093013357338
2025-01-08 20:00:00,29064.03,20,2,1,8,0,0.45903598958187875,0.7109570292672605
2025-01-08 21:00:00,28693.62,21,2,1,8,0,0.44207792897493026,0.7018961525336869
2025-01-08 22:00:00,28114.9,22,2,1,8,0,0.415583048074163,0.6877396487048115
2025-01-08 23:00:00,26693.61,23,2,1,8,0,0.3505137411978642,0.652972408369343
2025-01-09 00:00:00,25214.38,0,3,1,9,0,0.28279183306467015,0.6167878542520026
2025-01-09 01:00:00,24512.68,1,3,1,9,0,0.25066669840875977,0.5996230444359916
2025-01-09 02:00:00,23935.09,2,3,1,9,0,0.2242235510154189,0.5854941823843601
2025-01-09 03:00:00,24120.56,3,3,1,9,0,0.2327147135131127,0.5900311031148369
2025-01-09 04:00:00,24170.5,4,3,1,9,0,0.2350010598501743,0.5912527228985216
2025-01-09 05:00:00,24328.8,5,3,1,9,0,0.2422483290763829,0.5951250178876545
2025-01-09 06:00:00,24981.93,6,3,1,9,0,0.2721498385502532,0.6111017205171703
2025-01-09 07:00:00,25886.36,7,3,1,9,0,0.31355633069339844,0.6332256608647473
2025-01-09 08:00:00,27331.4,8,3,1,9,0,0.3797129568629534,0.6685738677573345
2025-01-09 09:00:00,28193.2,9,3,1,9,0,0.419167768102035,0.6896550037120706
2025-01-09 10:00:00,28709.13,10,3,1,9,0,0.4427880057007579,0.7022755542726726
2025-01-09 11:00:00,29942.88,11,3,1,9,0,0.4992713816188559,0.7324552380556334
2025-01-09 12:00:00,29079.06,12,3,1,9,0,0.4597240910125164,0.7113246893663551
2025-01-09 13:00:00,29967.88,13,3,1,9,0,0.5004159282433361,0.733066781799969
2025-01-09 14:00:00,29640.61,14,3,1,9,0,0.48543289729159067,0.7250611849516208
2025-01-09 15:00:00,29246.1,15,3,1,9,0,0.4673714937386432,0.7154107800485076
2025-01-09 16:00:00,29323.88,16,3,1,9,0,0.4709324071967261,0.7173134149458845
2025-01-09 17:00:00,29306.03,17,3,1,9,0,0.4701152009068471,0.7168767727124289
2025-01-09 18:00:00,29743.61,18,3,1,9,0,0.49014842938444914,0.7275807451782833
2025-01-09 19:00:00,29548.04,19,3,1,9,0,0.4811948700504654,0.722796760775095
2025-01-09 20:00:00,29247.12,20,3,1,9,0,0.467418191240922,0.7154357310332765
2025-01-09 21:00:00,28977.76,21,3,1,9,0,0.4550863880901225,0.7088467141143072
2025-01-09 22:00:00,28289.17,22,3,1,9,0,0.4235614536840895,0.6920025978378259
2025-01-09 23:00:00,26971.47,23,3,1,9,0,0.36323469020098703,0.6597693501613864
2025-01-10 00:00:00,25487.79,0,4,1,10,0,0.29530905276863545,0.6234759412575541
2025-01-10 01:00:00,24753.87,1,4,1,10,0,0.2617088264230949,0.6055229738638435
2025-01-10 02:00:00,24440.97,2,4,1,10,0,0.24738368087110077,0.5978688923597394
2025-01-10 03:00:00,24335.13,3,4,1,10,0,0.24253812828170138,0.5952798607637203
2025-01-10 04:00:00,24292.58,4,4,1,10,0,0.2405901099268361,0.5942390133108612
2025-01-10 05:00:00,24449.0,5,4,1,10,0,0.24775130924688377,0.5980653202104199
2025-01-10 06:00:00,24539.6,6,4,1,10,0,0.25189914621399995,0.6002815547398921
2025-01-10 07:00:00,25574.77,7,4,1,10,0,0.29929115938452694,0.6256036242528464
2025-01-10 08:00:00,26790.1,8,4,1,10,0,0.35493123334970794,0.6553327226049805
2025-01-10 09:00:00,28036.17,9,4,1,10,0,0.41197864184434985,0.6858137751451499
2025-01-10 10:00:00,28866.23,10,4,1,10,0,0.4499803366889914,0.7061184951620774
2025-01-10 11:00:00,29705.4,11,4,1,10,0,0.4883991043235936,0.7266460617194409
2025-01-10 12:00:00,29866.81,12,4,1,10,0,0.49578875514988757,0.7305944327503691
2025-01-10 13:00:00,29629.93,13,4,1,10,0,0.4849439469736127,0.7247999334640406
2025-01-10 14:00:00,30054.6,14,4,1,10,0,0.504386131574333,0.7351881047403201
2025-01-10 15:00:00,29289.61,15,4,1,10,0,0.4693634626838886,0.7164751107811492
2025-01-10 16:00:00,29131.95,16,4,1,10,0,0.46214549385126663,0.7126184713118714
2025-01-10 17:00:00,28917.42,17,4,1,10,0,0.45232391035727704,0.7073706921329789
2025-01-10 18:00:00,29426.6,18,4,1,10,0,0.47563512036739025,0.7198261258826104
2025-01-10 19:00:00,28947.5,19,4,1,10,0,0.4537010288558517,0.7081065015661635
2025-01-10 20:00:00,28639.36,20,4,1,10,0,0.4395938049811585,0.7005688579909809
2025-01-10 21:00:00,28706.19,21,4,1,10,0,0.4426534070177189,0.7022036367283387
2025-01-10 22:00:00,28374.57,22,4,1,10,0,0.4274712249533139,0.6940916312684763
2025-01-10 23:00:00,27280.55,23,4,1,10,0,0.37738494902876063,0.667329987781356
2025-01-11 00:00:00,25807.02,0,5,1,11,1,0.30992399752594807,0.6312848656377239
2025-01-11 01:00:00,24965.58,1,5,1,11,1,0.2714013050578432,0.6107017709083749
2025-01-11 02:00:00,24530.38,2,5,1,11,1,0.25147703741889177,0.6000560174069811
2025-01-11 03:00:00,24187.88,3,5,1,11,1,0.235796748663513,0.5916778681095838
2025-01-11 04:00:00,23827.21,4,5,1,11,1,0.2192846034214619,0.5828552488188032
2025-01-11 05:00:00,23927.09,5,5,1,11,1,0.22385729609558525,0.5852984883861727
2025-01-11 06:00:00,23654.55,6,5,1,11,1,0.21137990661415182,0.578631683102924
2025-01-11 07:00:00,23848.71,7,5,1,11,1,0.22026891351851485,0.5833811764389318
2025-01-11 08:00:00,24687.99,8,5,1,11,1,0.2586927171582648,0.6039114337887703
2025-01-11 09:00:00,26225.81,9,5,1,11,1,0.3290969847605907,0.6415292018253358
2025-01-11 10:00:00,26481.17,10,5,1,11,1,0.34078784180168115,0.647775754247477
2025-01-11 11:00:00,27876.6,11,5,1,11,1,0.4046732296496176,0.6819104137338048
2025-01-11 12:00:00,28098.63,12,5,1,11,1,0.4148381771309513,0.687341656035998
2025-01-11 13:00:00,27061.78,13,5,1,11,1,0.3673692504272592,0.6619784907834242
2025-01-11 14:00:00,26747.89,14,5,1,11,1,0.3529987808289356,0.6543001921470444
2025-01-11 15:00:00,26999.99,15,5,1,11,1,0.3645403889901941,0.6604669992649245
2025-01-11 16:00:00,26570.84,16,5,1,11,1,0.3448931016343668,0.6499692393496599
2025-01-11 17:00:00,27161.49,17,5,1,11,1,0.37193416018433617,0.6644175718533323
2025-01-11 18:00:00,27937.65,18,5,1,11,1,0.40746821250659837,0.6834038035574723
2025-01-11 19:00:00,27655.68,19,5,1,11,1,0.394559100038411,0.6765063239738601
2025-01-11 20:00:00,27679.51,20,5,1,11,1,0.3956500818808655,0.6770892474709608
2025-01-11 21:00:00,27954.27,21,5,1,11,1,0.4082291071025528,0.6838103578387066
2025-01-11 22:00:00,27455.72,22,5,1,11,1,0.3854045583171686,0.6716149524891665
2025-01-11 23:00:00,26415.21,23,5,1,11,1,0.33776806998765263,0.646162257232422
2025-01-12 00:00:00,25114.47,0,6,1,12,1,0.2782177669345975,0.6143438808321399
2025-01-12 01:00:00,23962.19,1,6,1,12,1,0.2254642395563554,0.5861570958032198
2025-01-12 02:00:00,23247.3,2,6,1,12,1,0.1927352421013693,0.5686696355076974
2025-01-12 03:00:00,23013.7,3,6,1,12,1,0.18204059844222634,0.5629553707606259
2025-01-12 04:00:00,22557.86,4,6,1,12,1,0.1611713931101041,0.5518047267439087
2025-01-12 05:00:00,22729.95,5,6,1,12,1,0.16904999425437603,0.5560143492624171
2025-01-12 06:00:00,22948.04,6,6,1,12,1,0.17903456118769154,0.5613492122705029
2025-01-12 07:00:00,22951.0,7,6,1,12,1,0.17917007550802994,0.5614216190498322
2025-01-12 08:00:00,23029.29,8,6,1,12,1,0.1827543377172522,0.5633367294395936
2025-01-12 09:00:00,23819.49,9,6,1,12,1,0.21893116742382251,0.5826664041105525
2025-01-12 10:00:00,24683.5,10,6,1,12,1,0.2584871565845081,0.6038016005322877
2025-01-12 11:00:00,25757.64,11,6,1,12,1,0.3076632890332747,0.6300769444339123
2025-01-12 12:00:00,26267.9,12,6,1,12,1,0.3310239434575656,0.6425587968732992
2025-01-12 13:00:00,26287.88,13,6,1,12,1,0.3319386651198501,0.6430475426337722
2025-01-12 14:00:00,26219.63,14,6,1,12,1,0.3288140528350192,0.6413780282117361
2025-01-12 15:00:00,25270.74,15,6,1,12,1,0.28537209897489835,0.6181665184692327
2025-01-12 16:00:00,24728.22,16,6,1,12,1,0.26053452158637835,0.6048955299821551
2025-01-12 17:00:00,25787.1,17,6,1,12,1,0.30901202277556217,0.6307975875822373
2025-01-12 18:00:00,26691.09,18,6,1,12,1,0.3503983708981166,0.652910764759914
2025-01-12 19:00:00,26851.38,19,6,1,12,1,0.35773674603563393,0.656831738631096
2025-01-12 20:00:00,27427.6,20,6,1,12,1,0.38411717227395314,0.6709270880855378
2025-01-12 21:00:00,27503.17,21,6,1,12,1,0.38757690781043186,0.6727756625159154
2025-01-12 22:00:00,26963.39,22,6,1,12,1,0.36286477273195494,0.6595716992232171
2025-01-12 23:00:00,25861.78,23,6,1,12,1,0.31243101245220944,0.6326243910553165
2025-01-13 00:00:00,24407.69,0,0,1,13,0,0.24586006040459263,0.5970548053272798
2025-01-13 01:00:00,23518.41,1,0,1,13,0,0.20514716351588244,0.5753014604887702
2025-01-13 02:00:00,23057.52,2,0,1,13,0,0.18404675976561521,0.5640272846356973
2025-01-13 03:00:00,22366.16,3,0,1,13,0,0.15239500959358984,0.5471154093123435
2025-01-13 04:00:00,22483.85,4,0,1,13,0,0.1577830772829928,0.5499943126431777
2025-01-13 05:00:00,23078.47,5,0,1,13,0,0.18500588983692967,0.5645397582934505
2025-01-13 06:00:00,23918.9,6,0,1,13,0,0.2234823426214056,0.5850981466555284
2025-01-13 07:00:00,24813.26,7,0,1,13,0,0.26442781138421007,0.606975757182887
2025-01-13 08:00:00,26414.77,8,0,1,13,0,0.3377479259670618,0.6461514940625218
2025-01-13 09:00:00,27900.72,9,0,1,13,0,0.4057774882329162,0.6825004311383398
2025-01-13 10:00:00,27950.19,10,0,1,13,0,0.4080423170934375,0.683710553899631
2025-01-13 11:00:00,29339.92,11,0,1,13,0,0.4716667483109925,0.7177057814122502
2025-01-13 12:00:00,29404.17,12,0,1,13,0,0.4746082331359066,0.7192774488351925
2025-01-13 13:00:00,29705.8,13,0,1,13,0,0.4884174170695852,0.7266558464193502
2025-01-13 14:00:00,30433.14,14,0,1,13,0,0.5217163987435625,0.7444478554995517
2025-01-13 15:00:00,29178.02,15,0,1,13,0,0.46425466437085877,0.713745424123933
2025-01-13 16:00:00,28881.26,16,0,1,13,0,0.45066843811962887,0.706486155261172
2025-01-13 17:00:00,28830.13,17,0,1,13,0,0.44832761136324206,0.7052354259952569
2025-01-13 18:00:00,29421.17,18,0,1,13,0,0.4753865248405531,0.7196932985813408
2025-01-13 19:00:00,29231.27,19,0,1,13,0,0.4666925486810016,0.7150480122993678
2025-01-13 20:00:00,29084.06,20,0,1,13,0,0.45995300033741243,0.7114469981152222
2025-01-13 21:00:00,29114.56,21,0,1,13,0,0.4613493472192783,0.7121930814833116
2025-01-13 22:00:00,28601.96,22,0,1,13,0,0.4378815632309361,0.6996539885494549
2025-01-13 23:00:00,27166.9,23,0,1,13,0,0.37218184007387367,0.6645499099196065
2025-01-14 00:00:00,25474.61,0,1,1,14,0,0.29470564778820946,0.6231535353955404
2025-01-14 01:00:00,25034.2,1,1,1,14,0,0.27454285663271644,0.6123803361778272
2025-01-14 02:00:00,24740.44,2,1,1,14,0,0.26109397597642414,0.6051944525643863
2025-01-14 03:00:00,24864.55,3,1,1,14,0,0.26677596323899366,0.6082304003287659
2025-01-14 04:00:00,23587.45,4,1,1,14,0,0.20830794347404702,0.5769902996931273
2025-01-14 05:00:00,23761.03,5,1,1,14,0,0.21625475959713789,0.581236370218798
2025-01-14 06:00:00,24422.16,6,1,1,14,0,0.24652252399084182,0.5974087668465012
2025-01-14 07:00:00,25892.02,7,1,1,14,0,0.31381545604918076,0.6333641143684648
2025-01-14 08:00:00,27334.66,8,1,1,14,0,0.37986220574278556,0.6686536130615959
2025-01-14 09:00:00,28856.01,9,1,1,14,0,0.44951244602890383,0.705868496079393
2025-01-14 10:00:00,29140.9,10,1,1,14,0,0.4625552415428306,0.7128374039723435
2025-01-14 11:00:00,29906.96,11,1,1,14,0,0.4976268970288027,0.7315765720037719
2025-01-14 12:00:00,29711.42,12,1,1,14,0,0.48867471115076827,0.7267933214530768
2025-01-14 13:00:00,29863.74,13,1,1,14,0,0.4956482048244014,0.7305193351785647
2025-01-14 14:00:00,30113.48,14,1,1,14,0,0.5070817677843088,0.7366284125669793
2025-01-14 15:00:00,29331.22,15,1,1,14,0,0.4712684460856735,0.7174929641892214
2025-01-14 16:00:00,29025.2,16,1,1,14,0,0.4572582797647362,0.7100071795235585
2025-01-14 17:00:00,29064.06,17,1,1,14,0,0.4590373630378282,0.7109577631197537
2025-01-14 18:00:00,29847.51,18,1,1,14,0,0.49490516515578875,0.730122320979742
2025-01-14 19:00:00,29637.75,19,1,1,14,0,0.4853019611577501,0.7249912243472687
2025-01-14 20:00:00,29358.41,20,1,1,14,0,0.4725132549944581,0.7181580791655607
2025-01-14 21:00:00,29234.64,21,1,1,14,0,0.4668468335659815,0.7151304483961042
2025-01-14 22:00:00,28550.84,22,1,1,14,0,0.435541194293199,0.6984035039010376
2025-01-14 23:00:00,26975.59,23,1,1,14,0,0.3634233114847013,0.6598701325704529
2025-01-15 00:00:00,25791.35,0,2,1,15,0,0.30920659570172376,0.6309015500187743
2025-01-15 01:00:00,25406.66,1,2,1,15,0,0.29159477006287227,0.6214913594984363
2025-01-15 02:00:00,25295.97,2,2,1,15,0,0.28652717542832373,0.618783688416016
2025-01-15 03:00:00,24929.48,3,2,1,15,0,0.2697485797320937,0.6098187017415543
2025-01-15 04:00:00,24987.21,4,2,1,15,0,0.27239156679734333,0.6112308785559739
2025-01-15 05:00:00,24592.44,5,2,1,15,0,0.2543182599595013,0.6015741135979197
2025-01-15 06:00:00,24664.17,6,2,1,15,0,0.2576021931344599,0.6033287549091674
2025-01-15 07:00:00,25952.69,7,2,1,15,0,0.3165930417974692,0.6348482087272184
2025-01-15 08:00:00,27407.44,8,2,1,15,0,0.3831942098759723,0.6704339392101056
2025-01-15 09:00:00,28777.86,9,2,1,15,0,0.44593459328077883,0.7039568103346
2025-01-15 10:00:00,28987.88,10,2,1,15,0,0.45554970056371213,0.7090942670220144
2025-01-15 11:00:00,29748.38,11,2,1,15,0,0.49036680888039996,0.7276974277247026
2025-01-15 12:00:00,29255.09,12,2,1,15,0,0.46778307270480635,0.7156306911789707
2025-01-15 13:00:00,29545.5,13,2,1,15,0,0.48107858411341814,0.7227346279306704
2025-01-15 14:00:00,29877.6,14,2,1,15,0,0.4962827414730131,0.7308583750304243
2025-01-15 15:00:00,29020.84,15,2,1,15,0,0.45705867083342683,0.7099005262945464
2025-01-15 16:00:00,29339.9,16,2,1,15,0,0.47166583267369305,0.7177052921772548
2025-01-15 17:00:00,29314.92,17,2,1,15,0,0.47052220168651226,0.7170942376679146
2025-01-15 18:00:00,29818.63,18,2,1,15,0,0.4935829848951893,0.7294158656462856
2025-01-15 19:00:00,29636.45,19,2,1,15,0,0.48524244473327716,0.7249594240725633
2025-01-15 20:00:00,29569.85,20,2,1,15,0,0.4821933725256618,0.7233302715376533
2025-01-15 21:00:00,29324.35,21,2,1,15,0,0.4709539246732662,0.717324911968278
2025-01-15 22:00:00,28766.41,22,2,1,15,0,0.4454103909267669,0.7036767232996943
2025-01-15 23:00:00,27275.94,23,2,1,15,0,0.37717389463120643,0.6672172191149005
2025-01-16 00:00:00,25697.81,0,3,1,16,0,0.30492416005156875,0.6286133979449684
2025-01-16 01:00:00,25116.08,1,3,1,16,0,0.278291475737214,0.614383264249275
2025-01-16 02:00:00,24936.04,2,3,1,16,0,0.27004890876635734,0.6099791708200679
2025-01-16 03:00:00,24896.45,3,3,1,16,0,0.26823640473183047,0.6090107301465381
2025-01-16 04:00:00,24891.99,4,3,1,16,0,0.2680322176140233,0.6089016307425487
2025-01-16 05:00:00,24634.81,5,3,1,16,0,0.2562580375786705,0.6026105579358197
2025-01-16 06:00:00,24680.97,6,3,1,16,0,0.2583713284661107,0.6037397123053609
2025-01-16 07:00:00,25517.31,7,3,1,16,0,0.2966605334228217,0.6241980521108655
2025-01-16 08:00:00,26968.17,8,3,1,16,0,0.36308361004655554,0.659688626387134
2025-01-16 09:00:00,28437.5,9,3,1,16,0,0.4303522777164555,0.6956310091817177
2025-01-16 10:00:00,28741.1,10,3,1,16,0,0.44425165192414307,0.703057596412929
2025-01-16 11:00:00,29389.5,11,3,1,16,0,0.4739366131766617,0.7189185949660165
2025-01-16 12:00:00,29757.49,12,3,1,16,0,0.4907838816703606,0.7279202742651385
2025-01-16 13:00:00,30080.8,13,3,1,16,0,0.5055856164367882,0.7358290025843838
2025-01-16 14:00:00,30170.19,14,3,1,16,0,0.5096780573472797,0.7380156383966301
2025-01-16 15:00:00,29955.82,15,3,1,16,0,0.49986379895168687,0.7327717730977015
2025-01-16 16:00:00,29406.15,16,3,1,16,0,0.4746988812285656,0.719325883099744
2025-01-16 17:00:00,29498.7,17,3,1,16,0,0.47893599283239124,0.7215898180412743
2025-01-16 18:00:00,30175.07,18,3,1,16,0,0.5099014728483783,0.7381350117355244
2025-01-16 19:00:00,30022.04,19,3,1,16,0,0.5028954740506101,0.7343916301676975
2025-01-16 20:00:00,29996.8,20,3,1,16,0,0.5017399397785348,0.7337742156034163
2025-01-16 21:00:00,29579.38,21,3,1,16,0,0.4826296736989138,0.7235633920129941
2025-01-16 22:00:00,28948.84,22,3,1,16,0,0.45376237655492385,0.7081392803108599
2025-01-16 23:00:00,27560.45,23,3,1,16,0,0.390199293036441,0.6741768315429371
2025-01-17 00:00:00,25905.96,0,4,1,17,0,0.31445365524699087,0.6337051111603064
2025-01-17 01:00:00,25565.61,1,4,1,17,0,0.2988717975013174,0.6253795546249219
2025-01-17 02:00:00,24979.41,2,4,1,17,0,0.2720344682505056,0.6110400769077413
2025-01-17 03:00:00,24754.28,3,4,1,17,0,0.2617275969877364,0.6055330031812505
2025-01-17 04:00:00,24266.03,4,4,1,17,0,0.239374601411638,0.5935895538543767
2025-01-17 05:00:00,24304.85,5,4,1,17,0,0.24115185341013085,0.594539158980581
2025-01-17 06:00:00,24624.3,6,4,1,17,0,0.2557768701777389,0.602353464945701
2025-01-17 07:00:00,25452.15,7,4,1,17,0,0.2936773871007765,0.6226041244956293
2025-01-17 08:00:00,26589.23,8,4,1,17,0,0.34573503013133444,0.6504190909279931
2025-01-17 09:00:00,28102.3,9,4,1,17,0,0.4150061965754249,0.6874314306576663
2025-01-17 10:00:00,28388.05,10,4,1,17,0,0.4280883644932336,0.694421375655422
2025-01-17 11:00:00,29658.61,11,4,1,17,0,0.48625697086121644,0.7255014964475424
2025-01-17 12:00:00,29813.36,12,4,1,17,0,0.4933417144667489,0.7292869522249796
2025-01-17 13:00:00,30204.68,13,4,1,17,0,0.5112570738704126,0.7388593241463155
2025-01-17 14:00:00,29800.53,14,4,1,17,0,0.4927543331390656,0.7289731079753865
2025-01-17 15:00:00,28956.77,15,4,1,17,0,0.45412542674420897,0.7083332619865631
2025-01-17 16:00:00,28717.75,16,4,1,17,0,0.4431826453768786,0.7024864145557196
2025-01-17 17:00:00,28774.6,17,4,1,17,0,0.4457853444009465,0.7038770650303386
2025-01-17 18:00:00,29104.55,18,4,1,17,0,0.4608910707508363,0.7119482193680796
2025-01-17 19:00:00,28995.54,19,4,1,17,0,0.4559003896494529,0.7092816440252788
2025-01-17 20:00:00,28815.62,20,4,1,17,0,0.44766331650239366,0.7048804860060445
2025-01-17 21:00:00,28647.79,21,4,1,17,0,0.4399797461029332,0.700775070541571
2025-01-17 22:00:00,28352.81,22,4,1,17,0,0.4264750115713664,0.6935593435934065
2025-01-17 23:00:00,27128.48,23,4,1,17,0,0.3704229008213724,0.6636100894933115
2025-01-18 00:00:00,25852.32,0,5,1,18,1,0.31199791600950616,0.6323929829024599
2025-01-18 01:00:00,25285.32,1,5,1,18,1,0.28603959856629513,0.6185231707809291
2025-01-18 02:00:00,24399.63,2,5,1,18,1,0.2454910585728603,0.5968576436241061
2025-01-18 03:00:00,24393.06,3,5,1,18,1,0.24519027171994692,0.5966969299280946
2025-01-18 04:00:00,24017.13,4,5,1,18,1,0.22797949521831318,0.5875010243357718
2025-01-18 05:00:00,24130.64,5,5,1,18,1,0.23317619471210305,0.590277677552553
2025-01-18 06:00:00,24458.72,6,5,1,18,1,0.24819630897448172,0.5983030884182177
2025-01-18 07:00:00,24204.32,7,5,1,18,1,0.2365494025237711,0.5920800192758588
2025-01-18 08:00:00,25013.14,8,5,1,18,1,0.2735786905562542,0.6118651717275988
2025-01-18 09:00:00,25783.71,9,5,1,18,1,0.30885682225328265,0.6307146622505054
2025-01-18 10:00:00,26670.09,10,5,1,18,1,0.3494369517335532,0.6523970680146721
2025-01-18 11:00:00,27662.21,11,5,1,18,1,0.39485805561672516,0.6766660591998805
2025-01-18 12:00:00,27827.31,12,5,1,18,1,0.40241664152479256,0.6807046940874728
2025-01-18 13:00:00,28105.89,13,5,1,18,1,0.41517055347070025,0.687519248339353
2025-01-18 14:00:00,27519.72,14,5,1,18,1,0.3883345976758379,0.6731805044746656
2025-01-18 15:00:00,27182.82,15,5,1,18,1,0.37291068736434263,0.6649393409759993
2025-01-18 16:00:00,27121.32,16,5,1,18,1,0.3700951026681213,0.6634349433649338
2025-01-18 17:00:00,27229.28,17,5,1,18,1,0.37503771281127657,0.6660758338704725
2025-01-18 18:00:00,27969.85,18,5,1,18,1,0.4089423885589288,0.6841914719001765
2025-01-18 19:00:00,27673.92,19,5,1,18,1,0.39539416125563165,0.6769525062897274
2025-01-18 20:00:00,27764.17,20,5,1,18,1,0.3995259745700052,0.6791601792067787
2025-01-18 21:00:00,27681.06,21,5,1,18,1,0.39572104377158335,0.6771271631831096
2025-01-18 22:00:00,27139.12,22,5,1,18,1,0.3709100198647512,0.6638703625109007
2025-01-18 23:00:00,26377.47,23,5,1,18,1,0.3360402624033374,0.6452390707959731
2025-01-19 00:00:00,25100.31,0,6,1,19,1,0.2775694957264919,0.6139975024553481
2025-01-19 01:00:00,24007.0,1,6,1,19,1,0.22751572492607378,0.587253226810567
2025-01-19 02:00:00,23348.84,2,6,1,19,1,0.19738393267135812,0.5711534815796908
2025-01-19 03:00:00,22985.8,3,6,1,19,1,0.18076328440930636,0.5622728879419473
2025-01-19 04:00:00,22662.33,4,6,1,19,1,0.165954224544482,0.5543602457427382
2025-01-19 05:00:00,22552.14,5,6,1,19,1,0.16090952084242297,0.5516648055352047
2025-01-19 06:00:00,22764.46,6,6,1,19,1,0.17062992641480842,0.5568585242470979
2025-01-19 07:00:00,22899.33,7,6,1,19,1,0.17680452654455434,0.5601576804390395
2025-01-19 08:00:00,23404.09,8,6,1,19,1,0.1999133807114594,0.5725049932546725
2025-01-19 09:00:00,24579.31,9,6,1,19,1,0.25371714407232443,0.6012529308233947
2025-01-19 10:00:00,25227.63,10,6,1,19,1,0.2833984427756447,0.6171119724365004
2025-01-19 11:00:00,26145.15,11,6,1,19,1,0.3254042195313678,0.6395561170886115
2025-01-19 12:00:00,26675.98,12,6,1,19,1,0.34970660691828076,0.6525411477208376
2025-01-19 13:00:00,26456.73,13,6,1,19,1,0.33966893302158935,0.6471779090830145
2025-01-19 14:00:00,26302.6,14,6,1,19,1,0.33261257417234397,0.6434076195904369
2025-01-19 15:00:00,25889.09,15,6,1,19,1,0.31368131518479164,0.6332924414416288
2025-01-19 16:00:00,25726.17,16,6,1,19,1,0.30622253374237896,0.6293071331685426
2025-01-19 17:00:00,25993.26,17,6,1,19,1,0.31845041205967567,0.6358406219155261
2025-01-19 18:00:00,27140.55,18,6,1,19,1,0.37097548793167145,0.6639053428130767
2025-01-19 19:00:00,27066.88,19,6,1,19,1,0.3676027379386533,0.6621032457072686
2025-01-19 20:00:00,27151.89,20,6,1,19,1,0.3714946542805357,0.6641827390555073
2025-01-19 21:00:00,27397.14,21,6,1,19,1,0.3827226566666865,0.6701819831874394
2025-01-19 22:00:00,26765.82,22,6,1,19,1,0.3538196496680128,0.654738791320482
2025-01-19 23:00:00,25729.33,23,6,1,19,1,0.3063672044357134,0.6293844322978267
2025-01-20 00:00:00,24386.0,0,0,1,20,0,0.24486705175319365,0.5965242299746943
2025-01-20 01:00:00,23219.26,1,0,1,20,0,0.19145151860735227,0.5679837280440506
2025-01-20 02:00:00,22547.08,2,0,1,20,0,0.16067786460562827,0.5515410290813513
2025-01-20 03:00:00,22412.22,3,0,1,20,0,0.15450372229453224,0.5482421175069074
2025-01-20 04:00:00,22572.77,4,0,1,20,0,0.16185400071694406,0.5521694514330304
2025-01-20 05:00:00,22979.77,5,0,1,20,0,0.18048721976348178,0.5621253835908137
2025-01-20 06:00:00,23265.63,6,0,1,20,0,0.19357442368643826,0.5691180193810443
2025-01-20 07:00:00,23914.41,7,0,1,20,0,0.22327678204764886,0.5849883133990457
2025-01-20 08:00:00,25695.67,8,0,1,20,0,0.3048261868605131,0.6285610498004532
2025-01-20 09:00:00,27172.05,9,0,1,20,0,0.3724176166785165,0.6646758879309396
2025-01-20 10:00:00,28033.64,10,0,1,20,0,0.41186281372595246,0.6857518869182231
2025-01-20 11:00:00,29429.21,11,0,1,20,0,0.475754611034986,0.7198899710495191
2025-01-20 12:00:00,29914.07,12,0,1,20,0,0.4979524060888049,0.731750495044661
2025-01-20 13:00:00,29894.33,13,0,1,20,0,0.4970486720741154,0.7312676201041337
2025-01-20 14:00:00,29908.77,14,0,1,20,0,0.49770976220441515,0.7316208477708619
2025-01-20 15:00:00,29387.91,15,0,1,20,0,0.47386382001134475,0.7188797007838768
2025-01-20 16:00:00,29376.55,16,0,1,20,0,0.4733437380251809,0.7186018153064506
2025-01-20 17:00:00,28629.65,17,0,1,20,0,0.4391492630722104,0.7003313344006811
2025-01-20 18:00:00,29192.12,18,0,1,20,0,0.46490018866706556,0.7140903347957382
2025-01-20 19:00:00,28852.49,19,0,1,20,0,0.44935129386417716,0.7057823907201907
2025-01-20 20:00:00,28748.99,20,0,1,20,0,0.44461287083882917,0.7032505996186413
2025-01-20 21:00:00,28453.81,21,0,1,20,0,0.4310989799342665,0.6960299803205223
2025-01-20 22:00:00,27888.87,22,0,1,20,0,0.4052349731329125,0.6822105594035246
2025-01-20 23:00:00,26680.93,23,0,1,20,0,0.34993322714992786,0.6526622333822161
2025-01-21 00:00:00,25124.68,0,1,1,21,0,0.2786851997760352,0.6145936352973265
2025-01-21 01:00:00,24162.39,1,1,1,21,0,0.23462976892519288,0.5910543381078591
2025-01-21 02:00:00,23670.56,2,1,1,21,0,0.21211287427246903,0.5790233157167965
2025-01-21 03:00:00,23338.57,3,1,1,21,0,0.19691375291802163,0.5709022594095178
2025-01-21 04:00:00,23150.89,4,1,1,21,0,0.18832141249872383,0.5663112782120417
2025-01-21 05:00:00,23259.79,5,1,1,21,0,0.19330705759495967,0.5689751627623676
2025-01-21 06:00:00,23694.72,6,1,1,21,0,0.2132189641303667,0.5796143115913225
2025-01-21 07:00:00,24127.21,7,1,1,21,0,0.23301916291522434,0.5901937737508302
2025-01-21 08:00:00,25821.45,8,1,1,21,0,0.31058462983759805,0.6316378486869544
2025-01-21 09:00:00,27304.24,9,1,1,21,0,0.37846952141011814,0.6679094866334884
2025-01-21 10:00:00,27705.64,10,1,1,21,0,0.3968463620127722,0.6777284329925404
2025-01-21 11:00:00,28798.47,11,1,1,21,0,0.44687815751800036,0.7044609669974303
2025-01-21 12:00:00,29333.33,12,1,1,21,0,0.47136504582077965,0.7175445784812433
2025-01-21 13:00:00,29464.44,13,1,1,21,0,0.4773675061382035,0.7207517584940368
2025-01-21 14:00:00,30019.49,14,1,1,21,0,0.5027787302949132,0.7343292527057753
2025-01-21 15:00:00,29063.2,15,1,1,21,0,0.4589979906339461,0.7109367260149486
2025-01-21 16:00:00,28652.7,16,1,1,21,0,0.44020453505998114,0.7008951777329584
2025-01-21 17:00:00,28461.97,17,1,1,21,0,0.4314725599524968,0.6962295881986734
2025-01-21 18:00:00,29012.05,18,1,1,21,0,0.4566562482402595,0.7096855075140379
2025-01-21 19:00:00,28696.83,19,1,1,21,0,0.44222488876151367,0.7019746747504596
2025-01-21 20:00:00,28415.09,20,1,1,21,0,0.42932630612227146,0.6950828213692953
2025-01-21 21:00:00,27991.54,21,1,1,21,0,0.4099353972103279,0.6847220472527621
2025-01-21 22:00:00,27573.61,22,1,1,21,0,0.3908017823795674,0.6744987481699554
2025-01-21 23:00:00,26306.44,23,1,1,21,0,0.3327883765338641,0.6435015527095668
2025-01-22 00:00:00,24869.07,0,2,1,22,0,0.2669828972686997,0.6083409674377418
2025-01-22 01:00:00,24321.26,1,2,1,22,0,0.24190313381443965,0.5949405762943628
2025-01-22 02:00:00,24100.72,2,2,1,22,0,0.2318064013119252,0.5895457819993322
2025-01-22 03:00:00,24068.28,3,2,1,22,0,0.23032123761199957,0.5887522428366823
2025-01-22 04:00:00,23910.99,4,2,1,22,0,0.22312020806942007,0.5849046542148206
2025-01-22 05:00:00,24050.95,5,2,1,22,0,0.22952783789191,0.5883283207131089
2025-01-22 06:00:00,24122.26,6,2,1,22,0,0.2327925426835772,0.5900726880894517
2025-01-22 07:00:00,24554.14,7,2,1,22,0,0.2525648145307977,0.6006372285815976
2025-01-22 08:00:00,26010.6,8,2,1,22,0,0.3192442695984152,0.6362647886565973
2025-01-22 09:00:00,27951.22,9,2,1,22,0,0.4080894724143662,0.6837357495018976
2025-01-22 10:00:00,28847.24,10,2,1,22,0,0.44911093907303634,0.7056539665338801
2025-01-22 11:00:00,29485.32,11,2,1,22,0,0.4783234314789694,0.7212625198293059
2025-01-22 12:00:00,29575.2,12,2,1,22,0,0.4824383055033007,0.7234611418989412
2025-01-22 13:00:00,29959.84,13,2,1,22,0,0.5000478420489033,0.7328701093317906
2025-01-22 14:00:00,30128.86,14,2,1,22,0,0.507785892867689,0.7370046342784946
2025-01-22 15:00:00,29622.05,15,2,1,22,0,0.48458318587757654,0.724607174875826
2025-01-22 16:00:00,28978.48,16,2,1,22,0,0.4551193510329075,0.7088643265741441
2025-01-22 17:00:00,28671.49,17,2,1,22,0,0.4410647763029405,0.701354814011201
2025-01-22 18:00:00,28657.25,18,2,1,22,0,0.4404128425456365,0.7010064786944274
2025-01-22 19:00:00,28290.24,19,2,1,22,0,0.4236104402796174,0.6920287719100835
2025-01-22 20:00:00,28065.8,20,2,1,22,0,0.4133351585036838,0.6865385767909364
2025-01-22 21:00:00,27975.12,21,2,1,22,0,0.4091836589873692,0.6843203853214824
2025-01-22 22:00:00,27423.02,22,2,1,22,0,0.38390749133234847,0.6708150532715755
2025-01-22 23:00:00,26237.05,23,2,1,22,0,0.3296115729229569,0.641804151892789
2025-01-23 00:00:00,24691.21,0,3,1,23,0,0.25884013476349776,0.6039902006230408
2025-01-23 01:00:00,24399.69,1,3,1,23,0,0.24549380548475896,0.5968591113290924
2025-01-23 02:00:00,23993.66,2,3,1,23,0,0.22690499484725113,0.5869269070685895
2025-01-23 03:00:00,23594.6,3,3,1,23,0,0.20863528380864826,0.5771652012040073
2025-01-23 04:00:00,23415.61,4,3,1,23,0,0.20044078779601987,0.5727867926120623
2025-01-23 05:00:00,23468.5,5,3,1,23,0,0.20286219063477018,0.5740805745575787
2025-01-23 06:00:00,23628.32,6,3,1,23,0,0.2101790482957472,0.5779900514063672
2025-01-23 07:00:00,24035.92,7,3,1,23,0,0.2288397364612724,0.5879606606140143
2025-01-23 08:00:00,25540.56,8,3,1,23,0,0.2977249617835883,0.6247667877930977
2025-01-23 09:00:00,27566.78,9,3,1,23,0,0.3904890922417593,0.6743316744190028
2025-01-23 10:00:00,28544.2,10,3,1,23,0,0.43523720270973704,0.698241077882542
2025-01-23 11:00:00,29462.58,11,3,1,23,0,0.4772823518693423,0.7207062596394583
2025-01-23 12:00:00,29501.5,12,3,1,23,0,0.479064182054333,0.7216583109406399
2025-01-23 13:00:00,29529.2,13,3,1,23,0,0.4803323397142571,0.7223359014093637
2025-01-23 14:00:00,29157.02,14,3,1,23,0,0.4632932452062954,0.7132317273786911
2025-01-23 15:00:00,28569.0,15,3,1,23,0,0.4363725929612214,0.6988477292769228
2025-01-23 16:00:00,28585.54,16,3,1,23,0,0.43712982500797753,0.6992523266181753
2025-01-23 17:00:00,27972.55,17,3,1,23,0,0.4090659995943727,0.6842575186245647
2025-01-23 18:00:00,28365.51,18,3,1,23,0,0.42705644125660225,0.693870007815529
2025-01-23 19:00:00,27986.59,19,3,1,23,0,0.4097087769786808,0.6846009615913836
2025-01-23 20:00:00,27633.01,20,3,1,23,0,0.3935212251593323,0.6759517761064966
2025-01-23 21:00:00,27498.41,21,3,1,23,0,0.3873589861331309,0.6726592245869939
2025-01-23 22:00:00,26914.17,22,3,1,23,0,0.3606113893376783,0.6583676918993692
2025-01-23 23:00:00,25625.33,23,3,1,23,0,0.3016058904778758,0.6268404103213907
2025-01-24 00:00:00,24261.78,0,4,1,24,0,0.23918002848547637,0.5934855914178396
2025-01-24 01:00:00,23484.88,1,4,1,24,0,0.20361209758312965,0.5744812580188674
2025-01-24 02:00:00,23384.24,2,4,1,24,0,0.19900461069162217,0.5720194275216701
2025-01-24 03:00:00,22774.47,3,4,1,24,0,0.17108820288325038,0.5571033863623299
2025-01-24 04:00:00,22897.1,4,4,1,24,0,0.17670243298565055,0.5601031307370447
2025-01-24 05:00:00,22866.12,5,4,1,24,0,0.1752841108085947,0.559345305729064
2025-01-24 06:00:00,22955.76,6,4,1,24,0,0.1793879971853309,0.5615380569787537
2025-01-24 07:00:00,23465.24,7,4,1,24,0,0.20271294175493804,0.5740008292533173
2025-01-24 08:00:00,24315.8,8,4,1,24,0,0.24165316483165322,0.5948070151406
2025-01-24 09:00:00,25773.11,9,4,1,24,0,0.3083715344845031,0.6304553677029071
2025-01-24 10:00:00,26368.76,10,4,1,24,0,0.33564150235936835,0.6450260089554465
2025-01-24 11:00:00,27479.12,11,4,1,24,0,0.38647585395768197,0.6721873574338646
2025-01-24 12:00:00,28105.99,12,4,1,24,0,0.41517513165719827,0.6875216945143303
2025-01-24 13:00:00,28060.6,13,4,1,24,0,0.4130970928057919,0.6864113756921145
2025-01-24 14:00:00,27797.21,14,4,1,24,0,0.4010386073889183,0.6799683954192927
2025-01-24 15:00:00,27433.38,15,4,1,24,0,0.3843817914535331,0.6710684769992282
2025-01-24 16:00:00,26703.9,16,4,1,24,0,0.3509848365885003,0.6532241197745116
2025-01-24 17:00:00,26201.12,17,4,1,24,0,0.32796663051425395,0.6409252412234299
2025-01-24 18:00:00,26637.52,18,4,1,24,0,0.34794583639118043,0.6516003488245518
2025-01-24 19:00:00,26371.95,19,4,1,24,0,0.3357875465086521,0.6451040419372238
2025-01-24 20:00:00,26050.32,20,4,1,24,0,0.32106272527538937,0.6372364093575977
2025-01-24 21:00:00,25834.07,21,4,1,24,0,0.3111623969736356,0.631946555969095
2025-01-24 22:00:00,25463.46,22,4,1,24,0,0.29419517999369127,0.6228807868855667
2025-01-24 23:00:00,24434.17,23,4,1,24,0,0.24707236418924203,0.59770255246128
2025-01-25 00:00:00,23333.21,0,5,1,25,1,0.19666836212173305,0.5707711444307322
2025-01-25 01:00:00,22542.33,1,5,1,25,1,0.16046040074697704,0.5514248357699275
2025-01-25 02:00:00,22034.73,2,5,1,25,1,0.13722152608353086,0.5390080515849379
2025-01-25 03:00:00,21572.92,3,5,1,25,1,0.11607900301748268,0.5277113709220733
2025-01-25 04:00:00,21161.62,4,5,1,25,1,0.09724892195153441,0.5176502532402645
2025-01-25 05:00:00,21197.9,5,5,1,25,1,0.09890988801298019,0.5185377255220444
2025-01-25 06:00:00,21487.65,6,5,1,25,1,0.11217518339070576,0.5256255175188936
2025-01-25 07:00:00,21378.86,7,5,1,25,1,0.10719457429961765,0.522964323761043
2025-01-25 08:00:00,22401.38,8,5,1,25,1,0.1540074468781576,0.5479769521393635
2025-01-25 09:00:00,23455.03,9,5,1,25,1,0.20224550891350018,0.5737510747881306
2025-01-25 10:00:00,24424.68,10,5,1,25,1,0.24663789429058944,0.5974704104559303
2025-01-25 11:00:00,25986.54,11,5,1,25,1,0.3181427579270155,0.6356762389570488
2025-01-25 12:00:00,26409.31,12,5,1,25,1,0.33749795698427537,0.6460179329087589
2025-01-25 13:00:00,26389.82,13,5,1,25,1,0.33660566843583056,0.6455411734056749
2025-01-25 14:00:00,26337.49,14,5,1,25,1,0.33420990344146867,0.6442610900400316
2025-01-25 15:00:00,25771.96,15,5,1,25,1,0.30831888533977697,0.6304272366906677
2025-01-25 16:00:00,24762.05,16,5,1,25,1,0.26208332207862484,0.60572307097699
2025-01-25 17:00:00,25076.86,17,5,1,25,1,0.2764959109927294,0.6134238744231614
2025-01-25 18:00:00,25833.96,18,5,1,25,1,0.31115736096848784,0.6319438651766199
2025-01-25 19:00:00,25709.15,19,5,1,25,1,0.305443326400433,0.628890794187399
2025-01-25 20:00:00,25435.24,20,5,1,25,1,0.2929032157639781,0.6221904763069608
2025-01-25 21:00:00,25282.72,21,5,1,25,1,0.28592056571734925,0.6184595702315182
2025-01-25 22:00:00,25121.99,22,5,1,25,1,0.27856204655924116,0.6145278331904359
2025-01-25 23:00:00,23980.97,23,5,1,25,1,0.22632402298066503,0.5866164874639648
2025-01-26 00:00:00,22962.79,0,6,1,26,1,0.17970984369613485,0.5617100230796609
2025-01-26 01:00:00,21864.78,1,6,1,26,1,0.1294408981303144,0.5348507772109447
2025-01-26 02:00:00,20895.63,2,6,1,26,1,0.08507140368571492,0.5111436724180317
2025-01-26 03:00:00,20685.99,3,6,1,26,1,0.07547369351147375,0.5060155111955313
2025-01-26 04:00:00,20596.5,4,6,1,26,1,0.07137667441448434,0.5038264292083077
2025-01-26 05:00:00,20859.22,5,6,1,26,1,0.08340448598182196,0.5102530201087814
2025-01-26 06:00:00,20508.63,6,6,1,26,1,0.06735382193876135,0.501676975255717
2025-01-26 07:00:00,21046.9,7,6,1,26,1,0.09199682640111975,0.5148440013062574
2025-01-26 08:00:00,21385.57,8,6,1,26,1,0.1075017706136281,0.5231284621020226
2025-01-26 09:00:00,22389.9,9,6,1,26,1,0.1534818710681963,0.5476961312519646
2025-01-26 10:00:00,23409.89,10,6,1,26,1,0.20017891552833875,0.5726468714033583
2025-01-26 11:00:00,24793.42,11,6,1,26,1,0.2635194991830226,0.6064904360673823
2025-01-26 12:00:00,25180.26,12,6,1,26,1,0.28122975583157944,0.6159532193497332
2025-01-26 13:00:00,25119.45,13,6,1,26,1,0.2784457606221939,0.6144657003460114
2025-01-26 14:00:00,24851.42,14,6,1,26,1,0.2661748473518166,0.6079092175542408
2025-01-26 15:00:00,24791.21,15,6,1,26,1,0.26341832126141856,0.606436375600383
2025-01-26 16:00:00,24347.7,16,6,1,26,1,0.24311360632449003,0.5955873449583722
2025-01-26 17:00:00,24668.91,17,6,1,26,1,0.25781919917446144,0.6034447036030934
2025-01-26 18:00:00,25548.67,18,6,1,26,1,0.29809625270856954,0.62496517258376
2025-01-26 19:00:00,25394.78,19,6,1,26,1,0.2910508815069192,0.621200753911128
2025-01-26 20:00:00,25460.29,20,6,1,26,1,0.2940500514817072,0.622803243138785
2025-01-26 21:00:00,25494.82,21,6,1,26,1,0.29563089927943925,0.6236479073584612
2025-01-26 22:00:00,24832.56,22,6,1,26,1,0.2653114013783089,0.6074478689535141
2025-01-26 23:00:00,24015.64,23,6,1,26,1,0.22791128023949409,0.5874645763286094
2025-01-27 00:00:00,22828.75,0,0,1,27,0,0.17357324251432174,0.5584311701400313
2025-01-27 01:00:00,21817.16,1,0,1,27,0,0.12726076572000455,0.5336859086867343
2025-01-27 02:00:00,21055.88,2,0,1,27,0,0.09240794754863303,0.5150636678192227
2025-01-27 03:00:00,20748.34,3,0,1,27,0,0.07832819279292731,0.5075407012939043
2025-01-27 04:00:00,20792.29,4,0,1,27,0,0.08034030575876354,0.5086157951964462
2025-01-27 05:00:00,20602.29,5,0,1,27,0,0.07164175141271399,0.5039680627394958
2025-01-27 06:00:00,20922.75,6,0,1,27,0,0.08631300786395099,0.5118070750718869
2025-01-27 07:00:00,20452.52,7,0,1,27,0,0.06478500149477796,0.5003044264759302
2025-01-27 08:00:00,21217.49,8,0,1,27,0,0.09980675474792289,0.5190169312001057
2025-01-27 09:00:00,21753.01,9,0,1,27,0,0.12432385908158829,0.5321166874387692
2025-01-27 10:00:00,22732.95,10,0,1,27,0,0.16918733984931364,0.5560877345117373
2025-01-27 11:00:00,24036.79,11,0,1,27,0,0.2288795666838044,0.5879819423363173
2025-01-27 12:00:00,25169.9,12,0,1,27,0,0.280755455710395,0.6156997956220807
2025-01-27 13:00:00,24555.72,13,0,1,27,0,0.25263714987746494,0.6006758781462397
2025-01-27 14:00:00,24402.39,14,0,1,27,0,0.24561741652020286,0.5969251580534807
2025-01-27 15:00:00,24657.69,15,0,1,27,0,0.25730552664939466,0.6031702427706356
2025-01-27 16:00:00,24310.78,16,0,1,27,0,0.24142333986945758,0.5946842171567374
2025-01-27 17:00:00,24229.51,17,0,1,27,0,0.2377026477025973,0.5926962107526513
2025-01-27 18:00:00,24645.94,18,0,1,27,0,0.256767589735889,0.6028828172107978
2025-01-27 19:00:00,24506.34,19,0,1,27,0,0.2503764413847916,0.599467956942428
2025-01-27 20:00:00,24793.3,20,0,1,27,0,0.2635140053592251,0.6064875006574095
2025-01-27 21:00:00,24872.19,21,0,1,27,0,0.26712573668743483,0.6084172880970348
2025-01-27 22:00:00,24764.65,22,0,1,27,0,0.2622023549275709,0.605786671526401
2025-01-27 23:00:00,23582.64,23,0,1,27,0,0.20808773270349695,0.5768726386767171
2025-01-28 00:00:00,22514.59,0,1,1,28,0,0.15919041181245372,0.5507462668312126
2025-01-28 01:00:00,21662.5,1,1,1,28,0,0.12018014248232023,0.5299026544667766
2025-01-28 02:00:00,20686.47,2,1,1,28,0,0.07549566880666375,0.5060272528354226
2025-01-28 03:00:00,20594.25,3,1,1,28,0,0.07127366521828112,0.5037713902713175
2025-01-28 04:00:00,20259.7,4,1,1,28,0,0.05595734228948706,0.4955877118846188
2025-01-28 05:00:00,20230.36,5,1,1,28,0,0.054614102370997085,0.4948700041462666
2025-01-28 06:00:00,20297.22,6,1,1,28,0,0.05767507786350697,0.49650551673611765
2025-01-28 07:00:00,20331.39,7,1,1,28,0,0.05923944418984643,0.4973413747258755
2025-01-28 08:00:00,20786.74,8,1,1,28,0,0.08008621640812896,0.5084800324852037
2025-01-28 09:00:00,21026.95,9,1,1,28,0,0.09108347819478452,0.5143559893982776
2025-01-28 10:00:00,21675.23,10,1,1,28,0,0.12076294562350554,0.5302140525413923
2025-01-28 11:00:00,22746.67,11,1,1,28,0,0.16981546703682826,0.5564233497186286
2025-01-28 12:00:00,22660.05,12,1,1,28,0,0.1658498418923293,0.5543044729532548
2025-01-28 13:00:00,22902.4,13,1,1,28,0,0.1769450768700405,0.5602327780108439
2025-01-28 14:00:00,22454.01,14,1,1,28,0,0.1564169464320132,0.5492643740299387
2025-01-28 15:00:00,22180.58,15,1,1,28,0,0.14389881109074848,0.5425757977893917
2025-01-28 16:00:00,22777.11,16,1,1,28,0,0.17120906700679547,0.5571679653817317
2025-01-28 17:00:00,23194.51,17,1,1,28,0,0.19031841744911684,0.5673782997371585
2025-01-28 18:00:00,23418.41,18,1,1,28,0,0.2005689770179616,0.572855285511428
2025-01-28 19:00:00,22587.96,19,1,1,28,0,0.16254942724597818,0.5525410254120887
2025-01-28 20:00:00,22627.68,20,1,1,28,0,0.16436788292295237,0.5535126461130891
2025-01-28 21:00:00,22961.78,21,1,1,28,0,0.17966360401250575,0.5616853167123897
2025-01-28 22:00:00,22974.87,22,1,1,28,0,0.1802628886250836,0.5620055210169238
2025-01-28 23:00:00,22631.85,23,1,1,28,0,0.1645587932999156,0.5536146516096442
2025-01-29 00:00:00,21875.1,0,2,1,29,0,0.1299133669768998,0.5351032224686063
2025-01-29 01:00:00,20839.45,1,2,1,29,0,0.082499378511183,0.5097694113157608
2025-01-29 02:00:00,20155.31,2,2,1,29,0,0.051178173404307546,0.4930341498257712
2025-01-29 03:00:00,19982.49,3,2,1,29,0,0.0432661514986008,0.48880667022992824
2025-01-29 04:00:00,19678.54,4,2,1,29,0,0.02935075363817045,0.4813715213862963
2025-01-29 05:00:00,19649.64,5,2,1,29,0,0.02802765774027127,0.4806645768178443
2025-01-29 06:00:00,19764.16,6,2,1,29,0,0.03327059691769021,0.4834659364018967
2025-01-29 07:00:00,19965.91,7,2,1,29,0,0.04250708817724545,0.48840109441868484
2025-01-29 08:00:00,20128.46,8,2,1,29,0,0.049948930329615705,0.4923773518443547
2025-01-29 09:00:00,20237.34,9,2,1,29,0,0.054933659788551935,0.49504074715968505
2025-01-29 10:00:00,21579.65,10,2,1,29,0,0.1163871149687929,0.5278759984980486
2025-01-29 11:00:00,21961.37,11,2,1,29,0,0.13386296846865614,0.5372135376215595
2025-01-29 12:00:00,22491.78,12,2,1,29,0,0.15814612747227794,0.5501882943188808
2025-01-29 13:00:00,22493.12,13,2,1,29,0,0.15820747517135006,0.5502210730635773
2025-01-29 14:00:00,22222.46,14,2,1,29,0,0.1458161555960776,0.5436002558699026
2025-01-29 15:00:00,21736.79,15,2,1,29,0,0.12358127723162565,0.5317199178574442
2025-01-29 16:00:00,21110.67,16,2,1,29,0,0.09491633593084371,0.5164039270893086
2025-01-29 17:00:00,21766.67,17,2,1,29,0,0.12494923935720427,0.5324508349406741
2025-01-29 18:00:00,22904.62,18,2,1,29,0,0.17704671261029423,0.5602870830953408
2025-01-29 19:00:00,22911.62,19,2,1,29,0,0.1773671856651487,0.5604583153437548
2025-01-29 20:00:00,23109.64,20,2,1,29,0,0.1864329105683315,0.5653022310338881
2025-01-29 21:00:00,23352.16,21,2,1,29,0,0.1975359284630891,0.5712346945889386
2025-01-29 22:00:00,23178.06,22,2,1,29,0,0.18956530577020902,0.5669759039533857
2025-01-29 23:00:00,22450.03,23,2,1,29,0,0.156234734609396,0.5491670162658404
2025-01-30 00:00:00,21472.47,0,3,1,30,0,0.11148021468032136,0.525254188157333
2025-01-30 01:00:00,21094.31,1,3,1,30,0,0.094167344619784,0.5160037328630155
2025-01-30 02:00:00,20521.73,2,3,1,30,0,0.06795356436998892,0.5019974241777488
2025-01-30 03:00:00,20184.23,3,3,1,30,0,0.05250218493950617,0.49374158362921855
2025-01-30 04:00:00,19189.28,4,3,1,30,0,0.006951518378442973,0.4694033656921513
2025-01-30 05:00:00,19225.04,5,3,1,30,0,0.00858867787009955,0.47027811786404894
2025-01-30 06:00:00,19430.38,6,3,1,30,0,0.01798952602493016,0.47530109356252365
2025-01-30 07:00:00,19571.5,7,3,1,30,0,0.02445026281079597,0.47875313569054906
2025-01-30 08:00:00,19992.47,8,3,1,30,0,0.04372305451109328,0.48905079849266697
2025-01-30 09:00:00,20441.66,9,3,1,30,0,0.06428781044110374,0.5000387718733909
2025-01-30 10:00:00,20912.87,10,3,1,30,0,0.08586068303795637,0.5115653929841255
2025-01-30 11:00:00,22186.12,11,3,1,30,0,0.14415244262273316,0.5427113158831364
2025-01-30 12:00:00,22555.4,12,3,1,30,0,0.16105876972225527,0.5517445508394662
2025-01-30 13:00:00,22471.22,13,3,1,30,0,0.1572048523283055,0.5496853607435394
2025-01-30 14:00:00,22668.56,14,3,1,30,0,0.16623944556330245,0.5545126424438267
2025-01-30 15:00:00,21942.54,15,3,1,30,0,0.13300089595109774,0.5367529228733261
2025-01-30 16:00:00,21953.74,16,3,1,30,0,0.1335136528388649,0.5370268944707884
2025-01-30 17:00:00,22310.35,17,3,1,30,0,0.14983992370910018,0.5457501990574887
2025-01-30 18:00:00,22481.23,18,3,1,30,0,0.15766312879674732,0.5499302228587712
2025-01-30 19:00:00,22584.16,19,3,1,30,0,0.1623754561590572,0.5524480707629498
2025-01-30 20:00:00,22798.52,20,3,1,30,0,0.1721892567360003,0.5576916914443807
2025-01-30 21:00:00,22994.82,21,3,1,30,0,0.18117623683141884,0.5624935329249037
2025-01-30 22:00:00,23056.03,22,3,1,30,0,0.18397854478679612,0.5639908366285348
2025-01-30 23:00:00,22277.99,23,3,1,30,0,0.14835842255837314,0.5449586168348208
2025-01-31 00:00:00,21353.19,0,4,1,31,0,0.10601935382560129,0.5223363906443591
2025-01-31 01:00:00,20547.57,1,4,1,31,0,0.06913656776105166,0.5026295157918941
2025-01-31 02:00:00,19469.79,2,4,1,31,0,0.019793789323760747,0.47626513112109425
2025-01-31 03:00:00,19471.21,3,4,1,31,0,0.019858799572031145,0.47629986680577246
2025-01-31 04:00:00,19333.96,4,4,1,31,0,0.013575238603634824,0.47294249164937013
2025-01-31 05:00:00,19037.44,5,4,1,31,0,0.0,0.46568909360655475
2025-01-31 06:00:00,19463.87,6,4,1,31,0,0.01952276068308375,0.4761203175624355
2025-01-31 07:00:00,19243.14,7,4,1,31,0,0.009417329626223152,0.47072087553494785
2025-01-31 08:00:00,20552.02,8,4,1,31,0,0.06934029706020918,0.5027383705783859
2025-01-31 09:00:00,20914.55,9,4,1,31,0,0.08593759657112146,0.5116064887237448
2025-01-31 10:00:00,21760.33,10,4,1,31,0,0.12465898233323625,0.5322957474471106
2025-01-31 11:00:00,22913.78,11,4,1,31,0,0.17746607449350377,0.5605111527232653
2025-01-31 12:00:00,23360.27,12,4,1,31,0,0.1979072193880705,0.5714330793796011
2025-01-31 13:00:00,23755.53,13,4,1,31,0,0.21600295933975225,0.5811018305950443
2025-01-31 14:00:00,23473.84,14,4,1,31,0,0.20310666579375916,0.5742112003013687
2025-01-31 15:00:00,23107.6,15,4,1,31,0,0.18633951556377387,0.5652523290643503
2025-01-31 16:00:00,23019.83,16,4,1,31,0,0.18232124127454893,0.563105321286737
2025-01-31 17:00:00,22496.25,17,4,1,31,0,0.15835077240873505,0.5502976383403682
2025-01-31 18:00:00,23500.6,18,4,1,31,0,0.20433178850060268,0.5748657967253055
2025-01-31 19:00:00,23545.35,19,4,1,31,0,0.20638052695842224,0.5759604600276662
2025-01-31 20:00:00,23541.56,20,4,1,31,0,0.20620701369015118,0.575867749996025
2025-01-31 21:00:00,23846.77,21,4,1,31,0,0.22018009670045527,0.5833337206443714
2025-01-31 22:00:00,23572.16,22,4,1,31,0,0.20760793875851488,0.5766162795390917
2025-01-31 23:00:00,22717.69,23,4,1,31,0,0.16848870858973083,0.5557144482101949
2025-02-01 00:00:00,21635.45,0,5,2,32,1,0.11894174303463269,0.5292409641354056
2025-02-01 01:00:00,20827.1,1,5,2,32,1,0.08193397247868967,0.509467308706059
2025-02-01 02:00:00,19975.6,2,5,2,32,1,0.04295071444889392,0.48863812877398927
2025-02-01 03:00:00,19591.34,3,5,2,32,1,0.025358575011983468,0.47923845680605376
2025-02-01 04:00:00,19686.56,4,5,2,32,1,0.02971792419530372,0.4815677046194792
2025-02-01 05:00:00,19755.81,5,5,2,32,1,0.03288831834511389,0.4832616807912887
2025-02-01 06:00:00,19959.02,6,5,2,32,1,0.04219165112753873,0.488232552962746
2025-02-01 07:00:00,19798.92,7,5,2,32,1,0.03486197454436741,0.48431622682402087
2025-02-01 08:00:00,20992.72,8,5,2,32,1,0.08951636495654625,0.5135186637035334
2025-02-01 09:00:00,21981.24,9,5,2,32,1,0.13477265412579312,0.5376995925895576
2025-02-01 10:00:00,22544.12,10,5,2,32,1,0.16054235028528968,0.5514686223020219
2025-02-01 11:00:00,23842.95,11,5,2,32,1,0.2200052099762347,0.5832402767602369
2025-02-01 12:00:00,24415.31,12,5,2,32,1,0.24620891821573432,0.5972412038605533
2025-02-01 13:00:00,24417.98,13,5,2,32,1,0.2463311557952287,0.5973065167324484
2025-02-01 14:00:00,24310.02,14,5,2,32,1,0.24138854565207343,0.5946656262269097
2025-02-01 15:00:00,24163.47,15,5,2,32,1,0.23467921333937053,0.5910807567976145
2025-02-01 16:00:00,24093.0,16,5,2,32,1,0.23145296531428566,0.5893569372910813
2025-02-01 17:00:00,23600.16,17,5,2,32,1,0.2088898309779327,0.5773012085327476
2025-02-01 18:00:00,24518.19,18,5,2,32,1,0.2509189564847951,0.599757828677243
2025-02-01 19:00:00,24313.85,19,5,2,32,1,0.24156389019494373,0.5947593147285418
2025-02-01 20:00:00,24577.67,20,5,2,32,1,0.2536420618137584,0.6012128135537662
2025-02-01 21:00:00,24512.45,21,5,2,32,1,0.25065616857981454,0.5996174182335436
2025-02-01 22:00:00,24108.62,22,5,2,32,1,0.23216807804526085,0.5897390298225422
2025-02-01 23:00:00,23266.54,23,5,2,32,1,0.19361608518356932,0.5691402795733381
2025-02-02 00:00:00,22196.91,0,6,2,33,1,0.14464642894585886,0.5429752581631917
2025-02-02 01:00:00,21264.23,1,6,2,33,1,0.10194659911705098,0.5201602733845154
2025-02-02 02:00:00,20478.66,2,6,2,33,1,0.06598173944533443,0.5009438566150075
2025-02-02 03:00:00,20108.05,3,6,2,33,1,0.04901452246539008,0.49187808753147916
2025-02-02 04:00:00,19843.49,4,6,2,33,1,0.03690247226649087,0.4854064870114224
2025-02-02 05:00:00,19903.42,5,6,2,33,1,0.039646179434694666,0.4868724796753436
2025-02-02 06:00:00,20020.44,6,6,2,33,1,0.04500357327456162,0.48973499363382955
2025-02-02 07:00:00,19962.31,7,6,2,33,1,0.04234227346332037,0.48831303211950056
2025-02-02 08:00:00,20580.13,8,6,2,33,1,0.07062722528477475,0.5034259903645167
2025-02-02 09:00:00,21737.42,9,6,2,33,1,0.12361011980656243,0.5317353287598015
2025-02-02 10:00:00,22530.92,10,6,2,33,1,0.1599380296675641,0.5511457272050126
2025-02-02 11:00:00,24103.13,11,6,2,33,1,0.2319167356065251,0.5896047348162862
2025-02-02 12:00:00,25308.35,12,6,2,33,1,0.28709395491676626,0.619086524878211
2025-02-02 13:00:00,25241.17,13,6,2,33,1,0.284018329227463,0.6174431845284324
2025-02-02 14:00:00,25268.08,14,6,2,33,1,0.2852503192140537,0.6181014502148353
2025-02-02 15:00:00,24737.38,15,6,2,33,1,0.26095388346958787,0.6051195996100797
2025-02-02 16:00:00,24178.71,16,6,2,33,1,0.23537692896165355,0.5914535538641614
2025-02-02 17:00:00,24258.54,17,6,2,33,1,0.23903169524294382,0.5934063353485738
2025-02-02 18:00:00,25243.49,18,6,2,33,1,0.2841245431542149,0.6174999357879069
2025-02-02 19:00:00,25180.53,19,6,2,33,1,0.28124211693512385,0.6159598240221721
2025-02-02 20:00:00,25215.29,20,6,2,33,1,0.28283349456180124,0.6168101144442963
2025-02-02 21:00:00,25522.99,21,6,2,33,1,0.29692057441590364,0.6243369948495786
2025-02-02 22:00:00,24789.18,22,6,2,33,1,0.2633253840755108,0.606386718248343
2025-02-02 23:00:00,23657.83,23,6,2,33,1,0.21153007113128372,0.5787119176421809
2025-02-03 00:00:00,22321.11,0,0,2,34,0,0.15033253657627654,0.5460134074850508
2025-02-03 01:00:00,21502.81,1,0,2,34,0,0.11286923646379055,0.5259963576454587
2025-02-03 02:00:00,21671.66,2,0,2,34,0,0.12059950436552977,0.5301267240947012
2025-02-03 03:00:00,21525.86,3,0,2,34,0,0.11392450845156125,0.5265602009777361
2025-02-03 04:00:00,21554.41,4,0,2,34,0,0.11523158069671761,0.5272585839337673
2025-02-03 05:00:00,21584.13,5,0,2,34,0,0.11659221772389973,0.5279855871370335
2025-02-03 06:00:00,21621.8,6,0,2,34,0,0.11831682057766643,0.5289070612509983
2025-02-03 07:00:00,21799.02,7,0,2,34,0,0.12643028268928175,0.5332421725458444
2025-02-03 08:00:00,24106.61,8,0,2,34,0,0.23207605649665272,0.5896898617054976
2025-02-03 09:00:00,26319.54,9,0,2,34,0,0.33338811896509185,0.6438220016315988
2025-02-03 10:00:00,27008.35,10,0,2,34,0,0.36492312538142013,0.6606714994930302
2025-02-03 11:00:00,27756.55,11,0,2,34,0,0.3991771167588637,0.6789737806735053
2025-02-03 12:00:00,29064.77,12,0,2,34,0,0.45906986816196343,0.7109751309620929
2025-02-03 13:00:00,28514.98,13,0,2,34,0,0.43389945661504453,0.6975263055541625
2025-02-03 14:00:00,28541.29,14,0,2,34,0,0.43510397748264756,0.6981698941907013
2025-02-03 15:00:00,28041.35,15,0,2,34,0,0.4122157919049421,0.6859404870089761
2025-02-03 16:00:00,28299.75,16,0,2,34,0,0.4240458258155696,0.6922614031504287
2025-02-03 17:00:00,28273.56,17,0,2,34,0,0.4228467987717642,0.6916207499238628
2025-02-03 18:00:00,28767.11,18,0,2,34,0,0.4454424382322523,0.7036938465245357
2025-02-03 19:00:00,28578.88,19,0,2,34,0,0.436824917787216,0.6990894113646843
2025-02-03 20:00:00,28448.67,20,0,2,34,0,0.4308636611482732,0.6959042469266868
2025-02-03 21:00:00,28413.0,21,0,2,34,0,0.42923062202446494,0.6950316963122689
2025-02-03 22:00:00,27817.19,22,0,2,34,0,0.40195332905120285,0.6804571411797656
2025-02-03 23:00:00,26331.03,23,0,2,34,0,0.33391415259370283,0.6441030671364953
2025-02-04 00:00:00,24823.01,0,1,2,35,0,0.26487418456775735,0.6072142592431778
2025-02-04 01:00:00,23987.46,1,1,2,35,0,0.22662114728438,0.5867752442199943
2025-02-04 02:00:00,24128.64,2,1,2,35,0,0.23308463098214463,0.5902287540530061
2025-02-04 03:00:00,23976.3,3,1,2,35,0,0.22611022167121203,0.5865022510925229
2025-02-04 04:00:00,23857.73,4,1,2,35,0,0.22068186594062733,0.5836018214218881
2025-02-04 05:00:00,23764.03,5,1,2,35,0,0.2163921051920755,0.5813097554681184
2025-02-04 06:00:00,24122.01,6,1,2,35,0,0.23278109721733242,0.5900665726520083
2025-02-04 07:00:00,24278.61,7,1,2,35,0,0.23995053727307653,0.5938972826665264
2025-02-04 08:00:00,25870.76,8,1,2,35,0,0.3128421335997227,0.6328440575682819
2025-02-04 09:00:00,27266.87,9,1,2,35,0,0.376758653115845,0.6669953510444555
2025-02-04 10:00:00,27612.41,10,1,2,35,0,0.39257811874076065,0.6754478640611641
2025-02-04 11:00:00,28783.19,11,1,2,35,0,0.4461786106211179,0.7040871914608924
2025-02-04 12:00:00,28632.85,12,1,2,35,0,0.4392957650401438,0.7004096119999559
2025-02-04 13:00:00,28735.34,13,1,2,35,0,0.4439879483818629,0.7029166967342341
2025-02-04 14:00:00,28608.52,14,1,2,35,0,0.4381818922651997,0.6998144576279686
2025-02-04 15:00:00,28749.32,15,1,2,35,0,0.4446279788542722,0.7032586719960665
2025-02-04 16:00:00,28650.83,16,1,2,35,0,0.4401189229724701,0.7008494342608821
2025-02-04 17:00:00,28412.48,17,1,2,35,0,0.4292068154546757,0.6950189762023867
2025-02-04 18:00:00,29247.14,18,1,2,35,0,0.4674191068782216,0.7154362202682719
2025-02-04 19:00:00,28929.13,19,1,2,35,0,0.4528600159961837,0.7076571392228257
2025-02-04 20:00:00,29057.48,20,1,2,35,0,0.458736118366265,0.7107968048062445
2025-02-04 21:00:00,28956.13,21,1,2,35,0,0.4540961263506223,0.7083176064667082
2025-02-04 22:00:00,28303.52,22,1,2,35,0,0.4242184234465412,0.6923536239470746
2025-02-04 23:00:00,26855.58,23,1,2,35,0,0.35792902986854663,0.6569344779801444
2025-02-05 00:00:00,25235.11,0,2,2,36,0,0.2837408911256891,0.6172949463248055
2025-02-05 01:00:00,24476.73,1,2,2,36,0,0.2490208403627572,0.598743644531637
2025-02-05 02:00:00,24082.72,2,2,2,36,0,0.23098232774229946,0.5891054705034106
2025-02-05 03:00:00,24105.29,3,2,2,36,0,0.23201562443488016,0.5896575721957967
2025-02-05 04:00:00,23613.09,4,2,2,36,0,0.20948179049211388,0.577617498957318
2025-02-05 05:00:00,23929.38,5,2,2,36,0,0.22396213656638767,0.5853545057931538
2025-02-05 06:00:00,23718.04,6,2,2,36,0,0.2142865972216818,0.5801847595960387
2025-02-05 07:00:00,24718.91,7,2,2,36,0,0.2601082924234218,0.6046677910917646
2025-02-05 08:00:00,26614.12,8,2,2,36,0,0.34687454075066687,0.6510279438798536
2025-02-05 09:00:00,27456.92,9,2,2,36,0,0.3854594965551435,0.6716443065888945
2025-02-05 10:00:00,27853.64,10,2,2,36,0,0.403622078029695,0.681348771959007
2025-02-05 11:00:00,28989.17,11,2,2,36,0,0.4556087591695352,0.709125822679222
2025-02-05 12:00:00,28779.08,12,2,2,36,0,0.4459904471560535,0.7039866536693237
2025-02-05 13:00:00,28739.59,13,2,2,36,0,0.4441825213080245,0.7030206591707712
2025-02-05 14:00:00,29152.57,14,2,2,36,0,0.46308951590713787,0.7131228725921993
2025-02-05 15:00:00,28865.53,15,2,2,36,0,0.44994828938350595,0.706101371937236
2025-02-05 16:00:00,28980.51,16,2,2,36,0,0.45521228821881526,0.7089139839261842
2025-02-05 17:00:00,28680.71,17,2,2,36,0,0.4414868850980487,0.7015803513441119
2025-02-05 18:00:00,29306.79,18,2,2,36,0,0.47014999512423145,0.7168953636422567
2025-02-05 19:00:00,28949.6,19,2,2,36,0,0.45379717077230797,0.7081578712406876
2025-02-05 20:00:00,28871.25,20,2,2,36,0,0.45021016165118705,0.70624129314594
2025-02-05 21:00:00,28868.12,21,2,2,36,0,0.4500668644138021,0.7061647278691492
2025-02-05 22:00:00,28112.28,22,2,2,36,0,0.4154630995879174,0.6876755589204051
2025-02-05 23:00:00,26767.63,23,2,2,36,0,0.3539025148436252,0.6547830670875718
2025-02-06 00:00:00,25036.62,0,3,2,37,0,0.27465364874596604,0.6124395336122788
2025-02-06 01:00:00,24704.4,1,3,2,37,0,0.2594439975625736,0.6043128511025523
2025-02-06 02:00:00,24569.17,2,3,2,37,0,0.2532529159614351,0.6010048886806921
2025-02-06 03:00:00,24817.02,3,3,2,37,0,0.26459995119653196,0.6070677333620351
2025-02-06 04:00:00,24461.65,4,3,2,37,0,0.24833044983887081,0.5983747613450537
2025-02-06 05:00:00,24422.58,5,3,2,37,0,0.24654175237413317,0.5974190407814062
2025-02-06 06:00:00,24482.74,6,3,2,37,0,0.24929598937128233,0.5988906596477753
2025-02-06 07:00:00,25049.98,7,3,2,37,0,0.27526529446208825,0.6127663425892517
2025-02-06 08:00:00,26830.72,8,3,2,37,0,0.3567908927051635,0.6563263588807771
2025-02-06 09:00:00,28063.05,9,3,2,37,0,0.413209258374991,0.6864713069790594
2025-02-06 10:00:00,28553.77,10,3,2,37,0,0.43567533515758805,0.6984751768278736
2025-02-06 11:00:00,29324.26,11,3,2,37,0,0.47094980430541805,0.7173227104107983
2025-02-06 12:00:00,30124.75,12,3,2,37,0,0.5075977294026245,0.7369040964869258
2025-02-06 13:00:00,30218.83,13,3,2,37,0,0.5119048872598685,0.7392054579056094
2025-02-06 14:00:00,30427.32,14,3,2,37,0,0.5214499482893835,0.7443054881158704
2025-02-06 15:00:00,30003.89,15,3,2,37,0,0.5020645332012373,0.7339476494093099
2025-02-06 16:00:00,29130.04,16,3,2,37,0,0.4620580504891564,0.7125717493698042
2025-02-06 17:00:00,28915.36,17,3,2,37,0,0.45222959971542,0.7073203009284457
2025-02-06 18:00:00,29472.13,18,3,2,37,0,0.4777195686798937,0.7209398693497945
2025-02-06 19:00:00,29213.14,19,3,2,37,0,0.46586252346892854,0.7146045207759756
2025-02-06 20:00:00,28943.03,20,3,2,37,0,0.45349638391939456,0.7079971575446763
2025-02-06 21:00:00,28642.89,21,3,2,37,0,0.4397554149645351,0.7006552079676811
2025-02-06 22:00:00,28012.26,22,3,2,37,0,0.410883997452697,0.6852288947080672
2025-02-06 23:00:00,26633.36,23,3,2,37,0,0.3477553838328669,0.6514985879454943
2025-02-07 00:00:00,25137.61,0,4,2,38,0,0.27927715929021635,0.6149099257218968
2025-02-07 01:00:00,24301.83,1,4,2,38,0,0.24101359217789378,0.5944652844962653
2025-02-07 02:00:00,24054.2,2,4,2,38,0,0.22967662895309243,0.5884078213998726
2025-02-07 03:00:00,23880.59,3,4,2,38,0,0.22172843937405207,0.5841610170217085
2025-02-07 04:00:00,23980.77,4,4,2,38,0,0.22631486660766917,0.5866115951140101
2025-02-07 05:00:00,23936.77,5,4,2,38,0,0.224300464548584,0.5855352781239794
2025-02-07 06:00:00,24425.56,6,4,2,38,0,0.2466781823317712,0.597491936795731
2025-02-07 07:00:00,25435.47,7,4,2,38,0,0.2929137455929233,0.6221961025094086
2025-02-07 08:00:00,26816.52,8,4,2,38,0,0.3561407902224587,0.6559790020339945
2025-02-07 09:00:00,28321.44,9,4,2,38,0,0.42503883446696855,0.6927919785030142
2025-02-07 10:00:00,28748.62,10,4,2,38,0,0.44459593154878674,0.7032415487712251
2025-02-07 11:00:00,30419.22,11,4,2,38,0,0.5210791151830519,0.7441073479427057
2025-02-07 12:00:00,30429.89,12,4,2,38,0,0.5215676076823801,0.7443683548127881
2025-02-07 13:00:00,30511.16,13,4,2,38,0,0.5252882998492403,0.7463563612168742
2025-02-07 14:00:00,30307.49,14,4,2,38,0,0.5159639074089251,0.7413742366405212
2025-02-07 15:00:00,29386.8,15,4,2,38,0,0.4738130021412178,0.7188525482416283
2025-02-07 16:00:00,29704.76,16,4,2,38,0,0.4883698039300068,0.7266304061995857
2025-02-07 17:00:00,29119.54,17,4,2,38,0,0.4615773409068747,0.7123149009971832
2025-02-07 18:00:00,29395.83,18,4,2,38,0,0.47422641238198016,0.7190734378420823
2025-02-07 19:00:00,29177.84,19,4,2,38,0,0.4642464236351625,0.7137410210089737
2025-02-07 20:00:00,29213.17,20,4,2,38,0,0.46586389692487784,0.7146052546284688
2025-02-07 21:00:00,28937.43,21,4,2,38,0,0.4532400054755111,0.7078601717459452
2025-02-07 22:00:00,28481.23,22,4,2,38,0,0.43235431867199625,0.6967007214993095
2025-02-07 23:00:00,27254.73,23,4,2,38,0,0.37620286127499747,0.6666983854022062
2025-02-08 00:00:00,25730.0,0,5,2,39,1,0.30639787828524945,0.6294008216701749
2025-02-08 01:00:00,24810.86,1,5,2,39,1,0.26431793490826005,0.6069170489834308
2025-02-08 02:00:00,24541.54,2,5,2,39,1,0.2519879630320597,0.6003290105344525
2025-02-08 03:00:00,24206.96,3,5,2,39,1,0.2366702666473162,0.5921445982952607
2025-02-08 04:00:00,24050.8,4,5,2,39,1,0.22952097061216306,0.5883246514506428
2025-02-08 05:00:00,24236.46,5,5,2,39,1,0.23802083166420282,0.5928662199135766
2025-02-08 06:00:00,24255.13,6,5,2,39,1,0.23887557908336474,0.5933229207818465
2025-02-08 07:00:00,24619.56,7,5,2,39,1,0.25555986413773757,0.602237516251775
2025-02-08 08:00:00,25904.44,8,5,2,39,1,0.3143840668122224,0.6336679293006507
2025-02-08 09:00:00,27413.35,9,5,2,39,1,0.38346478069799944,0.6705785081512665
2025-02-08 10:00:00,28028.64,10,5,2,39,1,0.41163390440105646,0.685629578169356
2025-02-08 11:00:00,28626.09,11,5,2,39,1,0.4389862796328844,0.7002442505714876
2025-02-08 12:00:00,29372.52,12,5,2,39,1,0.47315923710931473,0.7185032344548637
2025-02-08 13:00:00,29805.7,13,5,2,39,1,0.49299102538100814,0.7290995752217152
2025-02-08 14:00:00,29611.97,14,5,2,39,1,0.4841217046785862,0.7243606004381099
2025-02-08 15:00:00,28403.21,15,5,2,39,1,0.4287824175663184,0.694792215781987
2025-02-08 16:00:00,28514.85,16,5,2,39,1,0.4338935049725972,0.6975231255266919
2025-02-08 17:00:00,28679.61,17,5,2,39,1,0.44143652504657166,0.7015534434193612
2025-02-08 18:00:00,29444.59,18,5,2,39,1,0.47645873611836626,0.7202661927610343
2025-02-08 19:00:00,28924.07,19,5,2,39,1,0.4526283597593888,0.7075333627689722
2025-02-08 20:00:00,28888.04,20,5,2,39,1,0.450978839164188,0.7066520059246358
2025-02-08 21:00:00,28973.9,21,5,2,39,1,0.45490967009130284,0.708752291760182
2025-02-08 22:00:00,28395.99,22,5,2,39,1,0.4284518725011687,0.694615601948623
2025-02-08 23:00:00,27468.8,23,5,2,39,1,0.38600338511109655,0.6719349121762028
2025-02-09 00:00:00,25826.35,0,6,2,40,1,0.3108089609759961,0.6317577112608441
2025-02-09 01:00:00,25400.66,1,6,2,40,1,0.291320078872997,0.6213445889997957
2025-02-09 02:00:00,24257.45,2,6,2,40,1,0.2389817930101165,0.5933796720413208
2025-02-09 03:00:00,23626.43,3,6,2,40,1,0.21009252057093653,0.5779438186992953
2025-02-09 04:00:00,23223.29,4,6,2,40,1,0.19163601952321857,0.5680823088956376
2025-02-09 05:00:00,23131.54,5,6,2,40,1,0.18743553341137623,0.565837943353926
2025-02-09 06:00:00,23415.79,6,6,2,40,1,0.20044902853171614,0.5727911957270215
2025-02-09 07:00:00,23296.73,7,6,2,40,1,0.19499823968729157,0.5698787797989978
2025-02-09 08:00:00,24012.29,8,6,2,40,1,0.2277579109918138,0.5873826294668684
2025-02-09 09:00:00,24544.15,9,6,2,40,1,0.2521074536996555,0.6003928557013611
2025-02-09 10:00:00,25279.87,10,6,2,40,1,0.2857900874021584,0.618389854244664
2025-02-09 11:00:00,26513.6,11,6,2,40,1,0.3422725476829569,0.6485690487926291
2025-02-09 12:00:00,26738.58,12,6,2,40,1,0.3525725516659793,0.654072453256654
2025-02-09 13:00:00,27077.44,13,6,2,40,1,0.36808619443283364,0.6623615617848759
2025-02-09 14:00:00,26640.14,14,6,2,40,1,0.3480657848774259,0.6516644386089581
2025-02-09 15:00:00,25798.38,15,6,2,40,1,0.30952844221252773,0.6310735161196815
2025-02-09 16:00:00,26226.68,16,6,2,40,1,0.3291368149831225,0.6415504835476387
2025-02-09 17:00:00,26487.82,17,6,2,40,1,0.3410922912037929,0.6479384248834703
2025-02-09 18:00:00,27569.86,18,6,2,40,1,0.39063010038589535,0.674407016608305
2025-02-09 19:00:00,27713.42,19,6,2,40,1,0.3972025449223104,0.6779187454057776
2025-02-09 20:00:00,28255.28,20,6,2,40,1,0.42200990627994417,0.6911735891380045
2025-02-09 21:00:00,28392.69,21,6,2,40,1,0.4283007923467371,0.6945348781743707
2025-02-09 22:00:00,27869.71,22,6,2,40,1,0.4043577925999109,0.6817418722778659
2025-02-09 23:00:00,26649.46,23,6,2,40,1,0.3484924718590321,0.6518924221168464
2025-02-10 00:00:00,25023.08,0,0,2,41,0,0.27403376229414766,0.6121083215203467
2025-02-10 01:00:00,23854.05,1,0,2,41,0,0.22051338867750384,0.5835118021827219
2025-02-10 02:00:00,23106.43,2,0,2,41,0,0.18628595078174828,0.5652237088171154
2025-02-10 03:00:00,23391.17,3,0,2,41,0,0.19932187901592793,0.5721889474475998
2025-02-10 04:00:00,23215.36,4,0,2,41,0,0.19127296933393345,0.5678883272199343
2025-02-10 05:00:00,23513.9,5,0,2,41,0,0.20494068730482629,0.575191137997292
2025-02-10 06:00:00,23674.33,6,0,2,41,0,0.21228547190344066,0.5791155365134424
2025-02-10 07:00:00,24480.31,7,0,2,41,0,0.24918473943938285,0.5988312175958258
2025-02-10 08:00:00,25978.57,8,0,2,41,0,0.31777787646313116,0.6354812788113546
2025-02-10 09:00:00,27575.76,9,0,2,41,0,0.3909002133892726,0.6745513409319681
2025-02-10 10:00:00,28377.33,10,0,2,41,0,0.42759758290065664,0.694159145697851
2025-02-10 11:00:00,30123.01,11,0,2,41,0,0.5075180689575606,0.7368615330423199
2025-02-10 12:00:00,30126.34,12,0,2,41,0,0.5076705225679414,0.7369429906690655
2025-02-10 13:00:00,30102.88,13,0,2,41,0,0.5065964800155293,0.7363691180193811
2025-02-10 14:00:00,29796.53,14,0,2,41,0,0.49257120567914875,0.7288752609762928
2025-02-10 15:00:00,29321.69,15,0,2,41,0,0.47083214491242154,0.7172598437138806
2025-02-10 16:00:00,29066.16,16,0,2,41,0,0.4591335049542845,0.7110091327942779
2025-02-10 17:00:00,28878.8,17,0,2,41,0,0.45055581473178,0.7064259793567293
2025-02-10 18:00:00,29209.29,18,0,2,41,0,0.4656862632887586,0.7145103430393479
2025-02-10 19:00:00,29213.09,19,0,2,41,0,0.4658602343756796,0.714603297688487
2025-02-10 20:00:00,29076.58,20,0,2,41,0,0.45961055198736794,0.711264024226917
2025-02-10 21:00:00,28965.38,21,0,2,41,0,0.45451960860167995,0.7085438776521124
2025-02-10 22:00:00,28560.61,22,0,2,41,0,0.43598848311404587,0.6986424951963239
2025-02-10 23:00:00,27018.18,23,0,2,41,0,0.3653731611141658,0.660911958493303
2025-02-11 00:00:00,25520.74,0,1,2,42,0,0.2968175652197004,0.6242819559125884
2025-02-11 01:00:00,24548.34,1,1,2,42,0,0.2522992797139183,0.6004953504329118
2025-02-11 02:00:00,24668.31,2,1,2,42,0,0.25779173005547396,0.6034300265532294
2025-02-11 03:00:00,24676.85,3,1,2,42,0,0.2581827071823963,0.6036389298962943
2025-02-11 04:00:00,24306.32,4,1,2,42,0,0.24121915275165035,0.594575117752748
2025-02-11 05:00:00,24458.49,5,1,2,42,0,0.24818577914553652,0.5982974622157697
2025-02-11 06:00:00,24999.85,6,1,2,42,0,0.2729702495706805,0.61154007507311
2025-02-11 07:00:00,25134.98,7,1,2,42,0,0.27915675298532094,0.6148455913199927
2025-02-11 08:00:00,26449.29,8,1,2,42,0,0.3393283159461441,0.6469959136647003
2025-02-11 09:00:00,27843.85,9,1,2,42,0,0.40317387357154855,0.6811092914287251
2025-02-11 10:00:00,28264.81,10,1,2,42,0,0.4224462074531961,0.6914067096133454
2025-02-11 11:00:00,29601.33,11,1,2,42,0,0.48363458563520745,0.7241003274205208
2025-02-11 12:00:00,30077.58,12,1,2,42,0,0.5054381988315553,0.7357502357501134
2025-02-11 13:00:00,29994.81,13,1,2,42,0,0.5016488338672263,0.7337255367213672
2025-02-11 14:00:00,29948.38,14,1,2,42,0,0.4995231818762416,0.7325897776793872
2025-02-11 15:00:00,29335.73,15,1,2,42,0,0.47147492229672966,0.7176032866806995
2025-02-11 16:00:00,29113.02,16,1,2,42,0,0.46127884314721024,0.7121554103886605
2025-02-11 17:00:00,28981.01,17,1,2,42,0,0.45523517915130485,0.7089262148010709
2025-02-11 18:00:00,29292.67,18,1,2,42,0,0.4695035551907249,0.7165499637354559
2025-02-11 19:00:00,29240.65,19,1,2,42,0,0.4671219825745066,0.7152774635122425
2025-02-11 20:00:00,28738.99,20,1,2,42,0,0.44415505218903706,0.7030059821209071
2025-02-11 21:00:00,28549.79,21,1,2,42,0,0.43549312333497087,0.6983778190637755
2025-02-11 22:00:00,28079.77,22,1,2,42,0,0.4139747311574434,0.6868803074352712
2025-02-11 23:00:00,26525.46,23,1,2,42,0,0.3428155206016103,0.6488591651449419
2025-02-12 00:00:00,25296.66,0,2,2,43,0,0.28655876491515936,0.6188005670233597
2025-02-12 01:00:00,25041.92,1,2,2,43,0,0.2748962926303558,0.6125691808860779
2025-02-12 02:00:00,25075.2,2,2,2,43,0,0.276419913096864,0.6133832679185375
2025-02-12 03:00:00,24924.05,3,2,2,43,0,0.26949998420525656,0.6096858744402845
2025-02-12 04:00:00,24030.26,4,2,2,43,0,0.22858061110549008,0.5878222071102968
2025-02-12 05:00:00,23649.7,5,2,2,43,0,0.21115786456900273,0.5785130436165229
2025-02-12 06:00:00,23901.45,6,2,2,43,0,0.2226834490775184,0.5846712891219822
2025-02-12 07:00:00,25286.4,7,2,2,43,0,0.2860890429804728,0.6185495894706844
2025-02-12 08:00:00,26894.72,8,2,2,43,0,0.3597209320638328,0.6578919108662762
2025-02-12 09:00:00,28547.85,9,2,2,43,0,0.4354043065169111,0.6983303632692149
2025-02-12 10:00:00,28880.04,10,2,2,43,0,0.45061258424435435,0.7064563119264484
2025-02-12 11:00:00,29625.28,11,2,2,43,0,0.4847310613014593,0.7246861863275942
2025-02-12 12:00:00,29102.16,12,2,2,43,0,0.460781652093536,0.7118897557861211
2025-02-12 13:00:00,29401.91,13,2,2,43,0,0.47450476612105363,0.7192221652807047
2025-02-12 14:00:00,29486.59,14,2,2,43,0,0.478381574447493,0.7212935862515182
2025-02-12 15:00:00,29174.51,15,2,2,43,0,0.46409397002478164,0.7136595633822282
2025-02-12 16:00:00,29352.87,16,2,2,43,0,0.47225962346247324,0.718022561071816
2025-02-12 17:00:00,29500.65,17,2,2,43,0,0.47902526746910074,0.7216375184533325
2025-02-12 18:00:00,29880.6,18,2,2,43,0,0.49642008706795077,0.7309317602797445
2025-02-12 19:00:00,29697.8,19,2,2,43,0,0.4880511621497515,0.7264601524211628
2025-02-12 20:00:00,29394.27,20,2,2,43,0,0.4741549926726125,0.7190352775124357
2025-02-12 21:00:00,29198.66,21,2,2,43,0,0.4651996020640296,0.7142503146392565
2025-02-12 22:00:00,28557.63,22,2,2,43,0,0.43585205315640785,0.6985695991819991
2025-02-12 23:00:00,26999.63,23,2,2,43,0,0.36452390751880154,0.660458193035006
2025-02-13 00:00:00,26221.91,0,3,2,44,0,0.3289184354871717,0.6414338010012194
2025-02-13 01:00:00,25902.36,1,3,2,44,0,0.31428884053306577,0.633617048861122
2025-02-13 02:00:00,25391.83,2,3,2,44,0,0.29091582500523067,0.6211285917492965
2025-02-13 03:00:00,25190.76,3,3,2,44,0,0.28171046541386113,0.6162100677223542
2025-02-13 04:00:00,24997.69,4,3,2,44,0,0.27287136074232543,0.6114872376935994
2025-02-13 05:00:00,23962.63,5,3,2,44,0,0.22548438357694633,0.5861678589731202
2025-02-13 06:00:00,24139.82,6,3,2,44,0,0.23359647223261218,0.5905022364154731
2025-02-13 07:00:00,25195.61,7,3,2,44,0,0.2819325074590104,0.6163287072087553
2025-02-13 08:00:00,27076.01,8,3,2,44,0,0.3680207263659133,0.6623265814827
2025-02-13 09:00:00,28728.91,9,3,2,44,0,0.4436935709900466,0.702759407683191
2025-02-13 10:00:00,29150.9,10,3,2,44,0,0.46301306019262267,0.7130820214700778
2025-02-13 11:00:00,29471.44,11,3,2,44,0,0.47768797919305794,0.7209229907424507
2025-02-13 12:00:00,29266.38,12,3,2,44,0,0.4682999499604216,0.7159068643339127
2025-02-13 13:00:00,29338.41,13,3,2,44,0,0.47159761769487396,0.7176688441700924
2025-02-13 14:00:00,29814.84,14,3,2,44,0,0.4934094716269181,0.7293231556146442
2025-02-13 15:00:00,29200.86,15,3,2,44,0,0.46530032216698386,0.714304130488758
2025-02-13 16:00:00,29440.49,16,3,2,44,0,0.4762710304719516,0.7201658995869634
2025-02-13 17:00:00,29439.07,17,3,2,44,0,0.476206020223681,0.720131163902285
2025-02-13 18:00:00,29968.91,18,3,2,44,0,0.5004630835642647,0.7330919774022355
2025-02-13 19:00:00,29831.99,19,3,2,44,0,0.4941946306113116,0.7297426746232585
2025-02-13 20:00:00,29541.32,20,3,2,44,0,0.48088721591780503,0.7226323778166176
2025-02-13 21:00:00,29304.13,21,3,2,44,0,0.47002821536338674,0.7168302953878594
2025-02-13 22:00:00,28687.19,22,3,2,44,0,0.44178355158311394,0.7017388634826437
2025-02-13 23:00:00,27068.04,23,3,2,44,0,0.3676558449020291,0.6621316213370059
2025-02-14 00:00:00,25812.37,0,4,2,45,0,0.31016893050358674,0.6314157359990117
2025-02-14 01:00:00,25317.23,1,4,2,45,0,0.28750049787778165,0.619303745216199
2025-02-14 02:00:00,25378.55,2,4,2,45,0,0.29030784183830666,0.6208037397123053
2025-02-14 03:00:00,25108.22,3,4,2,45,0,0.27793163027847745,0.6141909948960559
2025-02-14 04:00:00,25150.75,4,4,2,45,0,0.2798787329960431,0.6152313531139195
2025-02-14 05:00:00,24117.65,5,4,2,45,0,0.2325814882860232,0.5899599194229963
2025-02-14 06:00:00,24721.21,6,4,2,45,0,0.260213590712874,0.6047240531162434
2025-02-14 07:00:00,25466.79,7,4,2,45,0,0.29434763360407207,0.6229622445123122
2025-02-14 08:00:00,26640.03,8,4,2,45,0,0.34806074887227817,0.651661747816483
2025-02-14 09:00:00,28488.04,9,4,2,45,0,0.43266609317250476,0.6968673060152666
2025-02-14 10:00:00,29090.7,10,4,2,45,0,0.4602569919208743,0.7116094241337177
2025-02-14 11:00:00,29466.27,11,4,2,45,0,0.4774512869511155,0.7207965234961222
2025-02-14 12:00:00,29287.75,12,4,2,45,0,0.46927830841502727,0.7164296119265707
2025-02-14 13:00:00,29986.88,13,4,2,45,0,0.5012857836779411,0.7335315550456639
2025-02-14 14:00:00,30273.85,14,4,2,45,0,0.5144238054710244,0.7405513433781431
2025-02-14 15:00:00,28775.06,15,4,2,45,0,0.4458064040588371,0.7038883174352345
2025-02-14 16:00:00,29262.36,16,4,2,45,0,0.4681159068632052,0.7158085280998235
2025-02-14 17:00:00,28972.95,17,4,2,45,0,0.4548661773195726,0.7087290530978971
2025-02-14 18:00:00,29301.97,18,4,2,45,0,0.46992932653503167,0.7167774580083488
2025-02-14 19:00:00,29031.81,19,4,2,45,0,0.4575608978922488,0.7101688716895609
2025-02-14 20:00:00,28640.39,20,4,2,45,0,0.43964096030208705,0.7005940535932476
2025-02-14 21:00:00,28304.34,21,4,2,45,0,0.42425596457582415,0.6923736825818887
2025-02-14 22:00:00,27869.94,22,4,2,45,0,0.40436832242885606,0.6817474984803137
2025-02-14 23:00:00,26630.76,23,4,2,45,0,0.34763635098392087,0.6514349873960834
2025-02-15 00:00:00,25337.8,0,5,2,46,1,0.28844223084040393,0.6198069234090383
2025-02-15 01:00:00,24647.47,1,5,2,46,1,0.25683763598930726,0.6029202436879513
2025-02-15 02:00:00,23866.36,2,5,2,46,1,0.22107696343539796,0.5838129263224328
2025-02-15 03:00:00,23737.4,3,5,2,46,1,0.21517293412767932,0.5806583390716521
2025-02-15 04:00:00,23650.07,4,5,2,46,1,0.211174803859045,0.5785220944639391
2025-02-15 05:00:00,23439.41,5,5,2,46,1,0.201530396182525,0.5733689822566698
2025-02-15 06:00:00,23359.36,6,5,2,46,1,0.19786555789093943,0.5714108191873073
2025-02-15 07:00:00,23375.71,7,5,2,46,1,0.1986140913833494,0.5718107687961027
2025-02-15 08:00:00,24152.93,8,5,2,46,1,0.23419667248248963,0.5908229299550026
2025-02-15 09:00:00,25045.9,9,5,2,46,1,0.2750785044529732,0.6126665386501762
2025-02-15 10:00:00,26452.45,10,5,2,46,1,0.3394729866394784,0.6470732127939843
2025-02-15 11:00:00,27605.66,11,5,2,46,1,0.392269091152151,0.6752827472501935
2025-02-15 12:00:00,27429.61,12,5,2,46,1,0.3842091938225614,0.6709762562025824
2025-02-15 13:00:00,27946.12,13,5,2,46,1,0.40785598490297215,0.6836109945780531
2025-02-15 14:00:00,28414.2,14,5,2,46,1,0.42928556026244,0.6950610504119971
2025-02-15 15:00:00,27307.51,15,5,2,46,1,0.3786192281086,0.6679894765552474
2025-02-15 16:00:00,27055.74,16,5,2,46,1,0.3670927279627849,0.6618307418147927
2025-02-15 17:00:00,26501.21,17,5,2,46,1,0.3417053103758645,0.6482659677129364
2025-02-15 18:00:00,27135.8,18,5,2,46,1,0.3707580240730202,0.6637891495016529
2025-02-15 19:00:00,27056.91,19,5,2,46,1,0.36714629274481053,0.6618593620620277
2025-02-15 20:00:00,26738.12,20,5,2,46,1,0.3525514920080887,0.6540612008517581
2025-02-15 21:00:00,27010.19,21,5,2,46,1,0.36500736401298184,0.6607165091126133
2025-02-15 22:00:00,26565.37,22,5,2,46,1,0.3446426748329305,0.6498354335783992
2025-02-15 23:00:00,25366.97,23,5,2,46,1,0.28977768784184754,0.6205204726499292
2025-02-16 00:00:00,24075.77,0,6,2,47,1,0.23066414378069394,0.5889354613424853
2025-02-16 01:00:00,23153.07,1,6,2,47,1,0.18842121696437852,0.5663646048265478
2025-02-16 02:00:00,22389.37,2,6,2,47,1,0.15345760667975722,0.5476831665245846
2025-02-16 03:00:00,21895.95,3,6,2,47,1,0.13086791886171642,0.5356132499513823
2025-02-16 04:00:00,21816.25,4,6,2,47,1,0.1272191042228735,0.5336636484944405
2025-02-16 05:00:00,22024.68,5,6,2,47,1,0.13676141834048985,0.538762210999715
2025-02-16 06:00:00,22165.66,6,6,2,47,1,0.1432157456652586,0.5422108284827721
2025-02-16 07:00:00,22225.62,7,6,2,47,1,0.1459608262894119,0.5436775549991866
2025-02-16 08:00:00,22676.22,8,6,2,47,1,0.16659013464904318,0.5547000194470911
2025-02-16 09:00:00,23434.96,9,6,2,47,1,0.20132666688336748,0.5732601274701781
2025-02-16 10:00:00,24008.89,10,6,2,47,1,0.22760225265088443,0.5872994595176387
2025-02-16 11:00:00,25748.01,11,6,2,47,1,0.3072224096735249,0.6298413777835942
2025-02-16 12:00:00,26356.22,12,6,2,47,1,0.3350673977725292,0.6447192586132878
2025-02-16 13:00:00,26373.1,13,6,2,47,1,0.33584019565337814,0.6451321729494632
2025-02-16 14:00:00,26436.34,14,6,2,47,1,0.33873544079466333,0.6466791340051345
2025-02-16 15:00:00,26072.19,15,6,2,47,1,0.3220639746624846,0.6377713878251424
2025-02-16 16:00:00,25780.57,16,6,2,47,1,0.30871306719724795,0.6306378523562168
2025-02-16 17:00:00,25674.63,17,6,2,47,1,0.3038629364213507,0.6280463745852205
2025-02-16 18:00:00,26495.86,18,6,2,47,1,0.3414603773982258,0.6481350973516486
2025-02-16 19:00:00,26609.73,19,6,2,47,1,0.3466735583634082,0.6509205567983483
2025-02-16 20:00:00,26585.96,20,6,2,47,1,0.3455853234328524,0.650339101006234
2025-02-16 21:00:00,26603.46,21,6,2,47,1,0.34638650606998855,0.650767181627269
2025-02-16 22:00:00,26033.48,22,6,2,47,1,0.3202917586691395,0.6368244734914132
2025-02-16 23:00:00,24783.98,23,6,2,47,1,0.2630873183776189,0.6062595171495212
2025-02-17 00:00:00,23517.31,0,0,2,48,0,0.20509680346440537,0.5752745525640195
2025-02-17 01:00:00,22551.02,1,0,2,48,0,0.1608582451536463,0.5516374083754585
2025-02-17 02:00:00,21929.49,2,0,2,48,0,0.1324034426131191,0.5364336970387829
2025-02-17 03:00:00,21910.57,3,0,2,48,0,0.13153724972771239,0.5359708807330696
2025-02-17 04:00:00,22211.22,4,0,2,48,0,0.1453015674337114,0.5433253058024493
2025-02-17 05:00:00,22327.12,5,0,2,48,0,0.1506076855848015,0.546160422601189
2025-02-17 06:00:00,22812.82,6,0,2,48,0,0.17284393740520296,0.5580414944661406
2025-02-17 07:00:00,23588.64,7,0,2,48,0,0.2083624238933722,0.5770194091753577
2025-02-17 08:00:00,25336.46,8,0,2,48,0,0.2883808831413318,0.619774144664342
2025-02-17 09:00:00,27435.94,9,0,2,48,0,0.3844989930278797,0.6711310990786481
2025-02-17 10:00:00,28170.15,10,0,2,48,0,0.41811249611426426,0.6890911603797931
2025-02-17 11:00:00,29217.56,11,0,2,48,0,0.4660648793121367,0.7147126417099742
2025-02-17 12:00:00,29170.49,12,0,2,48,0,0.4639099269275654,0.7135612271481392
2025-02-17 13:00:00,29080.69,13,0,2,48,0,0.45979871545243234,0.7113645620184856
2025-02-17 14:00:00,30010.81,14,0,2,48,0,0.5023813437068936,0.734116924717742
2025-02-17 15:00:00,28988.57,15,0,2,48,0,0.45558129005054776,0.709111145629358
2025-02-17 16:00:00,28813.64,16,0,2,48,0,0.44757266840973486,0.7048320517414931
2025-02-17 17:00:00,28686.23,17,0,2,48,0,0.44173960099273396,0.7017153802028613
2025-02-17 18:00:00,29035.2,18,0,2,48,0,0.45771609841452826,0.7102517970212927
2025-02-17 19:00:00,28650.73,19,0,2,48,0,0.44011434478597206,0.7008469880859047
2025-02-17 20:00:00,28445.85,20,0,2,48,0,0.43073455628903184,0.6958352647923258
2025-02-17 21:00:00,28037.13,21,0,2,48,0,0.41202259243473,0.6858372584249324
2025-02-17 22:00:00,27259.63,22,0,2,48,0,0.3764271924133957,0.666818247976096
2025-02-17 23:00:00,25704.97,23,0,2,48,0,0.3052519582048199,0.6287885440733462
2025-02-18 00:00:00,24253.48,0,1,2,49,0,0.23880003900614896,0.5932825588947203
2025-02-18 01:00:00,23656.01,1,1,2,49,0,0.2114467481370214,0.5786673972575932
2025-02-18 02:00:00,23296.42,2,1,2,49,0,0.19498404730914795,0.5698711966565679
2025-02-18 03:00:00,23295.98,3,1,2,49,0,0.19496390328855717,0.5698604334866677
2025-02-18 04:00:00,23371.17,4,1,2,49,0,0.19840624171634377,0.5716997124521314
2025-02-18 05:00:00,23283.77,5,1,2,49,0,0.19440490671716107,0.5695617555219342
2025-02-18 06:00:00,23921.29,6,1,2,49,0,0.22359176127870586,0.5851566102374869
2025-02-18 07:00:00,24444.3,7,1,2,49,0,0.24753613448148146,0.5979503499864849
2025-02-18 08:00:00,25840.27,8,1,2,49,0,0.3114462445365067,0.6320982188176902
2025-02-18 09:00:00,27807.61,9,1,2,49,0,0.4015147387847021,0.6802227976169364
2025-02-18 10:00:00,28423.2,10,1,2,49,0,0.42969759704725285,0.6952812061599578
2025-02-18 11:00:00,29538.21,11,1,2,49,0,0.4807448343177197,0.7225563017748222
2025-02-18 12:00:00,30115.11,12,1,2,49,0,0.5071563922242249,0.73666828521911
2025-02-18 13:00:00,29925.02,13,1,2,49,0,0.49845371751032724,0.73201835120468
2025-02-18 14:00:00,31181.34,14,1,2,49,0,0.555970390121006,0.7627501366800268
2025-02-18 15:00:00,30647.87,15,1,2,49,0,0.5315471386105478,0.7497005270283988
2025-02-18 16:00:00,29607.42,16,1,2,49,0,0.48391339719293064,0.7242492994766407
2025-02-18 17:00:00,29081.82,17,1,2,49,0,0.4598504489598589,0.7113922037957296
2025-02-18 18:00:00,29398.56,18,1,2,49,0,0.47435139687337335,0.7191402184189637
2025-02-18 19:00:00,29194.7,19,1,2,49,0,0.46501830587871196,0.7141534461101537
2025-02-18 20:00:00,28883.94,20,1,2,49,0,0.45079113351777317,0.7065517127505647
2025-02-18 21:00:00,28542.28,21,1,2,49,0,0.4351493015289769,0.698194111322977
2025-02-18 22:00:00,27906.0,22,1,2,49,0,0.4060192164800064,0.6826295891771434
2025-02-18 23:00:00,26422.91,23,1,2,49,0,0.3381205903479925,0.6463506127056774
2025-02-19 00:00:00,24896.55,0,2,2,50,0,0.2682409829183284,0.6090131763215154
2025-02-19 01:00:00,24484.54,1,2,2,50,0,0.24937839672824488,0.5989346907973674
2025-02-19 02:00:00,23981.98,2,2,2,50,0,0.22637026266429397,0.5866411938312359
2025-02-19 03:00:00,24150.59,3,2,2,50,0,0.23408954291843828,0.5907656894605328
2025-02-19 04:00:00,23894.82,4,2,2,50,0,0.22237991531270618,0.5845091077209844
2025-02-19 05:00:00,23959.46,5,2,2,50,0,0.22533925506496216,0.5860903152263384
2025-02-19 06:00:00,24314.65,6,2,2,50,0,0.24160051568692723,0.5947788841283606
2025-02-19 07:00:00,24859.16,7,2,2,50,0,0.2665291989867558,0.6080985514974871
2025-02-19 08:00:00,26725.02,8,2,2,50,0,0.35195174957686115,0.6537407519297262
2025-02-19 09:00:00,28290.78,9,2,2,50,0,0.423635162486706,0.6920419812549611
2025-02-19 10:00:00,28711.4,10,2,2,50,0,0.4428919305342607,0.7023310824446584
2025-02-19 11:00:00,29761.45,11,2,2,50,0,0.49096517785567817,0.7280171427942412
2025-02-19 12:00:00,30158.83,12,2,2,50,0,0.509157975361116,0.7377377529192041
2025-02-19 13:00:00,30286.14,13,2,2,50,0,0.5149864645916189,0.7408519782828585
2025-02-19 14:00:00,31189.22,14,2,2,50,0,0.5563311512170422,0.7629428952682414
2025-02-19 15:00:00,29581.89,15,2,2,50,0,0.48274458618001154,0.7236247910049254
2025-02-19 16:00:00,29363.21,16,2,2,50,0,0.47273300794635825,0.7182754955644731
2025-02-19 17:00:00,29126.97,17,2,2,50,0,0.4619175001636702,0.7124966517979998
2025-02-19 18:00:00,29390.52,18,2,2,50,0,0.4739833106789405,0.7189435459507854
2025-02-19 19:00:00,29259.83,19,2,2,50,0,0.46800007874480787,0.7157466398728968
2025-02-19 20:00:00,28996.24,20,2,2,50,0,0.45593243695493835,0.7092987672501202
2025-02-19 21:00:00,28848.51,21,2,2,50,0,0.4491690820415598,0.7056850329560923
2025-02-19 22:00:00,27984.47,22,2,2,50,0,0.4096117194249249,0.684549102681864
2025-02-19 23:00:00,26593.41,23,2,2,50,0,0.34592639832694755,0.6505213410420461
2025-02-20 00:00:00,25093.38,0,3,2,51,0,0.27725222740218597,0.6138279825294183
2025-02-20 01:00:00,24486.41,1,3,2,51,0,0.24946400881575595,0.5989804342694437
2025-02-20 02:00:00,23866.69,2,3,2,51,0,0.221092071450841,0.5838209986998579
2025-02-20 03:00:00,24481.48,3,3,2,51,0,0.24923830422140844,0.5988598378430607
2025-02-20 04:00:00,24360.66,4,3,2,51,0,0.2437069392946205,0.5959043692354358
2025-02-20 05:00:00,24187.01,5,3,2,51,0,0.23575691844098096,0.5916565863872808
2025-02-20 06:00:00,24242.69,6,3,2,51,0,0.23830605268302327,0.593018616614665
2025-02-20 07:00:00,25349.12,7,3,2,51,0,0.2889604815519686,0.6200838304164735
2025-02-20 08:00:00,26784.31,8,3,2,51,0,0.35466615635147847,0.6551910890737925
2025-02-20 09:00:00,28358.75,9,3,2,51,0,0.42674695584934286,0.6937046463870606
2025-02-20 10:00:00,28904.94,10,3,2,51,0,0.4517525526823365,0.7070654094958065
2025-02-20 11:00:00,30105.57,11,3,2,51,0,0.5067196332323233,0.7364349201262715
2025-02-20 12:00:00,29764.04,12,3,2,51,0,0.49108375288597433,0.7280804987261543
2025-02-20 13:00:00,30609.32,13,3,2,51,0,0.5297822477155993,0.7487575265746333
2025-02-20 14:00:00,31231.93,14,3,2,51,0,0.5582864946703042,0.7639876566010643
2025-02-20 15:00:00,30224.18,15,3,2,51,0,0.5121498202375072,0.7393363282668972
2025-02-20 16:00:00,29717.54,16,3,2,51,0,0.48895489616444116,0.7269430273616903
2025-02-20 17:00:00,29277.67,17,3,2,51,0,0.46881682721603674,0.7161830374888546
2025-02-20 18:00:00,29612.09,18,3,2,51,0,0.4841271985023836,0.7243635358480828
2025-02-20 19:00:00,29239.82,19,3,2,51,0,0.4670839836265738,0.7152571602599305
2025-02-20 20:00:00,28988.35,20,3,2,51,0,0.45557121804025225,0.7091057640444078
2025-02-20 21:00:00,28711.35,21,3,2,51,0,0.4428896414410116,0.7023298593571696
2025-02-20 22:00:00,28014.73,22,3,2,51,0,0.41099707865919566,0.6852893152300077
2025-02-20 23:00:00,26365.12,23,3,2,51,0,0.33547485637084407,0.6449369681862713
2025-02-21 00:00:00,24900.7,0,4,2,52,0,0.2684309776579921,0.6091146925830752
2025-02-21 01:00:00,24215.36,1,4,2,52,0,0.23705483431314162,0.5923500769933574
2025-02-21 02:00:00,23505.84,2,4,2,52,0,0.20457168547309382,0.5749939762941183
2025-02-21 03:00:00,23627.57,3,4,2,52,0,0.2101447118970128,0.5779717050940371
2025-02-21 04:00:00,23578.82,4,4,2,52,0,0.2079128459792764,0.5767791947925827
2025-02-21 05:00:00,23828.23,5,4,2,52,0,0.2193313009237407,0.5828801998035721
2025-02-21 06:00:00,24125.73,6,4,2,52,0,0.23295140575505513,0.5901575703611655
2025-02-21 07:00:00,24843.51,7,4,2,52,0,0.2658127127998311,0.607715725113533
2025-02-21 08:00:00,26564.5,8,4,2,52,0,0.34460284461039864,0.6498141518560964
2025-02-21 09:00:00,28321.5,9,4,2,52,0,0.4250415813788674,0.6927934462080007
2025-02-21 10:00:00,28999.62,10,4,2,52,0,0.456087179658568,0.7093814479643543
2025-02-21 11:00:00,29627.28,11,4,2,52,0,0.48482262503141776,0.724735109827141
2025-02-21 12:00:00,29489.86,12,4,2,52,0,0.47853128114597504,0.7213735761732772
2025-02-21 13:00:00,30112.71,13,4,2,52,0,0.5070465157482748,0.7366095770196538
2025-02-21 14:00:00,31188.7,14,4,2,52,0,0.5563073446472531,0.7629301751583593
2025-02-21 15:00:00,30521.6,15,4,2,52,0,0.5257662625196232,0.7466117418845086
2025-02-21 16:00:00,29834.92,16,4,2,52,0,0.4943287714757005,0.7298143475500946
2025-02-21 17:00:00,28886.77,17,4,2,52,0,0.4509206961956644,0.7066209395024236
2025-02-21 18:00:00,28890.88,18,4,2,52,0,0.45110885966072894,0.7067214772939923
2025-02-21 19:00:00,28809.28,19,4,2,52,0,0.4473730594784255,0.704725398512481
2025-02-21 20:00:00,28412.97,20,4,2,52,0,0.4292292485685156,0.6950309624597757
2025-02-21 21:00:00,28000.34,21,4,2,52,0,0.41033827762214486,0.6849373106507681
2025-02-21 22:00:00,27637.63,22,4,2,52,0,0.3937327373755363,0.6760647893904499
2025-02-21 23:00:00,26364.13,23,4,2,52,0,0.3354295323245147,0.6449127510539956
2025-02-22 00:00:00,24830.06,0,5,2,53,1,0.2651969467158609,0.6073867145790806
2025-02-22 01:00:00,24300.96,1,5,2,53,1,0.24097376195536174,0.5944440027739624
2025-02-22 02:00:00,23400.44,2,5,2,53,1,0.1997462769042852,0.5724157078679994
2025-02-22 03:00:00,23091.18,3,5,2,53,1,0.18558777734081536,0.5648506671330706
2025-02-22 04:00:00,23017.06,4,5,2,53,1,0.1821944255085565,0.5630375622398646
2025-02-22 05:00:00,23092.17,5,5,2,53,1,0.18563310138714467,0.5648748842653463
2025-02-22 06:00:00,23272.32,6,5,2,53,1,0.1938807043631491,0.5692816684870285
2025-02-22 07:00:00,23297.19,7,5,2,53,1,0.19501929934518197,0.5698900322038936
2025-02-22 08:00:00,24064.42,8,5,2,53,1,0.2301445196131798,0.5886578204825569
2025-02-22 09:00:00,25049.3,9,5,2,53,1,0.2752341627939024,0.6127497085994058
2025-02-22 10:00:00,26259.97,10,5,2,53,1,0.3306608932682804,0.6423648151975959
2025-02-22 11:00:00,27549.24,11,5,2,53,1,0.38968607833002417,0.673902615327977
2025-02-22 12:00:00,27547.28,12,5,2,53,1,0.3895963458746648,0.673854670298421
2025-02-22 13:00:00,27872.85,13,5,2,53,1,0.40450154765594554,0.6818186821721544
2025-02-22 14:00:00,27616.09,14,5,2,53,1,0.3927465960038842,0.6755378833003304
2025-02-22 15:00:00,27159.78,15,5,2,53,1,0.3718558731952216,0.6643757422612196
2025-02-22 16:00:00,26703.47,16,5,2,53,1,0.35096515038655923,0.653213601222109
2025-02-22 17:00:00,26693.6,17,5,2,53,1,0.35051328337921434,0.6529721637518453
2025-02-22 18:00:00,27536.97,18,5,2,53,1,0.38912433484672926,0.6736024696582571
2025-02-22 19:00:00,27198.15,19,5,2,53,1,0.3736125233544739,0.665314339600026
2025-02-22 20:00:00,27154.74,20,5,2,53,1,0.37162513259572655,0.6642524550423616
2025-02-22 21:00:00,27011.01,21,5,2,53,1,0.3650449051422648,0.6607365677474275
2025-02-22 22:00:00,26389.6,22,5,2,53,1,0.33659559642553505,0.6455357918207246
2025-02-22 23:00:00,25498.89,23,5,2,53,1,0.2958172314699046,0.6237474666800391
2025-02-23 00:00:00,24409.62,0,6,2,54,1,0.2459484194040025,0.5971020165043426
2025-02-23 01:00:00,23495.11,1,6,2,54,1,0.20408044606186693,0.5747315017190494
2025-02-23 02:00:00,22546.29,2,6,2,54,1,0.16064169693229466,0.5515217042990302
2025-02-23 03:00:00,22469.38,3,6,2,54,1,0.15712061369674377,0.5496403511239563
2025-02-23 04:00:00,22342.01,4,6,2,54,1,0.1512893775543419,0.5465246580553152
2025-02-23 05:00:00,22271.99,5,6,2,54,1,0.1480837313684979,0.5448118463361803
2025-02-23 06:00:00,22373.59,6,6,2,54,1,0.15273516885038538,0.54729716011316
2025-02-23 07:00:00,22762.69,7,6,2,54,1,0.1705488925137952,0.5568152269499989
2025-02-23 08:00:00,23125.86,8,6,2,54,1,0.18717549241829431,0.565699000615213
2025-02-23 09:00:00,23787.65,9,6,2,54,1,0.2174734728428845,0.5818875419977667
2025-02-23 10:00:00,24636.55,10,6,2,54,1,0.25633769802373424,0.6026531213804254
2025-02-23 11:00:00,26051.41,11,6,2,54,1,0.32111262750821673,0.6372630726648507
2025-02-23 12:00:00,26252.03,12,6,2,54,1,0.3302973852603454,0.6421705889043948
2025-02-23 13:00:00,27095.32,13,6,2,54,1,0.3689047741786619,0.6627989378708248
2025-02-23 14:00:00,26563.48,14,6,2,54,1,0.3445561471081198,0.6497892008713275
2025-02-23 15:00:00,26535.65,15,6,2,54,1,0.34328203780574856,0.6491084303751332
2025-02-23 16:00:00,26120.08,16,6,2,54,1,0.324256468176339,0.6389428610217918
2025-02-23 17:00:00,26345.98,17,6,2,54,1,0.33459859147514204,0.644468770295608
2025-02-23 18:00:00,26989.65,18,6,2,54,1,0.3640670045063091,0.6602140647722672
2025-02-23 19:00:00,26969.7,19,6,2,54,1,0.3631536562999738,0.6597260528642874
2025-02-23 20:00:00,27346.9,20,6,2,54,1,0.38042257577013117,0.6689530248788226
2025-02-23 21:00:00,27573.11,21,6,2,54,1,0.3907788914470778,0.6744865172950686
2025-02-23 22:00:00,26472.59,22,6,2,54,1,0.34039503340015964,0.6475658724344211
2025-02-23 23:00:00,25496.8,23,6,2,54,1,0.29572154737209805,0.6236963416230126
2025-02-24 00:00:00,24135.39,0,0,2,55,0,0.23339365857075428,0.5903938708639768
2025-02-24 01:00:00,22996.57,1,0,2,55,0,0.18125635509513244,0.5625363409870071
2025-02-24 02:00:00,22965.04,2,0,2,55,0,0.17981285289233806,0.5617650620166511
2025-02-24 03:00:00,22367.39,3,0,2,55,0,0.15245132128751424,0.5471454972645649
2025-02-24 04:00:00,22356.9,4,0,2,55,0,0.15197106952388245,0.5468888935094416
2025-02-24 05:00:00,22549.22,5,0,2,55,0,0.16077583779668375,0.5515933772258663
2025-02-24 06:00:00,23244.96,6,0,2,55,0,0.19262811253731793,0.5686123950132277
2025-02-24 07:00:00,24038.35,7,0,2,55,0,0.22895098639317188,0.5880201026659637
2025-02-24 08:00:00,26015.85,8,0,2,55,0,0.319484624389556,0.6363932128429078
2025-02-24 09:00:00,27995.48,9,0,2,55,0,0.4101157777583459,0.6848184265468693
2025-02-24 10:00:00,28690.98,10,0,2,55,0,0.4419570648513852,0.701831573514285
2025-02-24 11:00:00,30416.64,11,0,2,55,0,0.5209609979714055,0.7440442366282902
2025-02-24 12:00:00,30359.65,12,0,2,55,0,0.5183518894862406,0.7426501615087029
2025-02-24 13:00:00,30086.58,13,0,2,55,0,0.5058502356163682,0.7359703914980743
2025-02-24 14:00:00,30741.15,14,0,2,55,0,0.5358176709758085,0.7519823190472638
2025-02-24 15:00:00,29897.89,15,0,2,55,0,0.4972116555134413,0.731354703933327
2025-02-24 16:00:00,29303.73,16,0,2,55,0,0.470009902617395,0.7168205106879499
2025-02-24 17:00:00,29001.09,17,0,2,55,0,0.45615447900008743,0.7094174067365212
2025-02-24 18:00:00,29564.54,18,0,2,55,0,0.4819502708226223,0.7232003796463565
2025-02-24 19:00:00,29472.03,19,0,2,55,0,0.47771499049339566,0.720937423174817
2025-02-24 20:00:00,29250.59,20,0,2,55,0,0.4675770543123999,0.7155206133049903
2025-02-24 21:00:00,29034.26,21,0,2,55,0,0.4576730634614477,0.7102288029765057
2025-02-24 22:00:00,28334.7,22,0,2,55,0,0.42564590199659297,0.6931163413050099
2025-02-24 23:00:00,26624.2,23,0,2,55,0,0.3473360219496574,0.6512745183175698
2025-02-25 00:00:00,25301.29,0,1,2,56,0,0.28677073495001315,0.6189138249248107
2025-02-25 01:00:00,24384.3,1,1,2,56,0,0.24478922258272898,0.5964826450000794
2025-02-25 02:00:00,23587.99,2,1,2,56,0,0.20833266568113581,0.577003509038005
2025-02-25 03:00:00,23596.91,3,1,2,56,0,0.20874103991675028,0.5772217078459839
2025-02-25 04:00:00,23507.97,4,1,2,56,0,0.20466920084549958,0.5750460798211356
2025-02-25 05:00:00,24039.66,5,1,2,56,0,0.2290109606362947,0.5880521475581669
2025-02-25 06:00:00,24714.72,6,1,2,56,0,0.259916466409159,0.6045652963602139
2025-02-25 07:00:00,25249.63,7,1,2,56,0,0.28440564380518724,0.6176501309315157
2025-02-25 08:00:00,26722.26,8,1,2,56,0,0.3518253916295184,0.6536732375003516
2025-02-25 09:00:00,28601.28,9,1,2,56,0,0.43785043156275016,0.699637354559609
2025-02-25 10:00:00,28501.61,10,1,2,56,0,0.4332873530802726,0.6971992519596919
2025-02-25 11:00:00,30146.82,11,1,2,56,0,0.5086081351627156,0.7374439673044252
2025-02-25 12:00:00,30475.19,12,1,2,56,0,0.5236415261659382,0.7454764720775241
2025-02-25 13:00:00,30004.99,13,1,2,56,0,0.5021148932527146,0.7339745573340607
2025-02-25 14:00:00,30479.2,14,1,2,56,0,0.5238251114445048,0.7455745636941156
2025-02-25 15:00:00,29976.27,15,1,2,56,0,0.5008000380905117,0.7332720158805679
2025-02-25 16:00:00,29350.57,16,1,2,56,0,0.4721543251730211,0.7179662990473371
2025-02-25 17:00:00,28679.46,17,1,2,56,0,0.4414296577668247,0.7015497741568951
2025-02-25 18:00:00,29182.96,18,1,2,56,0,0.464480826783856,0.7138662651678137
2025-02-25 19:00:00,29269.4,19,1,2,56,0,0.4684382111926588,0.7159807388182284
2025-02-25 20:00:00,28775.83,20,1,2,56,0,0.4458416560948711,0.70390715298256
2025-02-25 21:00:00,28484.46,21,1,2,56,0,0.4325021940958791,0.6967797329510776
2025-02-25 22:00:00,27749.15,22,1,2,56,0,0.39883833095801763,0.678792763725182
2025-02-25 23:00:00,26543.1,23,1,2,56,0,0.3436231126998435,0.6492906704109451
2025-02-26 00:00:00,25243.38,0,2,2,57,0,0.2841195071490672,0.6174972449954318
2025-02-26 01:00:00,24773.88,1,2,2,57,0,0.262624921541329,0.6060124534768097
2025-02-26 02:00:00,24194.62,2,2,2,57,0,0.23610531843347277,0.5918427403030566
2025-02-26 03:00:00,24204.18,3,2,2,57,0,0.23654299306267404,0.5920765946308906
2025-02-26 04:00:00,23923.31,4,2,2,57,0,0.2236842406459639,0.5852060229720292
2025-02-26 05:00:00,24010.32,5,2,2,57,0,0.22766772071780472,0.5873344398198147
2025-02-26 06:00:00,24394.04,6,2,2,57,0,0.24523513794762652,0.5967209024428727
2025-02-26 07:00:00,25202.19,7,2,2,57,0,0.2822337521305735,0.6164896655222645
2025-02-26 08:00:00,26035.92,8,2,2,57,0,0.3204034664196887,0.6368841601608604
2025-02-26 09:00:00,28482.2,9,2,2,57,0,0.43239872708102617,0.6967244493965897
2025-02-26 10:00:00,28561.67,10,2,2,57,0,0.4360370118909237,0.6986684246510837
2025-02-26 11:00:00,28786.68,11,2,2,57,0,0.44633838932989545,0.7041725629676017
2025-02-26 12:00:00,29502.14,12,2,2,57,0,0.47909348244791966,0.7216739664604949
2025-02-26 13:00:00,30240.98,13,2,2,57,0,0.5129189555691578,0.7397472856630908
2025-02-26 14:00:00,29896.22,14,2,2,57,0,0.4971351997989261,0.7313138528112054
2025-02-26 15:00:00,29395.84,15,2,2,57,0,0.47422687020062987,0.71907368245958
2025-02-26 16:00:00,29243.27,16,2,2,57,0,0.4672419310607521,0.7153415532966488
2025-02-26 17:00:00,28884.19,17,2,2,57,0,0.45080257898401793,0.706557828188008
2025-02-26 18:00:00,29397.1,18,2,2,57,0,0.4742845553505036,0.7191045042642945
2025-02-26 19:00:00,29234.29,19,2,2,57,0,0.46683080991323883,0.7151218867836835
2025-02-26 20:00:00,28896.21,20,2,2,57,0,0.4513528770010681,0.7068518584202846
2025-02-26 21:00:00,28664.2,21,2,2,57,0,0.44073102650724205,0.7011764878553528
2025-02-26 22:00:00,27839.18,22,2,2,57,0,0.4029600722620957,0.6809950550572833
2025-02-26 23:00:00,26272.48,23,2,2,57,0,0.33123362439917026,0.6426708316872614
2025-02-27 00:00:00,24833.15,0,3,2,58,0,0.26533841267864666,0.6074623013858804
2025-02-27 01:00:00,24243.29,1,3,2,58,0,0.2383335218020109,0.5930332936645292
2025-02-27 02:00:00,23986.78,2,3,2,58,0,0.22659001561619413,0.5867586102301483
2025-02-27 03:00:00,23973.08,3,3,2,58,0,0.2259628040659791,0.5864234842582525
2025-02-27 04:00:00,23682.29,4,3,2,58,0,0.2126498955486751,0.5793102520416388
2025-02-27 05:00:00,23629.7,5,3,2,58,0,0.21024222726941855,0.5780238086210545
2025-02-27 06:00:00,23853.2,6,3,2,58,0,0.22047447409227158,0.5834910096954146
2025-02-27 07:00:00,24844.29,7,3,2,58,0,0.265848422654515,0.6077348052783563
2025-02-27 08:00:00,26549.16,8,3,2,58,0,0.3439005508016176,0.6494389086145721
2025-02-27 09:00:00,28303.21,9,3,2,58,0,0.4242042310683976,0.6923460408046448
2025-02-27 10:00:00,28811.39,10,3,2,58,0,0.44746965921353166,0.7047770128045029
2025-02-27 11:00:00,29576.88,11,3,2,58,0,0.48251521903646577,0.7235022376385605
2025-02-27 12:00:00,29928.21,12,3,2,58,0,0.4985997616596109,0.7320963841864572
2025-02-27 13:00:00,30243.79,13,3,2,58,0,0.5130476026097495,0.7398160231799541
2025-02-27 14:00:00,29645.15,14,3,2,58,0,0.4856407469585963,0.7251722412955921
2025-02-27 15:00:00,28892.66,15,3,2,58,0,0.4511903513803919,0.706765019208589
2025-02-27 16:00:00,29310.71,16,3,2,58,0,0.47032946003494985,0.7169912537013685
2025-02-27 17:00:00,28806.65,17,3,2,58,0,0.4472526531735303,0.7046610641105769
2025-02-27 18:00:00,28917.47,18,3,2,58,0,0.4523261994505261,0.7073719152204676
2025-02-27 19:00:00,28746.78,19,3,2,58,0,0.444511692917225,0.703196539151642
2025-02-27 20:00:00,28281.23,20,3,2,58,0,0.42319794567615465,0.6918083715446249
2025-02-27 21:00:00,27970.45,21,3,2,58,0,0.4089698576779164,0.6842061489500405
2025-02-27 22:00:00,27437.27,22,3,2,58,0,0.3845598829083022,0.6711636332058468
2025-02-27 23:00:00,26136.76,23,3,2,58,0,0.32502010968419204,0.6393508830080123
2025-02-28 00:00:00,24753.23,0,4,2,59,0,0.2616795260295082,0.6055073183439884
2025-02-28 01:00:00,24371.77,1,4,2,59,0,0.24421557581453954,0.5961761392754185
2025-02-28 02:00:00,23748.89,2,4,2,59,0,0.21569896775629033,0.5809394045765487
2025-02-28 03:00:00,23626.8,3,4,2,59,0,0.2101094598609788,0.5779528695467115
2025-02-28 04:00:00,22927.39,4,4,2,59,0,0.17808916567587083,0.5608440771376817
2025-02-28 05:00:00,22729.74,5,4,2,59,0,0.16904038006273042,0.5560092122949647
2025-02-28 06:00:00,22979.01,6,4,2,59,0,0.1804524255460975,0.5621067926609857
2025-02-28 07:00:00,23122.34,7,4,2,59,0,0.18701434025356747,0.5656128952560106
2025-02-28 08:00:00,23704.75,8,4,2,59,0,0.21367815623610809,0.5798596629415499
2025-02-28 09:00:00,24994.54,9,4,2,59,0,0.272727147867641,0.6114101831818132
2025-02-28 10:00:00,25889.11,10,4,2,59,0,0.31368223082209123,0.6332929306766242
2025-02-28 11:00:00,27163.5,11,4,2,59,0,0.3720261817329443,0.6644667399703768
2025-02-28 12:00:00,27688.74,12,4,2,59,0,0.3960726484946237,0.6773150294213696
2025-02-28 13:00:00,27877.92,13,4,2,59,0,0.40473366171139014,0.6819427032435057
2025-02-28 14:00:00,27325.1,14,4,2,59,0,0.3794245311135843,0.6684197587337619
2025-02-28 15:00:00,27011.78,15,4,2,59,0,0.3650801571782988,0.660755403294753
2025-02-28 16:00:00,26485.53,16,4,2,59,0,0.3409874507329905,0.6478824074764892
2025-02-28 17:00:00,26611.15,17,4,2,59,0,0.3467385686116788,0.6509552924830266
2025-02-28 18:00:00,27002.74,18,4,2,59,0,0.3646662891188869,0.6605342690768014
2025-02-28 19:00:00,27099.78,19,4,2,59,0,0.36910896129646914,0.6629080372748143
2025-02-28 20:00:00,26976.61,20,4,2,59,0,0.3634700089869801,0.6598950835552218
2025-02-28 21:00:00,26754.66,21,4,2,59,0,0.35330872405484487,0.6544657981930105
2025-02-28 22:00:00,26373.04,22,4,2,59,0,0.33583744874147947,0.6451307052444768
2025-02-28 23:00:00,25515.42,23,4,2,59,0,0.29657400569801085,0.6241518194037937
2025-03-01 00:00:00,23941.02,0,5,3,60,1,0.22449503747474564,0.5856392405605165
2025-03-01 01:00:00,23078.4,1,5,3,60,1,0.18500268510638113,0.5645380459709664
2025-03-01 02:00:00,22620.42,2,5,3,60,1,0.16403550658320323,0.553335053809734
2025-03-01 03:00:00,22527.49,3,5,3,60,1,0.15978099787068556,0.5510618234032899
2025-03-01 04:00:00,22422.09,4,5,3,60,1,0.15495558930187697,0.548483554977171
2025-03-01 05:00:00,21827.17,5,5,3,60,1,0.12771904218844637,0.5339307708019662
2025-03-01 06:00:00,22063.45,6,5,3,60,1,0.13853638124573378,0.5397105930384306
2025-03-01 07:00:00,22052.61,7,5,3,60,1,0.13804010582935916,0.5394454276708868
2025-03-01 08:00:00,22586.46,8,5,3,60,1,0.16248075444850937,0.5525043327874286
2025-03-01 09:00:00,23692.23,9,5,3,60,1,0.2131049672865684,0.5795534018343866
2025-03-01 10:00:00,25329.31,10,5,3,60,1,0.28805354280673057,0.619599243153462
2025-03-01 11:00:00,25861.2,11,5,3,60,1,0.31240445897052155,0.632610203240448
2025-03-01 12:00:00,26637.1,12,5,3,60,1,0.3479266080078891,0.6515900748896468
2025-03-01 13:00:00,26870.35,13,5,3,60,1,0.3586052280142894,0.6572957780242978
2025-03-01 14:00:00,27395.41,14,5,3,60,1,0.3826434540402725,0.6701396643603313
2025-03-01 15:00:00,26604.31,15,5,3,60,1,0.346425420655221,0.6507879741145765
2025-03-01 16:00:00,25971.67,16,5,3,60,1,0.31746198159477457,0.635312492737918
2025-03-01 17:00:00,26367.43,17,5,3,60,1,0.3355806124789461,0.6449934748282479
2025-03-01 18:00:00,26765.46,18,5,3,60,1,0.3538031681966203,0.6547299850905635
2025-03-01 19:00:00,26706.72,19,5,3,60,1,0.35111394144774166,0.6532931019088727
2025-03-01 20:00:00,26559.45,20,5,3,60,1,0.3443716461922537,0.6496906200197407
2025-03-01 21:00:00,26517.49,21,5,3,60,1,0.3424506391377261,0.6486642049992478
2025-03-01 22:00:00,25806.48,22,5,3,60,1,0.30989927531885925,0.6312716562928462
2025-03-01 23:00:00,24839.52,23,5,3,60,1,0.26563004315856414,0.6076181227319372
2025-03-02 00:00:00,23614.55,0,6,3,61,1,0.2095486320149835,0.577653213111987
2025-03-02 01:00:00,22791.57,1,6,3,61,1,0.17187107277439478,0.5575216822834554
2025-03-02 02:00:00,22021.14,2,6,3,61,1,0.13659935053846342,0.5386756164055171
2025-03-02 03:00:00,22176.7,3,6,3,61,1,0.1437211774546291,0.5424808862002708
2025-03-02 04:00:00,22027.23,4,6,3,61,1,0.1368781620961868,0.5388245884616372
2025-03-02 05:00:00,21434.22,5,6,3,61,1,0.10972905834486665,0.5243185262284996
2025-03-02 06:00:00,21719.6,6,6,3,61,1,0.12279428697263295,0.531299420378839
2025-03-02 07:00:00,21676.29,7,6,3,61,1,0.12081147440038355,0.5302399819961522
2025-03-02 08:00:00,22514.06,8,6,3,61,1,0.1591661474240148,0.5507333021038328
2025-03-02 09:00:00,23039.64,9,6,3,61,1,0.18322818001978694,0.5635899085497484
2025-03-02 10:00:00,24606.79,10,6,3,61,1,0.2549752297219531,0.6019251397071684
2025-03-02 11:00:00,25532.85,11,6,3,61,1,0.2973719836045985,0.6245781877023445
2025-03-02 12:00:00,25588.71,12,6,3,61,1,0.29992935858233705,0.625944621044688
2025-03-02 13:00:00,26586.59,13,6,3,61,1,0.3456141660077893,0.6503545119085913
2025-03-02 14:00:00,26947.53,14,6,3,61,1,0.3621386723533847,0.6591837358718106
2025-03-02 15:00:00,27508.03,15,6,3,61,1,0.3877994076742309,0.6728945466198142
2025-03-02 16:00:00,27678.64,16,6,3,61,1,0.3956102516583336,0.6770679657486579
2025-03-02 17:00:00,26795.07,17,6,3,61,1,0.35515876921865464,0.6554542975013545
2025-03-02 18:00:00,26990.64,18,6,3,61,1,0.36411232855263836,0.6602382819045429
2025-03-02 19:00:00,27131.29,19,6,3,61,1,0.3705515478619641,0.6636788270101749
2025-03-02 20:00:00,27086.95,20,6,3,61,1,0.368521579968786,0.6625941930252213
2025-03-02 21:00:00,27039.8,21,6,3,61,1,0.36636296503501625,0.6614408215234043
2025-03-02 22:00:00,26299.45,22,6,3,61,1,0.33246836129765955,0.6433305650786506
2025-03-02 23:00:00,25042.16,23,6,3,61,1,0.27490728027795086,0.6125750517060236
2025-03-03 00:00:00,23933.54,0,0,3,62,0,0.22415258912470118,0.5854562666722113
2025-03-03 01:00:00,23438.77,1,0,3,62,0,0.20150109578893832,0.5733533267368148
2025-03-03 02:00:00,23134.84,2,0,3,62,0,0.18758661356580758,0.5659186671281783
2025-03-03 03:00:00,23324.88,3,0,3,62,0,0.19628699918645634,0.5705673780551197
2025-03-03 04:00:00,23206.21,4,0,3,62,0,0.19085406526937362,0.5676645022095075
2025-03-03 05:00:00,23266.19,5,0,3,62,0,0.1936000615308265,0.5691317179609174
2025-03-03 06:00:00,23535.65,6,0,3,62,0,0.20593644286812407,0.5757231810548641
2025-03-03 07:00:00,23980.73,7,0,3,62,0,0.22631303533306996,0.5866106166440191
2025-03-03 08:00:00,26597.49,8,0,3,62,0,0.3461131883360628,0.6506211449811217
2025-03-03 09:00:00,28929.96,9,0,3,62,0,0.45289801494411636,0.7076774424751376
2025-03-03 10:00:00,29384.45,10,0,3,62,0,0.47370541475851674,0.7187950631296607
2025-03-03 11:00:00,31013.94,11,0,3,62,0,0.5483065059234865,0.7586552397679558
2025-03-03 12:00:00,31166.55,12,0,3,62,0,0.5552932763379635,0.7623883474008779
2025-03-03 13:00:00,31741.98,13,0,3,62,0,0.5816375349029492,0.7764643720729987
2025-03-03 14:00:00,31355.61,14,0,3,62,0,0.5639487957309327,0.7670130858130413
2025-03-03 15:00:00,31456.53,15,0,3,62,0,0.5685691015446342,0.7694817656001751
2025-03-03 16:00:00,31205.04,16,0,3,62,0,0.5570554203210133,0.763329880149657
2025-03-03 17:00:00,31030.54,17,0,3,62,0,0.5490664848821415,0.7590613048141946
2025-03-03 18:00:00,30627.9,18,0,3,62,0,0.5306328747669131,0.7492120258854236
2025-03-03 19:00:00,30105.73,19,0,3,62,0,0.5067269583307199,0.7364388340062352
2025-03-03 20:00:00,29770.79,20,0,3,62,0,0.491392780474584,0.728245615537125
2025-03-03 21:00:00,29303.55,21,0,3,62,0,0.47000166188169873,0.7168161075729907
2025-03-03 22:00:00,28419.17,22,0,3,62,0,0.42951309613138655,0.6951826253083708
2025-03-03 23:00:00,26782.08,23,0,3,62,0,0.35456406279257485,0.6551365393717978
2025-03-04 00:00:00,26164.23,0,1,3,63,0,0.326277737515171,0.6400228472742884
2025-03-04 01:00:00,25580.2,1,1,3,63,0,0.2995397549113641,0.6257364515541161
2025-03-04 02:00:00,25172.06,2,1,3,63,0,0.2808543445387501,0.6157526330015912
2025-03-04 03:00:00,25099.12,3,1,3,63,0,0.27751501530716655,0.6139683929731177
2025-03-04 04:00:00,24586.29,4,1,3,63,0,0.2540367014898793,0.6014236738368132
2025-03-04 05:00:00,24756.62,5,1,3,63,0,0.26183472655178774,0.6055902436757203
2025-03-04 06:00:00,25130.71,6,1,3,63,0,0.2789612644218597,0.6147411396484601
2025-03-04 07:00:00,25433.05,7,1,3,63,0,0.29280295347967356,0.6221369050749569
2025-03-04 08:00:00,27126.78,8,1,3,63,0,0.37034507165090774,0.6635685045186966
2025-03-04 09:00:00,29752.77,9,1,3,63,0,0.49056779126765865,0.7278048148062078
2025-03-04 10:00:00,30675.26,10,1,3,63,0,0.5328011038923283,0.7503705343546928
2025-03-04 11:00:00,31459.38,11,1,3,63,0,0.5686995798598251,0.7695514815870294
2025-03-04 12:00:00,31170.57,12,1,3,63,0,0.55547731943518,0.7624866836349671
2025-03-04 13:00:00,31998.37,13,1,3,63,0,0.5933755472649684,0.7827361200974067
2025-03-04 14:00:00,32324.3,14,1,3,63,0,0.6082972305176417,0.7907089382010584
2025-03-04 15:00:00,31835.72,15,1,3,63,0,0.5859291269261003,0.7787574164967594
2025-03-04 16:00:00,31613.6,16,1,3,63,0,0.5757600590769185,0.7733239726370866
2025-03-04 17:00:00,31174.36,17,1,3,63,0,0.5556508327034512,0.7625793936666083
2025-03-04 18:00:00,30826.99,18,1,3,63,0,0.5397475862656237,0.7540821156478145
2025-03-04 19:00:00,30301.48,19,1,3,63,0,0.5156887584004,0.7412272215243828
2025-03-04 20:00:00,29601.22,20,1,3,63,0,0.4836295496300597,0.7240976366280456
2025-03-04 21:00:00,28906.6,21,1,3,63,0,0.451828550578202,0.7071060160004304
2025-03-04 22:00:00,28016.75,22,1,3,63,0,0.4110895580264537,0.68533872796455
2025-03-04 23:00:00,26595.28,23,1,3,63,0,0.3460120104144586,0.6505670845141224
2025-03-05 00:00:00,26101.88,0,2,3,64,0,0.3234232382337174,0.6384976571759154
2025-03-05 01:00:00,25443.81,1,2,3,64,0,0.2932955663468499,0.622400113502519
2025-03-05 02:00:00,24892.73,2,2,3,64,0,0.26806609619410776,0.608919732437381
2025-03-05 03:00:00,24331.01,3,2,3,64,0,0.24234950699798694,0.5951790783546538
2025-03-05 04:00:00,24361.42,4,2,3,64,0,0.24374173351200465,0.5959229601652635
2025-03-05 05:00:00,24320.14,5,2,3,64,0,0.24185185812566298,0.5949131791346166
2025-03-05 06:00:00,24730.23,6,2,3,64,0,0.26062654313498645,0.6049446980991997
2025-03-05 07:00:00,25218.83,7,2,3,64,0,0.28299556236382767,0.6168967090384943
2025-03-05 08:00:00,27476.58,8,2,3,64,0,0.38635956802063487,0.6721252245894401
2025-03-05 09:00:00,28987.83,9,2,3,64,0,0.45554741147046324,0.7090930439345257
2025-03-05 10:00:00,29732.64,10,2,3,64,0,0.48964620232562717,0.7273123997832689
2025-03-05 11:00:00,30743.04,11,2,3,64,0,0.5359041987006191,0.7520285517543356
2025-03-05 12:00:00,30220.25,12,2,3,64,0,0.5119698975081388,0.7392401935902877
2025-03-05 13:00:00,30530.4,13,2,3,64,0,0.5261691429314403,0.7468270052825149
2025-03-05 14:00:00,30812.77,14,2,3,64,0,0.5390965681456193,0.7537342695660363
2025-03-05 15:00:00,30773.67,15,2,3,64,0,0.5373064972249322,0.7527778151498954
2025-03-05 16:00:00,30986.97,16,2,3,64,0,0.5470717690249974,0.7579955063765667
2025-03-05 17:00:00,29894.61,17,2,3,64,0,0.49706149099630953,0.7312744693940703
2025-03-05 18:00:00,29685.7,18,2,3,64,0,0.4874972015835032,0.7261641652489044
2025-03-05 19:00:00,29632.32,19,2,3,64,0,0.485053365630913,0.7248583970459991
2025-03-05 20:00:00,29104.36,20,2,3,64,0,0.4608823721964903,0.7119435716356226
2025-03-05 21:00:00,28620.35,21,2,3,64,0,0.43872349172790365,0.7001038401277881
2025-03-05 22:00:00,27719.88,22,2,3,64,0,0.3974982957700762,0.678076768309314
2025-03-05 23:00:00,26203.42,23,2,3,64,0,0.32807192880370606,0.6409815032479088
2025-03-06 00:00:00,24989.55,0,3,3,65,0,0.27249869636139473,0.6112881190504438
2025-03-06 01:00:00,24382.35,1,3,3,65,0,0.24469994794601949,0.5964349445880213
2025-03-06 02:00:00,24389.67,2,3,3,65,0,0.24503507119766726,0.5966140045963627
2025-03-06 03:00:00,24345.65,3,3,3,65,0,0.2430197535012827,0.5955371983713367
2025-03-06 04:00:00,24227.65,4,3,3,65,0,0.23761749343373612,0.5926507118980728
2025-03-06 05:00:00,24257.48,5,3,3,65,0,0.2389831664660658,0.5933804058938139
2025-03-06 06:00:00,24986.47,6,3,3,65,0,0.2723576882172588,0.6112127768611416
2025-03-06 07:00:00,25412.45,7,3,3,65,0,0.2918598470611019,0.6216329930296244
2025-03-06 08:00:00,26853.02,8,3,3,65,0,0.3578118282941998,0.6568718559007244
2025-03-06 09:00:00,28908.82,9,3,3,65,0,0.4519301863184559,0.7071603210849275
2025-03-06 10:00:00,29180.92,10,3,3,65,0,0.46438743177929837,0.7138163631982759
2025-03-06 11:00:00,30015.92,11,3,3,65,0,0.5026152890369372,0.7342419242590841
2025-03-06 12:00:00,29345.22,12,3,3,65,0,0.4719093921953824,0.7178354286860493
2025-03-06 13:00:00,29981.16,13,3,3,65,0,0.5010239114102599,0.7333916338369599
2025-03-06 14:00:00,30454.96,14,3,3,65,0,0.5227153590374087,0.7449816108796078
2025-03-06 15:00:00,30663.47,15,3,3,65,0,0.5322613357042235,0.7500821303248643
2025-03-06 16:00:00,29595.07,16,3,3,65,0,0.4833479911604375,0.7239471968669391
2025-03-06 17:00:00,29304.98,17,3,3,65,0,0.470067129948619,0.7168510878751667
2025-03-06 18:00:00,29824.43,18,3,3,65,0,0.4938485197120687,0.7295577437949714
2025-03-06 19:00:00,29452.62,19,3,3,65,0,0.4768263644941493,0.720462620611715
2025-03-06 20:00:00,29219.34,20,3,3,65,0,0.4661463710317996,0.7147561836245708
2025-03-06 21:00:00,28745.92,21,3,3,65,0,0.44447232051334284,0.7031755020468369
2025-03-06 22:00:00,28053.27,22,3,3,65,0,0.4127615117354944,0.6862320710662754
2025-03-06 23:00:00,26399.35,23,3,3,65,0,0.33704196960908234,0.6457742938810156
2025-03-07 00:00:00,25233.54,0,4,3,66,0,0.28366901359767177,0.6172565413776613
2025-03-07 01:00:00,24787.64,1,4,3,66,0,0.26325488000344277,0.6063490471536919
2025-03-07 02:00:00,24357.16,2,4,3,66,0,0.24354670276719328,0.5958187531112288
2025-03-07 03:00:00,24226.27,3,4,3,66,0,0.23755431446006475,0.5926169546833855
2025-03-07 04:00:00,23997.28,4,4,3,66,0,0.22707072519847582,0.5870154586027693
2025-03-07 05:00:00,24055.63,5,4,3,66,0,0.2297420970200127,0.5884428017020485
2025-03-07 06:00:00,24639.54,6,4,3,66,0,0.25647458580002214,0.602726262012248
2025-03-07 07:00:00,25081.36,7,4,3,66,0,0.2767019293851359,0.6135339522971418
2025-03-07 08:00:00,26827.27,8,4,3,66,0,0.35663294527098516,0.6562419658440588
2025-03-07 09:00:00,28892.99,9,4,3,66,0,0.4512054593958351,0.7067730915860142
2025-03-07 10:00:00,29110.03,10,4,3,66,0,0.46114195537092234,0.712082269756838
2025-03-07 11:00:00,30050.64,11,4,3,66,0,0.5042048353890154,0.7350912362112174
2025-03-07 12:00:00,29223.46,12,4,3,66,0,0.4663349923155139,0.7148569660336374
2025-03-07 13:00:00,29604.71,13,4,3,66,0,0.48378932833883703,0.7241830081347549
2025-03-07 14:00:00,30433.18,14,4,3,66,0,0.5217182300181616,0.7444488339695426
2025-03-07 15:00:00,30128.36,15,4,3,66,0,0.5077630019351994,0.7369924034036078
2025-03-07 16:00:00,29389.75,16,4,3,66,0,0.4739480586429065,0.7189247104034598
2025-03-07 17:00:00,29202.43,17,4,3,66,0,0.4653721996950012,0.7143425354359022
2025-03-07 18:00:00,29410.94,18,4,3,66,0,0.4749181763618158,0.7194430548811587
2025-03-07 19:00:00,29093.19,19,4,3,66,0,0.4603709887646725,0.7116703338906535
2025-03-07 20:00:00,28725.86,20,4,3,66,0,0.44355393630186,0.7026847993463821
2025-03-07 21:00:00,28270.51,21,4,3,66,0,0.42270716408357745,0.6915461415870539
2025-03-07 22:00:00,27746.43,22,4,3,66,0,0.39871380428527414,0.6787262277657983
2025-03-07 23:00:00,26599.48,23,4,3,66,0,0.3462042942473713,0.6506698238631707
2025-03-08 00:00:00,25317.17,0,5,3,67,1,0.2874977509658828,0.6193022775112126
2025-03-08 01:00:00,24499.1,1,5,3,67,1,0.25004498068234204,0.5992908538740684
2025-03-08 02:00:00,23987.85,2,5,3,67,1,0.22663900221172187,0.5867847843024059
2025-03-08 03:00:00,23976.74,3,5,3,67,1,0.226130365691803,0.5865130142624232
2025-03-08 04:00:00,23206.42,4,5,3,67,1,0.1908636794610192,0.5676696391769599
2025-03-08 05:00:00,23005.46,5,5,3,67,1,0.1816633558747976,0.5627538059424928
2025-03-08 06:00:00,22982.18,6,5,3,67,1,0.18059755405808167,0.5621843364077675
2025-03-08 07:00:00,23588.19,7,5,3,67,1,0.20834182205413154,0.5770084013879596
2025-03-08 08:00:00,24328.92,8,5,3,67,1,0.24225382290018038,0.5951279532976272
2025-03-08 09:00:00,25628.13,9,5,3,67,1,0.3017340796998175,0.6269089032207563
2025-03-08 10:00:00,26773.49,10,5,3,67,1,0.3541707965724034,0.6549264129412441
2025-03-08 11:00:00,27907.65,11,5,3,67,1,0.40609475655722216,0.6826699510642696
2025-03-08 12:00:00,28079.16,12,5,3,67,1,0.41394680421980606,0.6868653857679093
2025-03-08 13:00:00,28228.5,13,5,3,67,1,0.420783867935801,0.6905185034790723
2025-03-08 14:00:00,28746.19,14,5,3,67,1,0.4444846816168872,0.7031821067192757
2025-03-08 15:00:00,27806.93,15,5,3,67,1,0.40148360711651626,0.6802061636270904
2025-03-08 16:00:00,26932.07,16,5,3,67,1,0.36143088472080614,0.6588055572203135
2025-03-08 17:00:00,27121.59,17,5,3,67,1,0.3701074637716657,0.6634415480373727
2025-03-08 18:00:00,27323.85,18,5,3,67,1,0.3793673037823603,0.6683891815465451
2025-03-08 19:00:00,27395.75,19,5,3,67,1,0.3826590198743654,0.6701479813552543
2025-03-08 20:00:00,27191.99,20,5,3,67,1,0.373330507066202,0.6651636552214216
2025-03-08 21:00:00,27392.05,21,5,3,67,1,0.3824896269739423,0.6700574728810926
2025-03-08 22:00:00,26873.76,22,5,3,67,1,0.35876134417386846,0.6573791925910252
2025-03-08 23:00:00,26037.22,23,5,3,67,1,0.3204629828441618,0.636915960435566
2025-03-09 00:00:00,24358.25,0,6,3,68,1,0.24359660500002064,0.5958454164184818
2025-03-09 01:00:00,23721.87,1,6,3,68,1,0.2144619417645521,0.5802784480976708
2025-03-09 02:00:00,22657.99,2,6,3,68,1,0.16575553125047224,0.5542540817487216
2025-03-09 03:00:00,22426.54,3,6,3,68,1,0.15515931860103446,0.5485924097636629
2025-03-09 04:00:00,22038.26,4,6,3,68,1,0.1373831360669074,0.539094401561638
2025-03-09 05:00:00,22259.65,5,6,3,68,1,0.14751878315465444,0.5445099883439762
2025-03-09 06:00:00,22441.71,6,6,3,68,1,0.155853829492769,0.5489634945077256
2025-03-09 07:00:00,22352.37,7,6,3,68,1,0.1517636776755265,0.5467780817829679
2025-03-09 08:00:00,23002.43,8,6,3,68,1,0.18152463682391062,0.5626796868406794
2025-03-09 09:00:00,23922.09,9,6,3,68,1,0.22362838677068922,0.5851761796373056
2025-03-09 10:00:00,24958.48,10,6,3,68,1,0.2710762538164907,0.6105280924849835
2025-03-09 11:00:00,26221.97,11,6,3,68,1,0.32892118239907053,0.6414352687062058
2025-03-09 12:00:00,26358.87,12,6,3,68,1,0.335188719714724,0.6447840822501874
2025-03-09 13:00:00,26454.3,13,6,3,68,1,0.33955768308968987,0.6471184670310651
2025-03-09 14:00:00,26611.64,14,6,3,68,1,0.3467610017255185,0.6509672787404155
2025-03-09 15:00:00,26467.47,15,6,3,68,1,0.34016063025146615,0.6474406282755811
2025-03-09 16:00:00,25721.87,16,6,3,68,1,0.3060256717229684,0.6292019476445169
2025-03-09 17:00:00,25973.14,17,6,3,68,1,0.31752928093629407,0.6353484515100849
2025-03-09 18:00:00,26534.55,18,6,3,68,1,0.3432316777542713,0.6490815224503823
2025-03-09 19:00:00,26814.4,19,6,3,68,1,0.3560437326687028,0.6559271431244749
2025-03-09 20:00:00,27025.11,20,6,3,68,1,0.36569042943847174,0.6610814784192328
2025-03-09 21:00:00,27287.39,21,6,3,68,1,0.3776980969852184,0.6674973061498062
2025-03-09 22:00:00,26360.97,22,6,3,68,1,0.33528486163118043,0.6448354519247116
2025-03-09 23:00:00,25101.6,23,6,3,68,1,0.2776285543323149,0.6140290581125558
2025-03-10 00:00:00,23824.65,0,0,3,69,0,0.21916740184711522,0.5827926267393833
2025-03-10 01:00:00,23439.47,1,0,3,69,0,0.2015331430944238,0.5733704499616562
2025-03-10 02:00:00,22777.25,2,0,3,69,0,0.17121547646789254,0.5571713900267
2025-03-10 03:00:00,22406.35,3,0,3,69,0,0.15423498274710415,0.5480985270357374
2025-03-10 04:00:00,22265.88,4,0,3,69,0,0.1478040041734749,0.5446623850450647
2025-03-10 05:00:00,22813.36,5,0,3,69,0,0.17286865961229175,0.5580547038110183
2025-03-10 06:00:00,22979.62,6,0,3,69,0,0.18048035248373484,0.5621217143283476
2025-03-10 07:00:00,23984.21,7,0,3,69,0,0.22647235622319756,0.5866957435332306
2025-03-10 08:00:00,26121.52,8,0,3,69,0,0.32432239406190905,0.6389780859414654
2025-03-10 09:00:00,28184.28,9,0,3,69,0,0.41875939386642036,0.6894368049040915
2025-03-10 10:00:00,28669.79,10,0,3,69,0,0.4409869471324758,0.7013132290365862
2025-03-10 11:00:00,30260.23,11,0,3,69,0,0.5138002564700076,0.7402181743462292
2025-03-10 12:00:00,30602.61,12,0,3,69,0,0.5294750514015889,0.7485933882336537
2025-03-10 13:00:00,30283.75,13,0,3,69,0,0.5148770459343186,0.7407935147009
2025-03-10 14:00:00,31176.86,14,0,3,69,0,0.5557652873658993,0.7626405480410419
2025-03-10 15:00:00,30737.35,15,0,3,69,0,0.5356436998888874,0.7518893643981247
2025-03-10 16:00:00,29975.76,16,0,3,69,0,0.5007766893393721,0.7332595403881834
2025-03-10 17:00:00,29490.87,17,0,3,69,0,0.478577520829604,0.7213982825405484
2025-03-10 18:00:00,29418.05,18,0,3,69,0,0.47524368542181805,0.7196169779220477
2025-03-10 19:00:00,29435.05,19,0,3,69,0,0.4760219771264646,0.7200328276681959
2025-03-10 20:00:00,28984.79,20,0,3,69,0,0.4554082346009264,0.7090186802152145
2025-03-10 21:00:00,28536.54,21,0,3,69,0,0.43488651362399633,0.6980537008792775
2025-03-10 22:00:00,27610.88,22,0,3,69,0,0.39250807248734254,0.6754104375840109
2025-03-10 23:00:00,26038.95,23,0,3,69,0,0.32054218547057584,0.6369582792626739
2025-03-11 00:00:00,24805.56,0,1,3,70,0,0.2640752910238703,0.6067874017096317
2025-03-11 01:00:00,23991.7,1,1,3,70,0,0.22681526239189193,0.5868789620390336
2025-03-11 02:00:00,23615.45,2,1,3,70,0,0.20958983569346484,0.5776752286867832
2025-03-11 03:00:00,23903.42,3,1,3,70,0,0.2227736393515273,0.5847194787690357
2025-03-11 04:00:00,24413.45,4,1,3,70,0,0.24612376394687296,0.5971957050059747
2025-03-11 05:00:00,24407.91,5,1,3,70,0,0.24587013241488812,0.59706018691223
2025-03-11 06:00:00,24651.03,6,1,3,70,0,0.25700061942863317,0.6030073275171446
2025-03-11 07:00:00,25474.89,7,1,3,70,0,0.2947184667104036,0.6231603846854769
2025-03-11 08:00:00,26968.11,8,1,3,70,0,0.3630808631346569,0.6596871586821477
2025-03-11 09:00:00,28798.83,9,1,3,70,0,0.44689463898939286,0.7044697732273487
2025-03-11 10:00:00,29658.79,10,1,3,70,0,0.4862652115969127,0.7255058995625016
2025-03-11 11:00:00,29977.73,11,1,3,70,0,0.5008668796133813,0.7333077300352371
2025-03-11 12:00:00,29982.08,12,1,3,70,0,0.501066030726041,0.7334141386467515
2025-03-11 13:00:00,30497.89,13,1,3,70,0,0.5246807745009662,0.7460317537973808
2025-03-11 14:00:00,31751.51,14,1,3,70,0,0.5820738360762011,0.7766974925483394
2025-03-11 15:00:00,31060.08,15,1,3,70,0,0.5504188811736274,0.7597839049025016
2025-03-11 16:00:00,30425.39,16,1,3,70,0,0.5213615892899736,0.7442582769388076
2025-03-11 17:00:00,30327.45,17,1,3,70,0,0.51687771343391,0.7418624931659986
2025-03-11 18:00:00,30077.38,18,1,3,70,0,0.5054290424585595,0.7357453434001587
2025-03-11 19:00:00,29840.28,19,1,3,70,0,0.4945741622719891,0.7299454625288802
2025-03-11 20:00:00,29294.83,20,1,3,70,0,0.46960244401908013,0.7166028011149665
2025-03-11 21:00:00,28813.98,21,1,3,70,0,0.44758823424382777,0.7048403687364161
2025-03-11 22:00:00,27904.67,22,1,3,70,0,0.405958326599584,0.6825970550499447
2025-03-11 23:00:00,26345.13,23,1,3,70,0,0.3345596768899098,0.6444479778083007
2025-03-12 00:00:00,24991.31,0,2,3,71,0,0.27257927244375824,0.611331171730045
2025-03-12 01:00:00,24731.41,1,2,3,71,0,0.26068056573566195,0.6049735629639323
2025-03-12 02:00:00,24002.66,2,2,3,71,0,0.227317031632064,0.5871470628165503
2025-03-12 03:00:00,24141.08,3,2,3,71,0,0.23365415738248607,0.5905330582201875
2025-03-12 04:00:00,24024.97,4,2,3,71,0,0.2283384250397502,0.5876928044539954
2025-03-12 05:00:00,24345.1,5,2,3,71,0,0.24299457347554398,0.5955237444089613
2025-03-12 06:00:00,24552.87,6,2,3,71,0,0.2525066715622741,0.6006061621593853
2025-03-12 07:00:00,25608.27,7,2,3,71,0,0.30082485186133046,0.6264230928702561
2025-03-12 08:00:00,27772.0,8,2,3,71,0,0.3998844465727925,0.6793517147075048
2025-03-12 09:00:00,29281.06,9,2,3,71,0,0.4689720277383164,0.7162659628205865
2025-03-12 10:00:00,29765.02,10,2,3,71,0,0.49112861911365396,0.7281044712409324
2025-03-12 11:00:00,30850.37,11,2,3,71,0,0.5408179662688375,0.754654031357517
2025-03-12 12:00:00,30849.16,12,2,3,71,0,0.5407625702122126,0.7546244326402911
2025-03-12 13:00:00,31504.39,13,2,3,71,0,0.5707602216025393,0.7706525049443311
2025-03-12 14:00:00,31701.2,14,2,3,71,0,0.5797705504490972,0.7754668219172386
2025-03-12 15:00:00,31760.5,15,2,3,71,0,0.5824854150423643,0.7769174036788026
2025-03-12 16:00:00,31472.99,16,2,3,71,0,0.5693226710421921,0.7698844060014457
2025-03-12 17:00:00,30767.26,17,2,3,71,0,0.5370130354704155,0.7526210153338477
2025-03-12 18:00:00,30481.49,18,2,3,71,0,0.5239299519153072,0.7456305811010967
2025-03-12 19:00:00,30188.16,19,2,3,71,0,0.510500757460956,0.7384552160400585
2025-03-12 20:00:00,29714.13,20,2,3,71,0,0.4887987800048621,0.7268596127949628
2025-03-12 21:00:00,29165.46,21,2,3,71,0,0.46367964414671986,0.7134381845467788
2025-03-12 22:00:00,28263.81,22,2,3,71,0,0.4224004255882169,0.6913822478635719
2025-03-12 23:00:00,26676.87,23,2,3,71,0,0.3497473527781122,0.6525629186781359
2025-03-13 00:00:00,25895.81,0,3,3,72,0,0.313988969317452,0.6334568244001062
2025-03-13 01:00:00,25428.29,1,3,3,72,0,0.29258503180237255,0.6220204671460354
2025-03-13 02:00:00,25075.83,2,3,3,72,0,0.2764487556718009,0.6133986788208947
2025-03-13 03:00:00,25169.55,3,3,3,72,0,0.28073943205765217,0.6156912340096599
2025-03-13 04:00:00,25041.25,4,3,3,72,0,0.27486561878081983,0.6125527915137298
2025-03-13 05:00:00,25071.12,5,3,3,72,0,0.2762331230877487,0.6132834639794619
2025-03-13 06:00:00,25379.83,6,3,3,72,0,0.29036644262548017,0.6208350507520154
2025-03-13 07:00:00,26332.3,7,3,3,72,0,0.33397229556222646,0.6441341335587075
2025-03-13 08:00:00,28234.1,8,3,3,72,0,0.4210402463796845,0.6906554892778035
2025-03-13 09:00:00,30007.31,9,3,3,72,0,0.5022211071794663,0.734031308593535
2025-03-13 10:00:00,30761.24,10,3,3,72,0,0.5367374286432408,0.7524737556002119
2025-03-13 11:00:00,32968.31,11,3,3,72,0,0.6377812093829015,0.8064625496726405
2025-03-13 12:00:00,32051.26,12,3,3,72,0,0.5957969501037187,0.784029902042923
2025-03-13 13:00:00,32438.22,13,3,3,72,0,0.6135127005760732,0.7934956207352468
2025-03-13 14:00:00,32348.55,14,3,3,72,0,0.6094074407433876,0.791302135633064
2025-03-13 15:00:00,31334.12,15,3,3,72,0,0.5629649434525295,0.7664874028104104
2025-03-13 16:00:00,31627.93,16,3,3,72,0,0.5764161132020706,0.7736745095113399
2025-03-13 17:00:00,30891.98,17,3,3,72,0,0.5427229496706223,0.7556718847655891
2025-03-13 18:00:00,30591.7,18,3,3,72,0,0.5289755712546658,0.7483265105436256
2025-03-13 19:00:00,30477.87,19,3,3,72,0,0.5237642215640824,0.745542029566917
2025-03-13 20:00:00,30033.59,20,3,3,72,0,0.5034242545911198,0.7346741633775805
2025-03-13 21:00:00,29316.25,21,3,3,72,0,0.4705830915669347,0.7171267717951133
2025-03-13 22:00:00,28427.07,22,3,3,72,0,0.42987477286472237,0.6953758731315809
2025-03-13 23:00:00,26780.62,23,3,3,72,0,0.35449722126970507,0.6551008252171285
2025-03-14 00:00:00,25584.5,0,4,3,73,0,0.29973661693077464,0.6258416370781418
2025-03-14 01:00:00,24758.74,1,4,3,73,0,0.2619317841055438,0.6056421025852401
2025-03-14 02:00:00,24776.88,2,4,3,73,0,0.2627622671362666,0.60608583872613
2025-03-14 03:00:00,25134.13,3,4,3,73,0,0.2791178384000887,0.6148247988326853
2025-03-14 04:00:00,24744.3,4,4,3,73,0,0.2612706939752439,0.6052888749185118
2025-03-14 05:00:00,24759.54,5,4,3,73,0,0.2619684095975271,0.6056616719850587
2025-03-14 06:00:00,25229.68,6,4,3,73,0,0.28349229559885203,0.6171621190235359
2025-03-14 07:00:00,25866.99,7,4,3,73,0,0.31266953596875124,0.6327518367716362
2025-03-14 08:00:00,27463.47,8,4,3,73,0,0.3857593677707574,0.6718045310499106
2025-03-14 09:00:00,29942.16,9,4,3,73,0,0.4992384186760709,0.7324376255957965
2025-03-14 10:00:00,30762.98,10,4,3,73,0,0.5368170890883045,0.7525163190448175
2025-03-14 11:00:00,31109.77,11,4,3,73,0,0.5526937820444441,0.760999409248743
2025-03-14 12:00:00,30942.71,12,4,3,73,0,0.5450454636810176,0.7569128293315949
2025-03-14 13:00:00,31173.02,13,4,3,73,0,0.555589485004379,0.762546614921912
2025-03-14 14:00:00,31340.88,14,4,3,73,0,0.563274428859789,0.7666527642388787
2025-03-14 15:00:00,30722.11,15,4,3,73,0,0.5349459842666043,0.7515165673315778
2025-03-14 16:00:00,31096.68,16,4,3,73,0,0.5520944974318663,0.7606792049442088
2025-03-14 17:00:00,30287.97,17,4,3,73,0,0.515070245404531,0.7408967432849439
2025-03-14 18:00:00,30126.74,18,4,3,73,0,0.5076888353139332,0.736952775368975
2025-03-14 19:00:00,29693.55,19,4,3,73,0,0.4878565892235899,0.7263561899846257
2025-03-14 20:00:00,29325.25,20,4,3,73,0,0.47099512835174756,0.717346927543074
2025-03-14 21:00:00,28691.66,21,4,3,73,0,0.44198819651957105,0.7018482075041309
2025-03-14 22:00:00,27946.56,22,4,3,73,0,0.4078761289235631,0.6836217577479535
2025-03-14 23:00:00,26616.47,23,4,3,73,0,0.34698212813336815,0.6510854289918212
2025-03-15 00:00:00,25410.27,0,5,3,74,1,0.29176004259544724,0.6215796664151183
2025-03-15 01:00:00,24954.39,1,5,3,74,1,0.2708890059887258,0.6104280439284102
2025-03-15 02:00:00,24517.9,2,5,3,74,1,0.2509056797439513,0.5997507347698088
2025-03-15 03:00:00,24075.51,3,5,3,74,1,0.23065224049579924,0.5889291012875442
2025-03-15 04:00:00,24087.04,4,5,3,74,1,0.23118010539900963,0.5892111452624318
2025-03-15 05:00:00,24282.57,5,5,3,74,1,0.24013183345839414,0.5939941511956291
2025-03-15 06:00:00,24107.55,6,5,3,74,1,0.2321190914497331,0.5897128557502846
2025-03-15 07:00:00,23837.11,7,5,3,74,1,0.21973784388475612,0.5830974201415602
2025-03-15 08:00:00,24894.38,8,5,3,74,1,0.26814163627132354,0.6089600943245072
2025-03-15 09:00:00,26107.77,9,5,3,74,1,0.3236928934184449,0.6386417368820809
2025-03-15 10:00:00,27612.26,10,5,3,74,1,0.3925712514610137,0.6754441947986981
2025-03-15 11:00:00,28845.98,11,5,3,74,1,0.4490532539231624,0.7056231447291655
2025-03-15 12:00:00,28739.85,12,5,3,74,1,0.444194424592919,0.7030270192257122
2025-03-15 13:00:00,29185.25,13,5,3,74,1,0.46458566725465844,0.7139222825747948
2025-03-15 14:00:00,29591.77,14,5,3,74,1,0.48319691100600615,0.7238664730926868
2025-03-15 15:00:00,28560.39,15,5,3,74,1,0.4359784111037504,0.6986371136113737
2025-03-15 16:00:00,28611.38,16,5,3,74,1,0.4383128283990403,0.6998844182323206
2025-03-15 17:00:00,28319.44,17,5,3,74,1,0.42494727073701016,0.6927430550034674
2025-03-15 18:00:00,28201.66,18,5,3,74,1,0.41955508267975905,0.6898619501151536
2025-03-15 19:00:00,27943.73,19,5,3,74,1,0.4077465662456719,0.6835525309960947
2025-03-15 20:00:00,27811.95,20,5,3,74,1,0.4017134320787119,0.680328961610953
2025-03-15 21:00:00,27464.59,21,5,3,74,1,0.38581064345953414,0.6718319282096568
2025-03-15 22:00:00,26600.08,22,5,3,74,1,0.3462317633663589,0.6506845009130349
2025-03-15 23:00:00,25394.95,23,5,3,74,1,0.2910586644239658,0.6212049124085895
2025-03-16 00:00:00,24560.44,0,6,3,75,1,0.25285324028016665,0.6007913376051702
2025-03-16 01:00:00,23556.05,1,6,3,75,1,0.20687039291369982,0.5762222007502418
2025-03-16 02:00:00,22577.05,2,6,3,75,1,0.16204994709905501,0.5522741477220606
2025-03-16 03:00:00,22316.59,3,6,3,75,1,0.1501256025465705,0.545902840376075
2025-03-16 04:00:00,21940.26,4,6,3,75,1,0.13289651329894503,0.5366971500838426
2025-03-16 05:00:00,22200.88,5,6,3,75,1,0.14482818294982636,0.5430723713097921
2025-03-16 06:00:00,22153.16,6,6,3,75,1,0.1426434723530185,0.5419050566106044
2025-03-16 07:00:00,22450.75,7,6,3,75,1,0.15626769755218106,0.5491846287256773
2025-03-16 08:00:00,23096.26,8,6,3,75,1,0.18582034921490964,0.5649749328219196
2025-03-16 09:00:00,23815.04,9,6,3,75,1,0.218727438124665,0.5825575493240607
2025-03-16 10:00:00,24356.55,10,6,3,75,1,0.24351877582955594,0.595803831443867
2025-03-16 11:00:00,24825.51,11,6,3,75,1,0.2649886392302054,0.6072754136176114
2025-03-16 12:00:00,26553.85,12,6,3,75,1,0.34411526774837,0.6495536342210094
2025-03-16 13:00:00,26351.52,13,6,3,75,1,0.3348522230071269,0.6446042883893528
2025-03-16 14:00:00,26686.77,14,6,3,75,1,0.35020059324140645,0.6528050900008928
2025-03-16 15:00:00,25783.8,15,6,3,75,1,0.3088609426211308,0.630716863807985
2025-03-16 16:00:00,25082.78,16,6,3,75,1,0.27676693963340626,0.61356868798182
2025-03-16 17:00:00,25534.09,17,6,3,75,1,0.29742875311717276,0.6246085202720636
2025-03-16 18:00:00,26283.23,18,6,3,75,1,0.3317257794476967,0.6429337954973257
2025-03-16 19:00:00,26417.64,19,6,3,75,1,0.3378793199195521,0.6462216992843715
2025-03-16 20:00:00,26863.85,20,6,3,75,1,0.35830764589192454,0.6571367766507705
2025-03-16 21:00:00,26923.39,21,6,3,75,1,0.3610334981327866,0.6585932292322801
2025-03-16 22:00:00,25975.21,22,6,3,75,1,0.317624049396801,0.6353990873321159
2025-03-16 23:00:00,25017.87,23,6,3,75,1,0.27379523877760586,0.611980875804027
2025-03-17 00:00:00,23575.38,0,0,3,76,0,0.20775535636374798,0.5766950463733621
2025-03-17 01:00:00,22677.13,1,0,3,76,0,0.16663179614617427,0.5547222796393849
2025-03-17 02:00:00,22113.2,2,0,3,76,0,0.1408140290284494,0.5409275650896584
2025-03-17 03:00:00,22348.38,3,0,3,76,0,0.15158100803425958,0.5466804794013721
2025-03-17 04:00:00,22569.38,4,0,3,76,0,0.16169880019466457,0.5520865261012986
2025-03-17 05:00:00,22814.8,5,0,3,76,0,0.17293458549786175,0.558089928730692
2025-03-17 06:00:00,22906.26,6,0,3,76,0,0.1771217948688601,0.5603272003649693
2025-03-17 07:00:00,24202.66,7,0,3,76,0,0.23647340462790561,0.592039412771235
2025-03-17 08:00:00,26121.03,8,0,3,76,0,0.3242999609480691,0.6389660996840765
2025-03-17 09:00:00,28191.25,9,0,3,76,0,0.4190784934653255,0.6896073033000123
2025-03-17 10:00:00,28550.32,10,0,3,76,0,0.43551738772340975,0.6983907837911554
2025-03-17 11:00:00,28999.13,11,0,3,76,0,0.45606474654472823,0.7093694617069654
2025-03-17 12:00:00,29704.21,12,0,3,76,0,0.48834462390426825,0.7266169522372105
2025-03-17 13:00:00,30178.19,13,0,3,76,0,0.5100443122671133,0.7382113323948175
2025-03-17 14:00:00,30298.02,14,0,3,76,0,0.5155303531475719,0.7411425838701668
2025-03-17 15:00:00,29790.41,15,0,3,76,0,0.49229102066547603,0.7287255550676796
2025-03-17 16:00:00,29334.43,16,0,3,76,0,0.4714154058722567,0.7175714864059941
2025-03-17 17:00:00,29089.96,17,0,3,76,0,0.46022311334078964,0.7115913224388853
2025-03-17 18:00:00,29578.26,18,0,3,76,0,0.48257839801013697,0.7235359948532478
2025-03-17 19:00:00,29517.53,19,0,3,76,0,0.4797980653499497,0.7220504327895078
2025-03-17 20:00:00,29197.03,20,0,3,76,0,0.4651249776241134,0.7142104419871257
2025-03-17 21:00:00,29014.36,21,0,3,76,0,0.45676200434836156,0.7097420141560146
2025-03-17 22:00:00,28408.85,22,0,3,76,0,0.42904062728480113,0.6949301800507092
2025-03-17 23:00:00,26630.13,23,0,3,76,0,0.34760750840898413,0.6514195764937262
2025-03-18 00:00:00,25258.42,0,1,3,77,0,0.2848080663983544,0.617865149712024
2025-03-18 01:00:00,24825.25,1,1,3,77,0,0.26497673594531085,0.6072690535626704
2025-03-18 02:00:00,24571.63,2,1,3,77,0,0.25336553934928413,0.6010650645851349
2025-03-18 03:00:00,24226.09,3,1,3,77,0,0.23754607372436848,0.5926125515684262
2025-03-18 04:00:00,24085.08,4,1,3,77,0,0.23109037294365042,0.5891632002328758
2025-03-18 05:00:00,24358.56,5,1,3,77,0,0.24361079737816424,0.5958529995609116
2025-03-18 06:00:00,24619.95,6,1,3,77,0,0.2555777190650794,0.6022470563341866
2025-03-18 07:00:00,25692.08,7,1,3,77,0,0.30466182996523794,0.6284732321187667
2025-03-18 08:00:00,27175.65,8,1,3,77,0,0.3725824313924418,0.6647639502301239
2025-03-18 09:00:00,28934.46,9,1,3,77,0,0.45310403333652277,0.7077875203491181
2025-03-18 10:00:00,29401.33,10,1,3,77,0,0.4744782126393658,0.7192079774658361
2025-03-18 11:00:00,30743.26,11,1,3,77,0,0.5359142707109145,0.7520339333392856
2025-03-18 12:00:00,30085.7,12,1,3,77,0,0.5058099475751865,0.7359488651582736
2025-03-18 13:00:00,30084.2,13,1,3,77,0,0.5057412747777176,0.7359121725336135
2025-03-18 14:00:00,30481.33,14,1,3,77,0,0.5239226268169106,0.745626667221133
2025-03-18 15:00:00,29445.53,15,1,3,77,0,0.47650177107144664,0.7202891868058213
2025-03-18 16:00:00,29162.16,16,1,3,77,0,0.4635285639922885,0.7133574607725265
2025-03-18 17:00:00,29171.25,17,1,3,77,0,0.4639447211449495,0.7135798180779669
2025-03-18 18:00:00,29724.09,18,1,3,77,0,0.48925476738005497,0.7271032518227061
2025-03-18 19:00:00,29786.52,19,1,3,77,0,0.49211292921070693,0.728630398861061
2025-03-18 20:00:00,29559.94,20,1,3,77,0,0.4817396742437179,0.7230878555973986
2025-03-18 21:00:00,29270.13,21,1,3,77,0,0.46847163195409364,0.715998595895563
2025-03-18 22:00:00,28664.47,22,1,3,77,0,0.44074338761078646,0.7011830925277917
2025-03-18 23:00:00,27196.79,23,1,3,77,0,0.3735502600181022,0.6652810716203341
2025-03-19 00:00:00,25553.43,0,2,3,78,0,0.29831417438587066,0.6250816105126815
2025-03-19 01:00:00,24922.23,1,2,3,78,0,0.26941666121099445,0.609641354055697
2025-03-19 02:00:00,24637.35,2,2,3,78,0,0.25637432351571754,0.6026726907802441
2025-03-19 03:00:00,24277.33,3,2,3,78,0,0.23989193648590318,0.5938659716268164
2025-03-19 04:00:00,24185.05,4,2,3,78,0,0.23566718598562175,0.591608641357725
2025-03-19 05:00:00,24602.64,5,2,3,78,0,0.2547852349822893,0.6018236234456087
2025-03-19 06:00:00,25190.01,6,2,3,78,0,0.28167612901512673,0.6161917214100241
2025-03-19 07:00:00,25859.9,7,2,3,78,0,0.3123449425460486,0.6325784029657425
2025-03-19 08:00:00,27371.95,8,2,3,78,0,0.3815694114878603,0.6695657917106469
2025-03-19 09:00:00,28508.68,9,2,3,78,0,0.4336110308656756,0.69737219653059
2025-03-19 10:00:00,28726.28,10,2,3,78,0,0.4435731646851512,0.7026950732812868
2025-03-19 11:00:00,30266.07,11,2,3,78,0,0.5140676225614862,0.7403610309649059
2025-03-19 12:00:00,30534.7,12,2,3,78,0,0.526366004950851,0.7469321908065406
2025-03-19 13:00:00,29955.09,13,2,3,78,0,0.49983037819025206,0.7327539160203669
2025-03-19 14:00:00,30092.31,14,2,3,78,0,0.506112565702699,0.736110557324276
2025-03-19 15:00:00,29569.3,15,2,3,78,0,0.48216819249992326,0.7233168175752779
2025-03-19 16:00:00,29219.59,16,2,3,78,0,0.46615781649804444,0.7147622990620142
2025-03-19 17:00:00,29124.37,17,2,3,78,0,0.4617984673147242,0.7124330512485888
2025-03-19 18:00:00,29341.5,18,2,3,78,0,0.4717390836576597,0.7177444309768922
2025-03-19 19:00:00,29514.6,19,2,3,78,0,0.47966392448556056,0.7219787598626717
2025-03-19 20:00:00,29468.15,20,2,3,78,0,0.4775373568572765,0.7208425115856962
2025-03-19 21:00:00,29038.79,21,2,3,78,0,0.45788045530980365,0.7103396147029793
2025-03-19 22:00:00,28460.79,22,2,3,78,0,0.43141853735182134,0.6962007233339408
2025-03-19 23:00:00,27018.42,23,2,3,78,0,0.36538414876176073,0.6609178293132485
2025-03-20 00:00:00,25582.16,0,3,3,79,0,0.2996294873667233,0.625784396583672
2025-03-20 01:00:00,25062.29,1,3,3,79,0,0.2758288692199824,0.6130674667289626
2025-03-20 02:00:00,24517.59,2,3,3,79,0,0.2508914873658077,0.599743151627379
2025-03-20 03:00:00,24650.92,3,3,3,79,0,0.2569955834234854,0.6030046367246695
2025-03-20 04:00:00,24646.75,4,3,3,79,0,0.25680467304652216,0.6029026312281144
2025-03-20 05:00:00,24817.37,5,3,3,79,0,0.2646159748492746,0.6070762949744558
2025-03-20 06:00:00,24762.87,6,3,3,79,0,0.2621208632079078,0.6057431296118042
2025-03-20 07:00:00,25483.12,7,3,3,79,0,0.2950952514591825,0.6233617048861122
2025-03-20 08:00:00,26593.5,8,3,3,79,0,0.3459305186947957,0.6505235425995257
2025-03-20 09:00:00,28237.7,9,3,3,79,0,0.4212050610936098,0.6907435515769879
2025-03-20 10:00:00,28528.55,10,3,3,79,0,0.4345207165228124,0.6978582514985879
2025-03-20 11:00:00,29686.26,11,3,3,79,0,0.48752283942789143,0.7261778638287775
2025-03-20 12:00:00,29801.06,12,3,3,79,0,0.49277859752750464,0.7289860727027665
2025-03-20 13:00:00,29876.87,13,3,3,79,0,0.49624932071157835,0.7308405179530897
2025-03-20 14:00:00,29937.6,14,3,3,79,0,0.49902965337176564,0.7323260800168296
2025-03-20 15:00:00,29408.0,15,3,3,79,0,0.47478357767877705,0.7193711373368248
2025-03-20 16:00:00,29301.96,16,3,3,79,0,0.4699288687163818,0.716777213390851
2025-03-20 17:00:00,28905.61,17,3,3,79,0,0.4517832265318727,0.7070817988681548
2025-03-20 18:00:00,28952.1,18,3,3,79,0,0.453911625434756,0.7082190256151212
2025-03-20 19:00:00,29207.98,19,3,3,79,0,0.4656262890456358,0.7144782981471447
2025-03-20 20:00:00,28903.55,20,3,3,79,0,0.4516889158900155,0.7070314076636215
2025-03-20 21:00:00,28678.11,21,3,3,79,0,0.4413678522491028,0.7015167507947011
2025-03-20 22:00:00,28011.38,22,3,3,79,0,0.4108437094115154,0.6852073683682668
2025-03-20 23:00:00,26551.3,23,3,3,79,0,0.34399852399267306,0.6494912567590871
2025-03-21 00:00:00,25081.67,0,4,3,80,0,0.2767161217632793,0.6135415354395715
2025-03-21 01:00:00,24213.25,1,4,3,80,0,0.23695823457803544,0.5922984627013355
2025-03-21 02:00:00,23787.6,2,4,3,80,0,0.21747118374963542,0.5818863189102779
2025-03-21 03:00:00,23866.8,3,4,3,80,0,0.22109710745598873,0.583823689492333
2025-03-21 04:00:00,23893.78,4,4,3,80,0,0.22233230217312777,0.5844836675012199
2025-03-21 05:00:00,24385.93,5,4,3,80,0,0.24486384702264513,0.5965225176522102
2025-03-21 06:00:00,24637.94,6,4,3,80,0,0.2564013348160553,0.6026871232126104
2025-03-21 07:00:00,25298.28,7,4,3,80,0,0.2866329315364256,0.6188401950579926
2025-03-21 08:00:00,26412.94,8,4,3,80,0,0.3376641451541498,0.6461067290604363
2025-03-21 09:00:00,27909.06,9,4,3,80,0,0.4061593089868428,0.6827044421314501
2025-03-21 10:00:00,28357.87,10,4,3,80,0,0.42670666780816113,0.6936831200472601
2025-03-21 11:00:00,29239.87,11,4,3,80,0,0.4670862727198227,0.7152583833474192
2025-03-21 12:00:00,29519.96,12,4,3,80,0,0.47990931528184916,0.7221098748414573
2025-03-21 13:00:00,29921.19,13,4,3,80,0,0.4982783729674568,0.7319246627030478
2025-03-21 14:00:00,30053.99,14,4,3,80,0,0.5043582046366958,0.7351731830729584
2025-03-21 15:00:00,30292.63,15,4,3,80,0,0.515283588895334,0.741010735038888
2025-03-21 16:00:00,30226.31,16,4,3,80,0,0.512247335609913,0.7393884317939147
2025-03-21 17:00:00,29415.53,17,4,3,80,0,0.47512831512207043,0.7195553343126186
2025-03-21 18:00:00,28594.72,18,4,3,80,0,0.4375501025284867,0.6994768854810953
2025-03-21 19:00:00,28619.12,19,4,3,80,0,0.43866718003397925,0.7000737521755668
2025-03-21 20:00:00,28214.35,20,4,3,80,0,0.4201360545463452,0.6901723697197784
2025-03-21 21:00:00,27721.57,21,4,3,80,0,0.397575667121891,0.678118108666431
2025-03-21 22:00:00,27320.55,22,4,3,80,0,0.37921622362792895,0.6683084577722929
2025-03-21 23:00:00,26126.06,23,4,3,80,0,0.32453024372891465,0.6390891422854368
2025-03-22 00:00:00,25025.43,0,5,3,81,1,0.2741413496768487,0.6121658066323142
2025-03-22 01:00:00,24256.8,1,5,3,81,1,0.23895203479787994,0.593363771903968
2025-03-22 02:00:00,23484.58,2,5,3,81,1,0.20359836302363593,0.5744739194939353
2025-03-22 03:00:00,23127.66,3,5,3,81,1,0.18725789977525686,0.5657430317648051
2025-03-22 04:00:00,22829.21,4,5,3,81,1,0.17359430217221214,0.558442422544927
2025-03-22 05:00:00,22899.08,5,5,3,81,1,0.17679308107830954,0.5601515650015961
2025-03-22 06:00:00,22910.52,6,5,3,81,1,0.17731682561367162,0.5604314074190041
2025-03-22 07:00:00,23408.63,7,5,3,81,1,0.20012123037846502,0.5726160495986439
2025-03-22 08:00:00,24170.22,8,5,3,81,1,0.23498824092798018,0.591245873608585
2025-03-22 09:00:00,25496.88,9,5,3,81,1,0.2957252099212965,0.6236982985629945
2025-03-22 10:00:00,25775.02,10,5,3,81,1,0.3084589778466134,0.6305020896449743
2025-03-22 11:00:00,26480.03,11,5,3,81,1,0.3407356504756049,0.6477478678527353
2025-03-22 12:00:00,27323.5,12,5,3,81,1,0.3793512801296176,0.6683806199341245
2025-03-22 13:00:00,27446.06,13,5,3,81,1,0.3849623055014694,0.6713786519863553
2025-03-22 14:00:00,27640.06,14,5,3,81,1,0.3938439873074358,0.6761242314423993
2025-03-22 15:00:00,27731.14,15,5,3,81,1,0.39801379956974203,0.6783522076117626
2025-03-22 16:00:00,26740.73,16,5,3,81,1,0.3526709826756845,0.6541250460186667
2025-03-22 17:00:00,26739.9,17,5,3,81,1,0.3526329837277518,0.6541047427663549
2025-03-22 18:00:00,26711.48,18,5,3,81,1,0.3513318631250426,0.6534095398377942
2025-03-22 19:00:00,27086.14,19,5,3,81,1,0.36848449665815275,0.6625743790079047
2025-03-22 20:00:00,27166.91,20,5,3,81,1,0.37218229789252344,0.6645501545371042
2025-03-22 21:00:00,26894.99,21,5,3,81,1,0.35973329316737723,0.657898515538715
2025-03-22 22:00:00,26543.78,22,5,3,81,1,0.3436542443680294,0.6493073044007911
2025-03-22 23:00:00,25254.73,23,5,3,81,1,0.28463913131658114,0.6177748858553601
2025-03-23 00:00:00,24039.64,0,6,3,82,1,0.2290100449989951,0.5880516583231715
2025-03-23 01:00:00,23272.79,1,6,3,82,1,0.1939022218396894,0.5692931655094221
2025-03-23 02:00:00,22399.37,2,6,3,82,1,0.1539154253295493,0.5479277840223189
2025-03-23 03:00:00,22019.67,3,6,3,82,1,0.13653205119694392,0.5386396576333501
2025-03-23 04:00:00,21956.25,4,6,3,82,1,0.13362856531996262,0.5370882934627197
2025-03-23 05:00:00,21879.16,5,6,3,82,1,0.13009924134871548,0.5352025371726865
2025-03-23 06:00:00,21835.42,6,6,3,82,1,0.12809674257452483,0.5341325802375969
2025-03-23 07:00:00,22031.01,7,6,3,82,1,0.13705121754580815,0.5389170538757807
2025-03-23 08:00:00,22721.29,8,6,3,82,1,0.16865352330365607,0.5558025105093792
2025-03-23 09:00:00,23565.17,9,6,3,82,1,0.20728792352231015,0.5764452919081754
2025-03-23 10:00:00,24507.69,10,6,3,82,1,0.25043824690251343,0.5995009803046221
2025-03-23 11:00:00,25368.22,11,6,3,82,1,0.28983491517307153,0.6205510498371459
2025-03-23 12:00:00,25904.42,12,6,3,82,1,0.3143831511749228,0.6336674400656552
2025-03-23 13:00:00,26399.28,13,6,3,82,1,0.3370387648785338,0.6457725815585315
2025-03-23 14:00:00,26634.53,14,6,3,82,1,0.34780894861489253,0.6515272081927291
2025-03-23 15:00:00,26585.49,15,6,3,82,1,0.3455638059563123,0.6503276039838406
2025-03-23 16:00:00,26175.9,16,6,3,82,1,0.3268120118794784,0.6403083158941443
2025-03-23 17:00:00,26567.88,17,6,3,82,1,0.3447575873140284,0.6498968325703306
2025-03-23 18:00:00,26322.34,18,6,3,82,1,0.3335163081870336,0.6438904945309643
2025-03-23 19:00:00,26689.8,19,6,3,82,1,0.35033931229229337,0.6528792091027062
2025-03-23 20:00:00,26717.04,20,6,3,82,1,0.3515864102943271,0.6535455471665343
2025-03-23 21:00:00,26771.17,21,6,3,82,1,0.3540645826456515,0.6548696616817697
2025-03-23 22:00:00,25907.47,22,6,3,82,1,0.31452278586310956,0.6337420484024643
2025-03-23 23:00:00,24736.29,23,6,3,82,1,0.2609039812367605,0.6050929363028267
2025-03-24 00:00:00,23477.64,0,0,3,83,0,0.2032806368806801,0.5743041549505077
2025-03-24 01:00:00,22821.19,1,0,3,83,0,0.17322713161507888,0.5582462393117441
2025-03-24 02:00:00,22327.8,2,0,3,83,0,0.1506388172529874,0.546177056591035
2025-03-24 03:00:00,22210.19,3,0,3,83,0,0.1452544121127827,0.5433001102001827
2025-03-24 04:00:00,22482.26,4,0,3,83,0,0.15771028411767585,0.5499554184610379
2025-03-24 05:00:00,22595.09,5,0,3,83,0,0.16287585194327997,0.5527154376879733
2025-03-24 06:00:00,23030.29,6,0,3,83,0,0.1828001195822314,0.563361191189367
2025-03-24 07:00:00,24079.85,7,0,3,83,0,0.230850933789809,0.5890352652815608
2025-03-24 08:00:00,26029.03,8,0,3,83,0,0.320088029369982,0.6367156187049215
2025-03-24 09:00:00,27734.6,9,0,3,83,0,0.39817220482257004,0.6784368452659787
2025-03-24 10:00:00,28602.03,10,0,3,83,0,0.43788476796148457,0.6996557008719391
2025-03-24 11:00:00,29644.2,11,0,3,83,0,0.48559725418686606,0.7251490026333074
2025-03-24 12:00:00,29505.09,12,0,3,83,0,0.4792285389496084,0.7217461286223265
2025-03-24 13:00:00,30470.77,13,0,3,83,0,0.5234391703227301,0.7453683511435256
2025-03-24 14:00:00,31212.77,14,0,3,83,0,0.5574093141373025,0.7635189694754055
2025-03-24 15:00:00,31142.81,15,0,3,83,0,0.5542064148633572,0.7618076254612569
2025-03-24 16:00:00,30505.225,16,0,3,83,0,0.5250165844805886,0.7462111807319689
2025-03-24 17:00:00,29867.64,17,0,3,83,0,0.49582675409782023,0.730614736002681
2025-03-24 18:00:00,29548.08,18,0,3,83,0,0.4811967013250646,0.722797739245086
2025-03-24 19:00:00,29363.1,19,0,3,83,0,0.4727279719412105,0.7182728047719981
2025-03-24 20:00:00,28800.48,20,0,3,83,0,0.44697017906660846,0.7045101351144748
2025-03-24 21:00:00,28238.58,21,0,3,83,0,0.4212453491347915,0.6907650779167885
2025-03-24 22:00:00,27423.29,22,0,3,83,0,0.3839198524358928,0.6708216579440144
2025-03-24 23:00:00,26136.28,23,0,3,83,0,0.32499813438900205,0.6393391413681212
2025-03-25 00:00:00,24562.05,0,1,3,84,0,0.25292694908278324,0.6008307210223054
2025-03-25 01:00:00,23852.77,1,1,3,84,0,0.22045478789033052,0.5834804911430119
2025-03-25 02:00:00,23460.38,2,1,3,84,0,0.20249044189113904,0.5738819451494185
2025-03-25 03:00:00,23488.12,3,1,3,84,0,0.2037604308256622,0.5745605140881332
2025-03-25 04:00:00,23529.96,4,1,3,84,0,0.20567594405639225,0.5755839936986532
2025-03-25 05:00:00,23550.05,5,1,3,84,0,0.20659570172382458,0.5760754302516012
2025-03-25 06:00:00,23899.31,6,1,3,84,0,0.2225854758864629,0.584618940977467
2025-03-25 07:00:00,24616.65,7,1,3,84,0,0.2554266389106481,0.6021663325599343
2025-03-25 08:00:00,26817.25,8,1,3,84,0,0.3561742109838935,0.6559968591113291
2025-03-25 09:00:00,28823.21,9,1,3,84,0,0.4480108008575859,0.7050661506868248
2025-03-25 10:00:00,29515.14,10,1,3,84,0,0.4796886466926494,0.7219919692075494
2025-03-25 11:00:00,31056.07,11,1,3,84,0,0.5502352958950606,0.7596858132859101
2025-03-25 12:00:00,31379.85,12,1,3,84,0,0.5650585481380286,0.7676060386275491
2025-03-25 13:00:00,31530.73,13,1,3,84,0,0.5719661159260916,0.7712968274333631
2025-03-25 14:00:00,32300.55,14,1,3,84,0,0.6072099112243856,0.7901279716439397
2025-03-25 15:00:00,31518.0,15,1,3,84,0,0.5713833127849063,0.7709854293587475
2025-03-25 16:00:00,31132.33,16,1,3,84,0,0.5537266209183751,0.7615512663236315
2025-03-25 17:00:00,30643.88,17,1,3,84,0,0.5313644689692809,0.7496029246468029
2025-03-25 18:00:00,30260.93,18,1,3,84,0,0.513832303775493,0.7402352975710705
2025-03-25 19:00:00,30021.68,19,1,3,84,0,0.5028789925792175,0.7343828239377791
2025-03-25 20:00:00,29400.35,20,1,3,84,0,0.47443334641168605,0.719184004951058
2025-03-25 21:00:00,28807.33,21,1,3,84,0,0.44728378484171616,0.7046776981004228
2025-03-25 22:00:00,27870.72,22,1,3,84,0,0.40440403228354,0.6817665786451371
2025-03-25 23:00:00,26221.57,23,1,3,84,0,0.32890286965307874,0.6414254840062964
2025-03-26 00:00:00,24922.9,0,2,3,85,0,0.2694473350605306,0.6096577434280451
2025-03-26 01:00:00,24433.17,1,2,3,85,0,0.24702658232426283,0.5976780907115066
2025-03-26 02:00:00,23960.4,2,2,3,85,0,0.22538229001804272,0.5861133092711255
2025-03-26 03:00:00,23809.21,3,2,3,85,0,0.21846052985183614,0.5824149373228816
2025-03-26 04:00:00,23930.0,4,2,3,85,0,0.22399052132267475,0.5853696720780134
2025-03-26 05:00:00,23864.65,5,2,3,85,0,0.22099867644628354,0.5837710967303202
2025-03-26 06:00:00,24182.63,6,2,3,85,0,0.23555639387237215,0.5915494439232732
2025-03-26 07:00:00,24813.28,7,2,3,85,0,0.26442872702150966,0.6069762464178825
2025-03-26 08:00:00,26948.94,8,2,3,85,0,0.3622032247830054,0.6592182269389911
2025-03-26 09:00:00,28931.97,9,2,3,85,0,0.4529900364927246,0.7077266105921822
2025-03-26 10:00:00,30076.57,10,2,3,85,0,0.5053919591479262,0.7357255293828423
2025-03-26 11:00:00,31258.04,11,2,3,85,0,0.5594818591649113,0.7646263528876484
2025-03-26 12:00:00,31953.04,12,2,3,85,0,0.591300255325461,0.7816272689801774
2025-03-26 13:00:00,32323.2,13,2,3,85,0,0.6082468704661647,0.7906820302763077
2025-03-26 14:00:00,33070.04,14,2,3,85,0,0.6424385985072365,0.8089510434770909
2025-03-26 15:00:00,32796.5,15,2,3,85,0,0.6299154271608239,0.8022597764440688
2025-03-26 16:00:00,32382.06,16,2,3,85,0,0.6109415910388409,0.7921218488679713
2025-03-26 17:00:00,31348.12,17,2,3,85,0,0.5636058895622383,0.7668298673072383
2025-03-26 18:00:00,30843.38,18,2,3,85,0,0.5404979510326329,0.7544830437266008
2025-03-26 19:00:00,30703.9,19,2,3,85,0,0.534112296505333,0.7510711188682038
2025-03-26 20:00:00,30130.8,20,2,3,85,0,0.5078747096857487,0.7370520900730549
2025-03-26 21:00:00,29421.07,21,2,3,85,0,0.47538194665405525,0.7196908524063634
2025-03-26 22:00:00,28405.21,22,2,3,85,0,0.42887398129627685,0.6948411392815339
2025-03-26 23:00:00,26921.03,23,2,3,85,0,0.3609254529314357,0.6585354995028149
2025-03-27 00:00:00,25464.46,0,3,3,86,0,0.29424096185867044,0.6229052486353401
2025-03-27 01:00:00,25099.35,1,3,3,86,0,0.2775255451361117,0.6139740191755656
2025-03-27 02:00:00,24730.55,2,3,3,86,0,0.2606411933317798,0.6049525258591272
2025-03-27 03:00:00,24940.85,3,3,3,86,0,0.27026911953690724,0.610096831836478
2025-03-27 04:00:00,24893.8,4,3,3,86,0,0.26811508278963553,0.6089459065096385
2025-03-27 05:00:00,24659.0,5,3,3,86,0,0.2573655008925175,0.6032022876628388
2025-03-27 06:00:00,24848.74,6,3,3,86,0,0.2660521519536725,0.6078436600648481
2025-03-27 07:00:00,26031.88,7,3,3,86,0,0.32021850768517285,0.6367853346917759
2025-03-27 08:00:00,28201.47,8,3,3,86,0,0.41954638412541306,0.6898573023826967
2025-03-27 09:00:00,30288.0,9,3,3,86,0,0.5150716188604803,0.7408974771374371
2025-03-27 10:00:00,31272.04,10,3,3,86,0,0.5601228052746202,0.7649688173844763
2025-03-27 11:00:00,32320.3,11,3,3,86,0,0.608114103057725,0.7906110912019647
2025-03-27 12:00:00,32356.29,12,3,3,86,0,0.6097617923783267,0.7914914695763102
2025-03-27 13:00:00,33269.81,13,3,3,86,0,0.6515844416741328,0.8138377672293275
2025-03-27 14:00:00,34306.16,14,3,3,86,0,0.6990304774453354,0.8391887016070148
2025-03-27 15:00:00,33796.57,15,3,3,86,0,0.6757004968705805,0.826723238539976
2025-03-27 16:00:00,32949.65,16,3,3,86,0,0.6369269197823897,0.8060060934218686
2025-03-27 17:00:00,32336.17,17,3,3,86,0,0.608840661254945,0.790999299170869
2025-03-27 18:00:00,31605.84,18,3,3,86,0,0.57540479180468,0.773134149458845
2025-03-27 19:00:00,31180.67,19,3,3,86,0,0.5559397162714699,0.7627337473076786
2025-03-27 20:00:00,30450.06,20,3,3,86,0,0.5224910278990108,0.744861748305718
2025-03-27 21:00:00,29773.25,21,3,3,86,0,0.4915054038624328,0.7283057914415676
2025-03-27 22:00:00,28659.15,22,3,3,86,0,0.4404998280890971,0.701052956018997
2025-03-27 23:00:00,27223.64,23,3,3,86,0,0.3747795030927939,0.6659378696017505
2025-03-28 00:00:00,25743.2,0,4,3,87,0,0.30700219890297503,0.6297237167671841
2025-03-28 01:00:00,25134.87,1,4,3,87,0,0.2791517169801732,0.6148429005275176
2025-03-28 02:00:00,24875.87,2,4,3,87,0,0.2672942139505583,0.6085073073362011
2025-03-28 03:00:00,24634.13,3,4,3,87,0,0.25622690591048464,0.6025939239459738
2025-03-28 04:00:00,24565.11,4,4,3,87,0,0.2530670415896197,0.6009055739766122
2025-03-28 05:00:00,24745.32,5,4,3,87,0,0.2613173914775227,0.6053138259032806
2025-03-28 06:00:00,24746.82,6,4,3,87,0,0.26138606427499156,0.6053505185279408
2025-03-28 07:00:00,26004.27,7,4,3,87,0,0.3189544703930969,0.6361099457805316
2025-03-28 08:00:00,28291.41,8,4,3,87,0,0.423664005061643,0.6920573921573184
2025-03-28 09:00:00,29763.11,9,4,3,87,0,0.49104117575154366,0.7280577492988651
2025-03-28 10:00:00,30621.67,10,4,3,87,0,0.5303476537480926,0.7490596291843351
2025-03-28 11:00:00,31155.79,11,4,3,87,0,0.5548006634707873,0.7621251389733159
2025-03-28 12:00:00,30911.43,12,4,3,87,0,0.543613406944468,0.7561476657986822
2025-03-28 13:00:00,31589.39,13,4,3,87,0,0.574651680125772,0.7727317536750721
2025-03-28 14:00:00,31854.96,14,4,3,87,0,0.5868099700083002,0.7792280605624
2025-03-28 15:00:00,31155.69,15,4,3,87,0,0.5547960852842893,0.7621226927983386
2025-03-28 16:00:00,30906.81,16,4,3,87,0,0.5434018947282641,0.756034652514729
2025-03-28 17:00:00,29918.58,17,4,3,87,0,0.4981588822998612,0.7318608175361392
2025-03-28 18:00:00,29358.45,18,4,3,87,0,0.4725150862690573,0.7181590576355518
2025-03-28 19:00:00,29031.11,19,4,3,87,0,0.4575288505867633,0.7101517484647194
2025-03-28 20:00:00,28343.2,20,4,3,87,0,0.4260350478489162,0.693324266178084
2025-03-28 21:00:00,27634.93,21,4,3,87,0,0.39360912634009243,0.6759987426660616
2025-03-28 22:00:00,27121.0,22,4,3,87,0,0.370080452471328,0.6634271156050063
2025-03-28 23:00:00,25796.88,23,4,3,87,0,0.3094597694150589,0.6310368234950214
2025-03-29 00:00:00,24634.41,0,5,3,88,1,0.25623972483267876,0.6026007732359103
2025-03-29 01:00:00,23959.45,1,5,3,88,1,0.22533879724631245,0.5860900706088407
2025-03-29 02:00:00,23465.66,2,5,3,88,1,0.20273217013822922,0.5740111031882221
2025-03-29 03:00:00,23151.16,3,5,3,88,1,0.18833377360226825,0.5663178828844806
2025-03-29 04:00:00,23096.6,4,5,3,88,1,0.1858359150490026,0.5649832498168426
2025-03-29 05:00:00,23086.46,5,5,3,88,1,0.18537168693811346,0.5647352076741401
2025-03-29 06:00:00,23156.17,6,5,3,88,1,0.188563140745814,0.5664404362508454
2025-03-29 07:00:00,23411.58,7,5,3,88,1,0.20025628688015373,0.5726882117604755
2025-03-29 08:00:00,24206.67,8,5,3,88,1,0.2366569899064722,0.5921375043878263
2025-03-29 09:00:00,25459.66,9,5,3,88,1,0.2940212089067703,0.6227878322364276
2025-03-29 10:00:00,26220.13,10,5,3,88,1,0.32883694376750877,0.6413902590866227
2025-03-29 11:00:00,27064.63,11,5,3,88,1,0.36749972874245007,0.6620482067702785
2025-03-29 12:00:00,26703.58,12,5,3,88,1,0.35097018639170696,0.6532162920145841
2025-03-29 13:00:00,26848.92,13,5,3,88,1,0.3576241226477849,0.6567715627266534
2025-03-29 14:00:00,27507.91,14,5,3,88,1,0.3877939138504334,0.6728916112098414
2025-03-29 15:00:00,27274.49,15,5,3,88,1,0.3771075109269867,0.667181749577729
2025-03-29 16:00:00,27045.27,16,5,3,88,1,0.3666133918364526,0.661574627294665
2025-03-29 17:00:00,26690.34,17,5,3,88,1,0.3503640344993822,0.6528924184475839
2025-03-29 18:00:00,27116.37,18,5,3,88,1,0.3698684824364742,0.6633138577035553
2025-03-29 19:00:00,27004.52,19,5,3,88,1,0.3647477808385498,0.660577810991398
2025-03-29 20:00:00,26702.49,20,5,3,88,1,0.35092028415887966,0.6531896287073311
2025-03-29 21:00:00,26687.82,21,5,3,88,1,0.3502486641996346,0.6528307748381549
2025-03-29 22:00:00,26223.15,22,5,3,88,1,0.328975204999746,0.6414641335709385
2025-03-29 23:00:00,24919.92,23,5,3,88,1,0.2693109051028924,0.6095848474137203
2025-03-30 00:00:00,23665.54,0,6,3,89,1,0.21188304931027338,0.5789005177329339
2025-03-30 01:00:00,22915.7,1,6,3,89,1,0.17755397567426393,0.5605581192828304
2025-03-30 02:00:00,22056.49,2,6,3,89,1,0.13821773946547852,0.5395403392600077
2025-03-30 03:00:00,21766.65,3,6,3,89,1,0.12494832371990483,0.5324503457056787
2025-03-30 04:00:00,21457.2,4,6,3,89,1,0.11078112560208883,0.5248806572382929
2025-03-30 05:00:00,21756.43,5,6,3,89,1,0.12448043305981726,0.5322003466229943
2025-03-30 06:00:00,21848.64,6,6,3,89,1,0.12870197882955,0.5344559645696016
2025-03-30 07:00:00,22038.29,7,6,3,89,1,0.1373845095228569,0.5390951354141313
2025-03-30 08:00:00,22555.44,8,6,3,89,1,0.16106060099685432,0.551745529309457
2025-03-30 09:00:00,23509.62,9,6,3,89,1,0.20474474092271516,0.5750864417082618
2025-03-30 10:00:00,24702.4,10,6,3,89,1,0.2593524338326152,0.6042639276030054
2025-03-30 11:00:00,25179.29,11,6,3,89,1,0.28118534742254975,0.6159294914524531
2025-03-30 12:00:00,26986.22,12,6,3,89,1,0.3639099727094304,0.6601301609705444
2025-03-30 13:00:00,26610.65,13,6,3,89,1,0.34671567767918915,0.6509430616081399
2025-03-30 14:00:00,26282.25,14,6,3,89,1,0.33168091322001714,0.6429098229825477
2025-03-30 15:00:00,25247.83,15,6,3,89,1,0.2843232364482247,0.6176060997819235
2025-03-30 16:00:00,25476.65,16,6,3,89,1,0.2947990427927671,0.6232034373650782
2025-03-30 17:00:00,25824.81,17,6,3,89,1,0.3107384569039282,0.6317200401661931
2025-03-30 18:00:00,26559.11,18,6,3,89,1,0.34435608035816073,0.6496823030248177
2025-03-30 19:00:00,26669.1,19,6,3,89,1,0.34939162768722376,0.6523728508823964
2025-03-30 20:00:00,26784.13,20,6,3,89,1,0.3546579156157822,0.6551866859588333
2025-03-30 21:00:00,26647.72,21,6,3,89,1,0.3484128114139684,0.6518498586722407
2025-03-30 22:00:00,26128.41,22,6,3,89,1,0.32463783111161576,0.6391466273974044
2025-03-30 23:00:00,24699.06,23,6,3,89,1,0.2591995224035846,0.6041822253587621
2025-03-31 00:00:00,23632.58,0,0,3,90,0,0.21037407904055871,0.578094258460402
2025-03-31 01:00:00,23173.89,1,0,3,90,0,0.18937439539324563,0.5668738984568304
2025-03-31 02:00:00,22689.1,2,0,3,90,0,0.16717980506997526,0.5550150867841727
2025-03-31 03:00:00,22674.04,3,0,3,90,0,0.1664903301833885,0.554646692832585
2025-03-31 04:00:00,22679.85,4,0,3,90,0,0.16675632281891759,0.5547888155987686
2025-03-31 05:00:00,22738.32,5,0,3,90,0,0.16943318846425195,0.5562190941080206
2025-03-31 06:00:00,23040.52,6,0,3,90,0,0.1832684680609687,0.5636114348895491
2025-03-31 07:00:00,24263.27,7,0,3,90,0,0.23924824346429546,0.5935220394250021
2025-03-31 08:00:00,26442.39,8,0,3,90,0,0.3390124210777875,0.6468271275912637
2025-03-31 09:00:00,27983.9,9,0,3,90,0,0.4095856237618868,0.6845351594844931
2025-03-31 10:00:00,28845.53,10,0,3,90,0,0.4490326520839218,0.7056121369417675
2025-03-31 11:00:00,29536.11,11,0,3,90,0,0.4806486924012634,0.7225049321002981
2025-03-31 12:00:00,28763.09,12,0,3,90,0,0.4452583951350359,0.7035955102904465
2025-03-31 13:00:00,29807.71,13,0,3,90,0,0.4930830469296163,0.7291487433387597
2025-03-31 14:00:00,29916.18,14,0,3,90,0,0.49804900582391104,0.731802109336683
2025-03-31 15:00:00,29824.97,15,0,3,90,0,0.4938732419191575,0.7295709531398491
2025-03-31 16:00:00,29599.09,16,0,3,90,0,0.48353203425765395,0.7240455331010283
2025-03-31 17:00:00,29130.78,17,0,3,90,0,0.4620919290692409,0.7125898510646365
2025-03-31 18:00:00,29393.64,18,0,3,90,0,0.47412615009767556,0.7190198666100784
2025-03-31 19:00:00,29248.01,19,0,3,90,0,0.4674589371007534,0.7154575019905748
2025-03-31 20:00:00,29004.83,20,0,3,90,0,0.4563257031751098,0.7095088936806739
2025-03-31 21:00:00,28556.46,21,0,3,90,0,0.43579848837438206,0.6985409789347642
2025-03-31 22:00:00,27771.16,22,0,3,90,0,0.39984598980620994,0.679331166837695
2025-03-31 23:00:00,26271.41,23,0,3,90,0,0.3311846378036425,0.6426446576150038
2025-04-01 00:00:00,24911.47,0,1,4,91,0,0.2689240483438182,0.609378145628135
2025-04-01 01:00:00,24036.59,1,1,4,91,0,0.22887041031080854,0.5879770499863626
2025-04-01 02:00:00,23901.94,2,1,4,91,0,0.2227058821913581,0.5846832753793711
2025-04-01 03:00:00,23909.52,3,1,4,91,0,0.22305290872790057,0.5848686954426537
2025-04-01 04:00:00,24183.86,4,1,4,91,0,0.23561270556629654,0.5915795318754946
2025-04-01 05:00:00,24317.26,5,1,4,91,0,0.24172000635452282,0.5948427292952692
2025-04-01 06:00:00,24401.74,6,1,4,91,0,0.24558765830796647,0.596909257916128
2025-04-01 07:00:00,25128.82,7,1,4,91,0,0.27887473669704904,0.6146949069413884
2025-04-01 08:00:00,26837.81,8,1,4,91,0,0.3571154861278661,0.6564997926866707
2025-04-01 09:00:00,28176.79,9,1,4,91,0,0.4184164876977262,0.6892535863982886
2025-04-01 10:00:00,28726.02,10,1,4,91,0,0.4435612614002567,0.7026887132263457
2025-04-01 11:00:00,29430.86,11,1,4,91,0,0.4758301511122018,0.7199303329366453
2025-04-01 12:00:00,30208.55,12,1,4,91,0,0.5114342496878821,0.7389539911179386
2025-04-01 13:00:00,30158.85,13,1,4,91,0,0.5091588909984154,0.7377382421541995
2025-04-01 14:00:00,29976.19,14,1,4,91,0,0.5007963755413133,0.7332700589405861
2025-04-01 15:00:00,29340.22,15,1,4,91,0,0.47168048287048636,0.7177131199371822
2025-04-01 16:00:00,29658.93,16,1,4,91,0,0.48627162105800975,0.7255093242074698
2025-04-01 17:00:00,29600.92,17,1,4,91,0,0.4836158150705658,0.7240902981031135
2025-04-01 18:00:00,29472.81,18,1,4,91,0,0.4777507003480796,0.7209565033396403
2025-04-01 19:00:00,29575.49,19,1,4,91,0,0.4824515822441447,0.7234682358063754
2025-04-01 20:00:00,29161.29,20,1,4,91,0,0.46348873376975663,0.7133361790502236
2025-04-01 21:00:00,28948.06,21,1,4,91,0,0.4537266667002401,0.7081202001460366
2025-04-01 22:00:00,28113.78,22,1,4,91,0,0.4155317723853862,0.6877122515450652
2025-04-01 23:00:00,26428.39,23,1,4,91,0,0.33837147496807857,0.6464846630944358
2025-04-02 00:00:00,25135.12,0,2,4,92,0,0.27916316244641803,0.6148490159649609
2025-04-02 01:00:00,24842.25,1,2,4,92,0,0.2657550276499574,0.6076849033088185
2025-04-02 02:00:00,23978.29,2,2,4,92,0,0.22620132758252073,0.586550929974572
2025-04-02 03:00:00,23703.35,3,2,4,92,0,0.21361406162513713,0.579825416491867
2025-04-02 04:00:00,23464.29,4,2,4,92,0,0.20266944898320774,0.5739775905910326
2025-04-02 05:00:00,23805.72,5,2,4,92,0,0.2183007511430588,0.5823295658161725
2025-04-02 06:00:00,23985.86,6,2,4,92,0,0.22654789630041333,0.5867361054203568
2025-04-02 07:00:00,24874.95,7,2,4,92,0,0.2672520946347775,0.6084848025264095
2025-04-02 08:00:00,26673.94,8,2,4,92,0,0.34961321191372313,0.6524912457512998
2025-04-02 09:00:00,28304.39,9,2,4,92,0,0.4242582536690731,0.6923749056693774
2025-04-02 10:00:00,28616.53,10,2,4,92,0,0.4385486050036831,0.7000103962436537
2025-04-02 11:00:00,28890.89,11,2,4,92,0,0.45110931747937866,0.70672172191149
2025-04-02 12:00:00,29220.23,12,2,4,92,0,0.4661871168916311,0.7147779545818692
2025-04-02 13:00:00,29900.48,13,2,4,92,0,0.49733023054373743,0.7314180598652402
2025-04-02 14:00:00,30210.91,14,2,4,92,0,0.5115422948892331,0.7390117208474039
2025-04-02 15:00:00,29437.6,15,2,4,92,0,0.4761387208821615,0.7200952051301182
2025-04-02 16:00:00,29096.92,16,2,4,92,0,0.4605417551210449,0.7117615762173083
2025-04-02 17:00:00,28941.94,17,2,4,92,0,0.4534464816865672,0.7079704942374232
2025-04-02 18:00:00,28831.03,18,2,4,92,0,0.44836881504172327,0.7052574415700529
2025-04-02 19:00:00,28958.05,19,2,4,92,0,0.4541840275313823,0.7083645730262731
2025-04-02 20:00:00,28671.22,20,2,4,92,0,0.4410524151993961,0.7013482093387622
2025-04-02 21:00:00,28219.25,21,2,4,92,0,0.4203603856847433,0.6902922322936682
2025-04-02 22:00:00,27275.74,22,2,4,92,0,0.37716473825821073,0.6672123267649458
2025-04-02 23:00:00,25887.74,23,2,4,92,0,0.3136195096670698,0.6332594180794346
2025-04-03 00:00:00,24509.13,0,3,4,93,0,0.2505041727880836,0.5995362052242958
2025-04-03 01:00:00,24232.15,1,3,4,93,0,0.23782351182614256,0.5927607897720532
2025-04-03 02:00:00,23061.62,2,3,4,93,0,0.1842344654120299,0.5641275778097683
2025-04-03 03:00:00,22998.13,3,3,4,93,0,0.18132777480450007,0.5625745013166537
2025-04-03 04:00:00,22696.41,4,3,4,93,0,0.16751447050297333,0.5551939021750164
2025-04-03 05:00:00,22672.68,5,3,4,93,0,0.16642806684701675,0.5546134248528931
2025-04-03 06:00:00,22460.61,6,3,4,93,0,0.15671910674087608,0.5494258215784433
2025-04-03 07:00:00,22819.33,7,3,4,93,0,0.1731419773462177,0.5582007404571656
2025-04-03 08:00:00,23584.17,8,3,4,93,0,0.2081577789569151,0.5769100651538704
2025-04-03 09:00:00,24511.44,9,3,4,93,0,0.2506099288961855,0.5995927118662725
2025-04-03 10:00:00,25131.69,10,3,4,93,0,0.27900613064953933,0.6147651121632381
2025-04-03 11:00:00,26541.67,11,3,4,93,0,0.3435576446329232,0.6492556901087692
2025-04-03 12:00:00,26401.18,12,3,4,93,0,0.3371257504219944,0.645819058883101
2025-04-03 13:00:00,26513.36,13,3,4,93,0,0.34226156003536196,0.6485631779726836
2025-04-03 14:00:00,27246.21,14,3,4,93,0,0.3758127997853746,0.6664899712941366
2025-04-03 15:00:00,27394.68,15,3,4,93,0,0.3826100332788377,0.6701218072829968
2025-04-03 16:00:00,26465.07,16,3,4,93,0,0.34005075377551597,0.6473819200761249
2025-04-03 17:00:00,25960.95,17,3,4,93,0,0.3169712000021976,0.6350502627803469
2025-04-03 18:00:00,26455.31,18,3,4,93,0,0.33960392277331897,0.6471431733983364
2025-04-03 19:00:00,26634.26,19,3,4,93,0,0.3477965875113481,0.6515206035202904
2025-04-03 20:00:00,26417.72,20,3,4,93,0,0.33788298246875054,0.6462236562243534
2025-04-03 21:00:00,26575.84,21,3,4,93,0,0.34512201095926287,0.650091548098527
2025-04-03 22:00:00,25552.43,22,3,4,93,0,0.29826839252089143,0.6250571487629082
2025-04-03 23:00:00,24252.41,23,3,4,93,0,0.23875105241062122,0.5932563848224627
2025-04-04 00:00:00,23032.26,0,4,4,94,0,0.18289030985624033,0.5634093808364206
2025-04-04 01:00:00,23121.6,1,4,4,94,0,0.18698046167348278,0.5655947935611781
2025-04-04 02:00:00,22086.49,2,4,4,94,0,0.13959119541485476,0.5402741917532103
2025-04-04 03:00:00,21738.84,3,4,4,94,0,0.123675130054833,0.5317700644444797
2025-04-04 04:00:00,21452.65,4,4,4,94,0,0.11057281811643346,0.5247693562768239
2025-04-04 05:00:00,21587.88,5,4,4,94,0,0.11676389971757177,0.5280773186986838
2025-04-04 06:00:00,21687.51,6,4,4,94,0,0.12132514692545016,0.5305144428286099
2025-04-04 07:00:00,21708.37,7,4,4,94,0,0.12228015662891646,0.5310247149288835
2025-04-04 08:00:00,22417.12,8,4,4,94,0,0.15472805343293025,0.5483619800807971
2025-04-04 09:00:00,23857.6,9,4,4,94,0,0.22067591429818,0.5835986413944175
2025-04-04 10:00:00,24779.27,10,4,4,94,0,0.26287168579356684,0.6061443023080884
2025-04-04 11:00:00,25989.35,11,4,4,94,0,0.318271404967607,0.6357449764739121
2025-04-04 12:00:00,26325.1,12,4,4,94,0,0.33364266613437615,0.6439580089603388
2025-04-04 13:00:00,26660.85,13,4,4,94,0,0.3490139273011453,0.6521710414467656
2025-04-04 14:00:00,26865.28,14,4,4,94,0,0.3583731139588448,0.6571717569529465
2025-04-04 15:00:00,26643.76,15,4,4,94,0,0.3482315152286506,0.6517529901431378
2025-04-04 16:00:00,25716.49,16,4,4,94,0,0.3057793652893804,0.629070343430736
2025-04-04 17:00:00,25440.09,17,4,4,94,0,0.2931252578091272,0.6223091157933618
2025-04-04 18:00:00,26066.23,18,4,4,94,0,0.32179111474720856,0.6376255957964929
2025-04-04 19:00:00,26370.54,19,4,4,94,0,0.33572299407903144,0.6450695508700433
2025-04-04 20:00:00,26400.03,20,4,4,94,0,0.3370731012772682,0.6457909278708615
2025-04-04 21:00:00,26330.48,21,4,4,94,0,0.33388897256796435,0.64408961317412
2025-04-04 22:00:00,25449.73,22,4,4,94,0,0.29356659498752674,0.6225449270611776
2025-04-04 23:00:00,24449.34,23,4,4,94,0,0.2477668750809767,0.5980736372053429
2025-04-05 00:00:00,23498.75,0,5,4,95,1,0.2042470920503912,0.5748205424882247
2025-04-05 01:00:00,22330.09,1,5,4,95,1,0.1507436577237898,0.5462330739980161
2025-04-05 02:00:00,21751.35,2,5,4,95,1,0.12424786118572281,0.5320760809341453
2025-04-05 03:00:00,21100.61,3,5,4,95,1,0.09445577036915298,0.516157841886588
2025-04-05 04:00:00,21183.61,4,5,4,95,1,0.09825566516242726,0.5181881671177822
2025-04-05 05:00:00,21494.4,5,5,4,95,1,0.11248421097931541,0.5257906343298643
2025-04-05 06:00:00,21565.44,6,5,4,95,1,0.11573655466743824,0.5275283970337682
2025-04-05 07:00:00,22100.66,7,5,4,95,1,0.14023992444161007,0.5406208147474997
2025-04-05 08:00:00,22928.7,8,5,4,95,1,0.17814913991899364,0.5608761220298849
2025-04-05 09:00:00,23932.42,9,5,4,95,1,0.22410131343592435,0.585428869512465
2025-04-05 10:00:00,25169.4,10,5,4,95,1,0.28073256477790537,0.615687564747194
2025-04-05 11:00:00,27288.83,11,5,4,95,1,0.3777640228707886,0.66753253106948
2025-04-05 12:00:00,26146.41,12,5,4,95,1,0.3254619046812415,0.639586938893326
2025-04-05 13:00:00,27070.11,13,5,4,95,1,0.3677506133625361,0.6621822571590368
2025-04-05 14:00:00,26322.93,14,5,4,95,1,0.3335433194873713,0.6439049269633306
2025-04-05 15:00:00,25900.53,15,5,4,95,1,0.3142050597201537,0.6335722838590366
2025-04-05 16:00:00,25920.38,16,5,4,95,1,0.31511382973999114,0.6340578495920391
2025-04-05 17:00:00,25851.3,17,5,4,95,1,0.31195121850722735,0.6323680319176911
2025-04-05 18:00:00,26375.68,18,5,4,95,1,0.3359583128650246,0.6451952842638786
2025-04-05 19:00:00,26315.49,19,5,4,95,1,0.33320270241192607,0.6437229315450164
2025-04-05 20:00:00,26433.12,20,5,4,95,1,0.3385880231894302,0.646600367170864
2025-04-05 21:00:00,26187.37,21,5,4,95,1,0.32733712987078983,0.6405888921640454
2025-04-05 22:00:00,25380.96,22,5,4,95,1,0.29041817613290655,0.6208626925292593
2025-04-05 23:00:00,24433.0,23,5,4,95,1,0.24701879940721644,0.5976739322140452
2025-04-06 00:00:00,23410.61,0,6,4,96,1,0.20021187847112384,0.5726644838631952
2025-04-06 01:00:00,22480.56,1,6,4,96,1,0.15763245494721131,0.5499138334864231
2025-04-06 02:00:00,21609.03,2,6,4,96,1,0.11773218616188191,0.5285946847063917
2025-04-06 03:00:00,21159.54,3,6,4,96,1,0.09715369567237774,0.5175993728007358
2025-04-06 04:00:00,20927.47,4,6,4,96,1,0.0865290982666529,0.5119225345308175
2025-04-06 05:00:00,21117.83,5,6,4,96,1,0.095244134084095,0.5165790732176864
2025-04-06 06:00:00,21355.47,6,6,4,96,1,0.106123736477754,0.5223921634338426
2025-04-06 07:00:00,22009.63,7,6,4,96,1,0.1360724012725528,0.538394061665625
2025-04-06 08:00:00,22744.92,8,6,4,96,1,0.16973534877311466,0.5563805416565252
2025-04-06 09:00:00,23310.05,9,6,4,96,1,0.1956080541288146,0.5702046103059798
2025-04-06 10:00:00,23891.35,10,6,4,96,1,0.22222105224122826,0.5844242254492705
2025-04-06 11:00:00,24659.32,11,6,4,96,1,0.25738015108931084,0.6032101154227663
2025-04-06 12:00:00,25617.8,12,6,4,96,1,0.30126115303458223,0.6266562133455967
2025-04-06 13:00:00,26572.33,13,6,4,96,1,0.3449613166131859,0.6500056873568223
2025-04-06 14:00:00,26714.94,14,6,4,96,1,0.3514902683778707,0.6534941774920101
2025-04-06 15:00:00,26183.64,15,6,4,96,1,0.3271663635144174,0.6404976498373904
2025-04-06 16:00:00,25745.2,16,6,4,96,1,0.3070937626329334,0.629772640266731
2025-04-06 17:00:00,25756.85,17,6,4,96,1,0.3076271213599411,0.6300576196515912
2025-04-06 18:00:00,26166.42,18,6,4,96,1,0.32637799979947535,0.6400764185062922
2025-04-06 19:00:00,26650.07,19,6,4,96,1,0.34852039879666946,0.6519073437842082
2025-04-06 20:00:00,26643.68,20,6,4,96,1,0.34822785267945233,0.6517510332031561
2025-04-06 21:00:00,26373.1,21,6,4,96,1,0.33584019565337814,0.6451321729494632
2025-04-06 22:00:00,25690.98,22,6,4,96,1,0.3046114699137607,0.6284463241940159
2025-04-06 23:00:00,24604.79,23,6,4,96,1,0.25488366599199463,0.6018762162076216
2025-04-07 00:00:00,23190.63,0,0,4,97,0,0.19014078381299765,0.5672833881480376
2025-04-07 01:00:00,23053.21,1,0,4,97,0,0.1838494399275548,0.5639218544941738
2025-04-07 02:00:00,22953.03,2,0,4,97,0,0.17926301269393768,0.5614712764018722
2025-04-07 03:00:00,22489.69,3,0,4,97,0,0.15805044337447138,0.5501371692618544
2025-04-07 04:00:00,22306.78,4,0,4,97,0,0.14967648245112442,0.5456628706107977
2025-04-07 05:00:00,22215.14,5,0,4,97,0,0.1454810323444298,0.5434211958615611
2025-04-07 06:00:00,22597.03,6,0,4,97,0,0.16296466876133958,0.5527628934825336
2025-04-07 07:00:00,23956.55,7,0,4,97,0,0.2252060298378727,0.5860191315344978
2025-04-07 08:00:00,25697.0,8,0,4,97,0,0.30488707674093557,0.6285935839276519
2025-04-07 09:00:00,28387.98,9,0,4,97,0,0.42808515976268513,0.6944196633329378
2025-04-07 10:00:00,29132.9,10,0,4,97,0,0.46218898662299696,0.7126417099741562
2025-04-07 11:00:00,30113.41,11,0,4,97,0,0.5070785630537603,0.7366267002444952
2025-04-07 12:00:00,29849.65,12,0,4,97,0,0.4950031383468444,0.7301746691242571
2025-04-07 13:00:00,30506.88,13,0,4,97,0,0.5250923534671293,0.746251664927844
2025-04-07 14:00:00,31254.17,14,0,4,97,0,0.5593046833474417,0.7645316859160252
2025-04-07 15:00:00,31805.1,15,0,4,97,0,0.5845272862204368,0.7780083977186971
2025-04-07 16:00:00,31371.87,16,0,4,97,0,0.5646932088554946,0.767410833864357
2025-04-07 17:00:00,30356.88,17,0,4,97,0,0.5182250737202482,0.7425824024618305
2025-04-07 18:00:00,30222.11,18,0,4,97,0,0.5120550517770002,0.7392856924448663
2025-04-07 19:00:00,30244.47,19,0,4,97,0,0.5130787342779354,0.7398326571698001
2025-04-07 20:00:00,29548.39,20,0,4,97,0,0.481210893703208,0.7228053223875157
2025-04-07 21:00:00,29148.48,21,0,4,97,0,0.4629022680793729,0.713022824035626
2025-04-07 22:00:00,27993.26,22,0,4,97,0,0.410014142018092,0.6847641214623723
2025-04-07 23:00:00,25998.35,23,0,4,97,0,0.31868344175241986,0.6359651322218729
2025-04-08 00:00:00,24771.94,0,1,4,98,0,0.2625361047232692,0.6059649976822492
2025-04-08 01:00:00,24646.3,1,1,4,98,0,0.25678407120728153,0.6028916234407163
2025-04-08 02:00:00,24479.58,2,1,4,98,0,0.24915131867794804,0.5988133605184913
2025-04-08 03:00:00,24268.54,3,1,4,98,0,0.2394895138927359,0.5936509528463081
2025-04-08 04:00:00,23833.31,4,1,4,98,0,0.21956387279783515,0.5830044654924211
2025-04-08 05:00:00,24098.44,5,1,4,98,0,0.2317020186597725,0.5894900092098487
2025-04-08 06:00:00,24254.97,6,1,4,98,0,0.23886825398496805,0.5933190069018827
2025-04-08 07:00:00,25203.38,7,1,4,98,0,0.2822882325498989,0.6165187750044948
2025-04-08 08:00:00,27918.65,8,1,4,98,0,0.40659835707199343,0.6829390303117773
2025-04-08 09:00:00,29242.71,9,1,4,98,0,0.46721629321636365,0.7153278547167757
2025-04-08 10:00:00,30041.21,10,1,4,98,0,0.5037731124022614,0.734860561910854
2025-04-08 11:00:00,31138.18,11,1,4,98,0,0.5539944448285035,0.7616943675598059
2025-04-08 12:00:00,31674.795,12,1,4,98,0,0.5785616803043211,0.7748209094144712
2025-04-08 13:00:00,32211.41,13,1,4,98,0,0.6031289157801389,0.7879474512691367
2025-04-08 14:00:00,31808.78,14,1,4,98,0,0.5846957634835603,0.7780984169578633
2025-04-08 15:00:00,31843.84,15,1,4,98,0,0.5863008756697314,0.7789560459049196
2025-04-08 16:00:00,31635.16,16,1,4,98,0,0.5767471160858703,0.7738513679622017
2025-04-08 17:00:00,30998.82,17,1,4,98,0,0.5476142841250009,0.7582853781113816
2025-04-08 18:00:00,30815.57,18,1,4,98,0,0.539224757367561,0.7538027624654019
2025-04-08 19:00:00,30646.38,19,1,4,98,0,0.5314789236317289,0.7496640790212364
2025-04-08 20:00:00,30234.81,20,1,4,98,0,0.5126364814622362,0.7395963566669888
2025-04-08 21:00:00,29548.8,21,1,4,98,0,0.4812296642678495,0.7228153517049227
2025-04-08 22:00:00,28296.51,22,1,4,98,0,0.4238974925730369,0.6921821470811628
2025-04-08 23:00:00,26532.43,23,1,4,98,0,0.34313462020051544,0.6490296635408628
2025-04-09 00:00:00,25233.32,0,2,4,99,0,0.2836589415873763,0.6172511597927111
2025-04-09 01:00:00,25011.83,1,2,4,99,0,0.27351871631313157,0.6118331268353957
2025-04-09 02:00:00,24946.73,2,2,4,99,0,0.270538316902985,0.6102406669251458
2025-04-09 03:00:00,24588.01,3,2,4,99,0,0.25411544629764343,0.6014657480464235
2025-04-09 04:00:00,24714.56,4,2,4,99,0,0.25990914131076237,0.6045613824802502
2025-04-09 05:00:00,25056.56,5,2,4,99,0,0.27556653913365153,0.6129273009027609
2025-04-09 06:00:00,24420.93,6,2,4,99,0,0.24646621229691743,0.59737867889428
2025-04-09 07:00:00,25914.88,7,2,4,99,0,0.3148620294826055,0.6339233099682854
2025-04-09 08:00:00,27462.16,8,2,4,99,0,0.3856993935276346,0.6717724861577073
2025-04-09 09:00:00,29633.09,9,2,4,99,0,0.485088617666947,0.7248772325933246
2025-04-09 10:00:00,30526.09,10,2,4,99,0,0.5259718230933799,0.7467215751409914
2025-04-09 11:00:00,31842.21,11,2,4,99,0,0.5862262512298153,0.778916173252789
2025-04-09 12:00:00,31703.66,12,2,4,99,0,0.579883173836946,0.7755269978216811
2025-04-09 13:00:00,33164.95,13,2,4,99,0,0.6467837553124131,0.8112727081480864
2025-04-09 14:00:00,33332.64,14,2,4,99,0,0.6544609162507765,0.8153746989675918
2025-04-09 15:00:00,32453.41,15,2,4,99,0,0.6142081271051073,0.7938671947143051
2025-04-09 16:00:00,32090.52,16,2,4,99,0,0.5975943461228025,0.7849902703390276
2025-04-09 17:00:00,31562.16,17,2,4,99,0,0.5734050399423881,0.7720656602287418
2025-04-09 18:00:00,30841.17,18,2,4,99,0,0.5403967731110287,0.7544289832596015
2025-04-09 19:00:00,30897.21,19,2,4,99,0,0.5429623888244636,0.7557998197169041
2025-04-09 20:00:00,30282.02,20,2,4,99,0,0.5147978433079046,0.740751195873792
2025-04-09 21:00:00,29796.9,21,2,4,99,0,0.4925881449691912,0.728884311823709
2025-04-09 22:00:00,28684.01,22,2,4,99,0,0.44163796525248006,0.7016610751183642
2025-04-09 23:00:00,27074.63,23,2,4,99,0,0.3679575473922421,0.6622928242680127
2025-04-10 00:00:00,25625.91,0,3,4,100,0,0.3016324439595636,0.6268545981362592
2025-04-10 01:00:00,25323.61,1,3,4,100,0,0.28779258617634906,0.6194598111797535
2025-04-10 02:00:00,25024.17,2,3,4,100,0,0.27408366452697486,0.6121349848275996
2025-04-10 03:00:00,24979.66,3,3,4,100,0,0.27204591371675035,0.6110461923451846
2025-04-10 04:00:00,24991.28,4,3,4,100,0,0.2725778989878087,0.6113304378775518
2025-04-10 05:00:00,25023.42,5,3,4,100,0,0.27404932812824045,0.6121166385152695
2025-04-10 06:00:00,25269.49,6,3,4,100,0,0.28531487164367436,0.6181359412820159
2025-04-10 07:00:00,26395.37,7,3,4,100,0,0.3368597577864651,0.6456769361169173
2025-04-10 08:00:00,28258.03,8,3,4,100,0,0.42213580640863696,0.6912408589498815
2025-04-10 09:00:00,30581.34,9,3,4,100,0,0.5285012711334811,0.7480730868159731
2025-04-10 10:00:00,30746.11,10,3,4,100,0,0.5360447490261053,0.7521036493261399
2025-04-10 11:00:00,32030.9,11,3,4,100,0,0.5948648313327421,0.7835318608175361
2025-04-10 12:00:00,31845.8,12,3,4,100,0,0.5863906081250907,0.7790039909344755
2025-04-10 13:00:00,32626.29,13,3,4,100,0,0.6221228959227129,0.7980961420151345
2025-04-10 14:00:00,32421.55,14,3,4,100,0,0.6127495168868697,0.7930878433665238
2025-04-10 15:00:00,31923.87,15,3,4,100,0,0.5899647983240174,0.7809137197392866
2025-04-10 16:00:00,31941.55,16,3,4,100,0,0.5907742216968498,0.7813462034752807
2025-04-10 17:00:00,32009.66,17,3,4,100,0,0.5938924245205838,0.7830122932523486
2025-04-10 18:00:00,31466.13,18,3,4,100,0,0.5690086074484347,0.769716598398
2025-04-10 19:00:00,31175.36,19,3,4,100,0,0.5556966145684304,0.7626038554163818
2025-04-10 20:00:00,30789.66,20,3,4,100,0,0.5380385492459497,0.7531689585287725
2025-04-10 21:00:00,30097.01,21,3,4,100,0,0.5063277404681011,0.736225527548211
2025-04-10 22:00:00,28702.84,22,3,4,100,0,0.4425000377700386,0.7021216898665978
2025-04-10 23:00:00,26971.86,23,3,4,100,0,0.3632525451283289,0.659778890243798
2025-04-11 00:00:00,25613.63,0,4,4,101,0,0.301070242657619,0.6265542078490417
2025-04-11 01:00:00,25579.63,1,4,4,101,0,0.29951365924832596,0.6257225083567453
2025-04-11 02:00:00,25144.21,2,4,4,101,0,0.27957931959907906,0.6150713732704014
2025-04-11 03:00:00,25068.08,3,4,4,101,0,0.27609394621821204,0.6132091002601507
2025-04-11 04:00:00,24647.06,4,4,4,101,0,0.2568188654246658,0.6029102143705442
2025-04-11 05:00:00,24772.25,5,4,4,101,0,0.2625502971014128,0.605972580824679
2025-04-11 06:00:00,24689.14,6,4,4,101,0,0.2587453663029908,0.6039395648010097
2025-04-11 07:00:00,25556.68,7,4,4,101,0,0.2984629654470531,0.6251611111994452
2025-04-11 08:00:00,27652.47,8,4,4,101,0,0.3944121402518278,0.6764278017570875
2025-04-11 09:00:00,30089.36,9,4,4,101,0,0.5059775092010104,0.7360383951624444
2025-04-11 10:00:00,30707.88,10,4,4,101,0,0.5342945083279502,0.751168476632302
2025-04-11 11:00:00,32255.36,11,4,4,101,0,0.6051410287459752,0.7890225451716787
2025-04-11 12:00:00,32369.92,12,4,4,101,0,0.6103857991979932,0.791824883225722
2025-04-11 13:00:00,33216.0,13,4,4,101,0,0.6491209195196017,0.8125214804740197
2025-04-11 14:00:00,33677.33,14,4,4,101,0,0.6702414672904599,0.8238064194969931
2025-04-11 15:00:00,33246.93,15,4,4,101,0,0.6505369526034086,0.8132780823945117
2025-04-11 16:00:00,32871.89,16,4,4,101,0,0.6333669219616064,0.8041039477594871
2025-04-11 17:00:00,31994.86,17,4,4,101,0,0.5932148529188915,0.782650259355702
2025-04-11 18:00:00,31734.69,18,4,4,101,0,0.5813037851072508,0.7762860459171504
2025-04-11 19:00:00,31373.06,19,4,4,101,0,0.5647476892748199,0.7674399433465875
2025-04-11 20:00:00,30833.67,20,4,4,101,0,0.5400534091236846,0.7542455201363008
2025-04-11 21:00:00,30077.34,21,4,4,101,0,0.5054272111839603,0.7357443649301678
2025-04-11 22:00:00,28917.96,22,4,4,101,0,0.4523486325643658,0.7073839014778566
2025-04-11 23:00:00,27216.29,23,4,4,101,0,0.3744430063851968,0.6657580757409158
2025-04-12 00:00:00,25953.81,0,5,4,102,1,0.31664431748624605,0.6348756058869647
2025-04-12 01:00:00,25680.73,1,5,4,102,1,0.30414220579772383,0.6281955912588383
2025-04-12 02:00:00,25082.42,2,5,4,102,1,0.2767504581620137,0.6135598817519016
2025-04-12 03:00:00,24830.02,3,5,4,102,1,0.2651951154412617,0.6073857361090896
2025-04-12 04:00:00,24507.21,4,5,4,102,1,0.25041627160732344,0.5994892386647309
2025-04-12 05:00:00,24352.61,5,5,4,102,1,0.24333839528153792,0.5957074521497597
2025-04-12 06:00:00,24735.76,6,5,4,102,1,0.26087971684832145,0.6050799715754467
2025-04-12 07:00:00,25208.04,7,5,4,102,1,0.282501576040702,0.616632766758439
2025-04-12 08:00:00,26222.99,8,5,4,102,1,0.32896787990134935,0.6414602196909748
2025-04-12 09:00:00,27824.15,9,5,4,102,1,0.40227197083145827,0.6806273949581888
2025-04-12 10:00:00,28278.41,10,5,4,102,1,0.42306884081691326,0.6917393894102639
2025-04-12 11:00:00,29222.64,11,5,4,102,1,0.466297451186231,0.7148369073988231
2025-04-12 12:00:00,29457.84,12,5,4,102,1,0.4770653458293408,0.7205903109455323
2025-04-12 13:00:00,30107.64,13,5,4,102,1,0.5068144016928302,0.7364855559483025
2025-04-12 14:00:00,30563.11,14,5,4,102,1,0.5276666677349102,0.7476271491176035
2025-04-12 15:00:00,29502.17,15,5,4,102,1,0.47909485590386897,0.721674700312988
2025-04-12 16:00:00,29075.53,16,5,4,102,1,0.45956248102913966,0.7112383393896549
2025-04-12 17:00:00,28973.31,17,5,4,102,1,0.4548826587909651,0.7087378593278156
2025-04-12 18:00:00,29355.33,18,5,4,102,1,0.4723722468503222,0.7180827369762587
2025-04-12 19:00:00,29234.91,19,5,4,102,1,0.4668591946695259,0.715137053068543
2025-04-12 20:00:00,28889.69,20,5,4,102,1,0.45105437924140357,0.7066923678117619
2025-04-12 21:00:00,28645.85,21,5,4,102,1,0.4398909292848735,0.7007276147470104
2025-04-12 22:00:00,28032.8,22,5,4,102,1,0.4118243569593699,0.6857313390484134
2025-04-12 23:00:00,26506.65,23,5,4,102,1,0.3419543637213515,0.6483990396317039
2025-04-13 00:00:00,25172.98,0,6,4,103,1,0.2808964638545309,0.6157751378113827
2025-04-13 01:00:00,24291.48,1,6,4,103,1,0.2405397498753589,0.5942121053861104
2025-04-13 02:00:00,23676.76,2,6,4,103,1,0.21239672183534,0.5791749785653917
2025-04-13 03:00:00,23020.25,3,6,4,103,1,0.18234046965784012,0.5631155952216418
2025-04-13 04:00:00,22833.95,4,6,4,103,1,0.17381130821221366,0.5585583712388531
2025-04-13 05:00:00,22462.62,5,6,4,103,1,0.1568111282894842,0.5494749896954879
2025-04-13 06:00:00,22410.66,6,6,4,103,1,0.1544323025851646,0.5482039571772608
2025-04-13 07:00:00,22649.1,7,6,4,103,1,0.16534853047080694,0.5540366167932358
2025-04-13 08:00:00,22959.01,8,6,4,103,1,0.17953678824651334,0.5616175576655174
2025-04-13 09:00:00,23864.02,9,6,4,103,1,0.2209698338713466,0.583755685827963
2025-04-13 10:00:00,24329.15,10,6,4,103,1,0.24226435272912575,0.5951335795000753
2025-04-13 11:00:00,24661.72,11,6,4,103,1,0.25749002756526096,0.6032688236222226
2025-04-13 12:00:00,24963.83,12,6,4,103,1,0.2713211867941296,0.6106589628462714
2025-04-13 13:00:00,25979.46,13,6,4,103,1,0.31781862232296265,0.6355030497686529
2025-04-13 14:00:00,26082.25,14,6,4,103,1,0.3225245402241755,0.6380174730278632
2025-04-13 15:00:00,25480.34,15,6,4,103,1,0.2949679778745403,0.6232937012217421
2025-04-13 16:00:00,25388.47,16,6,4,103,1,0.2907619979389005,0.6210464002700578
2025-04-13 17:00:00,25226.9,17,6,4,103,1,0.2833650220142099,0.6170941153591658
2025-04-13 18:00:00,25854.1,18,6,4,103,1,0.3120794077291691,0.6324365248170566
2025-04-13 19:00:00,26654.79,19,6,4,103,1,0.3487364891993714,0.6520228032431388
2025-04-13 20:00:00,26427.11,20,6,4,103,1,0.3383128741809053,0.6464533520547259
2025-04-13 21:00:00,26517.07,21,6,4,103,1,0.3424314107544348,0.6486539310643429
2025-04-13 22:00:00,25740.59,22,6,4,103,1,0.3068827082353792,0.6296598716002754
2025-04-13 23:00:00,24420.34,23,6,4,103,1,0.24643920099657968,0.5973642464619137
2025-04-14 00:00:00,23401.5,0,0,4,104,0,0.19979480568116323,0.5724416373227593
2025-04-14 01:00:00,22560.77,1,0,4,104,0,0.16130461833719356,0.5518759104357494
2025-04-14 02:00:00,22415.81,2,0,4,104,0,0.1546680791898076,0.548329935188594
2025-04-14 03:00:00,22128.22,3,0,4,104,0,0.14150167264043712,0.5412949805712552
2025-04-14 04:00:00,22419.61,4,0,4,104,0,0.15484205027672854,0.548422889837733
2025-04-14 05:00:00,22311.16,5,0,4,104,0,0.1498770070197334,0.5457700130748052
2025-04-14 06:00:00,22363.23,6,0,4,104,0,0.15226086872920075,0.5470437363855074
2025-04-14 07:00:00,23225.25,7,0,4,104,0,0.19172575197857777,0.5681302539251935
2025-04-14 08:00:00,25775.2,8,0,4,104,0,0.3084672185823097,0.6305064927599336
2025-04-14 09:00:00,28162.04,9,0,4,104,0,0.41774120518928287,0.6888927755891306
2025-04-14 10:00:00,29056.01,10,0,4,104,0,0.4586688190247455,0.7107608460340776
2025-04-14 11:00:00,30297.3,11,0,4,104,0,0.5154973902047868,0.74112497141033
2025-04-14 12:00:00,30894.25,12,0,4,104,0,0.5428268745041251,0.7557274129375748
2025-04-14 13:00:00,31320.75,13,0,4,104,0,0.5623528399177574,0.7661603492159398
2025-04-14 14:00:00,31418.52,14,0,4,104,0,0.5668289328567746,0.7685519744912873
2025-04-14 15:00:00,31344.18,15,0,4,104,0,0.5634255090142203,0.766733488013131
2025-04-14 16:00:00,31204.35,16,0,4,104,0,0.5570238308341775,0.7633130015423133
2025-04-14 17:00:00,30717.79,17,0,4,104,0,0.5347482066098941,0.7514108925725566
2025-04-14 18:00:00,30004.49,18,0,4,104,0,0.502092002320225,0.7339623264591739
2025-04-14 19:00:00,30095.95,19,0,4,104,0,0.5062792116912234,0.7361995980934513
2025-04-14 20:00:00,29583.64,20,0,4,104,0,0.4828247044437251,0.7236675990670288
2025-04-14 21:00:00,28972.54,21,0,4,104,0,0.45484740675493107,0.70871902378049
2025-04-14 22:00:00,27576.96,22,0,4,104,0,0.3909551516272477,0.6745806950316963
2025-04-14 23:00:00,25844.83,23,0,4,104,0,0.31165500984081196,0.6322097643966571
2025-04-15 00:00:00,24468.58,0,1,4,105,0,0.24864771816317674,0.5985442812709836
2025-04-15 01:00:00,24157.49,1,1,4,105,0,0.23440543778679487,0.5909344755339694
2025-04-15 02:00:00,23503.84,2,1,4,105,0,0.2044801217431354,0.5749450527945714
2025-04-15 03:00:00,23578.85,3,1,4,105,0,0.20791421943522573,0.5767799286450759
2025-04-15 04:00:00,23349.65,4,1,4,105,0,0.19742101598199135,0.5711732955970074
2025-04-15 05:00:00,23401.69,5,1,4,105,0,0.19980350423550922,0.5724462850552162
2025-04-15 06:00:00,23470.52,6,1,4,105,0,0.2029546700020282,0.574129987292121
2025-04-15 07:00:00,24655.59,7,1,4,105,0,0.2572093847329384,0.6031188730961115
2025-04-15 08:00:00,27140.44,8,1,4,105,0,0.3709704519265237,0.6639026520206016
2025-04-15 09:00:00,29366.32,9,1,4,105,0,0.47287538954644365,0.7183515716062685
2025-04-15 10:00:00,30638.15,10,1,4,105,0,0.53110213888295,0.7494627588206012
2025-04-15 11:00:00,32288.42,11,1,4,105,0,0.6066545772021877,0.789831250619188
2025-04-15 12:00:00,31733.01,12,1,4,105,0,0.5812268715740857,0.776244950177531
2025-04-15 13:00:00,31767.65,13,1,4,105,0,0.5828127553769656,0.7770923051896825
2025-04-15 14:00:00,32370.35,14,1,4,105,0,0.6104054853999342,0.7918354017781245
2025-04-15 15:00:00,32077.31,15,1,4,105,0,0.5969895676864272,0.7846671306245208
2025-04-15 16:00:00,31350.43,16,1,4,105,0,0.5637116456703404,0.766886373949215
2025-04-15 17:00:00,31012.35,17,1,4,105,0,0.5482337127581696,0.758616345585816
2025-04-15 18:00:00,30626.04,18,1,4,105,0,0.5305477204980518,0.7491665270308451
2025-04-15 19:00:00,30288.74,19,1,4,105,0,0.5151054974405649,0.7409155788322694
2025-04-15 20:00:00,29757.46,20,1,4,105,0,0.4907825082144111,0.7279195404126452
2025-04-15 21:00:00,29018.79,21,1,4,105,0,0.4569648180102195,0.7098503797075109
2025-04-15 22:00:00,27835.57,22,1,4,105,0,0.40279479972952076,0.6809067481406013
2025-04-15 23:00:00,26015.57,23,1,4,105,0,0.31947180546736187,0.6363863635529713
2025-04-16 00:00:00,24596.76,0,2,4,106,0,0.2545160376162115,0.6016797883569409
2025-04-16 01:00:00,24512.98,1,2,4,106,0,0.2506804329682535,0.5996303829609235
2025-04-16 02:00:00,24362.11,2,2,4,106,0,0.2437733229988404,0.5959398387726073
2025-04-16 03:00:00,23874.73,3,2,4,106,0,0.22146015764527388,0.5840176711680363
2025-04-16 04:00:00,24001.02,4,2,4,106,0,0.22724194937349812,0.5871069455469219
2025-04-16 05:00:00,23767.51,5,2,4,106,0,0.21655142608220312,0.5813948823573298
2025-04-16 06:00:00,23571.75,6,2,4,106,0,0.2075891681938734,0.5766062502216845
2025-04-16 07:00:00,24581.0,7,2,4,106,0,0.2537945154241392,0.6012942711805118
2025-04-16 08:00:00,26949.93,8,2,4,106,0,0.3622485488293348,0.6592424440712669
2025-04-16 09:00:00,29174.84,9,2,4,106,0,0.4641090780402249,0.7136676357596535
2025-04-16 10:00:00,30693.32,10,2,4,106,0,0.5336279243738529,0.750812313555601
2025-04-16 11:00:00,32123.39,11,2,4,106,0,0.5990991960246691,0.78579432805408
2025-04-16 12:00:00,32351.36,12,2,4,106,0,0.6095360877839792,0.7913708731499273
2025-04-16 13:00:00,32274.41,13,2,4,106,0,0.6060131732738291,0.7894885415048624
2025-04-16 14:00:00,32417.84,14,2,4,106,0,0.6125796661677969,0.7929970902748644
2025-04-16 15:00:00,32112.3,15,2,4,106,0,0.5985914751420496,0.7855230472490927
2025-04-16 16:00:00,32148.92,16,2,4,106,0,0.6002680070375882,0.7864188365257955
2025-04-16 17:00:00,31718.67,17,2,4,106,0,0.5805703596302839,0.7758941686857802
2025-04-16 18:00:00,31029.86,18,2,4,106,0,0.5490353532139556,0.7590446708243487
2025-04-16 19:00:00,30825.01,19,2,4,106,0,0.5396569381729647,0.754033681383263
2025-04-16 20:00:00,30257.52,20,2,4,106,0,0.5136761876159139,0.7401518830043432
2025-04-16 21:00:00,29539.16,21,2,4,106,0,0.48078832708944996,0.7225795404371069
2025-04-16 22:00:00,28334.79,22,2,4,106,0,0.4256500223644411,0.6931185428624895
2025-04-16 23:00:00,26526.95,23,2,4,106,0,0.3428837355804294,0.6488956131521044
2025-04-17 00:00:00,25166.39,0,3,4,107,0,0.2805947613643179,0.6156139348803759
2025-04-17 01:00:00,24974.96,1,3,4,107,0,0.27183073895134807,0.6109312221212495
2025-04-17 02:00:00,24533.31,2,3,4,107,0,0.2516111782832809,0.6001276903338173
2025-04-17 03:00:00,24318.14,3,3,4,107,0,0.24176029439570457,0.5948642556350698
2025-04-17 04:00:00,24466.95,4,3,4,107,0,0.24857309372326059,0.5985044086188529
2025-04-17 05:00:00,24484.43,5,3,4,107,0,0.24937336072309713,0.5989320000048923
2025-04-17 06:00:00,24316.65,6,3,4,107,0,0.24169207941688564,0.5948278076279074
2025-04-17 07:00:00,25506.27,7,3,4,107,0,0.2961551016334512,0.623927994393367
2025-04-17 08:00:00,28011.76,8,3,4,107,0,0.41086110652020735,0.6852166638331806
2025-04-17 09:00:00,29872.0,9,3,4,107,0,0.4960263630291296,0.730721389231693
2025-04-17 10:00:00,31007.29,10,3,4,107,0,0.5480020565213749,0.7584925691319626
2025-04-17 11:00:00,32530.61,11,3,4,107,0,0.6177424870815023,0.7957556417968134
2025-04-17 12:00:00,33056.14,12,3,4,107,0,0.6418022305840255,0.8086110251552403
2025-04-17 13:00:00,33064.86,13,3,4,107,0,0.6422014484466442,0.8088243316132646
2025-04-17 14:00:00,34016.25,14,3,4,107,0,0.6857578569692131,0.8320969957302016
2025-04-17 15:00:00,33700.93,15,3,4,107,0,0.6713219193039691,0.8243837167916458
2025-04-17 16:00:00,33227.3,16,3,4,107,0,0.6496382545938669,0.8127978982464595
2025-04-17 17:00:00,32833.8,17,3,4,107,0,0.6316230907245485,0.8031721997106176
2025-04-17 18:00:00,31933.93,18,3,4,107,0,0.5904253638857083,0.7811598049420073
2025-04-17 19:00:00,31826.61,19,3,4,107,0,0.5855120541361397,0.7785345699563235
2025-04-17 20:00:00,31332.22,20,3,4,107,0,0.562877957909069,0.766440925485841
2025-04-17 21:00:00,30301.57,21,3,4,107,0,0.5156928787682481,0.7412294230818625
2025-04-17 22:00:00,29154.94,22,3,4,107,0,0.4631980189271386,0.7131808469391624
2025-04-17 23:00:00,27406.6,23,3,4,107,0,0.38315575310938976,0.6704133913402959
2025-04-18 00:00:00,26104.32,0,4,4,108,0,0.32353494598426663,0.6385573438453626
2025-04-18 01:00:00,25709.58,1,4,4,108,0,0.3054630126023741,0.6289013127398017
2025-04-18 02:00:00,25168.78,2,4,4,108,0,0.2807041800216182,0.6156723984623343
2025-04-18 03:00:00,25042.14,3,4,4,108,0,0.27490636464065127,0.612574562471028
2025-04-18 04:00:00,25043.23,4,4,4,108,0,0.2749562668734786,0.6126012257782811
2025-04-18 05:00:00,25427.02,5,4,4,108,0,0.292526888833849,0.6219894007238231
2025-04-18 06:00:00,25128.89,6,4,4,108,0,0.2788779414275976,0.6146966192638725
2025-04-18 07:00:00,26132.31,7,4,4,108,0,0.32481638038503474,0.6392420282215208
2025-04-18 08:00:00,28816.36,8,4,4,108,0,0.44769719508247835,0.7048985877008768
2025-04-18 09:00:00,31002.24,9,4,4,108,0,0.5477708581032299,0.7583690372956068
2025-04-18 10:00:00,32003.51,10,4,4,108,0,0.5936108660509616,0.782861853491242
2025-04-18 11:00:00,33205.9,11,4,4,108,0,0.6486585226833118,0.8122744168013082
2025-04-18 12:00:00,34118.82,12,4,4,108,0,0.6904537028601304,0.8346060374044615
2025-04-18 13:00:00,34683.41,13,4,4,108,0,0.7163016860087417,0.8484168967090385
2025-04-18 14:00:00,34949.52,14,4,4,108,0,0.7284846980983585,0.8549264129412439
2025-04-18 15:00:00,34061.12,15,4,4,108,0,0.6878120892508303,0.8331945944425351
2025-04-18 16:00:00,33569.64,16,4,4,108,0,0.6653112182508488,0.8211721336638931
2025-04-18 17:00:00,32100.11,17,4,4,108,0,0.5980333942079531,0.7852248585193548
2025-04-18 18:00:00,31549.53,18,4,4,108,0,0.5728268149877006,0.7717567083291035
2025-04-18 19:00:00,31402.58,19,4,4,108,0,0.5660991699290061,0.768162054199899
2025-04-18 20:00:00,30944.76,20,4,4,108,0,0.5451393165042249,0.7569629759186304
2025-04-18 21:00:00,30212.91,21,4,4,108,0,0.5116338586191914,0.7390606443469507
2025-04-18 22:00:00,29059.61,22,4,4,108,0,0.45883363373867075,0.710848908333262
2025-04-18 23:00:00,27563.51,23,4,4,108,0,0.3903393855432773,0.6742516844972437
2025-04-19 00:00:00,26188.98,0,5,4,109,1,0.32741083867340637,0.6406282755811805
2025-04-19 01:00:00,25964.05,1,5,4,109,1,0.31711312378363304,0.6351260942046445
2025-04-19 02:00:00,25755.18,2,5,4,109,1,0.3075506656454259,0.6300167685294696
2025-04-19 03:00:00,25144.52,3,5,4,109,1,0.27959351197722265,0.6150789564128312
2025-04-19 04:00:00,24671.99,4,5,4,109,1,0.2579602073185975,0.6035200457923956
2025-04-19 05:00:00,24922.4,5,5,4,109,1,0.269424444128041,0.6096455125531585
2025-04-19 06:00:00,24558.72,6,5,4,109,1,0.25277449547240255,0.60074926339556
2025-04-19 07:00:00,25020.92,7,5,4,109,1,0.27393487346579243,0.612055484140836
2025-04-19 08:00:00,26430.15,8,5,4,109,1,0.33845205105044207,0.646527715774037
2025-04-19 09:00:00,27672.05,9,5,4,109,1,0.3953085491681206,0.676906762817651
2025-04-19 10:00:00,29543.5,10,5,4,109,1,0.48098702038345975,0.7226857044311237
2025-04-19 11:00:00,30206.48,11,5,4,109,1,0.5113394812273752,0.7389033552959077
2025-04-19 12:00:00,31334.03,12,5,4,109,1,0.5629608230846813,0.7664852012529307
2025-04-19 13:00:00,31530.66,13,5,4,109,1,0.571962911195543,0.771295115110879
2025-04-19 14:00:00,31903.58,14,5,4,109,1,0.5890358842835894,0.780417390836384
2025-04-19 15:00:00,31225.08,15,5,4,109,1,0.5579728888951967,0.7638200936151164
2025-04-19 16:00:00,30595.86,16,5,4,109,1,0.5291660238129793,0.7484282714226831
2025-04-19 17:00:00,30327.09,17,5,4,109,1,0.5168612319625174,0.7418536869360802
2025-04-19 18:00:00,30156.77,18,5,4,109,1,0.5090636647192588,0.7376873617146708
2025-04-19 19:00:00,30197.89,19,5,4,109,1,0.5109462150072037,0.7386932288653539
2025-04-19 20:00:00,29803.8,20,5,4,109,1,0.4929040398375476,0.7290530978971457
2025-04-19 21:00:00,29433.13,21,5,4,109,1,0.4759340759457046,0.7199858611086309
2025-04-19 22:00:00,28784.99,22,5,4,109,1,0.44626101797808065,0.7041312226104846
2025-04-19 23:00:00,27470.57,23,5,4,109,1,0.38608441901210977,0.6719782094733018
2025-04-20 00:00:00,26284.2,0,6,4,110,1,0.33177018785672663,0.642957523394606
2025-04-20 01:00:00,25320.72,1,6,4,110,1,0.2876602765865592,0.6193891167229083
2025-04-20 02:00:00,24611.42,2,6,4,110,1,0.2551871997568067,0.6020383976086193
2025-04-20 03:00:00,23876.24,3,6,4,110,1,0.22152928826139257,0.5840546084101942
2025-04-20 04:00:00,23791.49,4,6,4,110,1,0.2176492752044047,0.5819814751168966
2025-04-20 05:00:00,23797.6,5,6,4,110,1,0.2179290023994275,0.5821309364080122
2025-04-20 06:00:00,23647.13,6,6,4,110,1,0.21104020517600616,0.5784501769196052
2025-04-20 07:00:00,23841.49,7,6,4,110,1,0.2199383684533651,0.5832045626055677
2025-04-20 08:00:00,24775.8,8,6,4,110,1,0.26271282272208896,0.6060594200363746
2025-04-20 09:00:00,25976.59,9,6,4,110,1,0.31768722837047236,0.6354328445468033
2025-04-20 10:00:00,27412.96,10,6,4,110,1,0.38344692577065753,0.6705689680688549
2025-04-20 11:00:00,28447.92,11,6,4,110,1,0.4308293247495388,0.6958859006143567
2025-04-20 12:00:00,29817.78,12,6,4,110,1,0.4935440703099569,0.7293950731589781
2025-04-20 13:00:00,29870.13,13,6,4,110,1,0.49594075094161855,0.7306756457596169
2025-04-20 14:00:00,29436.04,14,6,4,110,1,0.47606730117279406,0.7200570448004716
2025-04-20 15:00:00,29070.49,15,6,4,110,1,0.4593317404296446,0.7111150521707968
2025-04-20 16:00:00,28424.89,16,6,4,110,1,0.4297749683990677,0.6953225465170749
2025-04-20 17:00:00,28134.56,17,6,4,110,1,0.4164831195396543,0.688220566705357
2025-04-20 18:00:00,28443.72,18,6,4,110,1,0.43063704091662625,0.6957831612653085
2025-04-20 19:00:00,28848.84,19,6,4,110,1,0.449184190057003,0.7056931053335176
2025-04-20 20:00:00,28830.8,20,6,4,110,1,0.44835828521277804,0.7052518153676051
2025-04-20 21:00:00,28931.48,21,6,4,110,1,0.45296760337888475,0.7077146243347933
2025-04-20 22:00:00,27922.23,22,6,4,110,1,0.4067622561486189,0.6830266033759661
2025-04-20 23:00:00,26827.85,23,6,4,110,1,0.35665949875267305,0.6562561536589273
2025-04-21 00:00:00,25640.13,0,0,4,111,0,0.302283462079568,0.6272024442180374
2025-04-21 01:00:00,24738.78,1,0,4,111,0,0.26101797808055865,0.6051538460597624
2025-04-21 02:00:00,24126.01,2,0,4,111,0,0.23296422467724925,0.590164419651102
2025-04-21 03:00:00,24257.62,3,0,4,111,0,0.23898957592716286,0.5933838305387822
2025-04-21 04:00:00,24237.14,4,0,4,111,0,0.2380519633323887,0.5928828539034225
2025-04-21 05:00:00,24170.41,5,0,4,111,0,0.23499693948232617,0.5912505213410421
2025-04-21 06:00:00,24320.6,6,0,4,111,0,0.24187291778355338,0.5949244315395124
2025-04-21 07:00:00,25896.72,7,0,4,111,0,0.31403063081458304,0.6334790845924
2025-04-21 08:00:00,28304.26,8,0,4,111,0,0.4242523020266257,0.6923717256419069
2025-04-21 09:00:00,31458.76,9,0,4,111,0,0.5686711951035379,0.7695363153021698
2025-04-21 10:00:00,32643.13,10,0,4,111,0,0.6228938625289627,0.798508077881319
2025-04-21 11:00:00,34089.98,11,0,4,111,0,0.6891333538741302,0.8339005605409961
2025-04-21 12:00:00,34975.28,12,0,4,111,0,0.729664038940223,0.8555565476154074
2025-04-21 13:00:00,35032.02,13,0,4,111,0,0.7322617019591432,0.8569445072975513
2025-04-21 14:00:00,35415.81,14,0,4,111,0,0.7498323239195135,0.8663326822430935
2025-04-21 15:00:00,34863.53,15,0,4,111,0,0.7245479155287965,0.8528229470782274
2025-04-21 16:00:00,34736.36,16,0,4,111,0,0.7187258357593906,0.8497121463595412
2025-04-21 17:00:00,34078.87,17,0,4,111,0,0.6886247173542112,0.8336287905010134
2025-04-21 18:00:00,33283.89,18,0,4,111,0,0.6522290503330401,0.8141821886661375
2025-04-21 19:00:00,32785.44,19,0,4,111,0,0.6294090797341539,0.8019892294915748
2025-04-21 20:00:00,32354.32,20,0,4,111,0,0.6096716021043176,0.7914432799292566
2025-04-21 21:00:00,31394.25,21,0,4,111,0,0.5657178069937292,0.7679582878242863
2025-04-21 22:00:00,30294.92,22,0,4,111,0,0.5153884293661363,0.7410667524458692
2025-04-21 23:00:00,28527.89,23,0,4,111,0,0.4344905004919261,0.6978421067437375
2025-04-22 00:00:00,26949.88,0,1,4,112,0,0.36224625973608593,0.6592412209837782
2025-04-22 01:00:00,26681.53,1,1,4,112,0,0.3499606962689153,0.6526769104320801
2025-04-22 02:00:00,26326.72,2,1,4,112,0,0.33371683275564257,0.6439976369949719
2025-04-22 03:00:00,26222.76,3,1,4,112,0,0.32895735007240395,0.6414545934885267
2025-04-22 04:00:00,25685.83,4,1,4,112,0,0.3043756933091179,0.6283203461826828
2025-04-22 05:00:00,25840.75,5,1,4,112,0,0.3114682198316967,0.6321099604575815
2025-04-22 06:00:00,25735.69,6,1,4,112,0,0.30665837709698107,0.6295400090263856
2025-04-22 07:00:00,26860.92,7,1,4,112,0,0.3581735050275354,0.6570651037239345
2025-04-22 08:00:00,28798.44,8,1,4,112,0,0.44687678406205084,0.704460233144937
2025-04-22 09:00:00,31663.93,9,1,4,112,0,0.5780642603413221,0.7745551325031831
2025-04-22 10:00:00,33101.78,10,1,4,112,0,0.6438917149016765,0.8097274594148993
2025-04-22 11:00:00,34498.91,11,1,4,112,0,0.7078549319200779,0.843903703875842
2025-04-22 12:00:00,34740.88,12,1,4,112,0,0.7189327697890965,0.849822713468517
2025-04-22 13:00:00,35117.04,13,1,4,112,0,0.7361540761196756,0.8590242452632879
2025-04-22 14:00:00,36144.88,14,1,4,112,0,0.7832105082199048,0.884167010150403
2025-04-22 15:00:00,35788.91,15,1,4,112,0,0.7669135377432563,0.8754593610835577
2025-04-22 16:00:00,35587.66,16,1,4,112,0,0.7576999374161907,0.8705364339416564
2025-04-22 17:00:00,35005.05,17,1,4,112,0,0.7310269650606542,0.8562847739061623
2025-04-22 18:00:00,33881.3,18,1,4,112,0,0.679579594290269,0.8287958825982782
2025-04-22 19:00:00,33628.97,19,1,4,112,0,0.6680274563000653,0.8226234492779503
2025-04-22 20:00:00,32801.75,20,1,4,112,0,0.6301557819519648,0.8023882006303793
2025-04-22 21:00:00,32125.01,21,1,4,112,0,0.5991733626459353,0.7858339560887129
2025-04-22 22:00:00,30632.81,22,1,4,112,0,0.530857663723961,0.7493321330768111
2025-04-22 23:00:00,29064.92,23,1,4,112,0,0.45907673544171024,0.7109788002245588
2025-04-23 00:00:00,27478.55,0,2,4,113,0,0.38644975829464384,0.6721734142364937
2025-04-23 01:00:00,26998.73,1,2,4,113,0,0.36448270384032017,0.6604361774602099
2025-04-23 02:00:00,26661.85,2,2,4,113,0,0.3490597091661245,0.6521955031965391
2025-04-23 03:00:00,26445.77,3,2,4,113,0,0.33916716378141726,0.6469098083054979
2025-04-23 04:00:00,26223.01,4,2,4,113,0,0.3289687955386488,0.6414607089259701
2025-04-23 05:00:00,26244.15,5,2,4,113,0,0.32993662416430936,0.6419778303161804
2025-04-23 06:00:00,26086.39,6,2,4,113,0,0.3227140771451894,0.6381187446719251
2025-04-23 07:00:00,27384.12,7,2,4,113,0,0.38212657678465717,0.6698634912053893
2025-04-23 08:00:00,29366.21,8,2,4,113,0,0.47287035354129586,0.7183488808137934
2025-04-23 09:00:00,31763.66,9,2,4,113,0,0.5826300857356985,0.7769947028080866
2025-04-23 10:00:00,32546.18,10,2,4,113,0,0.6184553107192285,0.7961365112407855
2025-04-23 11:00:00,33643.36,11,2,4,113,0,0.6686862573371162,0.8229754538571898
2025-04-23 12:00:00,33804.4,12,2,4,113,0,0.6760589688733678,0.8269147740407019
2025-04-23 13:00:00,34989.67,13,2,4,113,0,0.7303228399772738,0.855908552194647
2025-04-23 14:00:00,34991.34,14,2,4,113,0,0.730399295691789,0.8559494033167685
2025-04-23 15:00:00,34779.86,15,2,4,113,0,0.7207173468859862,0.8507762324746851
2025-04-23 16:00:00,34178.74,16,2,4,113,0,0.6931969522096845,0.836071785450885
2025-04-23 17:00:00,33556.94,17,2,4,113,0,0.664729788565613,0.8208614694417706
2025-04-23 18:00:00,33142.95,18,2,4,113,0,0.6457765542828704,0.8107345496530711
2025-04-23 19:00:00,32726.38,19,2,4,113,0,0.6267052027884819,0.8005445185499563
2025-04-23 20:00:00,32333.68,20,2,4,113,0,0.6087266644111468,0.7909383894139331
2025-04-23 21:00:00,31393.92,21,2,4,113,0,0.5657026989782861,0.767950215446861
2025-04-23 22:00:00,30117.01,22,2,4,113,0,0.5072433777676854,0.7367147625436794
2025-04-23 23:00:00,28476.7,23,2,4,113,0,0.43214692682364053,0.696589909772836
2025-04-24 00:00:00,27011.14,0,3,4,114,0,0.36505085678471216,0.6607397477748981
2025-04-24 01:00:00,26948.28,1,3,4,114,0,0.3621730087521191,0.6592020821841407
2025-04-24 02:00:00,27164.48,2,3,4,114,0,0.3720710479606239,0.6644907124851548
2025-04-24 03:00:00,26515.6,3,3,4,114,0,0.3423641114129153,0.648617972292176
2025-04-24 04:00:00,26261.19,4,3,4,114,0,0.3307167471435549,0.6423946585323195
2025-04-24 05:00:00,26518.05,5,3,4,114,0,0.34247627698211436,0.6486779035791209
2025-04-24 06:00:00,26361.94,6,3,4,114,0,0.3353292700402102,0.6448591798219918
2025-04-24 07:00:00,27227.55,7,3,4,114,0,0.3749585101848626,0.6660335150433645
2025-04-24 08:00:00,29574.71,8,3,4,114,0,0.48241587238946076,0.7234491556415521
2025-04-24 09:00:00,31673.27,9,3,4,114,0,0.5784918629602279,0.7747836052460668
2025-04-24 10:00:00,32440.52,10,3,4,114,0,0.6136179988655254,0.7935518827597257
2025-04-24 11:00:00,33284.89,11,3,4,114,0,0.6522748321980193,0.8142066504159109
2025-04-24 12:00:00,34219.92,12,3,4,114,0,0.6950822494095283,0.8370791203065546
2025-04-24 13:00:00,34249.33,13,3,4,114,0,0.696428694058567,0.837798540367391
2025-04-24 14:00:00,34606.78,14,3,4,114,0,0.7127934216953847,0.846542392823901
2025-04-24 15:00:00,34055.73,15,3,4,114,0,0.6875653249985924,0.8330627456112564
2025-04-24 16:00:00,33882.25,16,3,4,114,0,0.6796230870619991,0.8288191212605629
2025-04-24 17:00:00,33442.36,17,3,4,114,0,0.6594841024762953,0.8180586421527318
2025-04-24 18:00:00,32788.09,18,3,4,114,0,0.6295304016763485,0.8020540531284742
2025-04-24 19:00:00,32514.63,19,3,4,114,0,0.6170108928791346,0.795364743035434
2025-04-24 20:00:00,31884.11,20,3,4,114,0,0.5881445113724442,0.7799411205682953
2025-04-24 21:00:00,31225.18,21,3,4,114,0,0.5579774670816945,0.7638225397900937
2025-04-24 22:00:00,29988.09,22,3,4,114,0,0.5013411797345659,0.7335611537628898
2025-04-24 23:00:00,28342.86,23,3,4,114,0,0.42601948201482326,0.693315949183161
2025-04-25 00:00:00,26793.44,0,4,4,115,0,0.3550841447787385,0.6554144248492239
2025-04-25 01:00:00,26571.69,1,4,4,115,0,0.34493201621959907,0.6499900318369672
2025-04-25 02:00:00,26231.07,2,4,4,115,0,0.32933779737038127,0.6416578706291439
2025-04-25 03:00:00,25991.97,3,4,4,115,0,0.31839135345385267,0.6358090662583186
2025-04-25 04:00:00,25951.77,4,4,4,115,0,0.3165509224816884,0.6348257039174269
2025-04-25 05:00:00,25971.73,5,4,4,115,0,0.3174647285066734,0.6353139604429044
2025-04-25 06:00:00,26095.11,6,4,4,115,0,0.32311329500780817,0.6383320511299494
2025-04-25 07:00:00,26962.63,7,4,4,115,0,0.36282997851457083,0.6595531082933893
2025-04-25 08:00:00,28968.12,8,4,4,115,0,0.4546450509117229,0.7086109028464914
2025-04-25 09:00:00,31623.15,9,4,4,115,0,0.57619727588747,0.7735575823474229
2025-04-25 10:00:00,32040.9,10,4,4,115,0,0.5953226499825343,0.7837764783152704
2025-04-25 11:00:00,32548.4,11,4,4,115,0,0.6185569464594824,0.7961908163252825
2025-04-25 12:00:00,31692.3,12,4,4,115,0,0.5793630918507822,0.7752491123442551
2025-04-25 13:00:00,32733.69,13,4,4,115,0,0.6270398682214797,0.8007233339408001
2025-04-25 14:00:00,33814.23,14,4,4,115,0,0.6765090046061135,0.8271552330409747
2025-04-25 15:00:00,33133.37,15,4,4,115,0,0.6453379640163699,0.8105002060902419
2025-04-25 16:00:00,32573.71,16,4,4,115,0,0.6197156854621061,0.7968099432120479
2025-04-25 17:00:00,31658.25,17,4,4,115,0,0.5778042193482402,0.77441618976447
2025-04-25 18:00:00,31113.16,18,4,4,115,0,0.5528489825667237,0.7610823345804748
2025-04-25 19:00:00,30882.47,19,4,4,115,0,0.5422875641346702,0.7554392535252439
2025-04-25 20:00:00,30237.13,20,4,4,115,0,0.512742695388988,0.7396531079264631
2025-04-25 21:00:00,29446.26,21,4,4,115,0,0.47653519183288146,0.7203070438831559
2025-04-25 22:00:00,28287.13,22,4,4,115,0,0.423468058679532,0.6919526958682881
2025-04-25 23:00:00,26824.51,23,4,4,115,0,0.3565065873236425,0.6561744514146841
2025-04-26 00:00:00,25570.73,0,5,4,116,1,0.2991062006500109,0.6255047987837618
2025-04-26 01:00:00,25485.79,1,5,4,116,1,0.29521748903867706,0.6234270177580072
2025-04-26 02:00:00,24663.06,2,5,4,116,1,0.25755137526433314,0.6033016023669189
2025-04-26 03:00:00,24368.53,3,5,4,116,1,0.24406724257200685,0.5960968832061526
2025-04-26 04:00:00,24044.85,4,5,4,116,1,0.22924856851553674,0.588179104039491
2025-04-26 05:00:00,24079.03,5,5,4,116,1,0.23081339266052608,0.5890152066467466
2025-04-26 06:00:00,23898.55,6,5,4,116,1,0.2225506816690786,0.5846003500476392
2025-04-26 07:00:00,24401.6,7,5,4,116,1,0.24558124884686924,0.5969058332711596
2025-04-26 08:00:00,25652.95,8,5,4,116,1,0.30287038558860147,0.6275160438501326
2025-04-26 09:00:00,26584.32,9,5,4,116,1,0.3455102411742865,0.6502989837366057
2025-04-26 10:00:00,27319.88,10,5,4,116,1,0.3791855497783929,0.6682920683999447
2025-04-26 11:00:00,29420.22,11,5,4,116,1,0.475343032068823,0.7196700599190561
2025-04-26 12:00:00,29542.84,12,5,4,116,1,0.4809568043525735,0.7226695596762732
2025-04-26 13:00:00,30356.78,13,5,4,116,1,0.5182204955337502,0.7425799562868531
2025-04-26 14:00:00,30245.97,14,5,4,116,1,0.5131474070754042,0.7398693497944602
2025-04-26 15:00:00,29564.94,15,5,4,116,1,0.4819685835686139,0.7232101643462658
2025-04-26 16:00:00,28799.58,16,5,4,116,1,0.4469289753881273,0.7044881195396788
2025-04-26 17:00:00,28513.15,17,5,4,116,1,0.4338156758021327,0.6974815405520772
2025-04-26 18:00:00,28355.33,18,5,4,116,1,0.4265903818711141,0.6936209872028356
2025-04-26 19:00:00,28588.79,19,5,4,116,1,0.43727861606915996,0.6993318273049389
2025-04-26 20:00:00,28226.36,20,5,4,116,1,0.42068589474474555,0.6904661553345572
2025-04-26 21:00:00,28053.8,21,5,4,116,1,0.4127857761239333,0.6862450357936554
2025-04-26 22:00:00,27437.09,22,5,4,116,1,0.3845516421726059,0.6711592300908876
2025-04-26 23:00:00,26414.48,23,5,4,116,1,0.3377346492262178,0.6461444001550875
2025-04-27 00:00:00,25053.45,0,6,4,117,1,0.2754241575335662,0.6128512248609655
2025-04-27 01:00:00,24337.97,1,6,4,117,1,0.24266814877824233,0.5953493321330768
2025-04-27 02:00:00,23421.23,2,6,4,117,1,0.20069808187720298,0.572924267645789
2025-04-27 03:00:00,22842.5,3,6,4,117,1,0.17420274315778586,0.5587675191994158
2025-04-27 04:00:00,22894.6,4,6,4,117,1,0.17658797832320253,0.5600419763626111
2025-04-27 05:00:00,22779.16,5,6,4,117,1,0.17130291983000281,0.5572181119687672
2025-04-27 06:00:00,22610.14,6,6,4,117,1,0.16356486901121703,0.5530835870220633
2025-04-27 07:00:00,22925.76,7,6,4,117,1,0.17801454123595467,0.560804204485551
2025-04-27 08:00:00,23696.66,8,6,4,117,1,0.21330778094842628,0.5796617673858828
2025-04-27 09:00:00,25279.72,9,6,4,117,1,0.28578322012241164,0.618386184982198
2025-04-27 10:00:00,26347.26,10,6,4,117,1,0.3346571922623154,0.6445000813353179
2025-04-27 11:00:00,27684.84,11,6,4,117,1,0.3958940992212047,0.6772196285972532
2025-04-27 12:00:00,27879.51,12,6,4,117,1,0.4048064548767071,0.6819815974256453
2025-04-27 13:00:00,28217.4,13,6,4,117,1,0.42027568923453185,0.6902469780565874
2025-04-27 14:00:00,28714.47,14,6,4,117,1,0.44303248085974684,0.7024061800164627
2025-04-27 15:00:00,28713.25,15,6,4,117,1,0.44297662698447215,0.7023763366817392
2025-04-27 16:00:00,28612.22,16,6,4,117,1,0.43835128516562283,0.6999049661021303
2025-04-27 17:00:00,27946.26,17,6,4,117,1,0.40786239436406924,0.6836144192230214
2025-04-27 18:00:00,28279.77,18,6,4,117,1,0.42313110415328503,0.6917726573899557
2025-04-27 19:00:00,28462.97,19,6,4,117,1,0.431518341817476,0.6962540499484469
2025-04-27 20:00:00,28517.54,20,6,4,117,1,0.4340166581893914,0.6975889276335826
2025-04-27 21:00:00,28487.59,21,6,4,117,1,0.4326454913332641,0.6968562982278685
2025-04-27 22:00:00,27649.33,22,6,4,117,1,0.3942683851957931,0.676350991862799
2025-04-27 23:00:00,26518.18,23,6,4,117,1,0.34248222862456174,0.6486810836065915
2025-04-28 00:00:00,25215.3,0,0,4,118,0,0.28283395238045095,0.616810359061794
2025-04-28 01:00:00,25086.78,1,0,4,118,0,0.2769500670933231,0.6136665349809137
2025-04-28 02:00:00,24557.26,2,0,4,118,0,0.25270765394953276,0.6007135492408907
2025-04-28 03:00:00,24305.81,3,0,4,118,0,0.24119580400051102,0.5945626422603635
2025-04-28 04:00:00,24416.84,4,0,4,118,0,0.24627896446915246,0.5972786303377067
2025-04-28 05:00:00,24527.58,5,0,4,118,0,0.25134884819695,0.5999875245076156
2025-04-28 06:00:00,24715.18,6,0,4,118,0,0.2599375260670494,0.6045765487651097
2025-04-28 07:00:00,25836.57,7,0,4,118,0,0.31127685163608365,0.6320077103435285
2025-04-28 08:00:00,28069.58,8,0,4,118,0,0.41350821395330534,0.68663104220508
2025-04-28 09:00:00,30087.82,9,0,4,118,0,0.5059070051289423,0.7360007240677933
2025-04-28 10:00:00,30964.51,10,0,4,118,0,0.5460435083375642,0.7574460954766554
2025-04-28 11:00:00,31746.92,11,0,4,118,0,0.5818636973159466,0.7765852131168794
2025-04-28 12:00:00,31939.47,12,0,4,118,0,0.5906789954176932,0.7812953230357521
2025-04-28 13:00:00,32516.45,13,0,4,118,0,0.6170942158733966,0.7954092634200217
2025-04-28 14:00:00,33761.75,14,0,4,118,0,0.6741063723320045,0.8258714804128654
2025-04-28 15:00:00,32972.68,15,0,4,118,0,0.6379812761328608,0.8065694475191505
2025-04-28 16:00:00,32156.01,16,0,4,118,0,0.6005926004602907,0.786592270331689
2025-04-28 17:00:00,31728.72,17,0,4,118,0,0.5810304673733251,0.7761400092710031
2025-04-28 18:00:00,31375.2,18,0,4,118,0,0.5648456624658753,0.7674922914911027
2025-04-28 19:00:00,31031.23,19,0,4,118,0,0.5490980743689771,0.7590781834215383
2025-04-28 20:00:00,30498.29,20,0,4,118,0,0.5246990872469579,0.7460415384972903
2025-04-28 21:00:00,29579.04,21,0,4,118,0,0.48261410786482084,0.7235550750180711
2025-04-28 22:00:00,28336.8,22,0,4,118,0,0.4257420439130492,0.693167710979534
2025-04-28 23:00:00,26562.35,23,0,4,118,0,0.3445044136006933,0.6497615590940835
2025-04-29 00:00:00,24915.56,0,1,4,119,0,0.2691112961715832,0.6094781941847083
2025-04-29 01:00:00,24634.36,1,1,4,119,0,0.2562374357394298,0.6025995501484217
2025-04-29 02:00:00,24420.33,2,1,4,119,0,0.24643874317792996,0.597364001844416
2025-04-29 03:00:00,24412.45,3,1,4,119,0,0.24607798208189374,0.5971712432562013
2025-04-29 04:00:00,24212.26,4,1,4,119,0,0.23691291053170596,0.5922742455690597
2025-04-29 05:00:00,24472.77,5,1,4,119,0,0.24883954417743956,0.5986467760025342
2025-04-29 06:00:00,24622.73,6,1,4,119,0,0.2557049926497216,0.6023150599985567
2025-04-29 07:00:00,25432.56,7,1,4,119,0,0.2927805203658338,0.6221249188175679
2025-04-29 08:00:00,27406.34,8,1,4,119,0,0.38314384982449523,0.6704070312853548
2025-04-29 09:00:00,29610.64,9,1,4,119,0,0.48406081479816376,0.7243280663109113
2025-04-29 10:00:00,30456.1,10,1,4,119,0,0.522767550363485,0.7450094972743495
2025-04-29 11:00:00,31822.89,11,1,4,119,0,0.585341745598417,0.7784435722471663
2025-04-29 12:00:00,32474.51,12,1,4,119,0,0.6151741244561686,0.7943833376345243
2025-04-29 13:00:00,32990.43,13,1,4,119,0,0.6387939042362417,0.8070036435776288
2025-04-29 14:00:00,33718.97,14,1,4,119,0,0.6721478241481941,0.8248250067575583
2025-04-29 15:00:00,32657.01,15,1,4,119,0,0.6235293148148741,0.7988476069681739
2025-04-29 16:00:00,32636.9,16,1,4,119,0,0.6226086415101423,0.7983556811802305
2025-04-29 17:00:00,31947.85,17,1,4,119,0,0.5910626474462188,0.7815003124988533
2025-04-29 18:00:00,31254.96,18,1,4,119,0,0.5593408510207754,0.7645510106983462
2025-04-29 19:00:00,31300.13,19,1,4,119,0,0.5614088178618862,0.7656559479356118
2025-04-29 20:00:00,30454.36,20,1,4,119,0,0.5226878899184213,0.7449669338297438
2025-04-29 21:00:00,29683.51,21,1,4,119,0,0.4873969392991986,0.7261105940169006
2025-04-29 22:00:00,28646.57,22,1,4,119,0,0.43992389222765854,0.7007452272068473
2025-04-29 23:00:00,26932.21,23,1,4,119,0,0.36143729418190323,0.6588089818652818
2025-04-30 00:00:00,25452.11,0,2,4,120,0,0.29367555582617727,0.6226031460256384
2025-04-30 01:00:00,25219.96,1,2,4,120,0,0.28304729587125405,0.6169243508157382
2025-04-30 02:00:00,24893.88,2,2,4,120,0,0.26811874533883395,0.6089478634496204
2025-04-30 03:00:00,24992.73,3,2,4,120,0,0.2726442826920286,0.6113659074147233
2025-04-30 04:00:00,24496.35,4,2,4,120,0,0.2499190805536492,0.5992235840621914
2025-04-30 05:00:00,24787.96,5,2,4,120,0,0.26326953020023613,0.6063568749136194
2025-04-30 06:00:00,25111.64,6,2,4,120,0,0.2780882042567062,0.614274654080281
2025-04-30 07:00:00,26188.87,7,2,4,120,0,0.32740580266825864,0.6406255847887055
2025-04-30 08:00:00,28560.34,8,2,4,120,0,0.43597612201050145,0.6986358905238851
2025-04-30 09:00:00,30232.55,9,2,4,120,0,0.5125330144473831,0.7395410731125007
2025-04-30 10:00:00,31348.47,10,2,4,120,0,0.5636219132149811,0.766838428919659
2025-04-30 11:00:00,32498.28,11,2,4,120,0,0.6162623593867244,0.7949647934266385
2025-04-30 12:00:00,33254.9,12,2,4,120,0,0.650901834067293,0.8134730425402059
2025-04-30 13:00:00,33696.68,13,2,4,120,0,0.6711273463778075,0.8242797543551088
2025-04-30 14:00:00,34668.3,14,2,4,120,0,0.7156099220289058,0.8480472796699621
2025-04-30 15:00:00,34564.21,15,2,4,120,0,0.71084448770322,0.8455010561360464
2025-04-30 16:00:00,33407.46,16,2,4,120,0,0.6578863153885208,0.8172049270856393
2025-04-30 17:00:00,32327.86,17,2,4,120,0,0.6084602139569678,0.7907960220302518
2025-04-30 18:00:00,31809.6,18,2,4,120,0,0.5847333046128433,0.7781184755926775
2025-04-30 19:00:00,31433.51,19,2,4,120,0,0.5675152030128129,0.7689186561203909
2025-04-30 20:00:00,30794.55,20,2,4,120,0,0.5382624225656981,0.7532885764851646
2025-04-30 21:00:00,30065.46,21,2,4,120,0,0.5048833226280072,0.7354537593428595
2025-04-30 22:00:00,28861.29,22,2,4,120,0,0.4497541742759942,0.7059976541181967
2025-04-30 23:00:00,27236.99,23,2,4,120,0,0.3753906909902664,0.6662644339612257
2025-05-01 00:00:00,25938.73,0,3,5,121,0,0.3159539269623595,0.6345067227003814
2025-05-01 01:00:00,25734.27,1,3,5,121,0,0.3065933668487107,0.6295052733417074
2025-05-01 02:00:00,25009.51,2,3,5,121,0,0.27341250238637965,0.6117763755759212
2025-05-01 03:00:00,24369.76,3,3,5,121,0,0.24412355426593124,0.5961269711583739
2025-05-01 04:00:00,24346.16,4,3,5,121,0,0.243043102252422,0.5955496738637212
2025-05-01 05:00:00,24291.36,5,3,5,121,0,0.24053425605156142,0.5942091699761376
2025-05-01 06:00:00,24362.81,6,3,5,121,0,0.2438053703043259,0.5959569619974486
2025-05-01 07:00:00,24987.88,7,3,5,121,0,0.27242224064687953,0.6112472679283222
2025-05-01 08:00:00,26393.47,8,3,5,121,0,0.3367727722430047,0.6456304587923479
2025-05-01 09:00:00,27631.56,9,3,5,121,0,0.39345484145511256,0.6759163065693252
2025-05-01 10:00:00,28601.8,10,3,5,121,0,0.4378742381325394,0.6996500746694911
2025-05-01 11:00:00,29815.39,11,3,5,121,0,0.4934346516526566,0.7293366095770196
2025-05-01 12:00:00,29749.2,12,3,5,121,0,0.4904043500096829,0.7277174863595168
2025-05-01 13:00:00,30446.58,13,3,5,121,0,0.5223317070088831,0.7447766214165066
2025-05-01 14:00:00,30919.36,14,3,5,121,0,0.5439764571337531,0.7563416474743855
2025-05-01 15:00:00,30069.32,15,3,5,121,0,0.505060040626827,0.7355481816969849
2025-05-01 16:00:00,29350.87,16,3,5,121,0,0.47216805973251486,0.7179736375722692
2025-05-01 17:00:00,29260.55,17,3,5,121,0,0.46803304168759274,0.7157642523327336
2025-05-01 18:00:00,29467.03,18,3,5,121,0,0.47748608116849967,0.7208151144259499
2025-05-01 19:00:00,29640.41,19,3,5,121,0,0.4854237409185948,0.725056292601666
2025-05-01 20:00:00,29616.2,20,3,5,121,0,0.48431536196744823,0.7244640736396515
2025-05-01 21:00:00,29051.6,21,3,5,121,0,0.4584669210001872,0.7106529697175769
2025-05-01 22:00:00,28457.57,22,3,5,121,0,0.4312711197465882,0.6961219564996703
2025-05-01 23:00:00,27021.1,23,3,5,121,0,0.36550684415990503,0.6609833868026413
2025-05-02 00:00:00,25809.79,0,4,5,122,0,0.3100508132919405,0.6313526246845963
2025-05-02 01:00:00,25046.78,1,4,5,122,0,0.2751187924941548,0.6126880649899767
2025-05-02 02:00:00,24464.21,2,4,5,122,0,0.24844765141321748,0.5984373834244737
2025-05-02 03:00:00,24315.54,3,4,5,122,0,0.2416412615467587,0.5948006550856589
2025-05-02 04:00:00,24206.34,4,4,5,122,0,0.23664188189102914,0.5921294320104011
2025-05-02 05:00:00,24248.91,5,4,5,122,0,0.238590815883194,0.5931707686982557
2025-05-02 06:00:00,24409.2,6,4,5,122,0,0.2459291910207113,0.5970917425694378
2025-05-02 07:00:00,25254.25,7,4,5,122,0,0.28461715602139115,0.6177631442154689
2025-05-02 08:00:00,27945.95,8,4,5,122,0,0.4078482019859258,0.6836068360805917
2025-05-02 09:00:00,29401.74,9,4,5,122,0,0.4744969832040073,0.7192180067832432
2025-05-02 10:00:00,30709.26,10,4,5,122,0,0.5343576873016214,0.7512022338469893
2025-05-02 11:00:00,32521.19,11,4,5,122,0,0.617311221913398,0.7955252121139477
2025-05-02 12:00:00,33363.56,12,4,5,122,0,0.6558764915159335,0.816131056270586
2025-05-02 13:00:00,33490.64,13,4,5,122,0,0.6616944509174915,0.8192396554317927
2025-05-02 14:00:00,33716.23,14,4,5,122,0,0.6720223818381511,0.8247579815631793
2025-05-02 15:00:00,32967.96,15,4,5,122,0,0.6377651857301588,0.8064539880602198
2025-05-02 16:00:00,32093.08,16,4,5,122,0,0.5977115476971494,0.7850528924184476
2025-05-02 17:00:00,31191.88,17,4,5,122,0,0.556452930977887,0.7630079635226388
2025-05-02 18:00:00,30545.46,18,4,5,122,0,0.5268586178180271,0.7471953992341026
2025-05-02 19:00:00,30145.35,19,4,5,122,0,0.5085408358211961,0.7374080085322583
2025-05-02 20:00:00,29608.9,20,4,5,122,0,0.4839811543531,0.7242855028663056
2025-05-02 21:00:00,29043.12,21,4,5,122,0,0.4580786907851635,0.7104455340794982
2025-05-02 22:00:00,28371.41,22,4,5,122,0,0.4273265542599796,0.6940143321391922
2025-05-02 23:00:00,27595.96,23,4,5,122,0,0.39182500706185264,0.6750454682773913
2025-05-03 00:00:00,26231.48,0,5,5,123,1,0.3293565679350227,0.641667899946551
2025-05-03 01:00:00,25733.28,1,5,5,123,1,0.3065480428023812,0.6294810562094316
2025-05-03 02:00:00,25288.97,2,5,5,123,1,0.2862067023734693,0.6186124561676021
2025-05-03 03:00:00,24922.32,3,5,5,123,1,0.2694207815788426,0.6096435556131765
2025-05-03 04:00:00,24753.54,4,5,5,123,1,0.2616937184076519,0.6055149014864182
2025-05-03 05:00:00,24833.1,5,5,5,123,1,0.26533612358539754,0.6074610782983917
2025-05-03 06:00:00,24231.72,6,5,5,123,1,0.23780382562420146,0.5927502712196506
2025-05-03 07:00:00,24662.82,7,5,5,123,1,0.25754038761673803,0.6032957315469732
2025-05-03 08:00:00,25785.75,8,5,5,123,1,0.3089502172578403,0.6307645642200432
2025-05-03 09:00:00,28072.27,9,5,5,123,1,0.41363136717009935,0.6866968443119704
2025-05-03 10:00:00,29371.5,10,5,5,123,1,0.4731125396070359,0.7184782834700949
2025-05-03 11:00:00,30159.94,11,5,5,123,1,0.5092087932312428,0.7377649054614525
2025-05-03 12:00:00,30891.6,12,5,5,123,1,0.5427055525619302,0.7556625893006752
2025-05-03 13:00:00,30804.51,13,5,5,123,1,0.5387184099408909,0.7535322155129078
2025-05-03 14:00:00,30589.91,14,5,5,123,1,0.5288936217163529,0.7482827240115313
2025-05-03 15:00:00,29797.06,15,5,5,123,1,0.4925954700675878,0.7288882257036728
2025-05-03 16:00:00,29967.45,16,5,5,123,1,0.5003962420413951,0.7330562632475663
2025-05-03 17:00:00,29717.43,17,5,5,123,1,0.4889498601592934,0.7269403365692151
2025-05-03 18:00:00,29828.13,18,5,5,123,1,0.4940179126124918,0.7296482522691331
2025-05-03 19:00:00,29850.15,19,5,5,123,1,0.495026029279334,0.7301868999991439
2025-05-03 20:00:00,29679.47,20,5,5,123,1,0.48721198056468273,0.726011768547816
2025-05-03 21:00:00,29670.14,21,5,5,123,1,0.48678483576442666,0.7257835404224299
2025-05-03 22:00:00,28821.71,22,5,5,123,1,0.4479421280601171,0.7050294580621645
2025-05-03 23:00:00,27918.42,23,5,5,123,1,0.4065878272430481,0.6829334041093292
2025-05-04 00:00:00,26524.82,0,6,5,124,1,0.34278622020802363,0.648843509625087
2025-05-04 01:00:00,25665.99,1,6,5,124,1,0.30346738110793037,0.6278350250671781
2025-05-04 02:00:00,24819.98,2,6,5,124,1,0.2647354655168704,0.6071401401413644
2025-05-04 03:00:00,24428.35,3,6,5,124,1,0.24680591373506305,0.5975601850775988
2025-05-04 04:00:00,24551.32,4,6,5,124,1,0.2524357096715563,0.6005682464472366
2025-05-04 05:00:00,24147.73,5,6,5,124,1,0.2339586067845977,0.5906957288561808
2025-05-04 06:00:00,23913.24,6,6,5,124,1,0.22322321726562327,0.5849596931518108
2025-05-04 07:00:00,24010.25,7,6,5,124,1,0.22766451598725618,0.5873327274973306
2025-05-04 08:00:00,24757.97,8,6,5,124,1,0.26189653206950975,0.6056232670379145
2025-05-04 09:00:00,26464.32,9,6,5,124,1,0.34001641737678157,0.6473635737637948
2025-05-04 10:00:00,28607.76,10,6,5,124,1,0.43814709804781543,0.6997958666981408
2025-05-04 11:00:00,29583.29,11,6,5,124,1,0.4828086807909825,0.7236590374546081
2025-05-04 12:00:00,29878.91,12,6,5,124,1,0.496342715716136,0.7308904199226275
2025-05-04 13:00:00,29942.9,13,6,5,124,1,0.4992722972561556,0.7324557272906288
2025-05-04 14:00:00,29752.78,14,6,5,124,1,0.49056824908630836,0.7278050594237055
2025-05-04 15:00:00,28731.04,15,6,5,124,1,0.44379108636245235,0.7028115112102084
2025-05-04 16:00:00,28731.41,16,6,5,124,1,0.4438080256524946,0.7028205620576246
2025-05-04 17:00:00,29017.26,17,6,5,124,1,0.45689477175680115,0.7098129532303574
2025-05-04 18:00:00,29293.56,18,6,5,124,1,0.4695443010505565,0.7165717346927543
2025-05-04 19:00:00,29625.85,19,6,5,124,1,0.48475715696449745,0.724700129524965
2025-05-04 20:00:00,29685.3,20,6,5,124,1,0.48747888883751145,0.7261543805489951
2025-05-04 21:00:00,29621.66,21,6,5,124,1,0.48456533095023463,0.7245976347934143
2025-05-04 22:00:00,28736.51,22,6,5,124,1,0.44404151316388846,0.7029453169814689
2025-05-04 23:00:00,27765.9,23,6,5,124,1,0.39960517719641936,0.6792024980338869
2025-05-05 00:00:00,26539.71,0,0,5,125,0,0.343467912177564,0.6492077450792132
2025-05-05 01:00:00,26196.94,1,0,5,125,0,0.32777526231864085,0.640822991109377
2025-05-05 02:00:00,25548.74,2,0,5,125,0,0.29809945743911825,0.6249668849062442
2025-05-05 03:00:00,25205.77,3,0,5,125,0,0.2823976512071992,0.6165772385864533
2025-05-05 04:00:00,25317.73,4,0,5,125,0,0.28752338881027123,0.6193159760910857
2025-05-05 05:00:00,25184.44,5,0,5,125,0,0.28142112402719255,0.6160554694637862
2025-05-05 06:00:00,25176.05,6,0,5,125,0,0.28103701418001703,0.6158502353831872
2025-05-05 07:00:00,26296.18,7,0,5,125,0,0.33231865459917753,0.6432505751568915
2025-05-05 08:00:00,28797.04,8,0,5,125,0,0.44681268945108005,0.7044259866952542
2025-05-05 09:00:00,31981.06,9,0,5,125,0,0.5925830631821785,0.7823126872088287
2025-05-05 10:00:00,33437.5,10,0,5,125,0,0.6592616026124963,0.817939758048833
2025-05-05 11:00:00,34403.88,11,0,5,125,0,0.7035042812911034,0.8415791037948734
2025-05-05 12:00:00,35085.06,12,0,5,125,0,0.7346899720776404,0.8582419585055338
2025-05-05 13:00:00,35762.96,13,0,5,125,0,0.7657254983470457,0.8748245786769373
2025-05-05 14:00:00,36892.19,14,0,5,125,0,0.8174237537375171,0.9024475203735799
2025-05-05 15:00:00,36321.36,15,0,5,125,0,0.7912900917514356,0.8884840197504168
2025-05-05 16:00:00,35186.41,16,0,5,125,0,0.7393299640932834,0.8607211568450703
2025-05-05 17:00:00,33783.93,17,0,5,125,0,0.6751218140972434,0.82641404202284
2025-05-05 18:00:00,33123.97,18,0,5,125,0,0.6449076144855652,0.8102702656423717
2025-05-05 19:00:00,33064.27,19,0,5,125,0,0.6421744371463063,0.8088098991808982
2025-05-05 20:00:00,32431.76,20,0,5,125,0,0.6132169497283074,0.7933375978317104
2025-05-05 21:00:00,32021.09,21,0,5,125,0,0.5944157112372961,0.7832918910522588
2025-05-05 22:00:00,31121.07,22,0,5,125,0,0.5532111171187092,0.7612758270211826
2025-05-05 23:00:00,30156.78,23,0,5,125,0,0.5090641225379084,0.7376876063321685
2025-05-06 00:00:00,28596.75,0,1,5,126,0,0.43764303971439444,0.6995265428331354
2025-05-06 01:00:00,27847.94,1,1,5,126,0,0.4033611213993135,0.6812093399852984
2025-05-06 02:00:00,27304.73,2,1,5,126,0,0.3784919545239579,0.6679214728908773
2025-05-06 03:00:00,27037.1,3,1,5,126,0,0.36623935399957236,0.6613747747990161
2025-05-06 04:00:00,26679.56,4,1,5,126,0,0.3498705059949064,0.6526287207850264
2025-05-06 05:00:00,26959.63,5,1,5,126,0,0.3626926329196332,0.6594797230440691
2025-05-06 06:00:00,26660.05,6,1,5,126,0,0.3489773018091619,0.6521514720469469
2025-05-06 07:00:00,27454.73,7,1,5,126,0,0.38535923427083907,0.6715907353568907
2025-05-06 08:00:00,29925.97,8,1,5,126,0,0.49849721028205757,0.7320415898669648
2025-05-06 09:00:00,32889.93,9,1,5,126,0,0.6341928268058313,0.8045452377253998
2025-05-06 10:00:00,34019.8,10,1,5,126,0,0.6859203825898894,0.8321838349418973
2025-05-06 11:00:00,34991.35,11,1,5,126,0,0.7303997535104388,0.8559496479342663
2025-05-06 12:00:00,35763.79,12,1,5,126,0,0.7657634972949785,0.8748448819292493
2025-05-06 13:00:00,36826.02,13,1,5,126,0,0.8143943677318426,0.9008288863910723
2025-05-06 14:00:00,36809.55,14,1,5,126,0,0.8136403404156354,0.9004260013723042
2025-05-06 15:00:00,36687.91,15,1,5,126,0,0.8080714343595645,0.897450474129865
2025-05-06 16:00:00,35562.18,16,1,5,126,0,0.7565334154965203,0.8699131485574294
2025-05-06 17:00:00,34362.77,17,1,5,126,0,0.7016221888218082,0.8405734812616881
2025-05-06 18:00:00,33467.96,18,1,5,126,0,0.660656118219763,0.8186848629469314
2025-05-06 19:00:00,33377.31,19,1,5,126,0,0.6565059921593976,0.8164674053299705
2025-05-06 20:00:00,32723.31,20,1,5,126,0,0.6265646524629958,0.800469420978152
2025-05-06 21:00:00,32150.58,21,1,5,126,0,0.6003440049334539,0.7864594430304194
2025-05-06 22:00:00,31259.72,22,1,5,126,0,0.5595587726980764,0.7646674486272678
2025-05-06 23:00:00,30128.46,23,1,5,126,0,0.5077675801216973,0.7369948495785852
2025-05-07 00:00:00,28583.16,0,2,5,127,0,0.43702086416932695,0.6991941076537146
2025-05-07 01:00:00,27571.6,1,2,5,127,0,0.3907097608309591,0.6744495800529107
2025-05-07 02:00:00,27441.56,2,2,5,127,0,0.384756287109063,0.6712685741123748
2025-05-07 03:00:00,27055.69,3,2,5,127,0,0.36709043886953585,0.661829518727304
2025-05-07 04:00:00,26938.36,4,2,5,127,0,0.3617188526515254,0.6589594216263883
2025-05-07 05:00:00,27156.6,5,2,5,127,0,0.37171028686458774,0.6642979538969401
2025-05-07 06:00:00,27113.59,6,2,5,127,0,0.36974120885183204,0.6632458540391852
2025-05-07 07:00:00,27782.34,7,2,5,127,0,0.4003578310566775,0.679604649200162
2025-05-07 08:00:00,29313.18,8,2,5,127,0,0.4704425412414485,0.7170516742233088
2025-05-07 09:00:00,31716.23,9,2,5,127,0,0.5804586518797347,0.7758344820163331
2025-05-07 10:00:00,32270.28,10,2,5,127,0,0.6058240941714649,0.7893875144782981
2025-05-07 11:00:00,33578.44,11,2,5,127,0,0.6657140986626661,0.8213873970618992
2025-05-07 12:00:00,33367.19,12,2,5,127,0,0.6560426796858083,0.8162198524222637
2025-05-07 13:00:00,33781.79,13,2,5,127,0,0.6750238409061879,0.8263616938783248
2025-05-07 14:00:00,34346.27,14,2,5,127,0,0.7008667880496512,0.8401698623904266
2025-05-07 15:00:00,33818.99,15,2,5,127,0,0.6767269262834144,0.8272716709698961
2025-05-07 16:00:00,32925.66,16,2,5,127,0,0.6358286128415386,0.8054192560448042
2025-05-07 17:00:00,32249.33,17,2,5,127,0,0.6048649641001507,0.7888750408205449
2025-05-07 18:00:00,31679.75,18,2,5,127,0,0.5787885294452931,0.7749421173845986
2025-05-07 19:00:00,31516.45,19,2,5,127,0,0.5713123508941885,0.7709475136465986
2025-05-07 20:00:00,31066.98,20,2,5,127,0,0.5507347760419837,0.7599526909759382
2025-05-07 21:00:00,30398.31,21,2,5,127,0,0.5201218163863367,0.7435958527549434
2025-05-07 22:00:00,29608.31,22,2,5,127,0,0.4839541430527623,0.7242710704339392
2025-05-07 23:00:00,28680.06,23,2,5,127,0,0.4414571268858123,0.7015644512067593
2025-05-08 00:00:00,27168.04,0,3,5,128,0,0.37223403139995,0.6645777963143482
2025-05-08 01:00:00,26615.71,1,3,5,128,0,0.34694733391598387,0.6510668380619934
2025-05-08 02:00:00,26024.61,2,3,5,128,0,0.319885673526774,0.6366074977709231
2025-05-08 03:00:00,26133.89,3,3,5,128,0,0.3248887157317018,0.6392806777861627
2025-05-08 04:00:00,26143.42,4,3,5,128,0,0.3253250169049536,0.6395137982615033
2025-05-08 05:00:00,26429.76,5,3,5,128,0,0.33843419612310005,0.6465181756916253
2025-05-08 06:00:00,26124.17,6,3,5,128,0,0.3244437160041038,0.639042909578365
2025-05-08 07:00:00,27053.74,7,3,5,128,0,0.3670011642328265,0.661781818315246
2025-05-08 08:00:00,29707.23,8,3,5,128,0,0.48848288513650545,0.7266908267215262
2025-05-08 09:00:00,31800.98,9,3,5,128,0,0.5843386649367226,0.7779076153096307
2025-05-08 10:00:00,32959.31,10,3,5,128,0,0.6373691725980887,0.8062423939246798
2025-05-08 11:00:00,34445.28,11,3,5,128,0,0.7053996505012426,0.8425918202354932
2025-05-08 12:00:00,34845.09,12,3,5,128,0,0.7237036979385798,0.8523718724124054
2025-05-08 13:00:00,35607.1,13,3,5,128,0,0.7585899368713863,0.8710119703572515
2025-05-08 14:00:00,36546.35,14,3,5,128,0,0.8015905535531075,0.8939876688319391
2025-05-08 15:00:00,35873.93,15,3,5,128,0,0.7708059119037884,0.8775390990492941
2025-05-08 16:00:00,35116.32,16,3,5,128,0,0.7361211131768906,0.859006632803451
2025-05-08 17:00:00,34156.38,17,3,5,128,0,0.6921732697087494,0.8355248207259512
2025-05-08 18:00:00,33281.11,18,3,5,128,0,0.652101776748398,0.8141141850017674
2025-05-08 19:00:00,33083.61,19,3,5,128,0,0.6430598584150043,0.8092829894215163
2025-05-08 20:00:00,32586.21,20,3,5,128,0,0.6202879587743462,0.7971157150842156
2025-05-08 21:00:00,31793.36,21,3,5,128,0,0.583989807125581,0.7777212167763572
2025-05-08 22:00:00,30955.21,22,3,5,128,0,0.5456177369932577,0.7572186012037626
2025-05-08 23:00:00,29929.99,23,3,5,128,0,0.498681253379274,0.7321399261010539
2025-05-09 00:00:00,28553.54,0,4,5,129,0,0.4356648053286429,0.6984695506254258
2025-05-09 01:00:00,27651.81,1,4,5,129,0,0.39438192422094154,0.676411657002237
2025-05-09 02:00:00,27164.57,2,4,5,129,0,0.37207516832847204,0.6644929140426343
2025-05-09 03:00:00,26651.3,3,4,5,129,0,0.34857671049059386,0.6519374317364295
2025-05-09 04:00:00,26246.29,4,4,5,129,0,0.33003459735536483,0.6420301784606954
2025-05-09 05:00:00,26343.32,5,4,5,129,0,0.3344768117142974,0.6444037020412107
2025-05-09 06:00:00,26611.41,6,4,5,129,0,0.34675047189657326,0.6509616525379677
2025-05-09 07:00:00,28027.5,7,4,5,129,0,0.41158171307498015,0.6856016917746143
2025-05-09 08:00:00,30816.08,8,4,5,129,0,0.5392481061187006,0.7538152379577864
2025-05-09 09:00:00,33509.66,9,4,5,129,0,0.6625652219893962,0.8197049179124832
2025-05-09 10:00:00,34165.73,10,4,5,129,0,0.6926013301463052,0.8357535380863329
2025-05-09 11:00:00,35468.18,11,4,5,129,0,0.7522299201884748,0.8676137440787277
2025-05-09 12:00:00,35832.43,12,4,5,129,0,0.7689059645071513,0.876523936433697
2025-05-09 13:00:00,36365.53,13,4,5,129,0,0.7933122767275671,0.8895644952379088
2025-05-09 14:00:00,36750.71,14,4,5,129,0,0.8109465354802585,0.8989866720156359
2025-05-09 15:00:00,36301.95,15,4,5,129,0,0.790401465752189,0.8880092171873145
2025-05-09 16:00:00,35634.26,16,4,5,129,0,0.7598333723242218,0.8716763514810978
2025-05-09 17:00:00,34161.41,17,4,5,129,0,0.6924035524895951,0.8356478633273117
2025-05-09 18:00:00,33391.47,18,4,5,129,0,0.6571542633675034,0.8168137837067623
2025-05-09 19:00:00,33401.59,19,4,5,129,0,0.6576175758410928,0.8170613366144692
2025-05-09 20:00:00,32730.05,20,4,5,129,0,0.6268732222329555,0.8006342931716248
2025-05-09 21:00:00,32156.86,21,4,5,129,0,0.6006315150455233,0.7866130628189965
2025-05-09 22:00:00,31534.1,22,4,5,129,0,0.5721204008110714,0.7713792635300996
2025-05-09 23:00:00,30747.95,23,4,5,129,0,0.536128987657667,0.752148658945723
2025-05-10 00:00:00,29318.83,0,5,5,130,1,0.4707012087785811,0.7171898831095287
2025-05-10 01:00:00,28392.97,1,5,5,130,1,0.4283136112689314,0.6945417274643072
2025-05-10 02:00:00,27948.53,2,5,5,130,1,0.40796631919757204,0.6836699473950071
2025-05-10 03:00:00,27273.75,3,5,5,130,1,0.377073632346902,0.6671636478828967
2025-05-10 04:00:00,26703.27,4,5,5,130,1,0.35095599401356337,0.6532087088721543
2025-05-10 05:00:00,26489.03,5,5,5,130,1,0.3411476872604177,0.6479680236006962
2025-05-10 06:00:00,26461.97,6,5,5,130,1,0.33990882999408045,0.6473060886518274
2025-05-10 07:00:00,26689.56,7,5,5,130,1,0.3503283246446985,0.6528733382827607
2025-05-10 08:00:00,27908.11,8,5,5,130,1,0.40611581621511256,0.6826812034691654
2025-05-10 09:00:00,29072.25,9,5,5,130,1,0.4594123165120079,0.711158104850398
2025-05-10 10:00:00,30068.36,10,5,5,130,1,0.505016090036447,0.7355246984172025
2025-05-10 11:00:00,30748.76,11,5,5,130,1,0.5361660709683,0.7521684729630395
2025-05-10 12:00:00,31092.63,12,5,5,130,1,0.5519090808787005,0.7605801348576265
2025-05-10 13:00:00,31527.82,13,5,5,130,1,0.5718328906990021,0.7712256437415225
2025-05-10 14:00:00,31563.59,14,5,5,130,1,0.5734705080093083,0.7721006405309178
2025-05-10 15:00:00,30712.81,15,5,5,130,1,0.5345202129222977,0.751289073058685
2025-05-10 16:00:00,30386.9,16,5,5,130,1,0.5195994453069239,0.7433167441900287
2025-05-10 17:00:00,29942.6,17,5,5,130,1,0.49925856269666163,0.7324483887656967
2025-05-10 18:00:00,29701.93,18,5,5,130,1,0.4882402412521157,0.726561179447727
2025-05-10 19:00:00,29958.55,19,5,5,130,1,0.49998878344308006,0.7328385536745828
2025-05-10 20:00:00,29661.47,20,5,5,130,1,0.48638790699505696,0.7255714570518944
2025-05-10 21:00:00,29638.79,21,5,5,130,1,0.48534957429732856,0.7250166645670332
2025-05-10 22:00:00,29031.91,22,5,5,130,1,0.45756547607874665,0.7101713178645381
2025-05-10 23:00:00,27844.52,23,5,5,130,1,0.4032045474210847,0.6811256808010734
2025-05-11 00:00:00,26918.7,0,6,5,131,1,0.3608187811860342,0.6584785036258428
2025-05-11 01:00:00,26296.85,1,6,5,131,1,0.3323493284487135,0.6432669645292397
2025-05-11 02:00:00,25558.43,2,6,5,131,1,0.2985430837107667,0.6252039192615487
2025-05-11 03:00:00,24668.71,3,6,5,131,1,0.2578100428014656,0.6034398112531387
2025-05-11 04:00:00,24356.68,4,6,5,131,1,0.2435247274720033,0.5958070114713375
2025-05-11 05:00:00,24187.54,5,6,5,131,1,0.23578118282942004,0.5916695511146608
2025-05-11 06:00:00,24111.03,6,6,5,131,1,0.23227841233986074,0.5897979826394961
2025-05-11 07:00:00,24603.53,7,6,5,131,1,0.25482598084212077,0.601845394402907
2025-05-11 08:00:00,25119.67,8,6,5,131,1,0.27845583263248924,0.6144710819309616
2025-05-11 09:00:00,25995.91,9,6,5,131,1,0.31857173400187067,0.6359054455524258
2025-05-11 10:00:00,26544.83,10,6,5,131,1,0.34370231532625767,0.6493329892380532
2025-05-11 11:00:00,26877.77,11,6,5,131,1,0.35894492945243517,0.6574772842076166
2025-05-11 12:00:00,27077.03,12,6,5,131,1,0.36806742386819213,0.6623515324674689
2025-05-11 13:00:00,26486.37,13,6,5,131,1,0.34102590749957307,0.6479029553462988
2025-05-11 14:00:00,26030.24,14,6,5,131,1,0.32014342542660695,0.6367452174221474
2025-05-11 15:00:00,25834.95,15,6,5,131,1,0.31120268501481735,0.6319680823088957
2025-05-11 16:00:00,26559.23,16,6,5,131,1,0.3443615741819582,0.6496852384347904
2025-05-11 17:00:00,26774.86,17,6,5,131,1,0.3542335177274249,0.6549599255384336
2025-05-11 18:00:00,27137.29,18,6,5,131,1,0.3708262390518393,0.6638255975088154
2025-05-11 19:00:00,27554.18,19,6,5,131,1,0.3899122407430214,0.6740234563718577
2025-05-11 20:00:00,27537.17,20,6,5,131,1,0.38913349121972496,0.6736073620082117
2025-05-11 21:00:00,27487.65,21,6,5,131,1,0.3868663732659547,0.6723960161594319
2025-05-11 22:00:00,26569.17,22,6,5,131,1,0.34481664591985145,0.6499283882275383
2025-05-11 23:00:00,25731.57,23,6,5,131,1,0.30646975581326674,0.6294392266173191
2025-05-12 00:00:00,24253.68,0,0,5,132,0,0.23880919537914486,0.593287451244675
2025-05-12 01:00:00,24149.8,1,0,5,132,0,0.23405337524510467,0.5907463646782117
2025-05-12 02:00:00,23587.36,2,0,5,132,0,0.20830382310619888,0.5769880981356478
2025-05-12 03:00:00,23693.94,3,0,5,132,0,0.2131832542756828,0.5795952314264992
2025-05-12 04:00:00,23227.19,4,0,5,132,0,0.19181456879663739,0.5681777097197539
2025-05-12 05:00:00,23263.02,5,0,5,132,0,0.1934549330188425,0.5690541742141357
2025-05-12 06:00:00,23637.31,6,0,5,132,0,0.21059062726191036,0.5782099625368302
2025-05-12 07:00:00,24763.11,7,0,5,132,0,0.2621318508555029,0.6057490004317498
2025-05-12 08:00:00,27039.14,8,0,5,132,0,0.36633274900413,0.6614246767685539
2025-05-12 09:00:00,29373.25,9,0,5,132,0,0.47319265787074954,0.7185210915321983
2025-05-12 10:00:00,30101.34,10,0,5,132,0,0.5065259759434613,0.73633144692473
2025-05-12 11:00:00,31285.82,11,0,5,132,0,0.5607536793740336,0.765305900296354
2025-05-12 12:00:00,31089.53,12,0,5,132,0,0.5517671570972649,0.7605043034333289
2025-05-12 13:00:00,31439.32,13,0,5,132,0,0.5677811956483422,0.7690607788865745
2025-05-12 14:00:00,32762.5,14,0,5,132,0,0.6283588437515308,0.8014280769517724
2025-05-12 15:00:00,32098.35,15,0,5,132,0,0.5979528181255896,0.7851818058397535
2025-05-12 16:00:00,31730.13,16,0,5,132,0,0.5810950198029458,0.7761745003381837
2025-05-12 17:00:00,30551.1,17,0,5,132,0,0.5271168275365098,0.7473333635028246
2025-05-12 18:00:00,30128.72,18,0,5,132,0,0.507779483406592,0.7370012096335263
2025-05-12 19:00:00,30174.62,19,0,5,132,0,0.5098808710091376,0.7381240039481264
2025-05-12 20:00:00,29589.01,20,0,5,132,0,0.4830705530586634,0.7237989586633121
2025-05-12 21:00:00,29003.93,21,0,5,132,0,0.4562844994966284,0.7094868781058777
2025-05-12 22:00:00,28112.23,22,0,5,132,0,0.4154608104946685,0.6876743358329165
2025-05-12 23:00:00,27315.27,23,0,5,132,0,0.37897449538083877,0.6681792997334892
2025-05-13 00:00:00,25884.67,0,1,5,133,0,0.3134789593415835,0.6331843205076302
2025-05-13 01:00:00,26102.3,1,1,5,133,0,0.3234424666170086,0.6385079311108203
2025-05-13 02:00:00,25823.01,2,1,5,133,0,0.3106560495469655,0.6316760090166009
2025-05-13 03:00:00,25561.87,3,1,5,133,0,0.2987005733262951,0.6252880676807693
2025-05-13 04:00:00,25435.31,4,1,5,133,0,0.29290642049452664,0.6221921886294448
2025-05-13 05:00:00,25066.57,5,1,5,133,0,0.27602481560209335,0.6131721630179928
2025-05-13 06:00:00,24748.72,6,1,5,133,0,0.2614730498184521,0.6053969958525103
2025-05-13 07:00:00,25669.89,7,1,5,133,0,0.3036459303813492,0.6279304258912944
2025-05-13 08:00:00,28534.79,8,1,5,133,0,0.4348063953602827,0.6980108928171741
2025-05-13 09:00:00,31086.97,9,1,5,133,0,0.5516499555229182,0.7604416813539089
2025-05-13 10:00:00,31937.88,10,1,5,133,0,0.5906062022523763,0.7812564288536124
2025-05-13 11:00:00,32968.3,11,1,5,133,0,0.637780751564252,0.8064623050551429
2025-05-13 12:00:00,33827.83,12,1,5,133,0,0.6771316379698307,0.8274879128378932
2025-05-13 13:00:00,35159.44,13,1,5,133,0,0.7380952271947941,0.8600614234536811
2025-05-13 14:00:00,35736.41,14,1,5,133,0,0.7645099898318479,0.874175119220453
2025-05-13 15:00:00,34747.43,15,1,5,133,0,0.7192326410047105,0.8499829379295331
2025-05-13 16:00:00,33713.17,16,1,5,133,0,0.6718822893313146,0.8246831286088725
2025-05-13 17:00:00,32798.79,17,1,5,133,0,0.6300202676316263,0.80231579385105
2025-05-13 18:00:00,31883.92,18,1,5,133,0,0.588135812818098,0.7799364728358383
2025-05-13 19:00:00,31653.95,19,1,5,133,0,0.5776073573288296,0.7743110042404443
2025-05-13 20:00:00,30906.38,20,1,5,133,0,0.543382208526323,0.7560241339623265
2025-05-13 21:00:00,30131.19,21,1,5,133,0,0.5078925646130905,0.7370616301554666
2025-05-13 22:00:00,29201.78,22,1,5,133,0,0.46534244148276466,0.7143266352985495
2025-05-13 23:00:00,28183.04,23,1,5,133,0,0.41870262435384625,0.6894064723343726
2025-05-14 00:00:00,26717.84,0,2,5,134,0,0.35162303578631043,0.6535651165663531
2025-05-14 01:00:00,26353.52,1,2,5,134,0,0.3349437867370853,0.6446532118888996
2025-05-14 02:00:00,25543.39,2,2,5,134,0,0.29785452446147936,0.6248360145449564
2025-05-14 03:00:00,25498.03,3,2,5,134,0,0.29577785906602244,0.6237264295752339
2025-05-14 04:00:00,25382.82,4,2,5,134,0,0.2905033304017679,0.6209081913838378
2025-05-14 05:00:00,25078.97,5,2,5,134,0,0.2765925107278356,0.6134754887151833
2025-05-14 06:00:00,24990.03,6,2,5,134,0,0.2725206716565847,0.611299860690335
2025-05-14 07:00:00,25816.73,7,2,5,134,0,0.3103685394348961,0.6315223892280238
2025-05-14 08:00:00,28948.78,8,2,5,134,0,0.453759629643025,0.7081378126058735
2025-05-14 09:00:00,31683.69,9,2,5,134,0,0.5789689099933112,0.7750384966787058
2025-05-14 10:00:00,32657.62,10,2,5,134,0,0.6235572417525114,0.7988625286355358
2025-05-14 11:00:00,34369.89,11,2,5,134,0,0.7019481557004602,0.8407476489200748
2025-05-14 12:00:00,34073.8,12,2,5,134,0,0.6883926032987666,0.8335047694296621
2025-05-14 13:00:00,35055.88,13,2,5,134,0,0.7333540572575471,0.8575281646471453
2025-05-14 14:00:00,35641.05,14,2,5,134,0,0.7601442311874306,0.8718424467620594
2025-05-14 15:00:00,35350.62,15,2,5,134,0,0.7468478041415192,0.8647380207753641
2025-05-14 16:00:00,34587.69,16,2,5,134,0,0.7119194458929319,0.8460754180207265
2025-05-14 17:00:00,33737.63,17,2,5,134,0,0.673002113748706,0.8252814630083304
2025-05-14 18:00:00,32770.26,18,2,5,134,0,0.6287141110237695,0.8016179001300142
2025-05-14 19:00:00,32547.16,19,2,5,134,0,0.6185001769469081,0.7961604837555635
2025-05-14 20:00:00,31881.87,20,2,5,134,0,0.5880419599948907,0.7798863262488028
2025-05-14 21:00:00,31191.58,21,2,5,134,0,0.5564391964183932,0.7630006249977067
2025-05-14 22:00:00,30289.62,22,2,5,134,0,0.5151457854817465,0.74093710517207
2025-05-14 23:00:00,29260.67,23,2,5,134,0,0.46803853551139024,0.7157671877427063
2025-05-15 00:00:00,28182.4,0,3,5,135,0,0.4186733239602596,0.6893908168145175
2025-05-15 01:00:00,27103.83,1,3,5,135,0,0.36929437784963504,0.6630071073613967
2025-05-15 02:00:00,26314.47,2,3,5,135,0,0.33315600490964725,0.6436979805602474
2025-05-15 03:00:00,26181.82,3,3,5,135,0,0.32708304052015524,0.6404531294528029
2025-05-15 04:00:00,26083.14,4,3,5,135,0,0.322565286084007,0.6380392439851614
2025-05-15 05:00:00,26600.5,5,3,5,135,0,0.3462509917496501,0.6506947748479396
2025-05-15 06:00:00,26671.86,6,3,5,135,0,0.34951798563456643,0.6524403653117711
2025-05-15 07:00:00,27553.59,7,3,5,135,0,0.38988522944268367,0.6740090239394914
2025-05-15 08:00:00,29674.07,8,3,5,135,0,0.48696475849379495,0.7258796750990395
2025-05-15 09:00:00,32356.48,9,3,5,135,0,0.6097704909326727,0.7914961173087671
2025-05-15 10:00:00,33849.88,10,3,5,135,0,0.6781411280926221,0.8280272944203971
2025-05-15 11:00:00,35380.91,11,3,5,135,0,0.7482345368317395,0.8654789671760011
2025-05-15 12:00:00,35570.73,12,3,5,135,0,0.7569248504420927,0.8701222965179922
2025-05-15 13:00:00,36234.53,13,3,5,135,0,0.7873148524152909,0.8863600060175904
2025-05-15 14:00:00,36832.44,14,3,5,135,0,0.8146882873050094,0.9009859308246179
2025-05-15 15:00:00,36058.58,15,3,5,135,0,0.7792595332721993,0.8820559611449567
2025-05-15 16:00:00,35170.17,16,3,5,135,0,0.7385864666060209,0.8603238980287499
2025-05-15 17:00:00,34390.9,17,3,5,135,0,0.7029100326836735,0.8412615902828146
2025-05-15 18:00:00,33473.94,18,3,5,135,0,0.6609298937723388,0.8188311442105766
2025-05-15 19:00:00,33322.23,19,3,5,135,0,0.6539843270363431,0.8151200521524505
2025-05-15 20:00:00,32536.55,20,3,5,135,0,0.6180144313594786,0.7959009445904675
2025-05-15 21:00:00,31939.69,21,3,5,135,0,0.5906890674279884,0.7813007046207021
2025-05-15 22:00:00,31053.21,22,3,5,135,0,0.5501043597612201,0.7596158526815581
2025-05-15 23:00:00,30052.28,23,3,5,135,0,0.5042799176475812,0.7351313534808458
2025-05-16 00:00:00,28715.34,0,4,5,136,0,0.44307231108227874,0.7024274617387656
2025-05-16 01:00:00,27847.13,1,4,5,136,0,0.40332403808868045,0.681189525967982
2025-05-16 02:00:00,27390.67,2,4,5,136,0,0.382426448000271,0.6700237156664053
2025-05-16 03:00:00,27111.78,3,4,5,136,0,0.36965834367621964,0.6632015782720954
2025-05-16 04:00:00,26546.39,4,4,5,136,0,0.34377373503562514,0.6493711495676997
2025-05-16 05:00:00,26831.31,5,4,5,136,0,0.35681790400550123,0.6563407913131434
2025-05-16 06:00:00,26560.45,6,4,5,136,0,0.34441742805723286,0.6497150817695141
2025-05-16 07:00:00,27946.02,7,4,5,136,0,0.4078514067164743,0.6836085484030758
2025-05-16 08:00:00,30663.54,8,4,5,136,0,0.5322645404347721,0.7500838426473484
2025-05-16 09:00:00,33333.37,9,4,5,136,0,0.6544943370122115,0.8153925560449264
2025-05-16 10:00:00,34640.34,10,4,5,136,0,0.7143298610840869,0.8473633291462971
2025-05-16 11:00:00,35596.86,11,4,5,136,0,0.7581211305739993,0.8707614820395717
2025-05-16 12:00:00,36066.95,12,4,5,136,0,0.7796427274820751,0.8822607059905601
2025-05-16 13:00:00,37171.8,13,4,5,136,0,0.8302248210043535,0.9092872702277267
2025-05-16 14:00:00,36969.38,14,4,5,136,0,0.8209576558952619,0.9043357228385903
2025-05-16 15:00:00,36996.04,15,4,5,136,0,0.8221782004156077,0.9049878730875498
2025-05-16 16:00:00,35800.02,16,4,5,136,0,0.767422174263175,0.8757311311235403
2025-05-16 17:00:00,34525.3,17,4,5,136,0,0.709063115336879,0.8445492494523626
2025-05-16 18:00:00,33545.27,18,4,5,136,0,0.6641955142013054,0.8205760008219147
2025-05-16 19:00:00,33292.44,19,4,5,136,0,0.6526204852786125,0.8143913366267003
2025-05-16 20:00:00,32856.49,20,4,5,136,0,0.6326618812409265,0.8037272368129764
2025-05-16 21:00:00,32265.6,21,4,5,136,0,0.6056098350433622,0.7892730334893585
2025-05-16 22:00:00,31471.18,22,4,5,136,0,0.5692398058665797,0.7698401302343558
2025-05-16 23:00:00,30614.69,23,4,5,136,0,0.5300280963305377,0.7488888861709166
2025-05-17 00:00:00,29143.03,0,5,5,137,1,0.4626527569152362,0.7128895074993609
2025-05-17 01:00:00,28579.5,1,5,5,137,1,0.4368533025435031,0.6991045776495438
2025-05-17 02:00:00,27755.36,2,5,5,137,1,0.3991226363395385,0.678944671191275
2025-05-17 03:00:00,27504.25,3,5,5,137,1,0.3876263522246095,0.6728020812056706
2025-05-17 04:00:00,26547.33,4,5,5,137,1,0.3438167699887057,0.6493941436124868
2025-05-17 05:00:00,26321.54,5,5,5,137,1,0.33347968269505024,0.6438709251311455
2025-05-17 06:00:00,26090.33,6,5,5,137,1,0.32289445769320757,0.6382151239660324
2025-05-17 07:00:00,26371.42,7,5,5,137,1,0.33576328212021306,0.6450910772098438
2025-05-17 08:00:00,28420.37,8,5,5,137,1,0.42956803436936164,0.695211979408099
2025-05-17 09:00:00,30856.83,9,5,5,137,1,0.5411137171166033,0.7548120542610534
2025-05-17 10:00:00,32005.46,10,5,5,137,1,0.5937001406876711,0.7829095539033002
2025-05-17 11:00:00,33666.39,11,5,5,137,1,0.6697406136875872,0.8235388079544718
2025-05-17 12:00:00,33628.32,12,5,5,137,1,0.6679976980878288,0.8226075491405975
2025-05-17 13:00:00,34102.03,13,5,5,137,1,0.6896850253471295,0.8341953246257657
2025-05-17 14:00:00,34582.04,14,5,5,137,1,0.7116607783557992,0.8459372091345065
2025-05-17 15:00:00,34101.37,15,5,5,137,1,0.6896548093162433,0.8341791798709154
2025-05-17 16:00:00,33165.01,16,5,5,137,1,0.646786502224312,0.8112741758530729
2025-05-17 17:00:00,32609.27,17,5,5,137,1,0.6213436885807667,0.7976798030339908
2025-05-17 18:00:00,32526.47,18,5,5,137,1,0.6175529501604884,0.7956543701527514
2025-05-17 19:00:00,32746.64,19,5,5,137,1,0.6276327433729605,0.8010401136003659
2025-05-17 20:00:00,32325.05,20,5,5,137,1,0.6083315669163761,0.7907272845133885
2025-05-17 21:00:00,32313.08,21,5,5,137,1,0.6077835579925751,0.7904344773686006
2025-05-17 22:00:00,31377.58,22,5,5,137,1,0.564954623304526,0.7675505104555634
2025-05-17 23:00:00,30277.46,23,5,5,137,1,0.5145890780035993,0.7406396502948251
2025-05-18 00:00:00,29057.55,0,6,5,138,1,0.4587393230968135,0.7107985171287287
2025-05-18 01:00:00,27940.57,1,6,5,138,1,0.4076018955523376,0.6834752318668106
2025-05-18 02:00:00,26830.69,2,6,5,138,1,0.356789519249214,0.6563256250282838
2025-05-18 03:00:00,26362.82,3,6,5,138,1,0.3353695580813919,0.6448807061617924
2025-05-18 04:00:00,26237.66,4,6,5,138,1,0.3296394998605942,0.6418190735601508
2025-05-18 05:00:00,25853.81,5,6,5,138,1,0.31206613098832525,0.6324294309096224
2025-05-18 06:00:00,25476.34,6,6,5,138,1,0.2947848504146235,0.6231958542226483
2025-05-18 07:00:00,26327.02,7,6,5,138,1,0.3337305673151363,0.6440049755199039
2025-05-18 08:00:00,27827.89,8,6,5,138,1,0.4024431950064804,0.6807188819023413
2025-05-18 09:00:00,29423.19,9,6,5,138,1,0.47547900420781114,0.7197427113158831
2025-05-18 10:00:00,30883.03,10,6,5,138,1,0.5423132019790584,0.755452952105117
2025-05-18 11:00:00,32165.95,11,6,5,138,1,0.6010476721981842,0.7868354201244369
2025-05-18 12:00:00,32590.82,12,6,5,138,1,0.6204990131719004,0.7972284837506711
2025-05-18 13:00:00,32580.44,13,6,5,138,1,0.6200237974134161,0.796974570788023
2025-05-18 14:00:00,32310.02,14,6,5,138,1,0.6076434654857388,0.790359624414294
2025-05-18 15:00:00,31929.85,15,6,5,138,1,0.5902385738765931,0.7810600010029317
2025-05-18 16:00:00,31136.08,16,6,5,138,1,0.5538983029120471,0.7616429978852818
2025-05-18 17:00:00,31056.1,17,6,5,138,1,0.5502366693510099,0.7596865471384033
2025-05-18 18:00:00,31121.53,18,6,5,138,1,0.5532321767765995,0.7612870794260783
2025-05-18 19:00:00,31720.3,19,6,5,138,1,0.5806449840702,0.7759340413379109
2025-05-18 20:00:00,31797.81,20,6,5,138,1,0.5841935364247386,0.777830071562849
2025-05-18 21:00:00,31564.75,21,6,5,138,1,0.5735236149726842,0.772129016160655
2025-05-18 22:00:00,31135.29,22,6,5,138,1,0.5538621352387135,0.7616236731029608
2025-05-18 23:00:00,29635.44,23,6,5,138,1,0.48519620504964805,0.7249347177052922
2025-05-19 00:00:00,28358.66,0,0,5,139,0,0.4267428354814947,0.6937024448295811
2025-05-19 01:00:00,27693.49,1,0,5,139,0,0.39629011235327494,0.6774312227327933
2025-05-19 02:00:00,26698.85,2,0,5,139,0,0.3507536381703552,0.6531005879381557
2025-05-19 03:00:00,26574.27,3,0,5,139,0,0.3450501334312455,0.6500531431513827
2025-05-19 04:00:00,26671.49,4,0,5,139,0,0.34950104634452417,0.652431314464355
2025-05-19 05:00:00,26742.58,5,0,5,139,0,0.3527556791258961,0.6541703002557476
2025-05-19 06:00:00,26533.47,6,0,5,139,0,0.34318223334009385,0.6490551037606271
2025-05-19 07:00:00,27792.7,7,0,5,139,0,0.40083213117786215,0.6798580729278146
2025-05-19 08:00:00,31291.83,8,0,5,139,0,0.5610288283825589,0.7654529154124924
2025-05-19 09:00:00,34246.94,9,0,5,139,0,0.6963192754012667,0.8377400767854326
2025-05-19 10:00:00,35111.71,10,0,5,139,0,0.7359100587793364,0.8588938641369955
2025-05-19 11:00:00,36764.51,11,0,5,139,0,0.8115783252169717,0.8993242441625092
2025-05-19 12:00:00,37565.45,12,0,5,139,0,0.8482468521534186,0.9189166380260345
2025-05-19 13:00:00,37539.83,13,0,5,139,0,0.8470739207726514,0.9182899279968395
2025-05-19 14:00:00,37760.11,14,0,5,139,0,0.8571587499902713,0.9236783622369291
2025-05-19 15:00:00,37164.72,15,0,5,139,0,0.8299006854003006,0.9091140810393308
2025-05-19 16:00:00,36528.35,16,0,5,139,0,0.8007664799834818,0.8935473573360175
2025-05-19 17:00:00,35298.55,17,0,5,139,0,0.7444639424320518,0.863464297464662
2025-05-19 18:00:00,34338.99,18,0,5,139,0,0.7005334960726026,0.839991780852076
2025-05-19 19:00:00,34355.16,19,0,5,139,0,0.7012737888293167,0.8403873273459125
2025-05-19 20:00:00,33876.77,20,0,5,139,0,0.679372202441913,0.8286850708718044
2025-05-19 21:00:00,33188.8,21,0,5,139,0,0.6478756527921674,0.8118561208801828
2025-05-19 22:00:00,32323.43,22,0,5,139,0,0.6082574002951099,0.7906876564787556
2025-05-19 23:00:00,31178.27,23,0,5,139,0,0.5558298397955199,0.7626750391082224
2025-05-20 00:00:00,29837.68,0,1,5,140,0,0.4944551294230432,0.7298818619794692
2025-05-20 01:00:00,29255.1,1,1,5,140,0,0.46778353052345606,0.7156309357964684
2025-05-20 02:00:00,28716.9,2,1,5,140,0,0.4431437307916463,0.7024656220684122
2025-05-20 03:00:00,28172.78,3,1,5,140,0,0.4182329024191595,0.6891554947816971
2025-05-20 04:00:00,27864.38,4,1,5,140,0,0.40411377525957176,0.6816114911515736
2025-05-20 05:00:00,27265.16,5,1,5,140,0,0.3766803661267306,0.666953521452343
2025-05-20 06:00:00,28032.1,6,1,5,140,0,0.41179230965388447,0.6857142158235721
2025-05-20 07:00:00,29936.7,7,1,5,140,0,0.49898844969328443,0.7323040644420336
2025-05-20 08:00:00,32644.78,8,1,5,140,0,0.6229694026061784,0.798548439768445
2025-05-20 09:00:00,34811.09,9,1,5,140,0,0.7221471145292867,0.8515401729201091
2025-05-20 10:00:00,35938.01,10,1,5,140,0,0.7737396138116562,0.879106607974775
2025-05-20 11:00:00,37196.46,11,1,5,140,0,0.8313538017947406,0.9098904969771392
2025-05-20 12:00:00,37199.93,12,1,5,140,0,0.8315126648662184,0.9099753792488531
2025-05-20 13:00:00,38126.02,13,1,5,140,0,0.8739107922048133,0.9326291610965223
2025-05-20 14:00:00,38748.5,14,1,5,140,0,0.9024090875170708,0.9478561110954827
2025-05-20 15:00:00,37626.71,15,1,5,140,0,0.8510514492020449,0.9204151648171545
2025-05-20 16:00:00,36910.75,16,1,5,140,0,0.8182734651515311,0.9029015304493745
2025-05-20 17:00:00,36014.11,17,1,5,140,0,0.7772236137365739,0.8809681471325326
2025-05-20 18:00:00,34879.39,18,1,5,140,0,0.7252740159073667,0.8532109104296339
2025-05-20 19:00:00,34832.16,19,1,5,140,0,0.7231117384243989,0.8520555819878353
2025-05-20 20:00:00,34662.15,20,1,5,140,0,0.7153283635592836,0.8478968399088556
2025-05-20 21:00:00,34105.61,21,1,5,140,0,0.6898489244237551,0.8342828976899547
2025-05-20 22:00:00,33201.21,22,1,5,140,0,0.6484438057365591,0.8121596911948709
2025-05-20 23:00:00,32125.39,23,1,5,140,0,0.5991907597546274,0.7858432515536269
2025-05-21 00:00:00,30832.78,0,2,5,141,0,0.5400126632638532,0.7542237491790025
2025-05-21 01:00:00,30117.98,1,2,5,141,0,0.5072877861767152,0.7367384904409597
2025-05-21 02:00:00,29673.44,2,2,5,141,0,0.486935915918858,0.7258642641966822
2025-05-21 03:00:00,28703.28,3,2,5,141,0,0.4425201817906294,0.7021324530364981
2025-05-21 04:00:00,28961.46,4,2,5,141,0,0.4543401436909614,0.7084479875930004
2025-05-21 05:00:00,28570.95,5,2,5,141,0,0.4364618675979309,0.6988954296889811
2025-05-21 06:00:00,28435.37,6,2,5,141,0,0.43025476234404975,0.6955789056547004
2025-05-21 07:00:00,29643.29,7,2,5,141,0,0.48555559268973497,0.7251267424410135
2025-05-21 08:00:00,32670.2,8,2,5,141,0,0.6241331776139499,0.7991702574476854
2025-05-21 09:00:00,35423.88,9,2,5,141,0,0.7502017835698958,0.866530088563765
2025-05-21 10:00:00,36326.81,10,2,5,141,0,0.7915396029155721,0.8886173362866818
2025-05-21 11:00:00,37341.61,11,2,5,141,0,0.8379990394964727,0.9134411199567516
2025-05-21 12:00:00,38241.66,12,2,5,141,0,0.8792050070710091,0.9354579178403211
2025-05-21 13:00:00,38924.57,13,2,5,141,0,0.91046990048396,0.9521630913780893
2025-05-21 14:00:00,38902.26,14,2,5,141,0,0.909448507076274,0.9516173497406443
2025-05-21 15:00:00,38137.82,15,2,5,141,0,0.874451018211568,0.9329178097438487
2025-05-21 16:00:00,37082.82,16,2,5,141,0,0.8261511506585034,0.9071106637328874
2025-05-21 17:00:00,36099.64,17,2,5,141,0,0.7811393366482455,0.8830603605906534
2025-05-21 18:00:00,35195.89,18,2,5,141,0,0.7397639761732862,0.8609530542329223
2025-05-21 19:00:00,35214.84,19,2,5,141,0,0.740631542514642,0.8614166043911285
2025-05-21 20:00:00,34642.88,20,2,5,141,0,0.7144461470211342,0.8474254619907216
2025-05-21 21:00:00,34208.5,21,2,5,141,0,0.6945594205114658,0.8367997671241422
2025-05-21 22:00:00,33449.32,22,2,5,141,0,0.6598027442565505,0.8182288959311548
2025-05-21 23:00:00,32317.4,23,2,5,141,0,0.6079813356492854,0.7905401521276219
2025-05-22 00:00:00,30823.68,0,3,5,142,0,0.5395960482925425,0.7540011472560644
2025-05-22 01:00:00,30464.39,1,3,5,142,0,0.5231470820241627,0.7452122851799712
2025-05-22 02:00:00,29606.23,2,3,5,142,0,0.48385891677360543,0.7242201899944104
2025-05-22 03:00:00,29231.62,3,3,5,142,0,0.46670857233374424,0.7150565739117885
2025-05-22 04:00:00,28930.55,4,3,5,142,0,0.4529250262444541,0.707691874907504
2025-05-22 05:00:00,28454.64,5,3,5,142,0,0.4311369788821991,0.6960502835728342
2025-05-22 06:00:00,28486.38,6,3,5,142,0,0.4325900952766393,0.6968266995106427
2025-05-22 07:00:00,29614.76,7,3,5,142,0,0.48424943608187804,0.7244288487199777
2025-05-22 08:00:00,32749.05,8,3,5,142,0,0.6277430776675604,0.8010990664173199
2025-05-22 09:00:00,35170.31,9,3,5,142,0,0.7385928760671179,0.860327322673718
2025-05-22 10:00:00,36273.23,10,3,5,142,0,0.7890866105899864,0.8873066757338219
2025-05-22 11:00:00,37572.84,11,3,5,142,0,0.8485851801356148,0.9190974103568601
2025-05-22 12:00:00,37858.17,12,3,5,142,0,0.8616481196701323,0.926077081419711
2025-05-22 13:00:00,39001.38,13,3,5,142,0,0.9139864055330129,0.9540419983781859
2025-05-22 14:00:00,38661.09,14,3,5,142,0,0.8984072946992381,0.9457179095477878
2025-05-22 15:00:00,38796.21,15,3,5,142,0,0.9045933402952289,0.9490231811771728
2025-05-22 16:00:00,37526.05,16,3,5,142,0,0.846443046673238,0.9179528450849618
2025-05-22 17:00:00,36335.47,17,3,5,142,0,0.7919360738662923,0.8888291750397198
2025-05-22 18:00:00,35320.74,18,3,5,142,0,0.7454798420159402,0.8640071036921341
2025-05-22 19:00:00,35253.72,19,3,5,142,0,0.7424115414250338,0.8623676772223194
2025-05-22 20:00:00,34491.03,20,3,5,142,0,0.7074941708240414,0.8437109452876274
2025-05-22 21:00:00,33963.73,21,3,5,142,0,0.6833533934205052,0.8308122646321014
2025-05-22 22:00:00,33072.43,22,3,5,142,0,0.6425480171645368,0.8090095070590494
2025-05-22 23:00:00,32102.08,23,3,5,142,0,0.5981235844819622,0.7852730481664084
2025-05-23 00:00:00,30833.65,0,4,5,143,0,0.5400524934863852,0.7542450309013055
2025-05-23 01:00:00,29739.78,1,4,5,143,0,0.48997308484157864,0.727487056676651
2025-05-23 02:00:00,29124.11,2,4,5,143,0,0.46178656402982965,0.7124266911936478
2025-05-23 03:00:00,28323.88,3,4,5,143,0,0.4251505422175179,0.6928516651724614
2025-05-23 04:00:00,28197.09,4,4,5,143,0,0.4193458595568041,0.6897501599186892
2025-05-23 05:00:00,28034.74,5,4,5,143,0,0.4119131737774297,0.6857787948429739
2025-05-23 06:00:00,28077.3,6,4,5,143,0,0.4138616499509447,0.6868198869133307
2025-05-23 07:00:00,29553.62,7,4,5,143,0,0.4814503328570493,0.7229332573388306
2025-05-23 08:00:00,32145.37,8,4,5,143,0,0.600105481416912,0.7863319973140999
2025-05-23 09:00:00,34890.21,9,4,5,143,0,0.7257693756864417,0.8534755865621824
2025-05-23 10:00:00,36304.24,10,4,5,143,0,0.7905063062229915,0.8880652345942956
2025-05-23 11:00:00,37594.07,11,4,5,143,0,0.8495571291291236,0.91961673330455
2025-05-23 12:00:00,37460.18,12,4,5,143,0,0.8434273952270575,0.9163415496273863
2025-05-23 13:00:00,38587.39,13,4,5,143,0,0.8950331712502706,0.9439150785894865
2025-05-23 14:00:00,38974.74,14,4,5,143,0,0.9127667766499669,0.953390337364222
2025-05-23 15:00:00,38017.66,15,4,5,143,0,0.8689498693156665,0.9299784858910743
2025-05-23 16:00:00,37597.67,16,4,5,143,0,0.8497219438430487,0.9197047956037343
2025-05-23 17:00:00,36199.17,17,4,5,143,0,0.785696005669626,0.8854950385456022
2025-05-23 18:00:00,35034.53,18,4,5,143,0,0.732376614440241,0.8570059062894827
2025-05-23 19:00:00,35002.63,19,4,5,143,0,0.7309161729474043,0.8562255764717105
2025-05-23 20:00:00,34610.21,20,4,5,143,0,0.7129504534922635,0.8466262966256238
2025-05-23 21:00:00,33881.81,21,4,5,143,0,0.6796029430414082,0.8288083580906624
2025-05-23 22:00:00,33317.93,22,4,5,143,0,0.6537874650169324,0.8150148666284248
2025-05-23 23:00:00,32579.99,23,4,5,143,0,0.6200031955741756,0.796963563000625
2025-05-24 00:00:00,31248.93,0,5,5,144,1,0.5590647863749507,0.7644035063472125
2025-05-24 01:00:00,30568.7,1,5,5,144,1,0.5279225883601439,0.7477638902988369
2025-05-24 02:00:00,29598.47,2,5,5,144,1,0.4835036495013669,0.7240303668161687
2025-05-24 03:00:00,29042.29,3,5,5,144,1,0.45804069183723084,0.7104252308271863
2025-05-24 04:00:00,28571.2,4,5,5,144,1,0.4364733130641757,0.6989015451264244
2025-05-24 05:00:00,27937.15,5,5,5,144,1,0.4074453215741088,0.6833915726825855
2025-05-24 06:00:00,27950.75,6,5,5,144,1,0.40806795493782594,0.6837242524795041
2025-05-24 07:00:00,28581.34,7,5,5,144,1,0.43693754117506484,0.6991495872691269
2025-05-24 08:00:00,29135.76,8,5,5,144,1,0.4623199227568373,0.712711670578508
2025-05-24 09:00:00,30558.82,9,5,5,144,1,0.5274702635341494,0.7475222082110755
2025-05-24 10:00:00,30986.7,10,5,5,144,1,0.547059407921453,0.7579889017041278
2025-05-24 11:00:00,31570.59,11,5,5,144,1,0.5737909810641628,0.7722718727793317
2025-05-24 12:00:00,32552.17,12,5,5,144,1,0.6187295440904539,0.7962830371219283
2025-05-24 13:00:00,32725.59,13,5,5,144,1,0.6266690351151483,0.8005251937676353
2025-05-24 14:00:00,33173.27,14,5,5,144,1,0.64716466042904,0.8114762299062013
2025-05-24 15:00:00,33167.38,15,5,5,144,1,0.6468950052443125,0.8113321502000359
2025-05-24 16:00:00,32242.62,16,5,5,144,1,0.60455776778614,0.7887109024795652
2025-05-24 17:00:00,31026.04,17,5,5,144,1,0.5488604664897351,0.7589512269402142
2025-05-24 18:00:00,30827.25,18,5,5,144,1,0.5397594895505182,0.7540884757027555
2025-05-24 19:00:00,31021.08,19,5,5,144,1,0.5486333884394382,0.758829896661338
2025-05-24 20:00:00,30740.09,20,5,5,144,1,0.5357691421989305,0.7519563895925039
2025-05-24 21:00:00,30524.87,21,5,5,144,1,0.5259159692181052,0.7466917318062678
2025-05-24 22:00:00,29605.95,22,5,5,144,1,0.4838460978514113,0.724213340704474
2025-05-24 23:00:00,28526.06,23,5,5,144,1,0.43440671967901423,0.6977973417416521
2025-05-25 00:00:00,27497.63,0,6,5,145,1,0.3873232762784472,0.6726401444221707
2025-05-25 01:00:00,26285.21,1,6,5,145,1,0.33181642754035556,0.642982229761877
2025-05-25 02:00:00,25309.23,2,6,5,145,1,0.287134242957948,0.6191080512180116
2025-05-25 03:00:00,24446.26,3,6,5,145,1,0.24762586693684066,0.5979982950160407
2025-05-25 04:00:00,24322.84,4,6,5,145,1,0.24197546916110688,0.5949792258590049
2025-05-25 05:00:00,24051.18,5,6,5,145,1,0.2295383677208552,0.5883339469155568
2025-05-25 06:00:00,23505.03,6,6,5,145,1,0.20453460216246058,0.5749741622768018
2025-05-25 07:00:00,24251.31,7,6,5,145,1,0.23870069235914418,0.593229476897712
2025-05-25 08:00:00,25090.57,8,6,5,145,1,0.27712358036159435,0.613759245012555
2025-05-25 09:00:00,26150.93,9,6,5,145,1,0.32566883871094754,0.6396975060023018
2025-05-25 10:00:00,27530.33,10,6,5,145,1,0.3888203432632673,0.6734400436397616
2025-05-25 11:00:00,27864.8,11,6,5,145,1,0.404133003642863,0.6816217650864783
2025-05-25 12:00:00,28317.69,12,6,5,145,1,0.42486715247329654,0.6927002469413639
2025-05-25 13:00:00,28260.96,13,6,5,145,1,0.4222699472730261,0.6913125318767176
2025-05-25 14:00:00,27992.94,14,6,5,145,1,0.4099994918212987,0.6847562937024447
2025-05-25 15:00:00,27904.17,15,6,5,145,1,0.40593543566709434,0.682584824175058
2025-05-25 16:00:00,27365.3,16,6,5,145,1,0.3812649620857485,0.6694031210746535
2025-05-25 17:00:00,27534.1,17,6,5,145,1,0.3889929408942388,0.6735322644364073
2025-05-25 18:00:00,27803.79,18,6,5,145,1,0.40133985206048156,0.6801293537328018
2025-05-25 19:00:00,27910.24,19,6,5,145,1,0.4062133315875183,0.6827333069961827
2025-05-25 20:00:00,28149.07,20,6,5,145,1,0.4171474144005025,0.6885755066945694
2025-05-25 21:00:00,28200.25,21,6,5,145,1,0.4194905302501384,0.6898274590479732
2025-05-25 22:00:00,27350.49,22,6,5,145,1,0.38058693266540655,0.6690408425605092
2025-05-25 23:00:00,26102.47,23,6,5,145,1,0.32345024953405516,0.6385120896082818
2025-05-26 00:00:00,25074.99,0,0,5,146,0,0.27641029890521834,0.6133781309510851
2025-05-26 01:00:00,24160.74,1,0,5,146,0,0.2345542288479773,0.591013976220733
2025-05-26 02:00:00,23896.15,2,0,5,146,0,0.22244080519312862,0.584541641848183
2025-05-26 03:00:00,23716.33,3,0,5,146,0,0.2142083102325674,0.5801429300039261
2025-05-26 04:00:00,23584.74,4,0,5,146,0,0.2081838746199534,0.5769240083512414
2025-05-26 05:00:00,23375.35,5,0,5,146,0,0.19859760991195685,0.5718019625661843
2025-05-26 06:00:00,23792.14,6,0,5,146,0,0.21767903341664108,0.5819973752542493
2025-05-26 07:00:00,25114.94,7,0,5,146,0,0.2782392844111376,0.6143553778545333
2025-05-26 08:00:00,28007.98,8,0,5,146,0,0.41068805107058604,0.685124198419037
2025-05-26 09:00:00,30469.37,9,0,5,146,0,0.5233750757117591,0.7453341046938428
2025-05-26 10:00:00,30801.8,10,0,5,146,0,0.5385943410867974,0.7534659241710219
2025-05-26 11:00:00,31341.61,11,0,5,146,0,0.5633078496212237,0.7666706213162133
2025-05-26 12:00:00,30906.68,12,0,5,146,0,0.5433959430858167,0.7560314724872584
2025-05-26 13:00:00,31495.79,13,0,5,146,0,0.570366497563718,0.7704421338962797
2025-05-26 14:00:00,31693.35,14,0,5,146,0,0.5794111628090104,0.7752747971815172
2025-05-26 15:00:00,31417.5,15,0,5,146,0,0.5667822353544958,0.7685270235065185
2025-05-26 16:00:00,30918.57,16,0,5,146,0,0.5439402894604195,0.7563223226920645
2025-05-26 17:00:00,30124.95,17,0,5,146,0,0.5076068857756204,0.7369089888368805
2025-05-26 18:00:00,30077.39,18,0,5,146,0,0.5054295002772091,0.7357455880176564
2025-05-26 19:00:00,29951.16,19,0,5,146,0,0.4996504554608837,0.7326577813437573
2025-05-26 20:00:00,29314.79,20,0,5,146,0,0.4705162500440651,0.7170910576404441
2025-05-26 21:00:00,28752.03,21,0,5,146,0,0.4447520477083658,0.7033249633379525
2025-05-26 22:00:00,27990.82,22,0,5,146,0,0.4099024342675428,0.6847044347929251
2025-05-26 23:00:00,27069.02,23,0,5,146,0,0.36770071112970876,0.6621555938517838
2025-05-27 00:00:00,25943.51,0,1,5,147,0,0.31617276427696006,0.6346236498642984
2025-05-27 01:00:00,25654.1,1,1,5,147,0,0.30292303473332743,0.627544174862372
2025-05-27 02:00:00,24687.28,2,1,5,147,0,0.2586602120341294,0.6038940659464311
2025-05-27 03:00:00,24160.53,3,1,5,147,0,0.23454461465633153,0.5910088392532806
2025-05-27 04:00:00,24026.44,4,1,5,147,0,0.22840572438126952,0.5877287632261623
2025-05-27 05:00:00,24496.33,5,1,5,147,0,0.24991816491634977,0.5992230948271962
2025-05-27 06:00:00,24812.19,6,1,5,147,0,0.2643788247886823,0.6069495831106294
2025-05-27 07:00:00,26286.79,7,1,5,147,0,0.3318887628870228,0.6430208793265191
2025-05-27 08:00:00,28870.66,8,1,5,147,0,0.4501831503508493,0.7062268607135737
2025-05-27 09:00:00,31060.92,9,1,5,147,0,0.5504573379402097,0.7598044527723112
2025-05-27 10:00:00,32151.02,10,1,5,147,0,0.6003641489540447,0.7864702062003197
2025-05-27 11:00:00,33094.92,11,1,5,147,0,0.6435776513079191,0.8095596518114536
2025-05-27 12:00:00,34132.53,12,1,5,147,0,0.6910813722289953,0.8349414079938552
2025-05-27 13:00:00,34291.27,13,1,5,147,0,0.6983487854757947,0.8388244661528883
2025-05-27 14:00:00,34588.58,14,1,5,147,0,0.7119601917527634,0.8460971889780248
2025-05-27 15:00:00,33461.39,15,1,5,147,0,0.6603553313668495,0.81852414925092
2025-05-27 16:00:00,33404.89,16,1,5,147,0,0.6577686559955244,0.8171420603887216
2025-05-27 17:00:00,32082.3,17,1,5,147,0,0.5972180191926734,0.78478919475589
2025-05-27 18:00:00,31685.58,18,1,5,147,0,0.5790554377181221,0.7750847293857777
2025-05-27 19:00:00,31536.63,19,1,5,147,0,0.5722362289294689,0.7714411517570263
2025-05-27 20:00:00,31022.94,20,1,5,147,0,0.5487185427082995,0.7588753955159165
2025-05-27 21:00:00,30226.1,21,1,5,147,0,0.5122377214182672,0.7393832948264621
2025-05-27 22:00:00,29568.6,22,1,5,147,0,0.4821361451944378,0.7232996943504365
2025-05-27 23:00:00,28657.19,23,1,5,147,0,0.4404100956337377,0.701005010989441
2025-05-28 00:00:00,27601.79,0,2,5,148,0,0.3920919153346815,0.6751880802785704
2025-05-28 01:00:00,27193.68,1,2,5,148,0,0.3734078784180168,0.6652049955785387
2025-05-28 02:00:00,27269.77,2,2,5,148,0,0.3768914205242848,0.6670662901187985
2025-05-28 03:00:00,26567.93,3,2,5,148,0,0.34475987640727734,0.6498980556578192
2025-05-28 04:00:00,26103.82,4,2,5,148,0,0.323512055051777,0.6385451129704759
2025-05-28 05:00:00,26364.06,5,2,5,148,0,0.33542632759396623,0.6449110387315116
2025-05-28 06:00:00,26176.92,6,2,5,148,0,0.32685870938175704,0.640333266878913
2025-05-28 07:00:00,27653.44,7,2,5,148,0,0.3944565486608575,0.6764515296543676
2025-05-28 08:00:00,29937.05,8,2,5,148,0,0.4990044733460271,0.7323126260544542
2025-05-28 09:00:00,32540.88,9,2,5,148,0,0.6182126668348388,0.7960068639669864
2025-05-28 10:00:00,33482.31,10,2,5,148,0,0.6613130879822146,0.81903588905618
2025-05-28 11:00:00,34220.86,11,2,5,148,0,0.6951252843626089,0.8371021143513416
2025-05-28 12:00:00,34415.36,12,2,5,148,0,0.7040298571010648,0.8418599246822724
2025-05-28 13:00:00,33615.13,13,2,5,148,0,0.667393835288753,0.822284898661086
2025-05-28 14:00:00,34171.16,14,2,5,148,0,0.6928499256731423,0.8358863653876026
2025-05-28 15:00:00,34167.48,15,2,5,148,0,0.6926814484100189,0.8357963461484363
2025-05-28 16:00:00,33707.89,16,2,5,148,0,0.6716405610842244,0.8245539705700689
2025-05-28 17:00:00,32385.33,17,2,5,148,0,0.611091297737323,0.7922018387897305
2025-05-28 18:00:00,31789.48,18,2,5,148,0,0.5838121734894617,0.7776263051872363
2025-05-28 19:00:00,31744.18,19,2,5,148,0,0.5817382550059036,0.7765181879225003
2025-05-28 20:00:00,31189.01,20,2,5,148,0,0.5563215370253964,0.7629377583007889
2025-05-28 21:00:00,30473.06,21,2,5,148,0,0.5235440107935325,0.7454243685505068
2025-05-28 22:00:00,29510.63,22,2,5,148,0,0.4794821704815932,0.7218816467160712
2025-05-28 23:00:00,28497.0,23,2,5,148,0,0.4330762986827184,0.6970864832932364
2025-05-29 00:00:00,27393.54,0,3,5,149,0,0.38255784195276143,0.670093920888255
2025-05-29 01:00:00,26595.55,1,3,5,149,0,0.346024371518003,0.6505736891865611
2025-05-29 02:00:00,26338.02,2,3,5,149,0,0.3342341678299076,0.6442740547674115
2025-05-29 03:00:00,26247.29,3,3,5,149,0,0.33008037922034406,0.6420546402104689
2025-05-29 04:00:00,26115.37,4,3,5,149,0,0.3240408355922868,0.6388276461803589
2025-05-29 05:00:00,26188.41,5,3,5,149,0,0.32738474301036824,0.6406143323838097
2025-05-29 06:00:00,26585.57,6,3,5,149,0,0.3455674685055105,0.6503295609238224
2025-05-29 07:00:00,27745.14,7,3,5,149,0,0.3986547456794509,0.6786946721085906
2025-05-29 08:00:00,30448.56,8,3,5,149,0,0.5224223551015419,0.744825055681058
2025-05-29 09:00:00,31430.74,9,3,5,149,0,0.5673883872468206,0.7688508970735186
2025-05-29 10:00:00,32851.99,10,3,5,149,0,0.6324558628485201,0.803617158938996
2025-05-29 11:00:00,33830.97,11,3,5,149,0,0.6772753930258654,0.8275647227321817
2025-05-29 12:00:00,32556.9,12,3,5,149,0,0.6189460923118056,0.7963987411983566
2025-05-29 13:00:00,32968.78,13,3,5,149,0,0.6378027268594418,0.8064740466950341
2025-05-29 14:00:00,33119.24,14,3,5,149,0,0.6446910662642135,0.8101545615659433
2025-05-29 15:00:00,32552.89,15,3,5,149,0,0.618762507033239,0.7963006495817652
2025-05-29 16:00:00,31565.94,16,3,5,149,0,0.5735780953920094,0.7721581256428853
2025-05-29 17:00:00,30828.28,17,3,5,149,0,0.5398066448714468,0.754113671305022
2025-05-29 18:00:00,30450.49,18,3,5,149,0,0.5225107141009518,0.7448722668581207
2025-05-29 19:00:00,30344.55,19,3,5,149,0,0.5176605833250544,0.7422807890871241
2025-05-29 20:00:00,29593.06,20,3,5,149,0,0.4832559696118294,0.7238980287498945
2025-05-29 21:00:00,28911.81,21,3,5,149,0,0.4520670740947438,0.7072334617167501
2025-05-29 22:00:00,28240.19,22,3,5,149,0,0.42131905793740787,0.6908044613339236
2025-05-29 23:00:00,27375.19,23,3,5,149,0,0.3817177447303928,0.6696450477799127
2025-05-30 00:00:00,26231.04,0,4,5,150,0,0.3293364239144319,0.6416571367766508
2025-05-30 01:00:00,25628.96,1,4,5,150,0,0.3017720786477502,0.6269292064730682
2025-05-30 02:00:00,24991.86,2,4,5,150,0,0.2726044524694967,0.6113446256924204
2025-05-30 03:00:00,24266.18,3,4,5,150,0,0.23938146869138494,0.5935932231168427
2025-05-30 04:00:00,24160.87,4,4,5,150,0,0.23456018049042449,0.5910171562482035
2025-05-30 05:00:00,24072.67,5,4,5,150,0,0.2305222199992583,0.5888596299181876
2025-05-30 06:00:00,24175.01,6,4,5,150,0,0.23520753606123046,0.5913630453899997
2025-05-30 07:00:00,24927.41,7,4,5,150,0,0.2696538112715867,0.6097680659195233
2025-05-30 08:00:00,25753.44,8,4,5,150,0,0.307471005200362,0.6299742050848639
2025-05-30 09:00:00,26404.12,9,4,5,150,0,0.33726034910503316,0.6458909764274348
2025-05-30 10:00:00,27283.15,10,4,5,150,0,0.3775039818777066,0.6673935883307669
2025-05-30 11:00:00,28396.84,11,4,5,150,0,0.4284907870864009,0.6946363944359304
2025-05-30 12:00:00,28729.41,12,4,5,150,0,0.44371646192253617,0.7027716385580777
2025-05-30 13:00:00,29185.27,13,4,5,150,0,0.46458658289195803,0.7139227718097904
2025-05-30 14:00:00,29004.17,14,4,5,150,0,0.4562954871442233,0.7094927489258234
2025-05-30 15:00:00,28518.83,15,4,5,150,0,0.4340757167952146,0.6976204832907903
2025-05-30 16:00:00,27826.22,16,4,5,150,0,0.4023667392919652,0.6806780307802197
2025-05-30 17:00:00,27773.52,17,4,5,150,0,0.3999540350075609,0.6793888965671603
2025-05-30 18:00:00,27535.84,18,4,5,150,0,0.3890726013393027,0.6735748278810131
2025-05-30 19:00:00,27719.66,19,4,5,150,0,0.3974882237597807,0.6780713867243637
2025-05-30 20:00:00,27432.37,20,4,5,150,0,0.38433555176990397,0.671043770631957
2025-05-30 21:00:00,27247.76,21,4,5,150,0,0.37588376167609233,0.6665278870062854
2025-05-30 22:00:00,26828.74,22,4,5,150,0,0.35670024461250466,0.6562779246162257
2025-05-30 23:00:00,26110.9,23,4,5,150,0,0.32383619065582986,0.6387183021588717
2025-05-31 00:00:00,25348.15,0,5,5,151,1,0.2889160731429389,0.6200601025191933
2025-05-31 01:00:00,24860.99,1,5,5,151,1,0.2666129797996678,0.6081433164995725
2025-05-31 02:00:00,24123.13,2,5,5,151,1,0.23283237290610925,0.5900939698117547
2025-05-31 03:00:00,23995.95,3,5,5,151,1,0.22700983531805355,0.5869829244755707
2025-05-31 04:00:00,23701.27,4,5,5,151,1,0.21351883534598048,0.5797745360523383
2025-05-31 05:00:00,23618.74,5,5,5,151,1,0.20974045802924648,0.5777557078435378
2025-05-31 06:00:00,23378.33,6,5,5,151,1,0.19873403986959506,0.5718748585805091
2025-05-31 07:00:00,24471.15,7,5,5,151,1,0.2487653775561733,0.5986071479679013
2025-05-31 08:00:00,25711.97,8,5,5,151,1,0.30557243125967437,0.62895977632176
2025-05-31 09:00:00,27172.55,9,5,5,151,1,0.3724405076110061,0.6646881188058262
2025-05-31 10:00:00,28470.68,10,5,5,151,1,0.43187131999646566,0.6964426500391999
2025-05-31 11:00:00,29606.54,11,5,5,151,1,0.4838731091517491,0.7242277731368403
2025-05-31 12:00:00,30462.03,12,5,5,151,1,0.5230390368228117,0.7451545554505059
2025-05-31 13:00:00,30529.46,13,5,5,151,1,0.5261261079783598,0.7468040112377278
2025-05-31 14:00:00,30217.49,14,5,5,151,1,0.5118435395607963,0.7391726791609131
2025-05-31 15:00:00,29539.26,15,5,5,151,1,0.4807929052759478,0.7225819866120843
2025-05-31 16:00:00,29233.92,16,5,5,151,1,0.4668138706231964,0.7151128359362673
2025-05-31 17:00:00,28833.44,17,5,5,151,1,0.44847914933632316,0.7053163943870069
2025-05-31 18:00:00,28775.78,18,5,5,151,1,0.445839367001622,0.7039059298950713
2025-05-31 19:00:00,29354.74,19,5,5,151,1,0.4723452355499845,0.7180683045438924
2025-05-31 20:00:00,29727.38,20,5,5,151,1,0.4894053897158366,0.7271837309794607
2025-05-31 21:00:00,29114.03,21,5,5,151,1,0.4613250828308392,0.7121801167559316
2025-05-31 22:00:00,28429.81,22,5,5,151,1,0.43000021517476544,0.6954428983259602
2025-05-31 23:00:00,27681.23,23,5,5,151,1,0.39572882668862974,0.6771313216805711
2025-06-01 00:00:00,26404.56,0,6,6,152,1,0.33728049312562414,0.6459017395973351
2025-06-01 01:00:00,25580.65,1,6,6,152,1,0.2995603567506048,0.6257474593415142
2025-06-01 02:00:00,25068.54,2,6,6,152,1,0.27611500587610244,0.6132203526650465
2025-06-01 03:00:00,24370.53,3,6,6,152,1,0.24415880630196526,0.5961458067056994
2025-06-01 04:00:00,23935.2,4,6,6,152,1,0.22422858702056664,0.5854968731768352
2025-06-01 05:00:00,23797.33,5,6,6,152,1,0.21791664129588326,0.5821243317355734
2025-06-01 06:00:00,24086.49,6,6,6,152,1,0.2311549253732711,0.5891976913000564
2025-06-01 07:00:00,24651.64,7,6,6,152,1,0.2570285463662705,0.6030222491845064
2025-06-01 08:00:00,26451.16,8,6,6,152,1,0.33941392803365517,0.6470416571367766
2025-06-01 09:00:00,27440.87,9,6,6,152,1,0.3847246976222272,0.6712516955050312
2025-06-01 10:00:00,28777.33,10,6,6,152,1,0.4459103288923399,0.7039438456072201
2025-06-01 11:00:00,30186.23,11,6,6,152,1,0.5104123984615462,0.7384080048629958
2025-06-01 12:00:00,30985.95,12,6,6,152,1,0.5470250715227186,0.7579705553917977
2025-06-01 13:00:00,31261.84,13,6,6,152,1,0.5596558302518323,0.7647193075367874
2025-06-01 14:00:00,30589.85,14,6,6,152,1,0.5288908748044542,0.7482812563065449
2025-06-01 15:00:00,29305.95,15,6,6,152,1,0.4701115383576489,0.716874815772447
2025-06-01 16:00:00,29484.49,16,6,6,152,1,0.4782854325310367,0.7212422165769939
2025-06-01 17:00:00,29880.21,17,6,6,152,1,0.49640223214060886,0.7309222201973329
2025-06-01 18:00:00,30100.99,18,6,6,152,1,0.5065099522907186,0.7363228853123093
2025-06-01 19:00:00,30529.66,19,6,6,152,1,0.5261352643513556,0.7468089035876825
2025-06-01 20:00:00,30826.69,20,6,6,152,1,0.5397338517061298,0.7540747771228823
2025-06-01 21:00:00,30627.55,21,6,6,152,1,0.5306168511141703,0.7492034642730029
2025-06-01 22:00:00,29717.71,22,6,6,152,1,0.48896267908148755,0.7269471858591516
2025-06-01 23:00:00,28443.89,23,6,6,152,1,0.43064482383367264,0.6957873197627699
2025-06-02 00:00:00,27610.66,0,0,6,153,0,0.392498000477047,0.6754050559990606
2025-06-02 01:00:00,26884.57,1,0,6,153,0,0.3592562461342938,0.6576436241060759
2025-06-02 02:00:00,26199.37,2,0,6,153,0,0.32788651225054033,0.6408824331613264
2025-06-02 03:00:00,25591.16,3,0,6,153,0,0.3000415241515362,0.6260045523316328
2025-06-02 04:00:00,26126.89,4,0,6,153,0,0.3245682426768473,0.6391094455377487
2025-06-02 05:00:00,26200.68,5,0,6,153,0,0.32794648649366315,0.6409144780535296
2025-06-02 06:00:00,26531.0,6,0,6,153,0,0.3430691521335952,0.6489946832386867
2025-06-02 07:00:00,27795.29,7,0,6,153,0,0.40095070620815826,0.6799214288597277
2025-06-02 08:00:00,30966.94,8,0,6,153,0,0.5461547582694638,0.7575055375286049
2025-06-02 09:00:00,33765.63,9,0,6,153,0,0.6742840059681238,0.8259663920019862
2025-06-02 10:00:00,35100.6,10,0,6,153,0,0.7354014222594173,0.8586220940970127
2025-06-02 11:00:00,36064.54,11,0,6,153,0,0.7795323931874754,0.8822017531736063
2025-06-02 12:00:00,36154.68,12,0,6,153,0,0.7836591704967012,0.8844067352981826
2025-06-02 13:00:00,36448.68,13,0,6,153,0,0.7971190388005883,0.891598489731569
2025-06-02 14:00:00,36524.21,14,0,6,153,0,0.8005769430624678,0.8934460856919556
2025-06-02 15:00:00,36219.95,15,0,6,153,0,0.786647352823894,0.8860033537058938
2025-06-02 16:00:00,36092.8,16,0,6,153,0,0.7808261886917879,0.8828930422222032
2025-06-02 17:00:00,35327.63,17,0,6,153,0,0.7457952790656469,0.864175645148073
2025-06-02 18:00:00,34771.29,18,0,6,153,0,0.7203249963031144,0.8505665952791269
2025-06-02 19:00:00,34698.74,19,0,6,153,0,0.7170035219988727,0.848791895333065
2025-06-02 20:00:00,34102.04,20,0,6,153,0,0.6896854831657794,0.8341955692432635
2025-06-02 21:00:00,33245.66,21,0,6,153,0,0.6504788096348851,0.8132470159722995
2025-06-02 22:00:00,32254.62,22,0,6,153,0,0.6051071501658906,0.7890044434768463
2025-06-02 23:00:00,30938.0,23,0,6,153,0,0.5448298310969655,0.756797614490162
2025-06-03 00:00:00,30209.22,0,1,6,154,0,0.5114649235374182,0.7389703804902868
2025-06-03 01:00:00,29506.71,1,1,6,154,0,0.4793027055708746,0.7217857566569594
2025-06-03 02:00:00,28538.85,2,1,6,154,0,0.4349922697320982,0.6981102075212542
2025-06-03 03:00:00,28614.98,3,1,6,154,0,0.4384776431129654,0.6999724805315048
2025-06-03 04:00:00,28242.74,4,1,6,154,0,0.421435801693105,0.6908668387958459
2025-06-03 05:00:00,28208.55,5,1,6,154,0,0.41987051972946576,0.6900304915710925
2025-06-03 06:00:00,28138.97,6,1,6,154,0,0.41668501756421256,0.6883284430218578
2025-06-03 07:00:00,29432.38,7,1,6,154,0,0.4758997395469702,0.719967514796301
2025-06-03 08:00:00,31901.0,8,1,6,154,0,0.588917767071943,0.7803542795219685
2025-06-03 09:00:00,34816.43,9,1,6,154,0,0.7223915896882759,0.8516707986638992
2025-06-03 10:00:00,35617.85,10,1,6,154,0,0.7590820919199127,0.8712749341673158
2025-06-03 11:00:00,36314.18,11,1,6,154,0,0.7909613779608848,0.8883083843870435
2025-06-03 12:00:00,35059.65,12,1,6,154,0,0.7335266548885189,0.8576203854437912
2025-06-03 13:00:00,34670.94,13,1,6,154,0,0.7157307861524509,0.8481118586893639
2025-06-03 14:00:00,35196.21,14,1,6,154,0,0.7397786263700795,0.8609608819928498
2025-06-03 15:00:00,34413.42,15,1,6,154,0,0.7039410402830051,0.8418124688877119
2025-06-03 16:00:00,34044.46,16,1,6,154,0,0.6870493633802764,0.8327870616913098
2025-06-03 17:00:00,33301.26,17,1,6,154,0,0.653024281327729,0.8146070892597018
2025-06-03 18:00:00,32700.48,18,1,6,154,0,0.6255194524855203,0.7999109592308247
2025-06-03 19:00:00,32448.39,19,1,6,154,0,0.6139783021429117,0.7937443967304425
2025-06-03 20:00:00,31788.45,20,1,6,154,0,0.5837650181685331,0.7776011095849698
2025-06-03 21:00:00,31033.69,21,1,6,154,0,0.5492106977568258,0.7591383593259808
2025-06-03 22:00:00,30119.65,22,1,6,154,0,0.5073642418912306,0.7367793415630813
2025-06-03 23:00:00,29033.15,23,1,6,154,0,0.4576222455913209,0.7102016504342572
2025-06-04 00:00:00,28208.79,0,2,6,155,0,0.41988150737706087,0.6900363623910382
2025-06-04 01:00:00,28037.65,1,2,6,155,0,0.4120463990045192,0.6858499785348146
2025-06-04 02:00:00,27514.56,2,2,6,155,0,0.3880983632525452,0.6730542818458347
2025-06-04 03:00:00,27048.1,3,2,6,155,0,0.36674295451434363,0.6616438540465237
2025-06-04 04:00:00,26846.04,4,2,6,155,0,0.3574922708766449,0.6567011128873059
2025-06-04 05:00:00,26355.84,5,2,6,155,0,0.33505000066383706,0.6447099631483739
2025-06-04 06:00:00,26748.48,6,2,6,155,0,0.3530257921292733,0.6543146245794108
2025-06-04 07:00:00,27776.05,7,2,6,155,0,0.40006986312595827,0.679450784794087
2025-06-04 08:00:00,30835.67,8,2,6,155,0,0.540144972853643,0.7542944436358476
2025-06-04 09:00:00,32539.37,9,2,6,155,0,0.6181435362187201,0.7959699267248285
2025-06-04 10:00:00,33404.14,10,2,6,155,0,0.65773431959679,0.8171237140763915
2025-06-04 11:00:00,34406.86,11,2,6,155,0,0.7036407112487416,0.8416519998091984
2025-06-04 12:00:00,33785.38,12,2,6,155,0,0.6751881978014631,0.8264495115600113
2025-06-04 13:00:00,34018.22,13,2,6,155,0,0.6858480472432221,0.8321451853772552
2025-06-04 14:00:00,34052.07,14,2,6,155,0,0.6873977633727683,0.8329732156070856
2025-06-04 15:00:00,33672.32,15,2,6,155,0,0.6700121001469139,0.8236838661306282
2025-06-04 16:00:00,33398.87,16,2,6,155,0,0.6574930491683496,0.8169948006550857
2025-06-04 17:00:00,32498.9,17,2,6,155,0,0.6162907441430117,0.7949799597114982
2025-06-04 18:00:00,32071.72,18,2,6,155,0,0.5967336470611935,0.7845303894432872
2025-06-04 19:00:00,32068.76,19,2,6,155,0,0.5965981327408548,0.7844579826639578
2025-06-04 20:00:00,31594.7,20,2,6,155,0,0.5748947818288116,0.772861645566369
2025-06-04 21:00:00,30793.95,21,2,6,155,0,0.5382349534467106,0.7532738994353005
2025-06-04 22:00:00,29925.33,22,2,6,155,0,0.4984679098884709,0.7320259343471098
2025-06-04 23:00:00,28878.01,23,2,6,155,0,0.45051964705844644,0.7064066545744083
2025-06-05 00:00:00,27937.44,0,3,6,156,0,0.4074585983149526,0.6833986665900198
2025-06-05 01:00:00,27857.16,1,3,6,156,0,0.40378323019442186,0.6814348773182094
2025-06-05 02:00:00,27627.47,2,3,6,156,0,0.3932675936273476,0.6758162580127519
2025-06-05 03:00:00,27066.02,3,3,6,156,0,0.36756336553477115,0.6620822086024636
2025-06-05 04:00:00,26983.02,4,3,6,156,0,0.36376347074149684,0.6600518833712694
2025-06-05 05:00:00,27088.4,5,3,6,156,0,0.36858796367300584,0.6626296625623928
2025-06-05 06:00:00,27052.2,6,3,6,156,0,0.3669306601607585,0.6617441472205948
2025-06-05 07:00:00,28164.73,7,3,6,156,0,0.4178643584060769,0.6889585776960211
2025-06-05 08:00:00,30428.8,8,3,6,156,0,0.5215177054495527,0.7443416915055351
2025-06-05 09:00:00,32936.26,9,3,6,156,0,0.6363139006103181,0.8056785505924025
2025-06-05 10:00:00,34089.09,10,3,6,156,0,0.6890926080142984,0.8338787895836975
2025-06-05 11:00:00,34979.46,11,3,6,156,0,0.7298554071358361,0.8556587977294603
2025-06-05 12:00:00,34349.97,12,3,6,156,0,0.7010361809500745,0.8402603708645883
2025-06-05 13:00:00,34827.3,13,3,6,156,0,0.7228892385606,0.8519366978839363
2025-06-05 14:00:00,34629.39,14,3,6,156,0,0.7138285496625647,0.8470954729862782
2025-06-05 15:00:00,34736.96,15,3,6,156,0,0.7187533048783781,0.8497268234094052
2025-06-05 16:00:00,34294.63,16,3,6,156,0,0.6985026125421249,0.838906657632127
2025-06-05 17:00:00,33228.26,17,3,6,156,0,0.6496822051842469,0.812821381526242
2025-06-05 18:00:00,32736.43,18,3,6,156,0,0.6271653105315229,0.8007903591351793
2025-06-05 19:00:00,32589.29,19,3,6,156,0,0.6204289669184823,0.7971910572735178
2025-06-05 20:00:00,32075.09,20,3,6,156,0,0.5968879319461733,0.7846128255400237
2025-06-05 21:00:00,31332.74,21,3,6,156,0,0.5629017644788582,0.7664536455957232
2025-06-05 22:00:00,30494.8,22,3,6,156,0,0.5245393085381804,0.745956166990581
2025-06-05 23:00:00,29555.61,23,3,6,156,0,0.481541438768358,0.7229819362208798
2025-06-06 00:00:00,28288.42,0,4,6,157,0,0.4235271172853551,0.6919842515254958
2025-06-06 01:00:00,27816.78,1,4,6,157,0,0.4019345584865614,0.6804471118623586
2025-06-06 02:00:00,27511.51,2,4,6,157,0,0.3879587285643585,0.6729796735090258
2025-06-06 03:00:00,27239.79,3,4,6,157,0,0.37551888021220814,0.6663329268605913
2025-06-06 04:00:00,27020.06,4,4,6,157,0,0.3654592310203268,0.660957946582877
2025-06-06 05:00:00,26941.85,5,4,6,157,0,0.3618786313603028,0.6590447931330975
2025-06-06 06:00:00,26768.58,6,4,6,157,0,0.3539460076153555,0.6548063057498567
2025-06-06 07:00:00,28315.05,7,4,6,157,0,0.4247462883497514,0.6926356679219621
2025-06-06 08:00:00,30989.84,8,4,6,157,0,0.5472031629774877,0.7580657115984163
2025-06-06 09:00:00,33399.84,9,4,6,157,0,0.6575374575773791,0.8170185285523658
2025-06-06 10:00:00,34731.96,10,4,6,157,0,0.718524395553482,0.8496045146605381
2025-06-06 11:00:00,35560.47,11,4,6,157,0,0.7564551285074059,0.8698713189653169
2025-06-06 12:00:00,35584.47,12,4,6,157,0,0.7575538932669069,0.870458400959879
2025-06-06 13:00:00,36235.93,13,4,6,157,0,0.7873789470262619,0.8863942524672732
2025-06-06 14:00:00,36941.84,14,4,6,157,0,0.8196968233337345,0.9036620462498302
2025-06-06 15:00:00,36354.75,15,4,6,157,0,0.7928187482230913,0.8893007975753513
2025-06-06 16:00:00,35670.82,16,4,6,157,0,0.7615071573078614,0.8725706730528141
2025-06-06 17:00:00,34273.91,17,4,6,157,0,0.697554012299756,0.8383998101768219
2025-06-06 18:00:00,33596.33,18,4,6,157,0,0.666533136227144,0.8218250177653458
2025-06-06 19:00:00,33461.91,19,4,6,157,0,0.6603791379366389,0.8185368693608023
2025-06-06 20:00:00,32925.81,20,4,6,157,0,0.6358354801212852,0.8054229253072701
2025-06-06 21:00:00,32166.44,21,4,6,157,0,0.601070105312024,0.7868474063818258
2025-06-06 22:00:00,31679.22,22,4,6,157,0,0.5787642650568543,0.7749291526572187
2025-06-06 23:00:00,30897.84,23,4,6,157,0,0.5429912313994005,0.7558152306192614
2025-06-07 00:00:00,29397.24,0,5,6,158,1,0.4742909648116008,0.7191079289092628
2025-06-07 01:00:00,28735.42,1,5,6,158,1,0.44399161093106115,0.7029186536742159
2025-06-07 02:00:00,27727.24,2,5,6,158,1,0.3978352502963232,0.6782568067876463
2025-06-07 03:00:00,27053.69,3,5,6,158,1,0.3669988751395774,0.6617805952277572
2025-06-07 04:00:00,26998.06,4,5,6,158,1,0.3644520299907842,0.6604197880878617
2025-06-07 05:00:00,26542.74,5,5,6,158,1,0.34360663122845114,0.6492818641810267
2025-06-07 06:00:00,26301.25,6,5,6,158,1,0.3325507686546221,0.6433745962282428
2025-06-07 07:00:00,27276.72,7,5,6,158,1,0.3772096044858903,0.6672362992797238
2025-06-07 08:00:00,28788.11,8,5,6,158,1,0.4464038573968157,0.7042075432697776
2025-06-07 09:00:00,30542.59,9,5,6,158,1,0.5267272238655368,0.7471251940122529
2025-06-07 10:00:00,31443.86,10,5,6,158,1,0.5679890453153478,0.7691718352305459
2025-06-07 11:00:00,33739.2,11,5,6,158,1,0.6730739912767233,0.8253198679554746
2025-06-07 12:00:00,34958.75,12,5,6,158,1,0.7289072647121168,0.8551521948916527
2025-06-07 13:00:00,35377.2,13,5,6,158,1,0.7480646861126663,0.8653882140843415
2025-06-07 14:00:00,34610.97,14,5,6,158,1,0.7129852477096478,0.8466448875554518
2025-06-07 15:00:00,34051.93,15,5,6,158,1,0.6873913539116712,0.8329697909621173
2025-06-07 16:00:00,33087.95,16,5,6,158,1,0.643258551709014,0.8093891534155329
2025-06-07 17:00:00,32871.99,17,5,6,158,1,0.6333715001481042,0.8041063939344645
2025-06-07 18:00:00,32579.47,18,5,6,158,1,0.6199793890043864,0.7969508428907428
2025-06-07 19:00:00,32655.56,19,5,6,158,1,0.6234629311106543,0.7988121374310025
2025-06-07 20:00:00,32517.42,20,5,6,158,1,0.6171386242824264,0.7954329913173018
2025-06-07 21:00:00,32092.53,21,5,6,158,1,0.5976863676714107,0.7850394384560722
2025-06-07 22:00:00,31503.57,22,5,6,158,1,0.5707226804732562,0.7706324463095169
2025-06-07 23:00:00,30224.59,23,5,6,158,1,0.5121685908021486,0.7393463575843043
2025-06-08 00:00:00,29072.34,0,6,6,159,1,0.45941643687985606,0.7111603064078776
2025-06-08 01:00:00,28266.15,1,6,6,159,1,0.4225075551522683,0.6914394883580417
2025-06-08 02:00:00,27141.16,2,6,6,159,1,0.3710034148693088,0.6639202644804385
2025-06-08 03:00:00,26377.33,3,6,6,159,1,0.3360338529422403,0.6452356461510048
2025-06-08 04:00:00,25815.72,4,6,6,159,1,0.3103222997512672,0.6314976828607527
2025-06-08 05:00:00,25588.94,5,6,6,159,1,0.2999398884112823,0.6259502472471358
2025-06-08 06:00:00,25328.61,6,6,6,159,1,0.28802149550124506,0.6195821199286206
2025-06-08 07:00:00,26166.76,7,6,6,159,1,0.3263935656335683,0.640084735501215
2025-06-08 08:00:00,28084.48,8,6,6,159,1,0.4141903637414954,0.6869955222767039
2025-06-08 09:00:00,29385.33,9,6,6,159,1,0.47374570279969846,0.7188165894694614
2025-06-08 10:00:00,30766.45,10,6,6,159,1,0.5369759521597824,0.7526012013165314
2025-06-08 11:00:00,32221.22,11,6,6,159,1,0.6035780358755851,0.788187421034414
2025-06-08 12:00:00,32475.78,12,6,6,159,1,0.6152322674246922,0.7944144040567366
2025-06-08 13:00:00,33104.49,13,6,6,159,1,0.6440157837557701,0.8097937507567853
2025-06-08 14:00:00,33265.25,14,6,6,159,1,0.6513756763698277,0.8137262216503608
2025-06-08 15:00:00,32530.07,15,6,6,159,1,0.6177177648744134,0.7957424324519357
2025-06-08 16:00:00,32180.9,16,6,6,159,1,0.6017321110796234,0.7872011232835496
2025-06-08 17:00:00,32045.88,17,6,6,159,1,0.5955506436701307,0.783898297829142
2025-06-08 18:00:00,32193.11,18,6,6,159,1,0.6022911076510195,0.7874998012482831
2025-06-08 19:00:00,32625.41,19,6,6,159,1,0.6220826078815311,0.7980746156753339
2025-06-08 20:00:00,32605.82,20,6,6,159,1,0.6211857411465884,0.7975954099972725
2025-06-08 21:00:00,32918.71,21,6,6,159,1,0.6355104288799329,0.8052492468838788
2025-06-08 22:00:00,31782.06,22,6,6,159,1,0.583472472051316,0.7774447990039176
2025-06-08 23:00:00,30638.21,23,6,6,159,1,0.5311048857948487,0.7494642265255875
2025-06-09 00:00:00,29072.97,0,0,6,160,0,0.45944527945479297,0.7111757173102349
2025-06-09 01:00:00,28264.66,1,0,6,160,0,0.4224393401734492,0.6914030403508793
2025-06-09 02:00:00,27643.43,2,0,6,160,0,0.39399827219241573,0.6762066675391357
2025-06-09 03:00:00,27704.81,3,0,6,160,0,0.3968083630648396,0.6777081297402284
2025-06-09 04:00:00,27388.06,4,0,6,160,0,0.3823069573326754,0.6699598704994967
2025-06-09 05:00:00,27232.31,5,0,6,160,0,0.3751764318621637,0.6661499529722861
2025-06-09 06:00:00,27367.68,6,0,6,160,0,0.38137392292439903,0.6694613400391143
2025-06-09 07:00:00,29335.92,7,0,6,160,0,0.47148362085107565,0.7176079344131564
2025-06-09 08:00:00,31844.24,8,0,6,160,0,0.5863191884157232,0.778965830604829
2025-06-09 09:00:00,35221.32,9,0,6,160,0,0.7409282089997075,0.8615751165296605
2025-06-09 10:00:00,36747.53,10,0,6,160,0,0.8108009491496246,0.8989088836513563
2025-06-09 11:00:00,38048.53,11,0,6,160,0,0.8703631554875745,0.9307336201065798
2025-06-09 12:00:00,38944.82,12,0,6,160,0,0.911396983249789,0.9526584418110011
2025-06-09 13:00:00,38953.18,13,0,6,160,0,0.9117797196410152,0.9528629420391069
2025-06-09 14:00:00,39150.88,14,0,6,160,0,0.9208307943474046,0.9576990299693127
2025-06-09 15:00:00,38271.61,15,0,6,160,0,0.8805761739271363,0.936190547246035
2025-06-09 16:00:00,37222.49,16,0,6,160,0,0.8325455037401494,0.9105272363237414
2025-06-09 17:00:00,36203.45,17,0,6,160,0,0.785891952051737,0.8855997348346324
2025-06-09 18:00:00,35325.72,18,0,6,160,0,0.7457078357035368,0.8641289232060059
2025-06-09 19:00:00,35281.06,19,0,6,160,0,0.7436632176135652,0.8630364614611247
2025-06-09 20:00:00,34764.92,20,0,6,160,0,0.7200333658231968,0.8504107739330702
2025-06-09 21:00:00,34303.24,21,0,6,160,0,0.6988967943995958,0.8391172732976762
2025-06-09 22:00:00,33489.25,22,0,6,160,0,0.6616308141251703,0.8192056535996076
2025-06-09 23:00:00,32398.81,23,0,6,160,0,0.6117084372772427,0.7925315831766763
2025-06-10 00:00:00,30867.68,0,1,6,161,0,0.5416104503516276,0.755077464246095
2025-06-10 01:00:00,30526.89,1,1,6,161,0,0.5260084485853632,0.7467411445408101
2025-06-10 02:00:00,29697.01,2,1,6,161,0,0.48801499447641794,0.7264408276388418
2025-06-10 03:00:00,29090.57,3,1,6,161,0,0.460251040278427,0.7116062441062472
2025-06-10 04:00:00,28765.07,4,1,6,161,0,0.4453490432276947,0.7036439445549979
2025-06-10 05:00:00,28626.81,5,1,6,161,0,0.4390192425756695,0.7002618630313245
2025-06-10 06:00:00,28491.67,6,1,6,161,0,0.43283228134237917,0.696956102166944
2025-06-10 07:00:00,29742.02,7,1,6,161,0,0.4900756362191322,0.7275418509961435
2025-06-10 08:00:00,32514.3,8,1,6,161,0,0.6169957848636913,0.7953566706580087
2025-06-10 09:00:00,35717.96,9,1,6,161,0,0.7636653144229814,0.8737237999371332
2025-06-10 10:00:00,36978.92,10,1,6,161,0,0.8213944148871636,0.9045690879314288
2025-06-10 11:00:00,38381.45,11,1,6,161,0,0.8856048539764524,0.9388774258411478
2025-06-10 12:00:00,38371.56,12,1,6,161,0,0.8851520713318081,0.9386354991358886
2025-06-10 13:00:00,39428.34,13,1,6,161,0,0.9335334306045355,0.9644861870614466
2025-06-10 14:00:00,39588.88,14,1,6,161,0,0.9408832512082977,0.9684132763700719
2025-06-10 15:00:00,39245.71,15,1,6,161,0,0.9251722886033829,0.9600187377003264
2025-06-10 16:00:00,38500.09,16,1,6,161,0,0.8910364144375856,0.9417795678342666
2025-06-10 17:00:00,37322.65,17,1,6,161,0,0.8371310153364669,0.9129773251810476
2025-06-10 18:00:00,36260.48,18,1,6,161,0,0.7885028918115016,0.8869947884242109
2025-06-10 19:00:00,36048.41,19,1,6,161,0,0.7787939317053608,0.881807185149761
2025-06-10 20:00:00,36005.79,20,1,6,161,0,0.7768427086199469,0.8807646253744177
2025-06-10 21:00:00,35390.21,21,1,6,161,0,0.7486603081760459,0.8657064614488938
2025-06-10 22:00:00,34669.3,22,1,6,161,0,0.7156557038938851,0.8480717414197355
2025-06-10 23:00:00,33401.71,23,1,6,161,0,0.6576230696648904,0.8170642720244421
2025-06-11 00:00:00,32146.1,0,2,6,162,0,0.6001389021783469,0.7863498543914345
2025-06-11 01:00:00,31909.79,1,2,6,162,0,0.5893201896651102,0.7805692983024769
2025-06-11 02:00:00,31352.84,2,2,6,162,0,0.5638219799649402,0.7669453267661689
2025-06-11 03:00:00,30662.0,3,2,6,162,0,0.5321940363627041,0.7500461715526973
2025-06-11 04:00:00,30305.38,4,2,6,162,0,0.5158673076738189,0.7413226223484992
2025-06-11 05:00:00,29820.84,5,2,6,162,0,0.49368416281679334,0.7294699261132848
2025-06-11 06:00:00,29865.13,6,2,6,162,0,0.4957118416167225,0.7305533370107498
2025-06-11 07:00:00,31077.63,7,2,6,162,0,0.5512223529040124,0.7602132086110251
2025-06-11 08:00:00,34347.13,8,2,6,162,0,0.7009061604535333,0.8401908994952317
2025-06-11 09:00:00,36506.54,9,2,6,162,0,0.7997679775082853,0.8930138465734593
2025-06-11 10:00:00,37735.16,10,2,6,162,0,0.8560164924590402,0.9230680415800823
2025-06-11 11:00:00,39177.46,11,2,6,162,0,0.922047676318552,0.9583492232782903
2025-06-11 12:00:00,39096.66,12,2,6,162,0,0.9183485016282321,0.9563727138965978
2025-06-11 13:00:00,39539.51,13,2,6,162,0,0.9386230005342744,0.9672055997837582
2025-06-11 14:00:00,40421.51,14,2,6,162,0,0.979002605445936,0.9887808630839172
2025-06-11 15:00:00,39468.71,15,2,6,162,0,0.9353816444937463,0.9654737078997997
2025-06-11 16:00:00,38989.09,16,2,6,162,0,0.9134237464124184,0.9537413634734705
2025-06-11 17:00:00,37226.41,17,2,6,162,0,0.8327249686508681,0.9106231263828534
2025-06-11 18:00:00,36151.89,18,2,6,162,0,0.7835314390934092,0.8843384870163147
2025-06-11 19:00:00,36084.11,19,2,6,162,0,0.7804283442851184,0.8826804696166721
2025-06-11 20:00:00,35720.51,20,2,6,162,0,0.7637820581786784,0.8737861773990555
2025-06-11 21:00:00,35463.98,21,2,6,162,0,0.7520376363555622,0.8675110047296793
2025-06-11 22:00:00,34537.77,22,2,6,162,0,0.7096340151931695,0.8448542874720371
2025-06-11 23:00:00,33595.8,23,2,6,162,0,0.6665088718387051,0.8218120530379659
2025-06-12 00:00:00,31739.72,0,3,6,163,0,0.5815340678880964,0.7764090885185109
2025-06-12 01:00:00,31173.16,1,3,6,163,0,0.5555958944654761,0.7625500395668803
2025-06-12 02:00:00,30563.17,2,3,6,163,0,0.5276694146468088,0.7476286168225899
2025-06-12 03:00:00,30445.15,3,3,6,163,0,0.5222662389419629,0.7447416411143306
2025-06-12 04:00:00,30062.9,4,3,6,163,0,0.5047661210536605,0.7353911372634396
2025-06-12 05:00:00,29604.58,5,3,6,163,0,0.4837833766963899,0.7241798281072843
2025-06-12 06:00:00,29259.46,6,3,6,163,0,0.46798313945476544,0.7157375890254806
2025-06-12 07:00:00,30577.11,7,3,6,163,0,0.5283076138446191,0.7479696136144315
2025-06-12 08:00:00,33212.5,8,3,6,163,0,0.6489606829921745,0.8124358643498127
2025-06-12 09:00:00,35828.91,9,3,6,163,0,0.7687448123424246,0.8764378310744947
2025-06-12 10:00:00,36211.48,10,3,6,163,0,0.7862595804275203,0.8857961626853131
2025-06-12 11:00:00,37865.64,11,3,6,163,0,0.8619901102015272,0.9262598106905184
2025-06-12 12:00:00,36744.43,12,3,6,163,0,0.8106590253681891,0.8988330522270588
2025-06-12 13:00:00,37203.53,13,3,6,163,0,0.8316774795801436,0.9100634415480373
2025-06-12 14:00:00,36965.89,14,3,6,163,0,0.8207978771864846,0.904250351331881
2025-06-12 15:00:00,36273.03,15,3,6,163,0,0.7890774542169904,0.8873017833838672
2025-06-12 16:00:00,35656.19,16,3,6,163,0,0.7608373686232158,0.872212797653629
2025-06-12 17:00:00,34815.31,17,3,6,163,0,0.722340313999499,0.8516434015041529
2025-06-12 18:00:00,34431.34,18,3,6,163,0,0.7047614513034324,0.8422508234436517
2025-06-12 19:00:00,34539.39,19,3,6,163,0,0.709708181814436,0.84489391550667
2025-06-12 20:00:00,34120.84,20,3,6,163,0,0.6905461822273883,0.8346554501390038
2025-06-12 21:00:00,33340.12,21,3,6,163,0,0.6548033646008211,0.8155576728558971
2025-06-12 22:00:00,32389.73,22,3,6,163,0,0.6112927379432314,0.7923094704887335
2025-06-12 23:00:00,31522.19,23,3,6,163,0,0.5715751387991691,0.771087924090298
2025-06-13 00:00:00,30563.64,0,4,6,164,0,0.5276909321233492,0.7476401138449834
2025-06-13 01:00:00,29928.26,1,4,6,164,0,0.4986020507528598,0.7320976072739458
2025-06-13 02:00:00,29513.01,2,4,6,164,0,0.4795911313202436,0.7219398656805319
2025-06-13 03:00:00,28999.26,3,4,6,164,0,0.45607069818717544,0.7093726417344358
2025-06-13 04:00:00,28579.2,4,4,6,164,0,0.43683956798400936,0.6990972391246119
2025-06-13 05:00:00,28246.85,5,4,6,164,0,0.4216239651581694,0.6909673765874146
2025-06-13 06:00:00,28586.98,6,4,6,164,0,0.4371957508935475,0.699287551537849
2025-06-13 07:00:00,29652.52,7,4,6,164,0,0.48597815930349303,0.7253525243914223
2025-06-13 08:00:00,31701.59,8,4,6,164,0,0.579788405376439,0.7754763619996502
2025-06-13 09:00:00,34383.38,9,4,6,164,0,0.7025657530590296,0.8410776379245183
2025-06-13 10:00:00,34807.05,10,4,6,164,0,0.721962155794771,0.8514413474510245
2025-06-13 11:00:00,35267.45,11,4,6,164,0,0.7430401264311982,0.8627035370467084
2025-06-13 12:00:00,35291.8,12,4,6,164,0,0.7441549148434421,0.8632991806536914
2025-06-13 13:00:00,35188.79,13,4,6,164,0,0.7394389249319339,0.860779375809531
2025-06-13 14:00:00,35345.11,14,4,6,164,0,0.7465955460654836,0.8646032365341125
2025-06-13 15:00:00,35023.89,15,4,6,164,0,0.7318894953968623,0.8567456332718936
2025-06-13 16:00:00,34350.98,16,4,6,164,0,0.7010824206337035,0.8402850772318595
2025-06-13 17:00:00,33680.31,17,4,6,164,0,0.6703778972480977,0.8238793155113178
2025-06-13 18:00:00,32988.6,18,4,6,164,0,0.6387101234233297,0.8069588785755433
2025-06-13 19:00:00,32876.25,19,4,6,164,0,0.6335665308929157,0.8042106009884993
2025-06-13 20:00:00,32539.71,20,4,6,164,0,0.618159102052813,0.7959782437197515
2025-06-13 21:00:00,31705.68,21,4,6,164,0,0.5799756532042041,0.7755764105562235
2025-06-13 22:00:00,31111.56,22,4,6,164,0,0.552775731582757,0.7610431957808375
2025-06-13 23:00:00,30279.92,23,4,6,164,0,0.5147017013914481,0.7406998261992678
2025-06-14 00:00:00,28956.04,0,5,6,165,1,0.45409200598277416,0.7083154049092285
2025-06-14 01:00:00,29078.96,1,5,6,165,1,0.45971951282601836,0.7113222431913777
2025-06-14 02:00:00,28215.1,2,5,6,165,1,0.4201703909450796,0.6901907160321085
2025-06-14 03:00:00,27407.14,3,5,6,165,1,0.3831804753164786,0.6704266006851736
2025-06-14 04:00:00,26628.13,4,5,6,165,1,0.3475159446790257,0.6513706529941793
2025-06-14 05:00:00,26369.04,5,5,6,165,1,0.33565432128156264,0.6450328582453831
2025-06-14 06:00:00,26611.1,6,5,6,165,1,0.34673627951842967,0.6509540693955379
2025-06-14 07:00:00,26985.89,7,5,6,165,1,0.36389486469398713,0.6601220885931192
2025-06-14 08:00:00,28017.9,8,5,6,165,1,0.41114220717117983,0.6853668589767895
2025-06-14 09:00:00,29838.44,9,5,6,165,1,0.4944899236404273,0.729900452909297
2025-06-14 10:00:00,31295.94,10,5,6,165,1,0.5612169918476232,0.7655534532040611
2025-06-14 11:00:00,33062.87,11,5,6,165,1,0.6421103425353357,0.8087756527312155
2025-06-14 12:00:00,32654.63,12,5,6,165,1,0.6234203539762236,0.7987893880037132
2025-06-14 13:00:00,32935.27,13,5,6,165,1,0.6362685765639885,0.8056543334601266
2025-06-14 14:00:00,33649.56,14,5,6,165,1,0.6689701048999871,0.823127116705785
2025-06-14 15:00:00,33481.38,15,5,6,165,1,0.6612705108477839,0.8190131396288907
2025-06-14 16:00:00,33436.96,16,5,6,165,1,0.6592368804054075,0.8179265487039553
2025-06-14 17:00:00,33100.2,17,5,6,165,1,0.6438193795550092,0.8096888098502573
2025-06-14 18:00:00,32660.88,18,5,6,165,1,0.6237064906323437,0.7989422739397972
2025-06-14 19:00:00,32824.11,19,5,6,165,1,0.6311794644528999,0.8029351653553131
2025-06-14 20:00:00,32831.18,20,5,6,165,1,0.6315031422383028,0.8031081099262111
2025-06-14 21:00:00,32483.61,21,5,6,165,1,0.6155907394274794,0.7946059395574625
2025-06-14 22:00:00,31726.81,22,5,6,165,1,0.5809430240112148,0.7760932873289359
2025-06-14 23:00:00,30557.63,23,5,6,165,1,0.5274157831148242,0.7474930987288452
2025-06-15 00:00:00,29412.12,0,6,6,166,1,0.4749721989624913,0.7194719197458913
2025-06-15 01:00:00,28242.84,1,6,6,166,1,0.42144037987960287,0.6908692849708232
2025-06-15 02:00:00,27272.74,2,6,6,166,1,0.3770273926632731,0.6671389415156256
2025-06-15 03:00:00,26539.89,3,6,6,166,1,0.3434761529132603,0.6492121481941724
2025-06-15 04:00:00,26028.1,4,6,6,166,1,0.3200454522355513,0.6366928692776322
2025-06-15 05:00:00,25914.11,5,6,6,166,1,0.31482677744657145,0.6339044744209598
2025-06-15 06:00:00,25544.23,6,6,6,166,1,0.2978929812280619,0.6248565624147661
2025-06-15 07:00:00,26113.47,7,6,6,166,1,0.32395385004882643,0.6387811688557894
2025-06-15 08:00:00,27864.19,8,6,6,166,1,0.4041050767052256,0.6816068434191166
2025-06-15 09:00:00,29323.69,9,6,6,166,1,0.4709237086423799,0.7173087672134275
2025-06-15 10:00:00,30885.44,10,6,6,166,1,0.5424235362736582,0.7555119049220709
2025-06-15 11:00:00,32548.83,11,6,6,166,1,0.6185766326614235,0.7962013348776852
2025-06-15 12:00:00,33031.46,12,6,6,166,1,0.6406723341563386,0.8080073091708323
2025-06-15 13:00:00,33867.66,13,6,6,166,1,0.6789551296519527,0.8284622243313687
2025-06-15 14:00:00,33865.55,14,6,6,166,1,0.6788585299168465,0.8284106100393468
2025-06-15 15:00:00,33469.07,15,6,6,166,1,0.66070693608989,0.8187120154891799
2025-06-15 16:00:00,33377.75,16,6,6,166,1,0.6565261361799887,0.816478168499871
2025-06-15 17:00:00,32896.11,17,6,6,166,1,0.6344757587314028,0.8046964113389995
2025-06-15 18:00:00,32825.31,18,6,6,166,1,0.6312344026908747,0.8029645194550411
2025-06-15 19:00:00,32917.15,19,6,6,166,1,0.6354390091705654,0.8052110865542323
2025-06-15 20:00:00,33061.39,20,6,6,166,1,0.6420425853751663,0.8087394493415508
2025-06-15 21:00:00,32923.35,21,6,6,166,1,0.6357228567334364,0.8053627494028275
2025-06-15 22:00:00,32362.35,22,6,6,166,1,0.6100392304801006,0.7916397077799372
2025-06-15 23:00:00,31001.72,23,6,6,166,1,0.5477470515334407,0.7583563171857246
2025-06-16 00:00:00,29269.64,0,0,6,167,0,0.46844919884025377,0.715986609638174
2025-06-16 01:00:00,28433.51,1,0,6,167,0,0.4301696080751884,0.6955334068001218
2025-06-16 02:00:00,27684.29,2,0,6,167,0,0.3958689191954662,0.6772061746348778
2025-06-16 03:00:00,27549.2,3,0,6,167,0,0.3896842470554249,0.6739016368579861
2025-06-16 04:00:00,27128.4,4,0,6,167,0,0.37041923827217416,0.6636081325533297
2025-06-16 05:00:00,27169.68,5,0,6,167,0,0.3723091136585158,0.6646179135839766
2025-06-16 06:00:00,27386.94,6,0,6,167,0,0.38225568164389856,0.6699324733397504
2025-06-16 07:00:00,28620.47,7,0,6,167,0,0.4387289855517013,0.700106775537761
2025-06-16 08:00:00,31981.62,8,0,6,167,0,0.5926087010265667,0.7823263857887018
2025-06-16 09:00:00,34800.86,9,0,6,167,0,0.7216787660505496,0.851289929219927
2025-06-16 10:00:00,35791.36,10,0,6,167,0,0.7670257033124552,0.8755192923705025
2025-06-16 11:00:00,36772.71,11,0,6,167,0,0.8119537365098012,0.8995248305106512
2025-06-16 12:00:00,38107.76,12,0,6,167,0,0.8730748153502931,0.9321824895456597
2025-06-16 13:00:00,39674.98,13,0,6,167,0,0.9448250697830077,0.9705194330255638
2025-06-16 14:00:00,39906.02,14,0,6,167,0,0.9554025118678038,0.9761710756932153
2025-06-16 15:00:00,38470.37,15,0,6,167,0,0.8896757774104038,0.9410525646310006
2025-06-16 16:00:00,37832.63,16,0,6,167,0,0.8604788508385633,0.9254523283304977
2025-06-16 17:00:00,36385.06,17,0,6,167,0,0.794206396550611,0.8900422332109837
2025-06-16 18:00:00,35577.59,18,0,6,167,0,0.7572389140358498,0.8702901041214378
2025-06-16 19:00:00,35460.32,19,0,6,167,0,0.7518700747297381,0.8674214747255086
2025-06-16 20:00:00,35014.51,20,0,6,167,0,0.7314600615033575,0.8565161820590189
2025-06-16 21:00:00,34182.66,21,0,6,167,0,0.6933764171204032,0.8361676755099969
2025-06-16 22:00:00,33436.8,22,0,6,167,0,0.659229555307011,0.8179226348239916
2025-06-16 23:00:00,32212.15,23,0,6,167,0,0.6031627943602237,0.7879655529639691
2025-06-17 00:00:00,30881.95,0,1,6,168,0,0.542263757564881,0.7554265334153617
2025-06-17 01:00:00,30084.35,1,1,6,168,0,0.5057481420574644,0.7359158417960795
2025-06-17 02:00:00,30109.88,2,1,6,168,0,0.5069169530703838,0.736540350267795
2025-06-17 03:00:00,29683.1,3,1,6,168,0,0.48737816873455714,0.7261005646994935
2025-06-17 04:00:00,29080.99,4,1,6,168,0,0.4598124500119263,0.7113719005434178
2025-06-17 05:00:00,29188.19,5,1,6,168,0,0.4647202659376972,0.7139942001191286
2025-06-17 06:00:00,29026.93,6,1,6,168,0,0.4573374823911502,0.7100494983506666
2025-06-17 07:00:00,30134.05,7,1,6,168,0,0.5080235007469311,0.7371315907598186
2025-06-17 08:00:00,32377.23,8,1,6,168,0,0.6107204646309913,0.7920036986165657
2025-06-17 09:00:00,35578.02,9,1,6,168,0,0.7572586002377908,0.8703006226738403
2025-06-17 10:00:00,36754.69,10,1,6,168,0,0.811128747302876,0.8990840297797342
2025-06-17 11:00:00,37722.64,11,1,6,168,0,0.8554433035095004,0.922761780472919
2025-06-17 12:00:00,37685.28,12,1,6,168,0,0.8537328930338771,0.9218478895013839
2025-06-17 13:00:00,37180.94,13,1,6,168,0,0.8306432672502634,0.9095108506206557
2025-06-17 14:00:00,37088.79,14,1,6,168,0,0.8264244683924293,0.9072567003790348
2025-06-17 15:00:00,36541.03,15,1,6,168,0,0.8013469940314182,0.8938575323231446
2025-06-17 16:00:00,36640.59,16,1,6,168,0,0.805905036508748,0.8962929441305865
2025-06-17 17:00:00,35576.79,17,1,6,168,0,0.7572022885438666,0.8702705347216192
2025-06-17 18:00:00,34666.84,18,1,6,168,0,0.7155430805060359,0.8480115655152928
2025-06-17 19:00:00,34714.26,19,1,6,168,0,0.7177140565433502,0.8491715416895487
2025-06-17 20:00:00,34372.24,20,1,6,168,0,0.7020557430831612,0.8408051340320424
2025-06-17 21:00:00,33551.75,21,1,6,168,0,0.6644921806863708,0.8207345129604465
2025-06-17 22:00:00,32799.92,22,1,6,168,0,0.6300720011390527,0.8023434356282939
2025-06-17 23:00:00,31990.59,23,1,6,168,0,0.5930193643554302,0.7825458076841695
2025-06-18 00:00:00,30935.23,0,2,6,169,0,0.5447030153309731,0.7567298554432896
2025-06-18 01:00:00,30172.37,1,2,6,169,0,0.5097778618129344,0.7380689650111362
2025-06-18 02:00:00,29420.39,2,2,6,169,0,0.4753508149858694,0.7196742184165175
2025-06-18 03:00:00,28979.24,3,2,6,169,0,0.4551541452502918,0.708882917503972
2025-06-18 04:00:00,28723.78,4,2,6,169,0,0.44345871002270315,0.7026339189068532
2025-06-18 05:00:00,28458.05,5,2,6,169,0,0.4312930950417782,0.6961336981395616
2025-06-18 06:00:00,28632.2,6,2,6,169,0,0.4392660068279074,0.7003937118626032
2025-06-18 07:00:00,29488.16,7,2,6,169,0,0.47845345197551037,0.7213319911986624
2025-06-18 08:00:00,32011.75,8,2,6,169,0,0.5939881086183902,0.7830634183093751
2025-06-18 09:00:00,35103.33,9,2,6,169,0,0.7355264067508107,0.8586888746738943
2025-06-18 10:00:00,36282.73,10,2,6,169,0,0.7895215383072889,0.8875390623566695
2025-06-18 11:00:00,37723.16,11,2,6,169,0,0.8554671100792898,0.9227745005828012
2025-06-18 12:00:00,37976.77,12,2,6,169,0,0.8670778488566664,0.9289782449428389
2025-06-18 13:00:00,38299.88,13,2,6,169,0,0.8818704272500983,0.9368820809121297
2025-06-18 14:00:00,39481.49,14,2,6,169,0,0.9359667367281805,0.9657863290619041
2025-06-18 15:00:00,38509.26,15,2,6,169,0,0.8914562341394452,0.9420038820796891
2025-06-18 16:00:00,36127.31,16,2,6,169,0,0.7824061208522202,0.8837372172068839
2025-06-18 17:00:00,34973.8,17,2,6,169,0,0.729596281780054,0.8555203442257429
2025-06-18 18:00:00,34363.23,18,2,6,169,0,0.7016432484796988,0.8405847336665839
2025-06-18 19:00:00,34276.25,19,2,6,169,0,0.6976611418638071,0.8384570506712915
2025-06-18 20:00:00,33950.13,20,2,6,169,0,0.6827307600567877,0.8304795848351828
2025-06-18 21:00:00,33306.83,21,2,6,169,0,0.6532792863156632,0.8147433412059398
2025-06-18 22:00:00,32640.13,22,2,6,169,0,0.6227565169340251,0.7984346926319986
2025-06-18 23:00:00,31590.38,23,2,6,169,0,0.5746970041721013,0.7727559708073478
2025-06-19 00:00:00,30161.25,0,3,6,170,0,0.5092687674743656,0.7377969503536557
2025-06-19 01:00:00,29710.07,1,3,6,170,0,0.48861290563304643,0.7267602980908827
2025-06-19 02:00:00,29580.07,2,3,6,170,0,0.48266126318574937,0.7235802706203377
2025-06-19 03:00:00,28802.36,3,3,6,170,0,0.4470562489727694,0.7045561232040489
2025-06-19 04:00:00,28363.12,4,3,6,170,0,0.42694702259930195,0.6938115442335705
2025-06-19 05:00:00,28010.08,5,3,6,170,0,0.41078419298704244,0.6851755680935613
2025-06-19 06:00:00,28444.65,6,3,6,170,0,0.4306796180510569,0.6958059106925978
2025-06-19 07:00:00,29422.53,7,3,6,170,0,0.4754487881769249,0.7197265665610326
2025-06-19 08:00:00,32709.05,8,3,6,170,0,0.6259118030683921,0.8001205964263829
2025-06-19 09:00:00,35124.48,9,3,6,170,0,0.7364946931951211,0.8592062406816022
2025-06-19 10:00:00,36628.78,10,3,6,170,0,0.8053643526833437,0.8960040508657624
2025-06-19 11:00:00,37908.49,11,3,6,170,0,0.8639518631158861,0.9273079966683097
2025-06-19 12:00:00,37730.2,12,3,6,170,0,0.855789414408743,0.922946711301206
2025-06-19 13:00:00,38260.92,13,3,6,170,0,0.8800867657905085,0.935929051140957
2025-06-19 14:00:00,39672.54,14,3,6,170,0,0.9447133620324584,0.9704597463561165
2025-06-19 15:00:00,38721.61,15,3,6,170,0,0.90117801316778,0.9471983346440754
2025-06-19 16:00:00,37694.5,16,3,6,170,0,0.8541550018289854,0.9220734268342948
2025-06-19 17:00:00,36516.95,17,3,6,170,0,0.8002445667227187,0.8932684933886005
2025-06-19 18:00:00,35694.72,18,3,6,170,0,0.7626013438808646,0.8731553088723989
2025-06-19 19:00:00,35787.08,19,3,6,170,0,0.7668297569303443,0.8754145960814723
2025-06-19 20:00:00,35320.38,20,3,6,170,0,0.7454633605445476,0.8639982974622157
2025-06-19 21:00:00,34448.09,21,3,6,170,0,0.7055282975418341,0.8426605577523565
2025-06-19 22:00:00,33533.28,22,3,6,170,0,0.6636465896402048,0.8202827044421314
2025-06-19 23:00:00,32474.62,23,3,6,170,0,0.6151791604613163,0.7943860284269993
2025-06-20 00:00:00,31019.32,0,4,6,171,0,0.5485528123570748,0.7587868439817368
2025-06-20 01:00:00,29966.33,1,4,6,171,0,0.5003449663526184,0.7330288660878201
2025-06-20 02:00:00,29556.31,2,4,6,171,0,0.4815734860738435,0.7229990594457212
2025-06-20 03:00:00,29328.36,3,4,6,171,0,0.4711375099518329,0.7174230035848694
2025-06-20 04:00:00,28961.49,4,4,6,171,0,0.4543415171469109,0.7084487214454938
2025-06-20 05:00:00,28893.12,5,4,6,171,0,0.4512114110382823,0.7067762716134848
2025-06-20 06:00:00,28781.47,6,4,6,171,0,0.4460998658133538,0.7040451172512822
2025-06-20 07:00:00,29992.04,7,4,6,171,0,0.5015220181012338,0.7336577776744948
2025-06-20 08:00:00,32566.6,8,4,6,171,0,0.6193901764021039,0.7966360201711588
2025-06-20 09:00:00,35317.06,9,4,6,171,0,0.7453113647528167,0.8639170844529679
2025-06-20 10:00:00,36701.36,10,4,6,171,0,0.8086872004435347,0.8977794846643175
2025-06-20 11:00:00,38138.25,11,4,6,171,0,0.874470704413509,0.9329283282962513
2025-06-20 12:00:00,38094.08,12,4,6,171,0,0.8724485194373776,0.9318478528087593
2025-06-20 13:00:00,38958.66,13,4,6,171,0,0.9120306042611014,0.9529969924278654
2025-06-20 14:00:00,39524.83,14,4,6,171,0,0.9379509227563796,0.9668465012970843
2025-06-20 15:00:00,39165.67,15,4,6,171,0,0.921507908130447,0.9580608192484615
2025-06-20 16:00:00,37953.9,16,4,6,171,0,0.8660308176045921,0.9284188047255209
2025-06-20 17:00:00,36566.28,17,4,6,171,0,0.8025029861221432,0.8944751915049235
2025-06-20 18:00:00,35312.54,18,4,6,171,0,0.7451044307231108,0.8638065173439922
2025-06-20 19:00:00,35310.57,19,4,6,171,0,0.7450142404491017,0.8637583276969385
2025-06-20 20:00:00,34782.63,20,4,6,171,0,0.7208441626519785,0.8508439915215574
2025-06-20 21:00:00,34190.24,21,4,6,171,0,0.6937234436569454,0.8363530955732794
2025-06-20 22:00:00,33532.73,22,4,6,171,0,0.6636214096144665,0.8202692504797561
2025-06-20 23:00:00,32712.91,23,4,6,171,0,0.6260885210672119,0.8002150187805084
2025-06-21 00:00:00,31269.79,0,5,6,172,1,0.560019796078417,0.7649137784474861
2025-06-21 01:00:00,30416.34,1,5,6,172,1,0.5209472634119118,0.7440368981033582
2025-06-21 02:00:00,29281.15,2,5,6,172,1,0.46897614810616456,0.7162681643780662
2025-06-21 03:00:00,28878.67,3,5,6,172,1,0.4505498630893327,0.7064227993292588
2025-06-21 04:00:00,28255.66,4,5,6,172,1,0.4220273033886363,0.6911828846029185
2025-06-21 05:00:00,27631.78,5,5,6,172,1,0.39346491346540785,0.6759216881542753
2025-06-21 06:00:00,26889.4,6,5,6,172,1,0.35947737254214346,0.6577617743574816
2025-06-21 07:00:00,27195.95,7,5,6,172,1,0.37351180325151967,0.6652605237505244
2025-06-21 08:00:00,30050.12,8,5,6,172,1,0.5041810288192261,0.7350785161013352
2025-06-21 09:00:00,32504.17,9,5,6,172,1,0.6165320145714519,0.795108873132804
2025-06-21 10:00:00,33973.74,10,5,6,172,1,0.6838116698889468,0.8310571267473332
2025-06-21 11:00:00,35411.59,11,5,6,172,1,0.7496391244493011,0.8662294536590496
2025-06-21 12:00:00,36267.8,12,5,6,172,1,0.7888380150631493,0.8871738484325523
2025-06-21 13:00:00,37034.61,13,5,6,172,1,0.8239440069478559,0.9059313627763107
2025-06-21 14:00:00,36471.45,14,5,6,172,1,0.7981614918661648,0.8921554837739097
2025-06-21 15:00:00,35668.43,15,5,6,172,1,0.7613977386505612,0.8725122094708556
2025-06-21 16:00:00,34986.79,16,5,6,172,1,0.7301909882061338,0.8558381023552996
2025-06-21 17:00:00,34215.18,17,5,6,172,1,0.6948652433695269,0.8369631716126286
2025-06-21 18:00:00,33835.98,18,5,6,172,1,0.6775047601694113,0.8276872760985466
2025-06-21 19:00:00,33771.19,19,5,6,172,1,0.6745385531374084,0.8261023993307266
2025-06-21 20:00:00,33867.95,20,5,6,172,1,0.6789684063927963,0.8284693182388029
2025-06-21 21:00:00,33729.67,21,5,6,172,1,0.6726376901034715,0.8250867474801339
2025-06-21 22:00:00,32787.02,22,5,6,172,1,0.6294814150808209,0.8020278790562166
2025-06-21 23:00:00,31822.46,23,5,6,172,1,0.585322059396476,0.7784330536947638
2025-06-22 00:00:00,30461.12,0,6,6,173,1,0.5229973753256807,0.7451322952582121
2025-06-22 01:00:00,29496.13,1,6,6,173,1,0.47881833343939467,0.7215269513443566
2025-06-22 02:00:00,28215.63,2,6,6,173,1,0.42019465533351863,0.6902036807594885
2025-06-22 03:00:00,27358.47,3,6,6,173,1,0.38095227194794057,0.6692360473237011
2025-06-22 04:00:00,26776.73,4,6,6,173,1,0.35431912981493596,0.6550056690105099
2025-06-22 05:00:00,26850.25,5,6,6,173,1,0.3576850125282074,0.656804096853852
2025-06-22 06:00:00,26219.89,6,6,6,173,1,0.32882595611991366,0.6413843882666771
2025-06-22 07:00:00,26774.51,7,6,6,173,1,0.35421749407468206,0.6549513639260129
2025-06-22 08:00:00,28224.16,8,6,6,173,1,0.42058517464179124,0.6904123394850556
2025-06-22 09:00:00,29584.8,9,6,6,173,1,0.482877811407101,0.7236959746967659
2025-06-22 10:00:00,30842.02,10,6,6,173,1,0.5404356876962612,0.754449775746909
2025-06-22 11:00:00,32872.4,11,6,6,173,1,0.6333902707127459,0.8041164232518716
2025-06-22 12:00:00,34185.12,12,6,6,173,1,0.693489040508252,0.8362278514144396
2025-06-22 13:00:00,34924.73,13,6,6,173,1,0.7273497656655242,0.854320006164361
2025-06-22 14:00:00,35084.33,14,6,6,173,1,0.7346565513162058,0.8582241014281993
2025-06-22 15:00:00,33814.32,15,6,6,173,1,0.6765131249739615,0.8271574345984543
2025-06-22 16:00:00,33120.93,16,6,6,173,1,0.6447684376160284,0.8101959019230605
2025-06-22 17:00:00,32896.25,17,6,6,173,1,0.6344821681924999,0.8046998359839678
2025-06-22 18:00:00,32831.21,18,6,6,173,1,0.6315045156942521,0.8031088437787043
2025-06-22 19:00:00,32725.17,19,6,6,173,1,0.6266498067318569,0.8005149198327305
2025-06-22 20:00:00,33129.65,20,6,6,173,1,0.6451676554786472,0.8104092083810848
2025-06-22 21:00:00,33359.7,21,6,6,173,1,0.6556997735171138,0.8160366339164605
2025-06-22 22:00:00,32590.49,22,6,6,173,1,0.6204839051564572,0.797220411373246
2025-06-22 23:00:00,31348.91,23,6,6,173,1,0.5636420572355719,0.7668491920895594
2025-06-23 00:00:00,29565.11,0,0,6,174,0,0.48197636648566045,0.7232143228437273
2025-06-23 01:00:00,28741.29,1,0,6,174,0,0.4442603504784892,0.703062244145386
2025-06-23 02:00:00,28313.86,2,0,6,174,0,0.42469180793042627,0.6926065584397317
2025-06-23 03:00:00,27925.47,3,0,6,174,0,0.4069105893911516,0.6831058594452319
2025-06-23 04:00:00,27508.0,4,0,6,174,0,0.3877980342182815,0.6728938127673211
2025-06-23 05:00:00,27373.5,5,0,6,174,0,0.38164037337857804,0.6696037074227956
2025-06-23 06:00:00,27146.55,6,0,6,174,0,0.37125017912154673,0.6640521133117172
2025-06-23 07:00:00,28794.72,7,0,6,174,0,0.4467064755243283,0.70436923543578
2025-06-23 08:00:00,32747.1,8,0,6,174,0,0.6276538030308509,0.8010513660052616
2025-06-23 09:00:00,35345.32,9,0,6,174,0,0.7466051602571292,0.8646083735015649
2025-06-23 10:00:00,36568.93,10,0,6,174,0,0.8026243080643382,0.8945400151418231
2025-06-23 11:00:00,37615.6,11,0,6,174,0,0.8505428126821258,0.9201433947771718
2025-06-23 12:00:00,38168.98,12,0,6,174,0,0.8758775811243202,0.9336800378667887
2025-06-23 13:00:00,39178.44,13,0,6,174,0,0.9220925425462317,0.9583731957930683
2025-06-23 14:00:00,39460.2,14,0,6,174,0,0.9349920408227732,0.9652655384092278
2025-06-23 15:00:00,39198.72,15,0,6,174,0,0.92302099876801,0.9588692800784733
2025-06-23 16:00:00,38354.32,16,0,6,174,0,0.8843627919795666,0.9382137785697948
2025-06-23 17:00:00,37363.74,17,0,6,174,0,0.8390121921684625,0.9139824584792374
2025-06-23 18:00:00,36223.54,18,0,6,174,0,0.7868117097191695,0.8860911713875805
2025-06-23 19:00:00,35986.3,19,0,6,174,0,0.7759504200715022,0.8802878658713337
2025-06-23 20:00:00,35604.66,20,0,6,174,0,0.7584782291208373,0.8709522836878045
2025-06-23 21:00:00,34937.27,21,0,6,174,0,0.7279238702523632,0.8546267565065195
2025-06-23 22:00:00,34026.39,22,0,6,174,0,0.6862220850801022,0.832345037872904
2025-06-23 23:00:00,33010.63,23,0,6,174,0,0.6397186979088216,0.8074977709230517
2025-06-24 00:00:00,31670.24,0,1,6,175,0,0.578353143909341,0.7747094861442534
2025-06-24 01:00:00,31119.55,1,1,6,175,0,0.5531415286839407,0.761238645161527
2025-06-24 02:00:00,30319.95,2,1,6,175,0,0.516534349446566,0.741679030042698
2025-06-24 03:00:00,29584.69,3,1,6,175,0,0.4828727754019533,0.7236932839042909
2025-06-24 04:00:00,29543.09,4,1,6,175,0,0.48096824981881825,0.7226756751137166
2025-06-24 05:00:00,29341.56,5,1,6,175,0,0.4717418305695585,0.7177458986818787
2025-06-24 06:00:00,29506.86,6,1,6,175,0,0.4793095728506216,0.7217894259194254
2025-06-24 07:00:00,30530.05,7,1,6,175,0,0.5261531192786976,0.7468184436700941
2025-06-24 08:00:00,33160.34,8,1,6,175,0,0.6465727009148589,0.8111599394816309
2025-06-24 09:00:00,35790.95,9,1,6,175,0,0.7670069327478136,0.8755092630530954
2025-06-24 10:00:00,37170.36,10,1,6,175,0,0.8301588951187833,0.9092520453080529
2025-06-24 11:00:00,38660.65,11,1,6,175,0,0.8983871506786475,0.9457071463778876
2025-06-24 12:00:00,38873.07,12,1,6,175,0,0.9081121344375308,0.950903311264758
2025-06-24 13:00:00,39294.23,13,1,6,175,0,0.9273936246921742,0.961205621799333
2025-06-24 14:00:00,39985.54,14,1,6,175,0,0.9590430857709505,0.978116274035198
2025-06-24 15:00:00,39084.87,15,1,6,175,0,0.9178087334401273,0.9560843098667691
2025-06-24 16:00:00,38419.82,16,1,6,175,0,0.8873615041357047,0.939816023179954
2025-06-24 17:00:00,37362.62,17,1,6,175,0,0.838960916479686,0.9139550613194912
2025-06-24 18:00:00,36517.72,18,1,6,175,0,0.800279818758753,0.8932873289359261
2025-06-24 19:00:00,36412.87,19,1,6,175,0,0.795479590215683,0.8907225144721828
2025-06-24 20:00:00,35981.97,20,1,6,175,0,0.7757521845961421,0.8801819464948147
2025-06-24 21:00:00,35264.36,21,1,6,175,0,0.7428986604684126,0.8626279502399086
2025-06-24 22:00:00,34351.05,22,1,6,175,0,0.7010856253642521,0.8402867895543437
2025-06-24 23:00:00,33323.03,23,1,6,175,0,0.6540209525283263,0.8151396215522692
2025-06-25 00:00:00,31898.94,0,2,6,176,0,0.5888234564300857,0.7803038883174351
2025-06-25 01:00:00,31052.72,1,2,6,176,0,0.5500819266473803,0.7596038664241692
2025-06-25 02:00:00,30159.23,2,2,6,176,0,0.5091762881071076,0.7377475376191134
2025-06-25 03:00:00,30080.18,3,2,6,176,0,0.5055572316805012,0.7358138362995243
2025-06-25 04:00:00,29898.57,4,2,6,176,0,0.4972427871816272,0.731371337923173
2025-06-25 05:00:00,29513.64,5,2,6,176,0,0.4796199738951806,0.7219552765828892
2025-06-25 06:00:00,29622.25,6,2,6,176,0,0.4845923422505724,0.7246120672257808
2025-06-25 07:00:00,30702.43,7,2,6,176,0,0.5340449971638135,0.7510351600960368
2025-06-25 08:00:00,33370.56,8,2,6,176,0,0.656196964570788,0.816302288519
2025-06-25 09:00:00,36101.71,9,2,6,176,0,0.7812341051087525,0.8831109964126843
2025-06-25 10:00:00,37424.84,10,2,6,176,0,0.8418094641186921,0.9154770713903935
2025-06-25 11:00:00,38555.47,11,2,6,176,0,0.8935718141201343,0.9431342595367189
2025-06-25 12:00:00,38917.22,12,2,6,176,0,0.9101334037763629,0.9519832975172547
2025-06-25 13:00:00,39280.74,13,2,6,176,0,0.9267760273336045,0.9608756327948894
2025-06-25 14:00:00,40220.65,14,2,6,176,0,0.9698068600462122,0.9838674760244275
2025-06-25 15:00:00,39157.14,15,2,6,176,0,0.9211173888221744,0.9578521605228943
2025-06-25 16:00:00,38562.6,16,2,6,176,0,0.893898238817436,0.9433086718126034
2025-06-25 17:00:00,37219.29,17,2,6,176,0,0.832399001772216,0.9104489587244665
2025-06-25 18:00:00,36410.68,18,2,6,176,0,0.7953793279313784,0.8906689432401789
2025-06-25 19:00:00,36428.85,19,2,6,176,0,0.7962111844180506,0.891113413233562
2025-06-25 20:00:00,35949.34,20,2,6,176,0,0.7742583223418704,0.8793837595997078
2025-06-25 21:00:00,35270.65,21,2,6,176,0,0.7431866283991319,0.8627818146459835
2025-06-25 22:00:00,34218.58,22,2,6,176,0,0.6950209017104563,0.8370463415618583
2025-06-25 23:00:00,32985.43,23,2,6,176,0,0.6385649949113457,0.8068813348287616
2025-06-26 00:00:00,31651.54,0,3,6,177,0,0.5774970230342298,0.7742520514234904
2025-06-26 01:00:00,30610.83,1,3,6,177,0,0.529851378331718,0.7487944638167913
2025-06-26 02:00:00,29981.53,2,3,6,177,0,0.5010408507003022,0.7334006846843761
2025-06-26 03:00:00,29839.58,3,3,6,177,0,0.4945421149665038,0.7299283393040388
2025-06-26 04:00:00,29236.96,4,3,6,177,0,0.46695304749273325,0.7151871996555785
2025-06-26 05:00:00,28868.81,5,3,6,177,0,0.45009845390063785,0.7061816064764929
2025-06-26 06:00:00,29073.07,6,3,6,177,0,0.4594498576412908,0.7111781634852122
2025-06-26 07:00:00,30288.88,7,3,6,177,0,0.515111906901662,0.7409190034772377
2025-06-26 08:00:00,33447.27,8,3,6,177,0,0.659708891433343,0.8181787493441193
2025-06-26 09:00:00,36172.05,9,3,6,177,0,0.7844544014913901,0.884831635891747
2025-06-26 10:00:00,37613.57,10,3,6,177,0,0.8504498754962181,0.9200937374251317
2025-06-26 11:00:00,38601.09,11,3,6,177,0,0.8956603828004857,0.9442502045613823
2025-06-26 12:00:00,38632.59,12,3,6,177,0,0.8971025115473307,0.9450207496792452
2025-06-26 13:00:00,39606.54,13,3,6,177,0,0.9416917589438306,0.9688452708710706
2025-06-26 14:00:00,39884.38,14,3,6,177,0,0.9544117923096537,0.9756417234281184
2025-06-26 15:00:00,39312.13,15,3,6,177,0,0.9282131200753019,0.9616434871202771
2025-06-26 16:00:00,38291.56,16,3,6,177,0,0.8814895221334714,0.9366785591540148
2025-06-26 17:00:00,37524.7,17,3,6,177,0,0.8463812411555158,0.9179198217227675
2025-06-26 18:00:00,36066.74,18,3,6,177,0,0.7796331132904295,0.8822555690231078
2025-06-26 19:00:00,35911.23,19,3,6,177,0,0.7725135754675131,0.8784515223158428
2025-06-26 20:00:00,35286.61,20,3,6,177,0,0.7439173069642,0.8631722241723673
2025-06-26 21:00:00,34254.42,21,3,6,177,0,0.696661723751311,0.8379230506737376
2025-06-26 22:00:00,33047.32,22,3,6,177,0,0.6413984345349089,0.8083952725222388
2025-06-26 23:00:00,32158.92,23,3,6,177,0,0.6007258256873803,0.7866634540235297
2025-06-27 00:00:00,30555.37,0,4,6,178,0,0.5273123160999711,0.7474378151743571
2025-06-27 01:00:00,29803.67,1,4,6,178,0,0.4928980881951002,0.7290499178696751
2025-06-27 02:00:00,29265.79,2,4,6,178,0,0.4682729386600839,0.7158924319015464
2025-06-27 03:00:00,28831.99,3,4,6,178,0,0.4484127656321034,0.7052809248498354
2025-06-27 04:00:00,28499.4,4,4,6,178,0,0.4331861751586686,0.6971451914926927
2025-06-27 05:00:00,28335.12,5,4,6,178,0,0.4256651303798841,0.6931266152399147
2025-06-27 06:00:00,28480.5,6,4,6,178,0,0.4323208979105615,0.6966828644219749
2025-06-27 07:00:00,30011.72,7,4,6,178,0,0.5024230052040246,0.7341391849100358
2025-06-27 08:00:00,32667.16,8,4,6,178,0,0.6239940007444131,0.7990958937283743
2025-06-27 09:00:00,35175.86,9,4,6,178,0,0.7388469654177526,0.8604630853849606
2025-06-27 10:00:00,36211.07,10,4,6,178,0,0.7862408098628787,0.8857861333679059
2025-06-27 11:00:00,37596.19,11,4,6,178,0,0.8496541866828796,0.9196685922140697
2025-06-27 12:00:00,38072.11,12,4,6,178,0,0.8714426918637843,0.9313104281662371
2025-06-27 13:00:00,38281.64,13,4,6,178,0,0.8810353660328777,0.9364358985962624
2025-06-27 14:00:00,39522.76,14,4,6,178,0,0.9378561542958727,0.9667958654750534
2025-06-27 15:00:00,38608.16,15,4,6,178,0,0.895984060585889,0.9444231491322806
2025-06-27 16:00:00,36577.66,16,4,6,178,0,0.8030239837456068,0.8947535662173451
2025-06-27 17:00:00,34152.24,17,4,6,178,0,0.6919837327877355,0.8354235490818893
2025-06-27 18:00:00,33220.02,18,4,6,178,0,0.649304962616818,0.8126198167081088
2025-06-27 19:00:00,33296.23,19,4,6,178,0,0.6527939985468837,0.8144840466583416
2025-06-27 20:00:00,32791.57,20,4,6,178,0,0.6296897225664764,0.8021391800176858
2025-06-27 21:00:00,31947.22,21,4,6,178,0,0.591033804871282,0.7814849015964961
2025-06-27 22:00:00,31437.14,22,4,6,178,0,0.5676813911826875,0.7690074522720685
2025-06-27 23:00:00,30524.02,23,4,6,178,0,0.5258770546328729,0.7466709393189604
2025-06-28 00:00:00,29344.24,0,5,6,179,1,0.4718645259677028,0.7178114561712714
2025-06-28 01:00:00,28441.29,1,5,6,179,1,0.43052579098472676,0.6957237192133591
2025-06-28 02:00:00,27709.18,2,5,6,179,1,0.39700842981479867,0.6778150275867383
2025-06-28 03:00:00,27286.92,3,5,6,179,1,0.3776765795086781,0.6674858091274126
2025-06-28 04:00:00,26914.67,4,5,6,179,1,0.36063428027016786,0.6583799227742559
2025-06-28 05:00:00,26327.11,5,5,6,179,1,0.3337346876829844,0.6440071770773835
2025-06-28 06:00:00,25382.1,6,5,6,179,1,0.29047036745898286,0.6208905789240009
2025-06-28 07:00:00,26077.32,7,5,6,179,1,0.322298835629828,0.6378968766014802
2025-06-28 08:00:00,28045.35,8,5,6,179,1,0.41239891936485895,0.6860383340080699
2025-06-28 09:00:00,30591.83,9,5,6,179,1,0.5289815228971131,0.7483296905710962
2025-06-28 10:00:00,32627.54,10,5,6,179,1,0.6221801232539369,0.7981267192023512
2025-06-28 11:00:00,33735.87,11,5,6,179,1,0.6729215376663428,0.8252384103287292
2025-06-28 12:00:00,34399.45,12,5,6,179,1,0.7033014676292455,0.8414707382433771
2025-06-28 13:00:00,35027.64,13,5,6,179,1,0.7320611773905343,0.8568373648335439
2025-06-28 14:00:00,35493.97,14,5,6,179,1,0.7534106344862885,0.8682446126053843
2025-06-28 15:00:00,34991.85,15,5,6,179,1,0.7304226444429285,0.855961878809153
2025-06-28 16:00:00,34768.98,16,5,6,179,1,0.7202192401950126,0.8505100886371504
2025-06-28 17:00:00,33461.19,17,5,6,179,1,0.6603461749938538,0.8185192569009654
2025-06-28 18:00:00,32848.78,18,5,6,179,1,0.6323089030619369,0.8035386367222234
2025-06-28 19:00:00,32843.37,19,5,6,179,1,0.6320612231723995,0.8034062986559491
2025-06-28 20:00:00,33185.05,20,5,6,179,1,0.6477039707984954,0.8117643893185323
2025-06-28 21:00:00,32959.35,21,5,6,179,1,0.6373710038726879,0.8062433723946707
2025-06-28 22:00:00,32229.5,22,5,6,179,1,0.6039571097176129,0.7883899643225379
2025-06-28 23:00:00,30893.35,23,5,6,179,1,0.5427856708256438,0.7557053973627786
2025-06-29 00:00:00,29789.6,0,6,6,180,1,0.4922539373548428,0.728705741050363
2025-06-29 01:00:00,28802.59,1,6,6,180,1,0.44706677880171464,0.7045617494064967
2025-06-29 02:00:00,27579.3,2,6,6,180,1,0.39106228119129904,0.6746379355261661
2025-06-29 03:00:00,26959.72,3,6,6,180,1,0.36269675328748135,0.6594819246015486
2025-06-29 04:00:00,26305.0,4,6,6,180,1,0.33272245064829414,0.6434663277898931
2025-06-29 05:00:00,26141.91,5,6,6,180,1,0.32525588628883506,0.6394768610193455
2025-06-29 06:00:00,25602.96,6,6,6,180,1,0.3005817501582908,0.6262932009789591
2025-06-29 07:00:00,26025.83,7,6,6,180,1,0.3199415274020487,0.6366373411056466
2025-06-29 08:00:00,28144.41,8,6,6,180,1,0.4169340709096994,0.6884615149406252
2025-06-29 09:00:00,29999.89,9,6,6,180,1,0.5018814057413206,0.7338498024102161
2025-06-29 10:00:00,31196.33,10,6,6,180,1,0.5566566602770444,0.7631168183091305
2025-06-29 11:00:00,32282.24,11,6,6,180,1,0.6063716452766164,0.7896800770055883
2025-06-29 12:00:00,33144.78,12,6,6,180,1,0.6458603350957824,0.8107793146551565
2025-06-29 13:00:00,33299.73,13,6,6,180,1,0.6529542350743109,0.8145696627825485
2025-06-29 14:00:00,33221.46,14,6,6,180,1,0.6493708885023881,0.8126550416277827
2025-06-29 15:00:00,32520.09,15,6,6,180,1,0.617260861861921,0.795498304189197
2025-06-29 16:00:00,31930.57,16,6,6,180,1,0.5902715368193782,0.7810776134627686
2025-06-29 17:00:00,31865.72,17,6,6,180,1,0.5873025828754765,0.7794912689899621
2025-06-29 18:00:00,31747.47,18,6,6,180,1,0.5818888773416852,0.7765986670792548
2025-06-29 19:00:00,31780.21,19,6,6,180,1,0.5833877756011044,0.7773995447668367
2025-06-29 20:00:00,31927.98,20,6,6,180,1,0.5901529617890819,0.7810142575308554
2025-06-29 21:00:00,31893.85,21,6,6,180,1,0.5885904267373415,0.7801793780110885
2025-06-29 22:00:00,31037.5,22,6,6,180,1,0.5493851266623967,0.7592315585926177
2025-06-29 23:00:00,30003.45,23,6,6,180,1,0.5020443891806465,0.7339368862394096
2025-06-30 00:00:00,28664.11,0,0,6,181,0,0.4407269061393939,0.7011742862978732
2025-06-30 01:00:00,27821.56,1,0,6,181,0,0.4021533958011621,0.6805640390262756
2025-06-30 02:00:00,27273.61,2,0,6,181,0,0.37706722288580496,0.6671602232379285
2025-06-30 03:00:00,26881.07,3,0,6,181,0,0.35909600960686655,0.6575580079818689
2025-06-30 04:00:00,26618.73,4,0,6,181,0,0.34708559514822107,0.6511407125463091
2025-06-30 05:00:00,26553.49,5,0,6,181,0,0.34409878627697765,0.649544827991091
2025-06-30 06:00:00,26646.33,6,0,6,181,0,0.34834917462164733,0.6518158568400556
2025-06-30 07:00:00,28308.37,7,0,6,181,0,0.42444046549169034,0.6924722634334756
2025-06-30 08:00:00,31590.12,8,0,6,181,0,0.5746851008872067,0.7727496107524067
2025-06-30 09:00:00,34819.73,9,0,6,181,0,0.7225426698427073,0.8517515224381516
2025-06-30 10:00:00,36245.4,10,0,6,181,0,0.7878125012876149,0.8866259052376275
2025-06-30 11:00:00,37592.79,11,0,6,181,0,0.8494985283419503,0.91958542226484
2025-06-30 12:00:00,37683.46,12,0,6,181,0,0.853649570039615,0.9218033691167963
2025-06-30 13:00:00,38867.34,13,0,6,181,0,0.9078498043511998,0.9507631454385562
2025-06-30 14:00:00,39058.78,14,0,6,181,0,0.9166142845828195,0.9554461028151804
2025-06-30 15:00:00,38908.76,15,0,6,181,0,0.9097460891986389,0.9517763511141716
2025-06-30 16:00:00,38491.52,16,0,6,181,0,0.8906440638547138,0.9415699306387084
2025-06-30 17:00:00,37355.44,17,0,6,181,0,0.8386322026891353,0.913779425956118
2025-06-30 18:00:00,36307.98,18,0,6,181,0,0.7906775303980139,0.8881567215384484
2025-06-30 19:00:00,36037.12,19,0,6,181,0,0.7782770544497456,0.881531011994819
2025-06-30 20:00:00,35748.55,20,0,6,181,0,0.7650657816726955,0.8744720848627023
2025-06-30 21:00:00,35122.32,21,0,6,181,0,0.7363958043667658,0.8591534033020916
2025-06-30 22:00:00,34133.78,22,0,6,181,0,0.6911385995602193,0.834971985181072
2025-06-30 23:00:00,33259.94,23,0,6,181,0,0.6511325746667882,0.813596329759064
2025-07-01 00:00:00,31610.31,0,1,7,182,0,0.5756094367411371,0.7732434934803322
2025-07-01 01:00:00,30805.95,1,1,7,182,0,0.5387843358264611,0.7535674404325816
2025-07-01 02:00:00,30138.01,2,1,7,182,0,0.5082047969322487,0.7372284592889213
2025-07-01 03:00:00,29717.83,3,1,7,182,0,0.48896817290528516,0.7269501212691245
2025-07-01 04:00:00,29382.29,4,1,7,182,0,0.4736065259301616,0.7187422257501501
2025-07-01 05:00:00,29393.9,5,1,7,182,0,0.47413805338257026,0.7190262266650196
2025-07-01 06:00:00,29525.29,6,1,7,182,0,0.4801533326221884,0.7222402559677497
2025-07-01 07:00:00,30847.62,7,1,7,182,0,0.5406920661401446,0.7545867615456401
2025-07-01 08:00:00,33784.43,8,1,7,182,0,0.675144705029733,0.8264262728977266
2025-07-01 09:00:00,36157.19,9,1,7,182,0,0.783774082977799,0.884468134290114
2025-07-01 10:00:00,37320.66,10,1,7,182,0,0.8370399094251585,0.9129286462989985
2025-07-01 11:00:00,38800.41,11,1,7,182,0,0.9047856241281417,0.9491259205262212
2025-07-01 12:00:00,39140.34,12,1,7,182,0,0.9203482534905236,0.9574412031267008
2025-07-01 13:00:00,40324.25,13,1,7,182,0,0.9745498612580581,0.986401713300954
2025-07-01 14:00:00,40286.15,14,1,7,182,0,0.9728055722023503,0.9854697206345867
2025-07-01 15:00:00,40089.28,15,1,7,182,0,0.9637924964438935,0.9806539359566928
2025-07-01 16:00:00,39436.06,16,1,7,182,0,0.9338868666021751,0.9646750317696974
2025-07-01 17:00:00,37611.93,17,1,7,182,0,0.8503747932376523,0.9200536201555033
2025-07-01 18:00:00,36964.72,18,1,7,182,0,0.820744312404459,0.9042217310846462
2025-07-01 19:00:00,36914.45,19,1,7,182,0,0.818442858051954,0.9029920389235362
2025-07-01 20:00:00,36408.12,20,1,7,182,0,0.7952621263570318,0.890606321160759
2025-07-01 21:00:00,35731.8,21,1,7,182,0,0.7642989354342937,0.8740623505539975
2025-07-01 22:00:00,34728.77,22,1,7,182,0,0.7183783514041983,0.8495264816787609
2025-07-01 23:00:00,33926.41,23,1,7,182,0,0.6816448142194811,0.8298993521305573
2025-07-02 00:00:00,32342.25,0,2,7,183,0,0.6091190149940185,0.7911480266094914
2025-07-02 01:00:00,31133.92,1,2,7,183,0,0.5537994140836919,0.7615901605057711
2025-07-02 02:00:00,30355.27,2,2,7,183,0,0.5181513649176316,0.7425430190446952
2025-07-02 03:00:00,30036.32,3,2,7,183,0,0.5035492390825131,0.734740943954462
2025-07-02 04:00:00,30140.68,4,2,7,183,0,0.5083270345117433,0.7372937721608164
2025-07-02 05:00:00,30251.24,5,2,7,183,0,0.5133886775038446,0.7399982632157661
2025-07-02 06:00:00,30297.49,6,2,7,183,0,0.515506088759133,0.741129619142787
2025-07-02 07:00:00,31346.58,7,2,7,183,0,0.5635353854901705,0.7667921962125873
2025-07-02 08:00:00,33903.54,8,2,7,183,0,0.6805977829674066,0.8293399119132391
2025-07-02 09:00:00,36807.6,9,2,7,183,0,0.8135510657789257,0.900378300960246
2025-07-02 10:00:00,38137.12,10,2,7,183,0,0.8744189709060827,0.9329006865190074
2025-07-02 11:00:00,39001.14,11,2,7,183,0,0.913975417885418,0.9540361275582403
2025-07-02 12:00:00,39736.63,12,2,7,183,0,0.9476475217589757,0.9720274998990952
2025-07-02 13:00:00,40306.27,13,2,7,183,0,0.9737267033257319,0.9859618910400278
2025-07-02 14:00:00,40880.15,14,2,7,183,0,1.0,1.0
2025-07-02 15:00:00,40500.29,15,2,7,183,0,0.982609300768998,0.9907079597310675
2025-07-02 16:00:00,39560.91,16,2,7,183,0,0.9396027324448295,0.9677290812289094
2025-07-02 17:00:00,38479.74,17,2,7,183,0,0.8901047534852587,0.9412817712263775
2025-07-02 18:00:00,37132.02,18,2,7,183,0,0.8284036184154803,0.9083141818217397
2025-07-02 19:00:00,36927.89,19,2,7,183,0,0.8190581663172747,0.903320804840491
2025-07-02 20:00:00,36484.36,20,2,7,183,0,0.7987525357430465,0.8924712849634847
2025-07-02 21:00:00,35877.06,21,2,7,183,0,0.7709492091411733,0.8776156643260848
2025-07-02 22:00:00,34912.59,22,2,7,183,0,0.7267939738246764,0.8540230405221114
2025-07-02 23:00:00,34024.34,23,2,7,183,0,0.6861282322568947,0.8322948912858684
2025-07-03 00:00:00,32294.1,0,3,7,184,0,0.6069146181952696,0.789970193357901
2025-07-03 01:00:00,31695.84,1,3,7,184,0,0.5795251596528086,0.775335706938453
2025-07-03 02:00:00,30983.41,2,3,7,184,0,0.5469087855856714,0.7579084225473732
2025-07-03 03:00:00,30544.72,3,3,7,184,0,0.5268247392379426,0.7471772975392703
2025-07-03 04:00:00,30242.44,4,3,7,184,0,0.5129857970920274,0.7397829998177599
2025-07-03 05:00:00,30461.72,5,3,7,184,0,0.5230248444446683,0.7451469723080761
2025-07-03 06:00:00,30074.5,6,3,7,184,0,0.5052971906874193,0.7356748935608113
2025-07-03 07:00:00,31559.49,7,3,7,184,0,0.5732828023628936,0.7720003473568468
2025-07-03 08:00:00,34532.92,8,3,7,184,0,0.7094119731480204,0.8447356479856359
2025-07-03 09:00:00,37058.76,9,3,7,184,0,0.8250496389871037,0.9065221140333389
2025-07-03 10:00:00,38073.99,10,3,7,184,0,0.8715287617699451,0.9313564162558111
2025-07-03 11:00:00,38979.71,11,3,7,184,0,0.9129943125189135,0.9535119122605958
2025-07-03 12:00:00,39733.21,12,3,7,184,0,0.9474909477807469,0.9719438407148702
2025-07-03 13:00:00,39528.51,13,3,7,184,0,0.9381194000195031,0.9669365205362505
2025-07-03 14:00:00,40421.54,14,3,7,184,0,0.9790039789018853,0.9887815969364104
2025-07-03 15:00:00,40048.94,15,3,7,184,0,0.9619456560106324,0.9796671489708331
2025-07-03 16:00:00,39286.36,16,3,7,184,0,0.9270333214147878,0.961013107828616
2025-07-03 17:00:00,38245.24,17,3,7,184,0,0.8793689061476345,0.9355454909045098
2025-07-03 18:00:00,37048.82,18,3,7,184,0,0.8245945672492103,0.9062789642405911
2025-07-03 19:00:00,36915.21,19,3,7,184,0,0.8184776522693383,0.903010629853364
2025-07-03 20:00:00,36581.09,20,3,7,184,0,0.8031810155424851,0.8948374700190678
2025-07-03 21:00:00,35867.48,21,3,7,184,0,0.7705106188746728,0.8773813207632556
2025-07-03 22:00:00,34894.61,22,3,7,184,0,0.7259708158923504,0.8535832182611854
2025-07-03 23:00:00,33864.08,23,3,7,184,0,0.678791230575327,0.8283746512671798
2025-07-04 00:00:00,32549.04,0,4,7,185,0,0.6185862468530691,0.7962064718451376
2025-07-04 01:00:00,31659.18,1,4,7,185,0,0.5778467964826709,0.7744389391917593
2025-07-04 02:00:00,31165.96,2,4,7,185,0,0.5552662650376258,0.7623739149685116
2025-07-04 03:00:00,30476.85,3,4,7,185,0,0.5237175240618036,0.745517078582148
2025-07-04 04:00:00,29880.62,4,4,7,185,0,0.49642100270525036,0.73093224951474
2025-07-04 05:00:00,29706.48,5,4,7,185,0,0.48844854873777105,0.7266724804091961
2025-07-04 06:00:00,29822.93,6,4,7,185,0,0.4937798469145999,0.7295210511703113
2025-07-04 07:00:00,30849.94,7,4,7,185,0,0.5407982800668963,0.7546435128051144
2025-07-04 08:00:00,33743.81,8,4,7,185,0,0.6732850456742775,0.8254326366219301
2025-07-04 09:00:00,37011.34,9,4,7,185,0,0.8228786629497894,0.905362137859083
2025-07-04 10:00:00,37994.39,10,4,7,185,0,0.8678845253176002,0.9294092609738467
2025-07-04 11:00:00,38955.07,11,4,7,185,0,0.9118662473658259,0.9529091747461788
2025-07-04 12:00:00,39083.66,12,4,7,185,0,0.9177533373835024,0.9560547111495433
2025-07-04 13:00:00,39593.92,13,4,7,185,0,0.941113991807793,0.96853656358893
2025-07-04 14:00:00,40206.61,14,4,7,185,0,0.9691640826619041,0.9835240330576086
2025-07-04 15:00:00,40077.85,15,4,7,185,0,0.9632692097271811,0.9803743381567827
2025-07-04 16:00:00,38229.41,16,4,7,185,0,0.8786441792250138,0.9351582614055967
2025-07-04 17:00:00,36740.31,17,4,7,185,0,0.8104704040844747,0.8987322698179923
2025-07-04 18:00:00,35632.24,18,4,7,185,0,0.7597408929569636,0.8716269387465554
2025-07-04 19:00:00,35352.43,19,4,7,185,0,0.7469306693171314,0.864782296542454
2025-07-04 20:00:00,34814.22,20,4,7,185,0,0.7222904117666719,0.8516167381969
2025-07-04 21:00:00,34090.72,21,4,7,185,0,0.6891672324542147,0.8339186622358284
2025-07-04 22:00:00,33290.91,22,4,7,185,0,0.6525504390251944,0.814353910149547
2025-07-04 23:00:00,32555.98,23,4,7,185,0,0.6189039729960247,0.796376236388565
2025-07-05 00:00:00,31237.73,0,5,7,186,1,0.5585520294871835,0.7641295347497501
2025-07-05 01:00:00,30510.8,1,5,7,186,1,0.5252718183778478,0.7463475549869557
2025-07-05 02:00:00,29933.05,2,5,7,186,1,0.49882134588611027,0.7322147790553606
2025-07-05 03:00:00,29431.6,3,5,7,186,1,0.4758640296922863,0.7199484346314776
2025-07-05 04:00:00,29210.38,4,5,7,186,1,0.465736165521586,0.714537006346601
2025-07-05 05:00:00,28727.98,5,5,7,186,1,0.4436509938556159,0.7027366582559017
2025-07-05 06:00:00,28017.13,6,5,7,186,1,0.41110695513514584,0.6853480234294639
2025-07-05 07:00:00,27957.23,7,5,7,186,1,0.4083646214228912,0.6838827646180359
2025-07-05 08:00:00,29044.2,8,5,7,186,1,0.45812813519934115,0.7104719527692536
2025-07-05 09:00:00,31291.61,9,5,7,186,1,0.5610187563722634,0.7654475338275422
2025-07-05 10:00:00,32909.45,10,5,7,186,1,0.6350864888102253,0.8050227310809769
2025-07-05 11:00:00,34000.7,11,5,7,186,1,0.6850459489687862,0.8317166155212248
2025-07-05 12:00:00,34527.09,12,5,7,186,1,0.7091450648751916,0.8445930359844569
2025-07-05 13:00:00,35084.8,13,5,7,186,1,0.7346780687927461,0.8582355984505928
2025-07-05 14:00:00,34820.65,14,5,7,186,1,0.7225847891584881,0.851774027247943
2025-07-05 15:00:00,33994.23,15,5,7,186,1,0.684749740302371,0.8315583480001909
2025-07-05 16:00:00,33381.23,16,5,7,186,1,0.6566854570701164,0.8165632953890826
2025-07-05 17:00:00,33205.77,17,5,7,186,1,0.6486525710408643,0.8122712367738376
2025-07-05 18:00:00,32866.01,18,5,7,186,1,0.6330977245955287,0.8039601126708195
2025-07-05 19:00:00,32911.02,19,5,7,186,1,0.6351583663382426,0.8050611360281211
2025-07-05 20:00:00,32861.82,20,5,7,186,1,0.6329058985812658,0.8038576179392688
2025-07-05 21:00:00,32648.94,21,5,7,186,1,0.6231598551644919,0.7986502006475025
2025-07-05 22:00:00,31835.37,22,5,7,186,1,0.5859131032733575,0.7787488548843386
2025-07-05 23:00:00,30919.45,23,5,7,186,1,0.5439805775016012,0.7563438490318651
2025-07-06 00:00:00,29428.72,0,6,7,187,1,0.4757321779211463,0.7198779847921302
2025-07-06 01:00:00,28353.0,1,6,7,187,1,0.42648371012571246,0.6935639913258635
2025-07-06 02:00:00,27847.08,2,6,7,187,1,0.4033217489954315,0.6811883028804934
2025-07-06 03:00:00,26964.13,3,6,7,187,1,0.36289865131203963,0.6595898009180494
2025-07-06 04:00:00,26738.45,4,6,7,187,1,0.3525666000235319,0.6540692732291834
2025-07-06 05:00:00,26508.25,5,6,7,187,1,0.3420276147053182,0.6484381784313413
2025-07-06 06:00:00,26145.95,6,6,7,187,1,0.3254408450233511,0.6395756864884302
2025-07-06 07:00:00,26795.05,7,6,7,187,1,0.35515785358135504,0.655453808266359
2025-07-06 08:00:00,27485.97,8,6,7,187,1,0.3867894597327896,0.6723549204198126
2025-07-06 09:00:00,28267.36,9,6,7,187,1,0.4225629512088931,0.6914690870752676
2025-07-06 10:00:00,29595.12,10,6,7,187,1,0.4833502802536864,0.7239484199544277
2025-07-06 11:00:00,30537.16,11,6,7,187,1,0.5264786283386997,0.7469923667109831
2025-07-06 12:00:00,30616.63,12,6,7,187,1,0.5301169131485974,0.7489363419654771
2025-07-06 13:00:00,31188.85,13,6,7,187,1,0.5563142119269998,0.7629338444208252
2025-07-06 14:00:00,30930.09,14,6,7,187,1,0.54446769654498,0.7566041220494543
2025-07-06 15:00:00,30306.14,15,6,7,187,1,0.515902101891203,0.7413412132783269
2025-07-06 16:00:00,30072.84,16,6,7,187,1,0.5052211927915538,0.7356342870561874
2025-07-06 17:00:00,30191.77,17,6,7,187,1,0.5106660299935311,0.7385435229567406
2025-07-06 18:00:00,30561.78,18,6,7,187,1,0.5276057778544878,0.7475946149904048
2025-07-06 19:00:00,30740.64,19,6,7,187,1,0.5357943222246689,0.7519698435548793
2025-07-06 20:00:00,30547.82,20,6,7,187,1,0.5269666630193781,0.7472531289635679
2025-07-06 21:00:00,30133.13,21,6,7,187,1,0.5079813814311503,0.7371090859500271
2025-07-06 22:00:00,29428.25,22,6,7,187,1,0.475710660444606,0.7198664877697366
2025-07-06 23:00:00,28154.34,23,6,7,187,1,0.4173886848289429,0.6887044201158753
2025-07-07 00:00:00,26862.03,0,0,7,188,0,0.3582243228976624,0.657092256266183
2025-07-07 01:00:00,25455.58,1,0,7,188,0,0.2938344188976552,0.6226880282973521
2025-07-07 02:00:00,24918.99,2,0,7,188,0,0.2692683279684619,0.6095620979864311
2025-07-07 03:00:00,24228.5,3,0,7,188,0,0.23765640801896837,0.5926715043853802
2025-07-07 04:00:00,24007.66,4,0,7,188,0,0.22754594095696004,0.5872693715654175
2025-07-07 05:00:00,24274.1,5,0,7,188,0,0.2397440610620202,0.5937869601750482
2025-07-07 06:00:00,24240.54,6,0,7,188,0,0.23820762167331808,0.5929660238526522
2025-07-07 07:00:00,24911.63,7,0,7,188,0,0.2689313734422149,0.6093820595080987
2025-07-07 08:00:00,26597.89,8,0,7,188,0,0.34613150108205437,0.650630929681031
2025-07-07 09:00:00,27945.36,9,0,7,188,0,0.40782119068558803,0.6835924036482254
2025-07-07 10:00:00,28485.89,10,0,7,188,0,0.43256766216279935,0.6968147132532537
2025-07-07 11:00:00,30351.2,11,0,7,188,0,0.5179650327271662,0.7424434597231174
2025-07-07 12:00:00,30229.99,12,0,7,188,0,0.5124158128730364,0.7394784510330809
2025-07-07 13:00:00,30979.38,13,0,7,188,0,0.5467242846698052,0.7578098416957864
2025-07-07 14:00:00,31038.8,14,0,7,188,0,0.5494446430868697,0.7592633588673231
2025-07-07 15:00:00,30898.79,15,0,7,188,0,0.5430347241711309,0.7558384692815462
2025-07-07 16:00:00,30538.64,16,0,7,188,0,0.5265463854988689,0.7470285701006478
2025-07-07 17:00:00,30291.56,17,0,7,188,0,0.5152346022998062,0.7409845609666305
2025-07-07 18:00:00,30321.6,18,0,7,188,0,0.5166098895237815,0.7417193919298241
2025-07-07 19:00:00,30423.9,19,0,7,188,0,0.5212933743111546,0.7442218289316453
2025-07-07 20:00:00,30384.64,20,0,7,188,0,0.5194959782920708,0.7432614606355407
2025-07-07 21:00:00,30103.3,21,0,7,188,0,0.5066157083988204,0.7363793919542858
2025-07-07 22:00:00,29426.67,22,0,7,188,0,0.4756383250979388,0.7198278382050946
2025-07-07 23:00:00,28650.19,23,0,7,188,0,0.44008962257888323,0.700833778741027
2025-07-08 00:00:00,27599.89,0,1,7,189,0,0.3920049297912209,0.6751416029540008
2025-07-08 01:00:00,27409.85,1,1,7,189,0,0.3833045441705722,0.6704928920270595
2025-07-08 02:00:00,26579.84,2,1,7,189,0,0.3453051384191797,0.6501893950976207
2025-07-08 03:00:00,26586.38,3,1,7,189,0,0.34560455181614375,0.6503493749411389
2025-07-08 04:00:00,26348.29,4,1,7,189,0,0.3347043475832441,0.6445252769375847
2025-07-08 05:00:00,26224.83,5,1,7,189,0,0.32905211853291105,0.6415052293105579
2025-07-08 06:00:00,26740.67,6,1,7,189,0,0.35266823576378564,0.6541235783136803
2025-07-08 07:00:00,27460.05,7,1,7,189,0,0.3856027937925285,0.6717208718656854
2025-07-08 08:00:00,30931.14,8,1,7,189,0,0.5445157675032082,0.7566298068867163
2025-07-08 09:00:00,33359.63,9,1,7,189,0,0.6556965687865652,0.8160349215939764
2025-07-08 10:00:00,34568.44,10,1,7,189,0,0.7110381449920821,0.8456045293375881
2025-07-08 11:00:00,35406.42,11,1,7,189,0,0.7494024322073588,0.866102986412721
2025-07-08 12:00:00,35142.41,12,1,7,189,0,0.7373155620341982,0.8596448398550397
2025-07-08 13:00:00,35269.89,13,1,7,189,0,0.7431518341817476,0.8627632237161555
2025-07-08 14:00:00,35972.79,14,1,7,189,0,0.775331907075633,0.8799573876318947
2025-07-08 15:00:00,35581.5,15,1,7,189,0,0.7574179211279186,0.8703857495630519
2025-07-08 16:00:00,35467.93,16,1,7,189,0,0.7522184747222299,0.8676076286412843
2025-07-08 17:00:00,34637.24,17,1,7,189,0,0.7141879373026514,0.8472874977219995
2025-07-08 18:00:00,34009.4,18,1,7,189,0,0.6854442511941056,0.8319294327442537
2025-07-08 19:00:00,33841.96,19,1,7,189,0,0.6777785357219868,0.8278335573621917
2025-07-08 20:00:00,33244.84,20,1,7,189,0,0.6504412685056019,0.8132269573374852
2025-07-08 21:00:00,32473.26,21,1,7,189,0,0.6151168971249446,0.7943527604473075
2025-07-08 22:00:00,31522.45,22,1,7,189,0,0.5715870420840637,0.7710942841452392
2025-07-08 23:00:00,30328.06,23,1,7,189,0,0.5169056403715474,0.7418774148333604
2025-07-09 00:00:00,28537.94,0,2,7,190,0,0.4349506082349671,0.6980879473289603
2025-07-09 01:00:00,28198.84,1,2,7,190,0,0.4194259778205177,0.6897929679807926
2025-07-09 02:00:00,28158.45,2,2,7,190,0,0.41757684829400754,0.6888049579074441
2025-07-09 03:00:00,27550.44,3,2,7,190,0,0.3897410165679991,0.6739319694277051
2025-07-09 04:00:00,27365.14,4,2,7,190,0,0.3812576369873518,0.6693992071946898
2025-07-09 05:00:00,27248.51,5,2,7,190,0,0.37591809807482673,0.6665462333186154
2025-07-09 06:00:00,27709.07,6,2,7,190,0,0.3970033938096509,0.6778123367942632
2025-07-09 07:00:00,28993.01,7,2,7,190,0,0.45578456153105534,0.709219755798352
2025-07-09 08:00:00,31343.06,8,2,7,190,0,0.5633742333254437,0.7667060908533848
2025-07-09 09:00:00,33214.34,9,2,7,190,0,0.6490449216237361,0.8124808739693958
2025-07-09 10:00:00,33750.14,10,2,7,190,0,0.673574844879596,0.8255874794979959
2025-07-09 11:00:00,34388.66,11,2,7,190,0,0.7028074813061201,0.8412067959633222
2025-07-09 12:00:00,33894.09,12,2,7,190,0,0.6801651443433528,0.8291087483778801
2025-07-09 13:00:00,34563.1,13,2,7,190,0,0.710793669833093,0.8454739035937979
2025-07-09 14:00:00,34475.23,14,2,7,190,0,0.7067708173573701,0.8433244496412073
2025-07-09 15:00:00,34119.36,15,2,7,190,0,0.6904784250672192,0.8346192467493392
2025-07-09 16:00:00,33893.9,16,2,7,190,0,0.680156445789007,0.8291041006454233
2025-07-09 17:00:00,32936.07,17,2,7,190,0,0.636305202055972,0.8056739028599454
2025-07-09 18:00:00,32247.87,18,2,7,190,0,0.6047981225772808,0.7888393266658756
2025-07-09 19:00:00,32228.78,19,2,7,190,0,0.6039241467748278,0.788372351862701
2025-07-09 20:00:00,31760.62,20,2,7,190,0,0.5824909088661617,0.7769203390887753
2025-07-09 21:00:00,30961.34,21,2,7,190,0,0.5458983798255802,0.7573685517298737
2025-07-09 22:00:00,30163.57,22,2,7,190,0,0.5093749814011174,0.73785370161313
2025-07-09 23:00:00,29207.89,23,2,7,190,0,0.46562216867778766,0.7144760965896652
2025-07-10 00:00:00,27531.21,0,3,7,191,0,0.3888606313044489,0.6734615699795622
2025-07-10 01:00:00,26875.49,1,3,7,191,0,0.35884054680028266,0.6574215114181333
2025-07-10 02:00:00,26276.14,2,3,7,191,0,0.33140118602499413,0.6427603616914321
2025-07-10 03:00:00,25854.38,3,3,7,191,0,0.3120922266513634,0.6324433741069933
2025-07-10 04:00:00,25412.63,4,3,7,191,0,0.2918680877967982,0.6216373961445836
2025-07-10 05:00:00,25526.86,5,3,7,191,0,0.2970977502333731,0.6244316618212017
2025-07-10 06:00:00,25600.85,6,3,7,191,0,0.30048515042318463,0.6262415866869372
2025-07-10 07:00:00,26854.6,7,3,7,191,0,0.35788416364086684,0.6569105054653663
2025-07-10 08:00:00,29610.82,8,3,7,191,0,0.48406905553386004,0.7243324694258705
2025-07-10 09:00:00,32628.14,9,3,7,191,0,0.6222075923729243,0.7981413962522153
2025-07-10 10:00:00,33169.81,10,3,7,191,0,0.647006255176212,0.8113915922519853
2025-07-10 11:00:00,34092.48,11,3,7,191,0,0.6892478085365782,0.8339617149154297
2025-07-10 12:00:00,33284.56,12,3,7,191,0,0.6522597241825762,0.8141985780384856
2025-07-10 13:00:00,32904.54,13,3,7,191,0,0.6348616998531775,0.8049026238895894
2025-07-10 14:00:00,34092.19,14,3,7,191,0,0.6892345317957342,0.8339546210079953
2025-07-10 15:00:00,33985.21,15,3,7,191,0,0.6843367878802584,0.8313377030172344
2025-07-10 16:00:00,33677.81,16,3,7,191,0,0.6702634425856497,0.8238181611368842
2025-07-10 17:00:00,32848.06,17,3,7,191,0,0.6322759401191518,0.8035210242623865
2025-07-10 18:00:00,32213.93,18,3,7,191,0,0.6032442860798866,0.7880090948785657
2025-07-10 19:00:00,32159.41,19,3,7,191,0,0.6007482588012202,0.7866754402809187
2025-07-10 20:00:00,31572.42,20,3,7,191,0,0.5738747618770746,0.7723166377814171
2025-07-10 21:00:00,30821.24,21,3,7,191,0,0.5394843405419932,0.7539414605866173
2025-07-10 22:00:00,29986.95,22,3,7,191,0,0.5012889884084897,0.7335332673681481
2025-07-10 23:00:00,28925.85,23,3,7,191,0,0.45270985147905174,0.7075769046835688
2025-07-11 00:00:00,27681.69,0,4,7,192,0,0.39574988634652014,0.6771425740854669
2025-07-11 01:00:00,27133.83,1,4,7,192,0,0.3706678337990113,0.6637409598545994
2025-07-11 02:00:00,27428.22,2,4,7,192,0,0.38414555703024034,0.6709422543703973
2025-07-11 03:00:00,26989.32,3,4,7,192,0,0.36405189649086583,0.660205992394842
2025-07-11 04:00:00,27356.34,4,4,7,192,0,0.3808547565755348,0.6691839437966837
2025-07-11 05:00:00,27313.96,5,4,7,192,0,0.37891452113771595,0.668147254841286
2025-07-11 06:00:00,27079.6,6,4,7,192,0,0.3681850832611887,0.6624143991643866
2025-07-11 07:00:00,27978.51,7,4,7,192,0,0.4093388595096487,0.6844033106532142
2025-07-11 08:00:00,30670.87,8,4,7,192,0,0.5326001215050696,0.7502631472731875
2025-07-11 09:00:00,32481.32,9,4,7,192,0,0.615485898956677,0.7945499221504813
2025-07-11 10:00:00,33684.38,10,4,7,192,0,0.6705642294385631,0.8239788748328956
2025-07-11 11:00:00,34172.45,11,4,7,192,0,0.6929089842789652,0.8359179210448101
2025-07-11 12:00:00,34821.14,12,4,7,192,0,0.7226072222723279,0.851786013505332
2025-07-11 13:00:00,34204.1,13,4,7,192,0,0.6943579803055572,0.836692135425139
2025-07-11 14:00:00,34840.83,14,4,7,192,0,0.7235086671937686,0.8522676653583707
2025-07-11 15:00:00,34596.84,15,4,7,192,0,0.7123383499574913,0.8462992430311531
2025-07-11 16:00:00,34176.8,16,4,7,192,0,0.6931081353916251,0.8360243296563247
2025-07-11 17:00:00,33279.77,17,4,7,192,0,0.6520404290493257,0.8140814062570708
2025-07-11 18:00:00,32396.57,18,4,7,192,0,0.6116058858996891,0.7924767888571838
2025-07-11 19:00:00,32392.36,19,4,7,192,0,0.6114131442481268,0.7923738048906376
2025-07-11 20:00:00,31772.69,20,4,7,192,0,0.5830434959764608,0.7772155924085405
2025-07-11 21:00:00,31159.22,21,4,7,192,0,0.554957695267666,0.7622090427750388
2025-07-11 22:00:00,30369.92,22,4,7,192,0,0.5188220692395769,0.7429013836788758
2025-07-11 23:00:00,29568.4,23,4,7,192,0,0.4821269888214421,0.7232948020004819
2025-07-12 00:00:00,28338.41,0,5,7,193,1,0.4258157527156658,0.6932070943966693
2025-07-12 01:00:00,27794.19,1,5,7,193,1,0.4009003461566811,0.6798945209349769
2025-07-12 02:00:00,26776.7,2,5,7,193,1,0.35431775635898666,0.6550049351580168
2025-07-12 03:00:00,26356.34,3,5,7,193,1,0.3350728915963267,0.6447221940232607
2025-07-12 04:00:00,25939.73,4,5,7,193,1,0.31599970882733874,0.6345311844501549
2025-07-12 05:00:00,25874.25,5,5,7,193,1,0.3130019123085002,0.6329294290749912
2025-07-12 06:00:00,25804.32,6,5,7,193,1,0.3098003864905042,0.6312188189133356
2025-07-12 07:00:00,26798.64,7,5,7,193,1,0.35532221047663043,0.6555416259480457
2025-07-12 08:00:00,28332.11,8,5,7,193,1,0.4255273269662968,0.6930529853730967
2025-07-12 09:00:00,30610.76,9,5,7,193,1,0.5298481736011694,0.748792751494307
2025-07-12 10:00:00,31734.72,10,5,7,193,1,0.5813051585632003,0.7762867797696437
2025-07-12 11:00:00,32723.97,11,5,7,193,1,0.626594868493882,0.8004855657330024
2025-07-12 12:00:00,33227.54,12,5,7,193,1,0.6496492422414618,0.8128037690664051
2025-07-12 13:00:00,33004.57,13,5,7,193,1,0.6394412598070477,0.8073495327194249
2025-07-12 14:00:00,32685.71,14,5,7,193,1,0.6248432543397774,0.7995496591866712
2025-07-12 15:00:00,32551.27,15,5,7,193,1,0.6186883404119727,0.7962610215471323
2025-07-12 16:00:00,32582.39,16,5,7,193,1,0.6201130720501256,0.7970222712000812
2025-07-12 17:00:00,32146.32,17,5,7,193,1,0.6001489741886423,0.7863552359763846
2025-07-12 18:00:00,32168.61,18,5,7,193,1,0.6011694519590289,0.7869004883788342
2025-07-12 19:00:00,32282.06,19,5,7,193,1,0.6063634045409201,0.7896756738906291
2025-07-12 20:00:00,32136.89,20,5,7,193,1,0.5997172512018883,0.7861245616760212
2025-07-12 21:00:00,31780.4,21,5,7,193,1,0.5833964741554506,0.7774041924992937
2025-07-12 22:00:00,31201.09,22,5,7,193,1,0.5568745819543454,0.7632332562380519
2025-07-12 23:00:00,30075.37,23,5,7,193,1,0.5053370209099511,0.7356961752831142
2025-07-13 00:00:00,28707.49,0,6,7,194,1,0.442712923442192,0.7022354370030442
2025-07-13 01:00:00,27886.19,1,6,7,194,1,0.4051122777347682,0.6821450019141319
2025-07-13 02:00:00,26913.01,2,6,7,194,1,0.3605582823743024,0.658339316269632
2025-07-13 03:00:00,26324.53,3,6,7,194,1,0.333616570471338,0.643944065762968
2025-07-13 04:00:00,26084.64,4,6,7,194,1,0.3226339588814758,0.6380759366098216
2025-07-13 05:00:00,25668.85,5,6,7,194,1,0.3035983172417708,0.62790498567153
2025-07-13 06:00:00,25266.11,6,6,7,194,1,0.28516012894004455,0.6180532605677816
2025-07-13 07:00:00,25869.96,7,6,7,194,1,0.3128055081077394,0.6328244881684632
2025-07-13 08:00:00,27250.58,8,6,7,194,1,0.37601286653533383,0.6665968691406465
2025-07-13 09:00:00,28798.27,9,6,7,194,1,0.44686900114500444,0.7044560746474756
2025-07-13 10:00:00,29871.46,10,6,7,194,1,0.4960016408220408,0.7307081798868155
2025-07-13 11:00:00,31416.24,11,6,7,194,1,0.5667245502046221,0.768496201701804
2025-07-13 12:00:00,32238.87,12,6,7,194,1,0.604386085792468,0.7886191709179149
2025-07-13 13:00:00,32597.97,13,6,7,194,1,0.6208263535065017,0.7974033852615512
2025-07-13 14:00:00,32827.43,14,6,7,194,1,0.6313314602446308,0.8030163783645607
2025-07-13 15:00:00,32706.19,15,6,7,194,1,0.6257808669345516,0.800050635822031
2025-07-13 16:00:00,32352.84,16,6,7,194,1,0.6096038449441484,0.791407076539592
2025-07-13 17:00:00,31835.28,17,6,7,194,1,0.5859089829055094,0.7787466533268591
2025-07-13 18:00:00,31963.65,18,6,7,194,1,0.5917860009128905,0.7818868081452734
2025-07-13 19:00:00,32351.5,19,6,7,194,1,0.6095424972450763,0.7913742977948955
2025-07-13 20:00:00,32370.33,20,6,7,194,1,0.6104045697626348,0.7918349125431291
2025-07-13 21:00:00,32491.53,21,6,7,194,1,0.6159533317981147,0.794799676615668
2025-07-13 22:00:00,31799.96,22,6,7,194,1,0.5842919674344438,0.7778826643248618
2025-07-13 23:00:00,30775.28,23,6,7,194,1,0.5373802060275488,0.7528171985670307
2025-07-14 00:00:00,29355.83,0,0,7,195,0,0.47239513778281184,0.7180949678511453
2025-07-14 01:00:00,28406.78,1,0,7,195,0,0.4289458588242942,0.6948795442286781
2025-07-14 02:00:00,27817.7,2,0,7,195,0,0.4019766778023423,0.6804696166721502
2025-07-14 03:00:00,27561.59,3,0,7,195,0,0.39025148436251733,0.6742047179376788
2025-07-14 04:00:00,27021.54,4,0,7,195,0,0.36552698818049595,0.6609941499725417
2025-07-14 05:00:00,27182.71,5,0,7,195,0,0.37290565135919485,0.6649366501835242
2025-07-14 06:00:00,27036.65,6,0,7,195,0,0.36621875216033184,0.6613637670116181
2025-07-14 07:00:00,28770.29,7,0,7,195,0,0.44558802456288626,0.7037716348888152
2025-07-14 08:00:00,31914.35,8,0,7,195,0,0.5895289549694154,0.7806808438814437
2025-07-14 09:00:00,34369.19,9,0,7,195,0,0.7019161083949749,0.8407305256952335
2025-07-14 10:00:00,35621.07,10,0,7,195,0,0.7592295095251459,0.8713537010015863
2025-07-14 11:00:00,36583.0,11,0,7,195,0,0.8032684589045956,0.8948841919611351
2025-07-14 12:00:00,36567.39,12,0,7,195,0,0.8025538039922702,0.894502344047172
2025-07-14 13:00:00,37163.03,13,0,7,195,0,0.8298233140484856,0.9090727406822137
2025-07-14 14:00:00,38161.23,14,0,7,195,0,0.8755227716707314,0.9334904593060447
2025-07-14 15:00:00,37455.43,15,0,7,195,0,0.8432099313684062,0.9162253563159626
2025-07-14 16:00:00,37140.09,16,0,7,195,0,0.8287730780658625,0.9085115881424113
2025-07-14 17:00:00,36302.3,17,0,7,195,0,0.790417489404932,0.8880177787997353
2025-07-14 18:00:00,35278.68,18,0,7,195,0,0.7435542567749148,0.862978242496664
2025-07-14 19:00:00,35119.18,19,0,7,195,0,0.7362520493107311,0.8590765934078031
2025-07-14 20:00:00,34670.24,20,0,7,195,0,0.7156987388469653,0.8480947354645224
2025-07-14 21:00:00,34032.63,21,0,7,195,0,0.6865077639175724,0.8324976791914902
2025-07-14 22:00:00,33168.71,22,0,7,195,0,0.646955895124735,0.8113646843272345
2025-07-14 23:00:00,32284.81,23,0,7,195,0,0.6064893046696129,0.789742943702506
2025-07-15 00:00:00,30787.31,0,1,7,196,0,0.5379309618632487,0.753111473416805
2025-07-15 01:00:00,29910.59,1,1,7,196,0,0.49779308519867727,0.7316653681554495
2025-07-15 02:00:00,29667.98,2,1,7,196,0,0.48668594693607153,0.7257307030429193
2025-07-15 03:00:00,29253.49,3,1,7,196,0,0.46770982172083964,0.7155915523793333
2025-07-15 04:00:00,29077.92,4,1,7,196,0,0.45967189968643996,0.7112968029716132
2025-07-15 05:00:00,28827.53,5,1,7,196,0,0.448208578514296,0.7051718254458459
2025-07-15 06:00:00,28851.78,6,1,7,196,0,0.44931878874004183,0.7057650228778514
2025-07-15 07:00:00,29769.82,7,1,7,196,0,0.4913483720655541,0.7282218876398447
2025-07-15 08:00:00,32013.36,8,1,7,196,0,0.5940618174210068,0.7831028017265103
2025-07-15 09:00:00,34880.64,9,1,7,196,0,0.7253312432385908,0.8532414876168507
2025-07-15 10:00:00,35656.61,10,1,7,196,0,0.760856597006507,0.8722230715885337
2025-07-15 11:00:00,36859.53,11,1,7,196,0,0.8159285180272959,0.9016485996259798
2025-07-15 12:00:00,37216.21,12,1,7,196,0,0.83225799362808,0.9103736165351644
2025-07-15 13:00:00,37785.74,13,1,7,196,0,0.8583321391896883,0.9243053168836219
2025-07-15 14:00:00,38557.49,14,1,7,196,0,0.8936642934873922,0.9431836722712611
2025-07-15 15:00:00,38569.67,15,1,7,196,0,0.894221916602839,0.9434816163835015
2025-07-15 16:00:00,38259.94,16,1,7,196,0,0.8800418995628291,0.9359050786261792
2025-07-15 17:00:00,36925.09,17,1,7,196,0,0.8189299770953328,0.9032523119411253
2025-07-15 18:00:00,36119.77,18,1,7,196,0,0.7820609255902768,0.8835527756135924
2025-07-15 19:00:00,36096.15,19,1,7,196,0,0.7809795579394682,0.8829749890839441
2025-07-15 20:00:00,35713.31,20,1,7,196,0,0.763452428750828,0.8736100528006868
2025-07-15 21:00:00,34834.0,21,1,7,196,0,0.7231959770559605,0.8521005916074182
2025-07-15 22:00:00,33916.1,22,1,7,196,0,0.6811728031915453,0.8296471514903931
2025-07-15 23:00:00,32873.39,23,1,7,196,0,0.6334355947590752,0.8041406403841472
2025-07-16 00:00:00,31408.8,0,2,7,197,0,0.5663839331291767,0.7683142062834896
2025-07-16 01:00:00,30776.51,1,2,7,197,0,0.5374365177214732,0.7528472865192519
2025-07-16 02:00:00,29748.21,2,2,7,197,0,0.4903590259633534,0.7276932692272411
2025-07-16 03:00:00,29091.27,3,2,7,197,0,0.46028308758391245,0.7116233673310886
2025-07-16 04:00:00,29203.06,4,2,7,197,0,0.46540104226993817,0.7143579463382596
2025-07-16 05:00:00,29059.02,5,2,7,197,0,0.458806622438333,0.7108344759008957
2025-07-16 06:00:00,28848.72,6,2,7,197,0,0.44917869623320555,0.7056901699235448
2025-07-16 07:00:00,30765.1,7,2,7,197,0,0.5369141466420604,0.7525681779543372
2025-07-16 08:00:00,33420.88,8,2,7,197,0,0.6585007080165418,0.8175332037675986
2025-07-16 09:00:00,35662.98,9,2,7,197,0,0.7611482274864246,0.8723788929345906
2025-07-16 10:00:00,36541.16,10,2,7,197,0,0.8013529456738657,0.8938607123506153
2025-07-16 11:00:00,38451.02,11,2,7,197,0,0.8887898983230559,0.9405792297728848
2025-07-16 12:00:00,39340.21,12,2,7,197,0,0.9294986748439181,0.9623303730539149
2025-07-16 13:00:00,39662.71,13,2,7,197,0,0.9442633262997127,0.9702192873558438
2025-07-16 14:00:00,40021.98,14,2,7,197,0,0.960711376930793,0.9790076601969416
2025-07-16 15:00:00,38785.99,15,2,7,197,0,0.9041254496351413,0.9487731820944884
2025-07-16 16:00:00,38060.93,16,2,7,197,0,0.8709308506133168,0.9310369458037703
2025-07-16 17:00:00,36628.7,17,2,7,197,0,0.8053606901341452,0.8960020939257805
2025-07-16 18:00:00,35803.59,18,2,7,197,0,0.7675856155211508,0.8758184595702314
2025-07-16 19:00:00,35829.57,19,2,7,197,0,0.7687750283733108,0.876453975829345
2025-07-16 20:00:00,35369.73,20,2,7,197,0,0.7477226955812718,0.8652054848135342
2025-07-16 21:00:00,34608.3,21,2,7,197,0,0.7128630101301534,0.8465795746835567
2025-07-16 22:00:00,33739.62,22,2,7,197,0,0.6730932196600148,0.8253301418903796
2025-07-16 23:00:00,32697.97,23,2,7,197,0,0.6254045400044226,0.7998495602388934
2025-07-17 00:00:00,31111.92,0,3,7,198,0,0.5527922130541493,0.7610520020107557
2025-07-17 01:00:00,30456.85,1,3,7,198,0,0.5228018867622195,0.7450278435866795
2025-07-17 02:00:00,30218.04,2,3,7,198,0,0.5118687195865349,0.7391861331232884
2025-07-17 03:00:00,29680.86,3,3,7,198,0,0.4872756173570038,0.7260457703800011
2025-07-17 04:00:00,29366.12,4,3,7,198,0,0.4728662331734478,0.7183466792563138
2025-07-17 05:00:00,28817.15,5,3,7,198,0,0.44773336275581194,0.7049179124831978
2025-07-17 06:00:00,29042.68,6,3,7,198,0,0.45805854676457275,0.710434770909598
2025-07-17 07:00:00,30163.46,7,3,7,198,0,0.5093699453959696,0.737851010820655
2025-07-17 08:00:00,33442.87,8,3,7,198,0,0.6595074512274348,0.8180711176451163
2025-07-17 09:00:00,35803.12,9,3,7,198,0,0.7675640980446109,0.8758069625478381
2025-07-17 10:00:00,37303.64,10,3,7,198,0,0.8362607020832121,0.9125123073178547
2025-07-17 11:00:00,38819.62,11,3,7,198,0,0.9056650937543923,0.9495958307393686
2025-07-17 12:00:00,38854.03,12,3,7,198,0,0.9072404477283267,0.950437559549072
2025-07-17 13:00:00,39684.42,13,3,7,198,0,0.9452572505884113,0.9707503519434247
2025-07-17 14:00:00,40099.07,14,3,7,198,0,0.9642407009020401,0.9808934164869747
2025-07-17 15:00:00,39625.36,15,3,7,198,0,0.9425533736427394,0.9693056410018065
2025-07-17 16:00:00,38588.89,16,3,7,198,0,0.8951018440477394,0.9439517712141466
2025-07-17 17:00:00,37308.73,17,3,7,198,0,0.8364937317759564,0.9126368176242016
2025-07-17 18:00:00,36597.5,18,3,7,198,0,0.803932295946794,0.8952388873328497
2025-07-17 19:00:00,36563.12,19,3,7,198,0,0.8023583154288091,0.8943978923756396
2025-07-17 20:00:00,36047.93,20,3,7,198,0,0.7787719564101707,0.8817954435098697
2025-07-17 21:00:00,35284.01,21,3,7,198,0,0.7437982741152541,0.8631086236229564
2025-07-17 22:00:00,34205.46,22,3,7,198,0,0.694420243641929,0.8367254034048309
2025-07-17 23:00:00,32968.27,23,3,7,198,0,0.6377793781083023,0.8064615712026496
2025-07-18 00:00:00,31383.32,0,4,7,199,0,0.5652174112095065,0.7676909208992628
2025-07-18 01:00:00,30688.2,1,4,7,199,0,0.5333935212251594,0.750687069396761
2025-07-18 02:00:00,30070.38,2,4,7,199,0,0.505108569403705,0.7355741111517448
2025-07-18 03:00:00,29833.66,3,4,7,199,0,0.4942710863258268,0.7297835257453801
2025-07-18 04:00:00,29744.75,4,4,7,199,0,0.4902006207105254,0.727608631573025
2025-07-18 05:00:00,29459.21,5,4,7,199,0,0.4771280669843623,0.7206238235427218
2025-07-18 06:00:00,29410.75,6,4,7,199,0,0.47490947780746984,0.7194384071487018
2025-07-18 07:00:00,30497.97,7,4,7,199,0,0.5246844370501647,0.7460337107373628
2025-07-18 08:00:00,33299.84,8,4,7,199,0,0.6529592710794584,0.8145723535750234
2025-07-18 09:00:00,36146.17,9,4,7,199,0,0.783269566825728,0.8841985658076107
2025-07-18 10:00:00,37061.05,10,4,7,199,0,0.8251544794579062,0.9065781314403201
2025-07-18 11:00:00,38545.79,11,4,7,199,0,0.8931286456671356,0.9428974697989122
2025-07-18 12:00:00,38679.13,12,4,7,199,0,0.899233199543463,0.9461591995137003
2025-07-18 13:00:00,39464.17,13,4,7,199,0,0.9351737948267407,0.9653626515558283
2025-07-18 14:00:00,39912.81,14,4,7,199,0,0.9557133707310126,0.9763371709741768
2025-07-18 15:00:00,39473.27,15,4,7,199,0,0.9355904097980514,0.9655852534787664
2025-07-18 16:00:00,38575.7,16,4,7,199,0,0.8944979812486635,0.9436291207346351
2025-07-18 17:00:00,36848.11,17,4,7,199,0,0.8154056891292335,0.9013692464435673
2025-07-18 18:00:00,35503.21,18,4,7,199,0,0.7538336589186964,0.8684706391732907
2025-07-18 19:00:00,35319.87,19,4,7,199,0,0.7454400117934085,0.8639858219698313
2025-07-18 20:00:00,34810.41,20,4,7,199,0,0.7221159828611011,0.8515235389302632
2025-07-18 21:00:00,34228.72,21,4,7,199,0,0.6954851298213455,0.8372943837045608
2025-07-18 22:00:00,33767.02,22,4,7,199,0,0.6743476427604449,0.8260003938341712
2025-07-18 23:00:00,32962.6,23,4,7,199,0,0.6375197949338703,0.8063228730814344
2025-07-19 00:00:00,31298.74,0,5,7,200,1,0.5613451810695651,0.7656219461034267
2025-07-19 01:00:00,30726.07,1,5,7,200,1,0.5351272804519219,0.7516134358606805
2025-07-19 02:00:00,29688.32,2,5,7,200,1,0.48761715006974865,0.7262282550333108
2025-07-19 03:00:00,29555.38,3,5,7,200,1,0.4815309089394128,0.7229763100184319
2025-07-19 04:00:00,29152.86,4,5,7,200,1,0.4631027926479819,0.7131299664996337
2025-07-19 05:00:00,28799.87,5,5,7,200,1,0.44694225212897115,0.7044952134471131
2025-07-19 06:00:00,28419.01,6,5,7,200,1,0.42950577103298987,0.6951787114284071
2025-07-19 07:00:00,28770.36,7,5,7,200,1,0.44559122929343475,0.7037733472112994
2025-07-19 08:00:00,29976.74,8,5,7,200,1,0.500821555567052,0.7332835129029615
2025-07-19 09:00:00,31312.13,9,5,7,200,1,0.5619582002416367,0.7659494889328928
2025-07-19 10:00:00,32217.16,10,5,7,200,1,0.6033921615037694,0.7880881063303339
2025-07-19 11:00:00,33068.63,11,5,7,200,1,0.6423740460776157,0.8089165524099103
2025-07-19 12:00:00,33133.08,12,5,7,200,1,0.6453246872755258,0.8104931121828075
2025-07-19 13:00:00,33938.85,13,5,7,200,1,0.6822143406198222,0.8302036562977386
2025-07-19 14:00:00,33314.61,14,5,7,200,1,0.6536354692252014,0.814933653619177
2025-07-19 15:00:00,32790.92,15,5,7,200,1,0.6296599643542399,0.802123279880333
2025-07-19 16:00:00,32578.39,16,5,7,200,1,0.6199299445902088,0.7969244242009875
2025-07-19 17:00:00,32388.88,17,5,7,200,1,0.6112538233579992,0.7922886780014261
2025-07-19 18:00:00,32348.7,18,5,7,200,1,0.6094143080231345,0.7913058048955299
2025-07-19 19:00:00,32711.72,19,5,7,200,1,0.6260340406478867,0.800185909298278
2025-07-19 20:00:00,32833.99,20,5,7,200,1,0.6316317892788943,0.8031768474430744
2025-07-19 21:00:00,32178.63,21,5,7,200,1,0.6016281862461206,0.7871455951115639
2025-07-19 22:00:00,31766.89,22,5,7,200,1,0.5827779611595814,0.7770737142598547
2025-07-19 23:00:00,30431.16,23,5,7,200,1,0.5216257506509037,0.7443994212350004
2025-07-20 00:00:00,29193.16,0,6,7,201,1,0.46494780180664397,0.7141157750155026
2025-07-20 01:00:00,28313.86,1,6,7,201,1,0.42469180793042627,0.6926065584397317
2025-07-20 02:00:00,27098.73,2,6,7,201,1,0.36906089033824097,0.6628823524375522
2025-07-20 03:00:00,26978.99,3,6,7,201,1,0.3635789698256307,0.6599533025196825
2025-07-20 04:00:00,26704.32,4,6,7,201,1,0.3510040649717915,0.6532343937094164
2025-07-20 05:00:00,26670.98,5,6,7,201,1,0.3494776975933847,0.6524188389719705
2025-07-20 06:00:00,26149.84,6,6,7,201,1,0.3256189364781202,0.6396708426950488
2025-07-20 07:00:00,26885.52,7,6,7,201,1,0.35929973890602407,0.6576668627683606
2025-07-20 08:00:00,28188.79,8,6,7,201,1,0.4189658700774767,0.6895471273955698
2025-07-20 09:00:00,29208.07,9,6,7,201,1,0.46563040941348394,0.7144804997046243
2025-07-20 10:00:00,30355.96,10,6,7,201,1,0.5181829544044672,0.7425598976520389
2025-07-20 11:00:00,31033.35,11,6,7,201,1,0.549195131922733,0.759130042331058
2025-07-20 12:00:00,31950.23,12,6,7,201,1,0.5911716082848694,0.7815585314633141
2025-07-20 13:00:00,31888.65,13,6,7,201,1,0.5883523610394499,0.7800521769122667
2025-07-20 14:00:00,31985.92,14,6,7,201,1,0.5928055630459773,0.7824315713127274
2025-07-20 15:00:00,31592.88,15,6,7,201,1,0.5748114588345494,0.7728171251817814
2025-07-20 16:00:00,31329.99,16,6,7,201,1,0.5627758643501654,0.7663863757838462
2025-07-20 17:00:00,31043.26,17,6,7,201,1,0.5496488302046769,0.7593724582713125
2025-07-20 18:00:00,30928.02,18,6,7,201,1,0.544372928084473,0.7565534862274234
2025-07-20 19:00:00,31387.25,19,6,7,201,1,0.5653973339388748,0.7677870555758723
2025-07-20 20:00:00,31585.38,20,6,7,201,1,0.5744680948472054,0.7726336620584807
2025-07-20 21:00:00,31419.37,21,6,7,201,1,0.5668678474420069,0.7685727669785947
2025-07-20 22:00:00,30692.56,22,6,7,201,1,0.5335931301564687,0.7507937226257732
2025-07-20 23:00:00,29346.35,23,6,7,201,1,0.4719611257028088,0.7178630704632932
2025-07-21 00:00:00,27891.57,0,0,7,202,0,0.4053585841683564,0.6822766061279129
2025-07-21 01:00:00,27611.74,1,0,7,202,0,0.3925474448912247,0.675431474688816
2025-07-21 02:00:00,26955.56,2,0,7,202,0,0.36250630072916784,0.6593801637224912
2025-07-21 03:00:00,26509.29,3,0,7,202,0,0.3420752278448966,0.6484636186511057
2025-07-21 04:00:00,26578.39,4,0,7,202,0,0.3452387547149598,0.6501539255604493
2025-07-21 05:00:00,26770.93,5,0,7,202,0,0.3540535949980566,0.6548637908618241
2025-07-21 06:00:00,27000.29,6,0,7,202,0,0.3645541235496878,0.6604743377898564
2025-07-21 07:00:00,28172.5,7,0,7,202,0,0.4182200834969654,0.6891486454917607
2025-07-21 08:00:00,30530.94,8,0,7,202,0,0.526193865138529,0.7468402146273925
2025-07-21 09:00:00,33669.21,9,0,7,202,0,0.6698697185468286,0.8236077900888328
2025-07-21 10:00:00,34597.81,10,0,7,202,0,0.7123827583665212,0.8463229709284334
2025-07-21 11:00:00,35986.13,11,0,7,202,0,0.7759426371544554,0.8802837073738721
2025-07-21 12:00:00,35613.23,12,0,7,202,0,0.7588705797037091,0.8711619208833628
2025-07-21 13:00:00,35460.18,13,0,7,202,0,0.7518636652686411,0.8674180500805403
2025-07-21 14:00:00,36431.57,14,0,7,202,0,0.796335711090794,0.8911799491929456
2025-07-21 15:00:00,35837.63,15,0,7,202,0,0.7691440302050431,0.8766511375325188
2025-07-21 16:00:00,35056.84,16,0,7,202,0,0.7333980078479271,0.8575516479269277
2025-07-21 17:00:00,33851.08,17,0,7,202,0,0.6781960663305973,0.8280566485201253
2025-07-21 18:00:00,33212.22,18,0,7,202,0,0.6489478640699804,0.8124290150598763
2025-07-21 19:00:00,33157.24,19,0,7,202,0,0.6464307771334233,0.8110841080573333
2025-07-21 20:00:00,32664.59,20,0,7,202,0,0.6238763413514166,0.7990330270314565
2025-07-21 21:00:00,31907.41,21,0,7,202,0,0.5892112288264597,0.7805110793380161
2025-07-21 22:00:00,31116.32,22,0,7,202,0,0.5529936532600579,0.7611596337097588
2025-07-21 23:00:00,30262.17,23,0,7,202,0,0.5138890732880672,0.7402656301407895
2025-07-22 00:00:00,28778.11,0,1,7,203,0,0.44594603874702365,0.7039629257720433
2025-07-22 01:00:00,28456.63,1,1,7,203,0,0.4312280847935078,0.6960989624548833
2025-07-22 02:00:00,28094.05,2,1,7,203,0,0.41462849618934644,0.6872296212220356
2025-07-22 03:00:00,27911.81,3,1,7,203,0,0.4062852091155356,0.682771711943327
2025-07-22 04:00:00,27827.85,4,1,7,203,0,0.4024413637318812,0.6807179034323504
2025-07-22 05:00:00,27532.77,5,1,7,203,0,0.38893205101381656,0.6734997303092087
2025-07-22 06:00:00,27592.88,6,1,7,203,0,0.39168399891771677,0.6749701260880893
2025-07-22 07:00:00,28687.38,7,1,7,203,0,0.4417922501374601,0.7017435112151007
2025-07-22 08:00:00,31758.21,8,1,7,203,0,0.5823805745715618,0.7768613862718213
2025-07-22 09:00:00,33970.11,9,1,7,203,0,0.6836454817190724,0.8309683305956558
2025-07-22 10:00:00,35237.8,10,1,7,203,0,0.7416826941345649,0.8619782461659266
2025-07-22 11:00:00,36121.91,11,1,7,203,0,0.7821588987813327,0.8836051237581076
2025-07-22 12:00:00,36095.93,12,1,7,203,0,0.7809694859291727,0.882969607498994
2025-07-22 13:00:00,37059.86,13,1,7,203,0,0.8250999990385808,0.9065490219580896
2025-07-22 14:00:00,36852.75,14,1,7,203,0,0.815618116982737,0.901482748962516
2025-07-22 15:00:00,36844.8,15,1,7,203,0,0.8152541511561524,0.9012882780518173
2025-07-22 16:00:00,36206.79,16,1,7,203,0,0.7860448634807677,0.8856814370788757
2025-07-22 17:00:00,35144.82,17,1,7,203,0,0.737425896328798,0.8597037926719936
2025-07-22 18:00:00,34420.96,18,1,7,203,0,0.7042862355449483,0.8419969104810036
2025-07-22 19:00:00,34444.32,19,1,7,203,0,0.7053556999108627,0.8425683369557108
2025-07-22 20:00:00,33994.36,20,1,7,203,0,0.6847556919448182,0.8315615280276614
2025-07-22 21:00:00,33201.45,21,1,7,203,0,0.6484547933841541,0.8121655620148164
2025-07-22 22:00:00,32215.53,22,1,7,203,0,0.6033175370638533,0.7880482336782032
2025-07-22 23:00:00,31278.07,23,1,7,203,0,0.5603988699204449,0.7651163217356101
2025-07-23 00:00:00,29968.64,0,2,7,204,0,0.5004507224607203,0.7330853727297967
2025-07-23 01:00:00,29617.16,1,2,7,204,0,0.4843593125578282,0.724487556919434
2025-07-23 02:00:00,29003.68,2,2,7,204,0,0.4562730540303836,0.7094807626684344
2025-07-23 03:00:00,28508.5,3,2,7,204,0,0.4336027901299793,0.6973677934156308
2025-07-23 04:00:00,28097.97,4,2,7,204,0,0.414807961100065,0.6873255112811475
2025-07-23 05:00:00,28202.15,5,2,7,204,0,0.4195775157935989,0.6898739363725427
2025-07-23 06:00:00,27896.86,6,2,7,204,0,0.40560077023409646,0.6824060087842143
2025-07-23 07:00:00,29000.82,7,2,7,204,0,0.456142117896543,0.7094108020640825
2025-07-23 08:00:00,32575.38,8,2,7,204,0,0.6197921411766214,0.7968507943341695
2025-07-23 09:00:00,34926.87,9,2,7,204,0,0.7274477388565797,0.8543723543088761
2025-07-23 10:00:00,36157.11,10,2,7,204,0,0.7837704204286007,0.884466177350132
2025-07-23 11:00:00,37344.41,11,2,7,204,0,0.8381272287184146,0.9135096128561173
2025-07-23 12:00:00,37291.29,12,2,7,204,0,0.835695296050719,0.912210204708153
2025-07-23 13:00:00,38151.52,13,2,7,204,0,0.8750782297617831,0.9332529357157445
2025-07-23 14:00:00,38582.8,14,2,7,204,0,0.8948230324900162,0.9438027991580266
2025-07-23 15:00:00,38519.15,15,2,7,204,0,0.8919090167840895,0.9422458087849482
2025-07-23 16:00:00,38019.52,16,2,7,204,0,0.8690350235845276,0.9300239847456527
2025-07-23 17:00:00,36575.37,17,2,7,204,0,0.8029191432748044,0.894697548810364
2025-07-23 18:00:00,35665.93,18,2,7,204,0,0.7612832839881132,0.8724510550964221
2025-07-23 19:00:00,35337.1,19,2,7,204,0,0.7462288333270001,0.8644072979184273
2025-07-23 20:00:00,34981.48,20,2,7,204,0,0.7299478865030943,0.8557082104640027
2025-07-23 21:00:00,34152.72,21,2,7,204,0,0.6920057080829256,0.8354352907217806
2025-07-23 22:00:00,33538.05,22,2,7,204,0,0.6638649691361558,0.8203993869885507
2025-07-23 23:00:00,32599.51,23,2,7,204,0,0.6208968575785696,0.7974410563562021
2025-07-24 00:00:00,31018.77,0,3,7,205,0,0.5485276323313362,0.7587733900193615
2025-07-24 01:00:00,30152.52,1,3,7,205,0,0.5088690917930971,0.7375833992781338
2025-07-24 02:00:00,29686.59,2,3,7,205,0,0.4875379474433347,0.7261859362062028
2025-07-24 03:00:00,29604.6,3,3,7,205,0,0.4837842923336893,0.7241803173422797
2025-07-24 04:00:00,29141.28,4,3,7,205,0,0.4625726386515226,0.7128466994372574
2025-07-24 05:00:00,28946.39,5,3,7,205,0,0.4536502109857247,0.708079349023915
2025-07-24 06:00:00,28816.8,6,3,7,205,0,0.44771733910306916,0.7049093508707771
2025-07-24 07:00:00,29997.96,7,3,7,205,0,0.5017930467419106,0.7338025912331535
2025-07-24 08:00:00,33281.15,8,3,7,205,0,0.6521036080229972,0.8141151634717583
2025-07-24 09:00:00,35668.04,9,3,7,205,0,0.7613798837232193,0.872502669388444
2025-07-24 10:00:00,36680.43,10,3,7,205,0,0.8077289860095198,0.8972675002415598
2025-07-24 11:00:00,37800.81,11,3,7,205,0,0.859022071894925,0.9246739554527074
2025-07-24 12:00:00,37568.71,12,3,7,205,0,0.8483961010332508,0.918996383330296
2025-07-24 13:00:00,38258.92,13,3,7,205,0,0.87999520206055,0.9358801276414103
2025-07-24 14:00:00,38906.71,14,3,7,205,0,0.9096522363754314,0.951726204527136
2025-07-24 15:00:00,38329.6,15,3,7,205,0,0.8832310642772805,0.9376090841153958
2025-07-24 16:00:00,37620.22,16,3,7,205,0,0.8507543248983299,0.920256408061125
2025-07-24 17:00:00,36136.56,17,3,7,205,0,0.7828296031032778,0.8839634883922881
2025-07-24 18:00:00,35229.48,18,3,7,205,0,0.7413017890179379,0.8617747244078117
2025-07-24 19:00:00,35122.41,19,3,7,205,0,0.7363999247346141,0.8591556048595713
2025-07-24 20:00:00,34519.88,20,3,7,205,0,0.7088149776286915,0.8444166667685905
2025-07-24 21:00:00,33749.75,21,3,7,205,0,0.6735569899522541,0.8255779394155843
2025-07-24 22:00:00,33030.77,22,3,7,205,0,0.6406407446695028,0.8079904305634885
2025-07-24 23:00:00,32102.24,23,3,7,205,0,0.5981309095803589,0.7852769620463721
2025-07-25 00:00:00,30535.73,0,4,7,206,0,0.5264131602717794,0.7469573864088072
2025-07-25 01:00:00,30015.68,1,4,7,206,0,0.5026043013893423,0.7342360534391386
2025-07-25 02:00:00,29564.14,2,4,7,206,0,0.4819319580766306,0.7231905949464471
2025-07-25 03:00:00,29011.6,3,4,7,206,0,0.45663564640101884,0.7096744997266399
2025-07-25 04:00:00,28506.31,4,4,7,206,0,0.4335025278456749,0.697314222183627
2025-07-25 05:00:00,28747.41,5,4,7,206,0,0.44454053549216194,0.7032119500539993
2025-07-25 06:00:00,28426.61,6,4,7,206,0,0.42985371320683197,0.6953646207266851
2025-07-25 07:00:00,29609.86,7,4,7,206,0,0.48402510494348,0.724308986146088
2025-07-25 08:00:00,32498.43,8,4,7,206,0,0.6162692266664713,0.7949684626891046
2025-07-25 09:00:00,34788.07,9,4,7,206,0,0.7210932159974655,0.8509770634403249
2025-07-25 10:00:00,35986.94,10,4,7,206,0,0.7759797204650889,0.8803035213911886
2025-07-25 11:00:00,36344.57,11,4,7,206,0,0.792352688837603,0.8890517769626579
2025-07-25 12:00:00,37301.17,12,4,7,206,0,0.8361476208767135,0.9124518867959143
2025-07-25 13:00:00,37786.39,13,4,7,206,0,0.8583618974019249,0.9243212170209747
2025-07-25 14:00:00,37452.59,14,4,7,206,0,0.8430799108718651,0.916155884946606
2025-07-25 15:00:00,36845.02,15,4,7,206,0,0.8152642231664475,0.9012936596367673
2025-07-25 16:00:00,36158.23,16,4,7,206,0,0.7838216961173775,0.8844935745098783
2025-07-25 17:00:00,34831.21,17,4,7,206,0,0.7230682456526685,0.8520323433255503
2025-07-25 18:00:00,33848.0,18,4,7,206,0,0.6780550581864613,0.8279813063308231
2025-07-25 19:00:00,34132.99,19,4,7,206,0,0.6911024318868857,0.8349526603987509
2025-07-25 20:00:00,33595.38,20,4,7,206,0,0.6664896434554136,0.821801779103061
2025-07-25 21:00:00,32911.07,21,4,7,206,0,0.6351606554314918,0.8050623591156099
2025-07-25 22:00:00,32312.04,22,4,7,206,0,0.6077359448529968,0.7904090371488363
2025-07-25 23:00:00,31647.4,23,4,7,206,0,0.5773074861132158,0.7741507797794284
2025-07-26 00:00:00,30111.97,0,5,7,207,1,0.5070126371681902,0.7365914753248215
2025-07-26 01:00:00,29504.81,1,5,7,207,1,0.47921572002741425,0.7217392793323899
2025-07-26 02:00:00,28533.86,2,5,7,207,1,0.43476381822585203,0.6979881433898848
2025-07-26 03:00:00,28057.68,3,5,7,207,1,0.4129634097600527,0.6863399473827763
2025-07-26 04:00:00,27665.8,4,5,7,207,1,0.39502241251200054,0.6767538768815672
2025-07-26 05:00:00,27626.87,5,5,7,207,1,0.39324012450835993,0.6758015809628878
2025-07-26 06:00:00,27730.37,6,5,7,207,1,0.397978547533708,0.6783333720644371
2025-07-26 07:00:00,28214.13,7,5,7,207,1,0.4201259825360498,0.6901669881348282
2025-07-26 08:00:00,29365.86,8,5,7,207,1,0.47285432988855325,0.7183403192013728
2025-07-26 09:00:00,31012.13,9,5,7,207,1,0.5482236407478742,0.7586109640008659
2025-07-26 10:00:00,31594.74,10,5,7,207,1,0.5748966131034108,0.77286262403636
2025-07-26 11:00:00,32536.99,11,5,7,207,1,0.6180345753800697,0.7959117077603678
2025-07-26 12:00:00,32847.255,12,5,7,207,1,0.6322390857178435,0.8035013325538188
2025-07-26 13:00:00,33157.52,13,5,7,207,1,0.6464435960556175,0.8110909573472699
2025-07-26 14:00:00,33348.27,14,5,7,207,1,0.6551764868004014,0.8157570361165504
2025-07-26 15:00:00,33172.35,15,5,7,207,1,0.6471225411132592,0.8114537250964098
2025-07-26 16:00:00,33082.79,16,5,7,207,1,0.6430223172857215,0.8092629307867021
2025-07-26 17:00:00,32488.59,17,5,7,207,1,0.615818733115076,0.7947277590713341
2025-07-26 18:00:00,32470.63,18,5,7,207,1,0.6149964908200494,0.7942884260454034
2025-07-26 19:00:00,32873.52,19,5,7,207,1,0.6334415464015224,0.8041438204116178
2025-07-26 20:00:00,32468.89,20,5,7,207,1,0.6149168303749855,0.7942458626007977
2025-07-26 21:00:00,32186.97,21,5,7,207,1,0.6020100070000471,0.7873496061046743
2025-07-26 22:00:00,32048.96,22,5,7,207,1,0.5956916518142665,0.7839736400184442
2025-07-26 23:00:00,31063.06,23,5,7,207,1,0.5505553111312653,0.7598568009168264
2025-07-27 00:00:00,29722.95,0,6,7,208,1,0.48920257605397865,0.7270753654279645
2025-07-27 01:00:00,28770.34,1,6,7,208,1,0.44559031365613516,0.7037728579763038
2025-07-27 02:00:00,27581.89,2,6,7,208,1,0.3911808562215952,0.6747012914580792
2025-07-27 03:00:00,26900.63,3,6,7,208,1,0.3599915028858599,0.6580364798074371
2025-07-27 04:00:00,26357.29,4,6,7,208,1,0.33511638436805696,0.6447454326855454
2025-07-27 05:00:00,26077.04,5,6,7,208,1,0.32228601670763385,0.6378900273115437
2025-07-27 06:00:00,26285.53,6,6,7,208,1,0.33183107773714887,0.6429900575218045
2025-07-27 07:00:00,26842.08,7,6,7,208,1,0.35731097469132733,0.6566042443582032
2025-07-27 08:00:00,27650.7,8,6,7,208,1,0.3943311063508146,0.6763845044599885
2025-07-27 09:00:00,29526.73,9,6,7,208,1,0.48021925850775843,0.7222754808874233
2025-07-27 10:00:00,30811.89,10,6,7,208,1,0.5390562801044375,0.7537127432262357
2025-07-27 11:00:00,31936.67,11,6,7,208,1,0.5905508061957513,0.7812268301363864
2025-07-27 12:00:00,32102.44,12,6,7,208,1,0.5981400659533546,0.7852818543963268
2025-07-27 13:00:00,32440.89,13,6,7,208,1,0.6136349381555677,0.7935609336071419
2025-07-27 14:00:00,32309.23,14,6,7,208,1,0.6076072978124051,0.7903402996319729
2025-07-27 15:00:00,31680.79,15,6,7,208,1,0.5788361425848716,0.774967557604363
2025-07-27 16:00:00,31387.28,16,6,7,208,1,0.5653987073948241,0.7677877894283656
2025-07-27 17:00:00,31594.35,17,6,7,208,1,0.5748787581760687,0.7728530839539482
2025-07-27 18:00:00,31880.46,18,6,7,208,1,0.5879774075652701,0.7798518351816224
2025-07-27 19:00:00,32475.05,19,6,7,208,1,0.6151988466632574,0.794396546979402
2025-07-27 20:00:00,32395.03,20,6,7,208,1,0.6115353818276211,0.7924391177625326
2025-07-27 21:00:00,32524.7,21,6,7,208,1,0.6174719162594752,0.7956110728556525
2025-07-27 22:00:00,31697.5,22,6,7,208,1,0.5796011575486741,0.7753763134430769
2025-07-27 23:00:00,30320.78,23,6,7,208,1,0.5165723483944986,0.7416993332950099
2025-07-28 00:00:00,28709.43,0,0,7,209,0,0.4428017402602516,0.7022828927976047
2025-07-28 01:00:00,27806.59,1,0,7,209,0,0.4014680412824233,0.6801978466321674
2025-07-28 02:00:00,27381.36,2,0,7,209,0,0.38200021883731466,0.6697959767760148
2025-07-28 03:00:00,27495.59,3,0,7,209,0,0.3872298812738896,0.6725902424526329
2025-07-28 04:00:00,27508.69,4,0,7,209,0,0.38782962370511714,0.6729106913746646
2025-07-28 05:00:00,27476.95,5,0,7,209,0,0.38637650731067713,0.6721342754368562
2025-07-28 06:00:00,27760.0,6,0,7,209,0,0.399335064193042,0.6790581737102236
2025-07-28 07:00:00,28712.76,7,0,7,209,0,0.4429541938706323,0.7023643504243502
2025-07-28 08:00:00,30965.85,8,0,7,209,0,0.5461048560366364,0.7574788742213518
2025-07-28 09:00:00,33940.55,9,0,7,209,0,0.6822921697902872,0.8302452412723534
2025-07-28 10:00:00,35442.59,10,0,7,209,0,0.7510583622636566,0.8669877679020257
2025-07-28 11:00:00,36227.65,11,0,7,209,0,0.786999873184234,0.8861917091791492
2025-07-28 12:00:00,36242.0,12,0,7,209,0,0.7876568429466856,0.8865427352883979
2025-07-28 13:00:00,36149.39,13,0,7,209,0,0.7834169844309611,0.8842773326418811
2025-07-28 14:00:00,36850.34,14,0,7,209,0,0.815507782688137,0.901423796145562
2025-07-28 15:00:00,35770.13,15,0,7,209,0,0.7660537543189465,0.8749999694228127
2025-07-28 16:00:00,35474.02,16,0,7,209,0,0.7524972862799532,0.8677566006974043
2025-07-28 17:00:00,34401.66,17,0,7,209,0,0.7034026455508499,0.8415247987103766
2025-07-28 18:00:00,33745.25,18,0,7,209,0,0.6733509715598476,0.8254678615416039
2025-07-28 19:00:00,33733.32,19,0,7,209,0,0.6728047939106456,0.825176032866807
2025-07-28 20:00:00,33133.88,20,0,7,209,0,0.645361312767509,0.8105126815826262
2025-07-28 21:00:00,32172.89,21,0,7,209,0,0.6013653983411399,0.7870051846678644
2025-07-28 22:00:00,31340.58,22,0,7,209,0,0.5632606943002952,0.7666454257139468
2025-07-28 23:00:00,30356.42,23,0,7,209,0,0.5182040140623576,0.7425711500569346
2025-07-29 00:00:00,29049.34,0,1,7,210,0,0.45836345398533423,0.7105976861630889
2025-07-29 01:00:00,28753.24,1,1,7,210,0,0.44480744376499076,0.7033545620551784
2025-07-29 02:00:00,27953.5,2,1,7,210,0,0.4081938550665188,0.683791522291381
2025-07-29 03:00:00,27766.84,3,1,7,210,0,0.3996482121494998,0.6792254920786739
2025-07-29 04:00:00,27898.54,4,1,7,210,0,0.40567768376726154,0.6824471045238337
2025-07-29 05:00:00,27896.97,5,1,7,210,0,0.4056058062392442,0.6824086995766894
2025-07-29 06:00:00,27830.62,6,1,7,210,0,0.4025681794978736,0.6807856624792228
2025-07-29 07:00:00,28672.33,7,1,7,210,0,0.44110323306952304,0.7013753618810107
2025-07-29 08:00:00,31071.67,8,1,7,210,0,0.5509494929887362,0.7600674165823755
2025-07-29 09:00:00,32262.0,9,1,7,210,0,0.6054450203294371,0.7891849711901742
2025-07-29 10:00:00,33283.46,10,1,7,210,0,0.6522093641310991,0.8141716701137348
2025-07-29 11:00:00,34474.2,11,1,7,210,0,0.7067236620364413,0.8432992540389406
2025-07-29 12:00:00,34456.4,12,1,7,210,0,0.7059087448398116,0.8428638348929738
2025-07-29 13:00:00,35025.97,13,1,7,210,0,0.7319847216760191,0.8567965137114223
2025-07-29 14:00:00,35532.02,14,1,7,210,0,0.7551526344487473,0.8691753821842629
2025-07-29 15:00:00,35291.57,15,1,7,210,0,0.7441443850144968,0.8632935544512435
2025-07-29 16:00:00,35095.48,16,1,7,210,0,0.735167019110724,0.858496849938173
2025-07-29 17:00:00,34406.34,17,1,7,210,0,0.7036169046789522,0.8416392796993161
2025-07-29 18:00:00,33800.02,18,1,7,210,0,0.6758584443047587,0.8268076315766942
2025-07-29 19:00:00,33785.86,19,1,7,210,0,0.6752101730966533,0.8264612531999026
2025-07-29 20:00:00,33300.51,20,1,7,210,0,0.6529899449289946,0.8145887429473718
2025-07-29 21:00:00,32551.14,21,1,7,210,0,0.6186823887695253,0.7962578415196617
2025-07-29 22:00:00,31718.65,22,1,7,210,0,0.5805694439929845,0.7758936794507848
2025-07-29 23:00:00,30758.54,23,1,7,210,0,0.5366138176077969,0.7524077088758236
2025-07-30 00:00:00,29412.96,0,2,7,211,0,0.47501065572907386,0.719492467615701
2025-07-30 01:00:00,28668.9,1,2,7,211,0,0.44094620127264433,0.7012914580792878
2025-07-30 02:00:00,28334.47,2,2,7,211,0,0.42563537216764774,0.6931107151025621
2025-07-30 03:00:00,28453.19,3,2,7,211,0,0.43107059517797924,0.6960148140356627
2025-07-30 04:00:00,27901.73,4,2,7,211,0,0.40582372791654514,0.6825251375056108
2025-07-30 05:00:00,28032.44,5,2,7,211,0,0.4118078754879774,0.6857225328184949
2025-07-30 06:00:00,28079.95,6,2,7,211,0,0.41398297189313965,0.6868847105502304
2025-07-30 07:00:00,29224.74,7,2,7,211,0,0.4663935931026874,0.7148882770733473
2025-07-30 08:00:00,32087.79,8,2,7,211,0,0.5974693616314093,0.7849234897621462
2025-07-30 09:00:00,34822.68,9,2,7,211,0,0.7226777263443959,0.8518236845999831
2025-07-30 10:00:00,36349.3,10,2,7,211,0,0.7925692370589548,0.8891674810390863
2025-07-30 11:00:00,37204.8,11,2,7,211,0,0.8317356225486674,0.9100945079702497
2025-07-30 12:00:00,36668.91,12,2,7,211,0,0.8072015789249595,0.89698570088417
2025-07-30 13:00:00,35946.66,13,2,7,211,0,0.7741356269437264,0.8793182021103152
2025-07-30 14:00:00,37409.51,14,2,7,211,0,0.841107628128561,0.915102072766367
2025-07-30 15:00:00,37599.61,15,2,7,211,0,0.8498107606611084,0.9197522513982948
2025-07-30 16:00:00,37267.16,16,2,7,211,0,0.8345905796487708,0.9116199426861203
2025-07-30 17:00:00,35950.6,17,2,7,211,0,0.7743160074917442,0.8794145814044224
2025-07-30 18:00:00,35300.64,18,2,7,211,0,0.7445596265298582,0.8635154225216883
2025-07-30 19:00:00,35232.53,19,2,7,211,0,0.7414414237061243,0.8618493327446205
2025-07-30 20:00:00,34511.95,20,2,7,211,0,0.7084519274394064,0.8442226850928872
2025-07-30 21:00:00,33682.4,21,2,7,211,0,0.6704735813459045,0.8239304405683443
2025-07-30 22:00:00,33022.72,22,2,7,211,0,0.6402722006564204,0.8077935134778126
2025-07-30 23:00:00,32234.11,23,2,7,211,0,0.604168164115167,0.7885027329889934
2025-07-31 00:00:00,30576.87,0,3,7,212,0,0.528296626197024,0.7479637427944857
2025-07-31 01:00:00,29684.09,1,3,7,212,0,0.48742349278088665,0.7261247818317692
2025-07-31 02:00:00,28599.57,2,3,7,212,0,0.4377721445736358,0.6995955249674964
2025-07-31 03:00:00,27876.27,3,3,7,212,0,0.40465812163417453,0.6819023413563795
2025-07-31 04:00:00,27456.78,4,3,7,212,0,0.38545308709404646,0.6716408819439262
2025-07-31 05:00:00,27408.19,5,3,7,212,0,0.3832285462747067,0.6704522855224356
2025-07-31 06:00:00,27496.6,6,3,7,212,0,0.3872761209575185,0.672614948819904
2025-07-31 07:00:00,28612.43,7,3,7,212,0,0.4383608993572684,0.6999101030695827
2025-07-31 08:00:00,31749.27,8,3,7,212,0,0.5819712846986478,0.776642698228847
2025-07-31 09:00:00,34795.89,9,3,7,212,0,0.7214512301816028,0.8511683543235531
2025-07-31 10:00:00,35839.8,10,3,7,212,0,0.7692433768520482,0.8767042195295272
2025-07-31 11:00:00,36889.32,11,3,7,212,0,0.8172923597850266,0.90237731515173
2025-07-31 12:00:00,36232.86,12,3,7,212,0,0.7872383967007757,0.8863191548954689
2025-07-31 13:00:00,36586.89,13,3,7,212,0,0.8034465503593646,0.8949793481677537
2025-07-31 14:00:00,36985.38,14,3,7,212,0,0.8216901657349293,0.904727110834965
2025-07-31 15:00:00,37378.82,15,3,7,212,0,0.839702582692349,0.9143513416658207
2025-07-31 16:00:00,36736.42,16,3,7,212,0,0.8102923126297056,0.8986371136113737
2025-07-31 17:00:00,35807.57,17,3,7,212,0,0.7677678273437681,0.8759158173343297
2025-07-31 18:00:00,34973.52,18,3,7,212,0,0.7295834628578595,0.8555134949358062
2025-07-31 19:00:00,35054.95,19,3,7,212,0,0.7333114801231164,0.857505415219856
2025-07-31 20:00:00,34577.0,20,3,7,212,0,0.711430037756304,0.8458139219156485
2025-07-31 21:00:00,33648.76,21,3,7,212,0,0.668933479408004,0.8231075473059664
2025-07-31 22:00:00,32752.08,22,3,7,212,0,0.6278817967184476,0.8011731855191334
2025-07-31 23:00:00,31629.92,23,3,7,212,0,0.5765072191133791,0.7737231883933889
2025-08-01 00:00:00,30233.63,0,4,8,213,0,0.5125824588615607,0.7395674918022561
2025-08-01 01:00:00,29358.48,1,4,8,213,0,0.4725164597250066,0.7181597914880449
2025-08-01 02:00:00,28518.33,2,4,8,213,0,0.434052825862725,0.6976082524159036
2025-08-01 03:00:00,27653.41,3,4,8,213,0,0.3944551752049082,0.6764507958018745
2025-08-01 04:00:00,27158.67,4,4,8,213,0,0.37180505532509467,0.6643485897189711
2025-08-01 05:00:00,26791.16,5,4,8,213,0,0.35497976212658594,0.6553586520597404
2025-08-01 06:00:00,27412.64,6,4,8,213,0,0.3834322755738642,0.6705611403089274
2025-08-01 07:00:00,28146.72,7,4,8,213,0,0.4170398270178014,0.6885180215826018
2025-08-01 08:00:00,31581.87,8,4,8,213,0,0.5743074005011283,0.7725478013167759
2025-08-01 09:00:00,34532.53,9,4,8,213,0,0.7093941182206785,0.8447261079032243
2025-08-01 10:00:00,36086.26,10,4,8,213,0,0.7805267752948238,0.882733062378685
2025-08-01 11:00:00,37075.34,11,4,8,213,0,0.8258087023084588,0.9069276898445822
2025-08-01 12:00:00,36624.0,12,4,8,213,0,0.8051455153687431,0.8958871237018455
2025-08-01 13:00:00,36109.3,13,4,8,213,0,0.7815815894639448,0.8832966610934647
2025-08-01 14:00:00,37865.27,14,4,8,213,0,0.8619731709114847,0.9262507598431022
2025-08-01 15:00:00,36866.09,15,4,8,213,0,0.8162288470615595,0.9018090687044934
2025-08-01 16:00:00,36350.8,16,4,8,213,0,0.7926379098564236,0.8892041736637464
2025-08-01 17:00:00,34822.44,17,4,8,213,0,0.722666738696801,0.8518178137800375
2025-08-01 18:00:00,34203.47,18,4,8,213,0,0.6943291377306204,0.8366767245227819
2025-08-01 19:00:00,34110.68,19,4,8,213,0,0.6900810384791997,0.8344069187613059
2025-08-01 20:00:00,33530.63,20,4,8,213,0,0.6635252676980099,0.8202178808052318
2025-08-01 21:00:00,32867.9,21,4,8,213,0,0.6331842523203394,0.8040063453778913
2025-08-01 22:00:00,31970.75,22,4,8,213,0,0.5921110521542428,0.7820604865686647
2025-08-01 23:00:00,31227.16,23,4,8,213,0,0.5580681151743534,0.7638709740546451
2025-08-02 00:00:00,29816.93,0,5,8,214,1,0.49350515572472464,0.7293742806716708
2025-08-02 01:00:00,29273.62,1,5,8,214,1,0.468631410662871,0.7160839674022722
2025-08-02 02:00:00,28678.29,2,5,8,214,1,0.4413760929847991,0.7015211539096603
2025-08-02 03:00:00,27940.56,3,5,8,214,1,0.4076014377336879,0.683474987249313
2025-08-02 04:00:00,27712.79,4,5,8,214,1,0.3971737023473736,0.6779033345034203
2025-08-02 05:00:00,27330.57,5,5,8,214,1,0.3796749579150206,0.6685535645050226
2025-08-02 06:00:00,27148.53,6,5,8,214,1,0.3713408272142055,0.6641005475762686
2025-08-02 07:00:00,27422.3,7,5,8,214,1,0.3838745283895634,0.6707974408117386
2025-08-02 08:00:00,28901.63,8,5,8,214,1,0.45160101470925545,0.7069844411040566
2025-08-02 09:00:00,30176.1,9,5,8,214,1,0.5099486281693068,0.738160207337791
2025-08-02 10:00:00,30793.42,10,5,8,214,1,0.5382106890582715,0.7532609347079205
2025-08-02 11:00:00,31834.15,11,5,8,214,1,0.585857249398083,0.7787190115496152
2025-08-02 12:00:00,32091.41,12,5,8,214,1,0.597635091982634,0.785012041296326
2025-08-02 13:00:00,32548.81,13,5,8,214,1,0.6185757170241238,0.7962008456426897
2025-08-02 14:00:00,31897.87,14,5,8,214,1,0.5887744698345581,0.7802777142451777
2025-08-02 15:00:00,31705.44,15,5,8,214,1,0.579964665556609,0.7755705397362778
2025-08-02 16:00:00,31548.14,16,5,8,214,1,0.5727631781953796,0.7717227064969184
2025-08-02 17:00:00,31424.45,17,5,8,214,1,0.5671004193161013,0.7686970326674437
2025-08-02 18:00:00,31871.01,18,5,8,214,1,0.5875447689412164,0.7796206716462635
2025-08-02 19:00:00,32001.16,19,5,8,214,1,0.5935032786682605,0.7828043683792745
2025-08-02 20:00:00,31937.7,20,5,8,214,1,0.59059796151668,0.7812520257386532
2025-08-02 21:00:00,31606.9,21,5,8,214,1,0.575453320581558,0.7731600789136048
2025-08-02 22:00:00,31014.02,22,5,8,214,1,0.548310168472685,0.7586571967079377
2025-08-02 23:00:00,29835.24,23,5,8,214,1,0.494343421672494,0.7298221753100221
2025-08-03 00:00:00,28658.42,0,6,8,215,1,0.4404664073276621,0.7010350989416624
2025-08-03 01:00:00,27562.4,1,6,8,215,1,0.3902885676731505,0.6742245319549953
2025-08-03 02:00:00,26705.56,2,6,8,215,1,0.3510608344843658,0.6532647262791355
2025-08-03 03:00:00,26010.68,3,6,8,215,1,0.3192479321476136,0.6362667455965793
2025-08-03 04:00:00,25569.17,4,6,8,215,1,0.2990347809406433,0.6254666384541152
2025-08-03 05:00:00,25867.46,5,6,8,215,1,0.31269105344529136,0.6327633337940296
2025-08-03 06:00:00,26239.04,6,6,8,215,1,0.3297026788342656,0.6418528307748381
2025-08-03 07:00:00,26514.97,7,6,8,215,1,0.3423352688379785,0.6486025613898188
2025-08-03 08:00:00,27449.83,8,6,8,215,1,0.3851349031324411,0.6714708727830011
2025-08-03 09:00:00,27872.36,9,6,8,215,1,0.40447911454210583,0.6818066959147655
2025-08-03 10:00:00,29353.1,10,6,8,215,1,0.47227015329141847,0.7180281872742639
2025-08-03 11:00:00,30098.15,11,6,8,215,1,0.5063799317941776,0.7362534139429527
2025-08-03 12:00:00,29552.61,12,6,8,215,1,0.48140409317342037,0.7229085509715595
2025-08-03 13:00:00,30240.89,13,6,8,215,1,0.5129148352013096,0.7397450841056111
2025-08-03 14:00:00,30403.2,14,6,8,215,1,0.5203456897060851,0.7437154707113355
2025-08-03 15:00:00,30151.8,15,6,8,215,1,0.508836128850312,0.7375657868182969
2025-08-03 16:00:00,30180.85,16,6,8,215,1,0.510166092027958,0.7382764006492147
2025-08-03 17:00:00,30544.39,17,6,8,215,1,0.5268096312224994,0.747169225161845
2025-08-03 18:00:00,30804.55,18,6,8,215,1,0.5387202412154901,0.7535331939828988
2025-08-03 19:00:00,31228.46,19,6,8,215,1,0.5581276315988263,0.7639027743293505
2025-08-03 20:00:00,31194.45,20,6,8,215,1,0.5565705903708835,0.7630708302195565
2025-08-03 21:00:00,31089.31,21,6,8,215,1,0.5517570850869695,0.7604989218483788
2025-08-03 22:00:00,30268.64,22,6,8,215,1,0.5141852819544828,0.7404238976618236
2025-08-03 23:00:00,28960.49,23,6,8,215,1,0.4542957352819317,0.7084242596957203
2025-08-04 00:00:00,27718.62,0,0,8,216,0,0.3974406106202023,0.6780459465045994
2025-08-04 01:00:00,26495.89,1,0,8,216,0,0.34146175085417513,0.6481358312041419
2025-08-04 02:00:00,25754.09,2,0,8,216,0,0.3075007634125986,0.6299901052222167
2025-08-04 03:00:00,25115.49,3,0,8,216,0,0.2782644644368763,0.6143688318169087
2025-08-04 04:00:00,25028.41,4,0,8,216,0,0.27427777963448674,0.612238702646639
2025-08-04 05:00:00,24968.33,5,0,8,216,0,0.271527205186536,0.6107690407202517
2025-08-04 06:00:00,25222.71,6,0,8,216,0,0.2831731959999469,0.616991620627615
2025-08-04 07:00:00,26584.99,7,0,8,216,0,0.34554091502382267,0.6503153731089538
2025-08-04 08:00:00,30023.43,8,0,8,216,0,0.5029591108429311,0.7344256319998825
2025-08-04 09:00:00,33744.79,9,0,8,216,0,0.6733299119019572,0.8254566091367082
2025-08-04 10:00:00,34773.42,10,0,8,216,0,0.72042251167552,0.8506186988061443
2025-08-04 11:00:00,35665.83,11,0,8,216,0,0.7612787058016153,0.8724486089214448
2025-08-04 12:00:00,35685.6,12,0,8,216,0,0.7621838132722542,0.8729322177144653
2025-08-04 13:00:00,35695.21,13,0,8,216,0,0.7626237769947043,0.8731672951297879
2025-08-04 14:00:00,36280.82,14,0,8,216,0,0.7894340949451785,0.8874923404146021
2025-08-04 15:00:00,36164.73,15,0,8,216,0,0.7841192782397424,0.8846525758834055
2025-08-04 16:00:00,35478.11,16,0,8,216,0,0.7526845341077183,0.8678566492539778
2025-08-04 17:00:00,34435.8,17,0,8,216,0,0.7049656384212399,0.8423599228476413
2025-08-04 18:00:00,33836.55,18,0,8,216,0,0.6775308558324494,0.8277012192959174
2025-08-04 19:00:00,33825.2,19,0,8,216,0,0.6770112316649352,0.827423578435989
2025-08-04 20:00:00,33428.54,20,0,8,216,0,0.6588513971022827,0.8177205807708631
2025-08-04 21:00:00,32519.57,21,0,8,216,0,0.6172370552921318,0.7954855840793147
2025-08-04 22:00:00,31577.15,22,0,8,216,0,0.5740913100984265,0.7724323418578455
2025-08-04 23:00:00,30564.43,23,0,8,216,0,0.5277270997966828,0.7476594386273044
2025-08-05 00:00:00,29375.7,0,1,8,217,0,0.4733048234399487,0.7185810228191433
2025-08-05 01:00:00,28792.47,1,1,8,217,0,0.4466034663281251,0.7043141964987898
2025-08-05 02:00:00,28454.14,2,1,8,217,0,0.4311140879497095,0.6960380526979475
2025-08-05 03:00:00,28233.76,3,1,8,217,0,0.42102468054559156,0.6906471722828805
2025-08-05 04:00:00,27778.88,4,1,8,217,0,0.4001994258038495,0.6795200115459459
2025-08-05 05:00:00,27736.03,5,1,8,217,0,0.3982376728894903,0.6784718255681547
2025-08-05 06:00:00,27676.53,6,1,8,217,0,0.3955136519232274,0.677016351456636
2025-08-05 07:00:00,28888.16,7,1,8,217,0,0.45098433298798546,0.7066549413346086
2025-08-05 08:00:00,31923.19,8,1,8,217,0,0.5899336666558316,0.7808970857494407
2025-08-05 09:00:00,34915.67,9,1,8,217,0,0.7269349819688123,0.8540983827114137
2025-08-05 10:00:00,35862.09,10,1,8,217,0,0.7702638546224345,0.8772494719319767
2025-08-05 11:00:00,36987.59,11,1,8,217,0,0.8217913436565333,0.9047811713019643
2025-08-05 12:00:00,38466.27,12,1,8,217,0,0.8894880717639888,0.9409522714569295
2025-08-05 13:00:00,37574.13,13,1,8,217,0,0.848644238741438,0.9191289660140679
2025-08-05 14:00:00,37959.43,14,1,8,217,0,0.8662839913179271,0.9285540782017678
2025-08-05 15:00:00,36756.07,15,1,8,217,0,0.8111919262765471,0.8991177869944215
2025-08-05 16:00:00,36099.61,16,1,8,217,0,0.7811379631922962,0.8830596267381602
2025-08-05 17:00:00,34861.85,17,1,8,217,0,0.7244710019956314,0.8527818513386081
2025-08-05 18:00:00,34260.32,18,1,8,217,0,0.6969318367546884,0.8380673749974009
2025-08-05 19:00:00,34245.94,19,1,8,217,0,0.6962734935362874,0.8377156150356592
2025-08-05 20:00:00,33711.69,20,1,8,217,0,0.6718145321711455,0.8246469252192079
2025-08-05 21:00:00,32994.91,21,1,8,217,0,0.6389990069913487,0.8071132322166138
2025-08-05 22:00:00,32075.07,22,1,8,217,0,0.5968870163088738,0.7846123363050282
2025-08-05 23:00:00,31191.76,23,1,8,217,0,0.5564474371540893,0.7630050281126659
2025-08-06 00:00:00,29774.56,0,2,8,218,0,0.4915653781055556,0.7283378363337708
2025-08-06 01:00:00,29188.05,1,2,8,218,0,0.4647138564766002,0.7139907754741603
2025-08-06 02:00:00,28274.77,2,2,8,218,0,0.422902194828389,0.6916503486410887
2025-08-06 03:00:00,28316.97,3,2,8,218,0,0.4248341895305116,0.6926826344815271
2025-08-06 04:00:00,28102.68,4,2,8,218,0,0.41502359368411706,0.6874407261225802
2025-08-06 05:00:00,28029.18,5,2,8,218,0,0.41165862660814523,0.6856427875142337
2025-08-06 06:00:00,27939.61,6,2,8,218,0,0.4075579449619576,0.6834517485870282
2025-08-06 07:00:00,28808.09,7,2,8,218,0,0.4473185790591003,0.7046962890302506
2025-08-06 08:00:00,32354.28,8,2,8,218,0,0.6096697708297184,0.7914423014592656
2025-08-06 09:00:00,34881.96,9,2,8,218,0,0.7253916753003633,0.8532737771265516
2025-08-06 10:00:00,36254.01,10,2,8,218,0,0.788206683145086,0.8868365209031768
2025-08-06 11:00:00,37197.86,11,2,8,218,0,0.8314178964057115,0.9099247434268221
2025-08-06 12:00:00,37430.1,12,2,8,218,0,0.8420502767284828,0.9156057401942017
2025-08-06 13:00:00,38030.83,13,2,8,218,0,0.8695528164774426,0.9303006471355902
2025-08-06 14:00:00,38750.5,14,2,8,218,0,0.9025006512470293,0.9479050345950296
2025-08-06 15:00:00,37958.36,15,2,8,218,0,0.8662350047223993,0.9285279041295103
2025-08-06 16:00:00,37540.76,16,2,8,218,0,0.8471164979070821,0.9183126774241288
2025-08-06 17:00:00,36321.0,17,2,8,218,0,0.7912736102800431,0.8884752135204983
2025-08-06 18:00:00,35396.91,18,2,8,218,0,0.7489670466714068,0.8658703551723759
2025-08-06 19:00:00,35100.26,19,2,8,218,0,0.7353858564253246,0.8586137771020899
2025-08-06 20:00:00,34475.25,20,2,8,218,0,0.7067717329946696,0.8433249388762027
2025-08-06 21:00:00,33784.22,21,2,8,218,0,0.6751350908380874,0.8264211359302742
2025-08-06 22:00:00,33046.34,22,2,8,218,0,0.6413535683072291,0.8083713000074607
2025-08-06 23:00:00,31834.35,23,2,8,218,0,0.5858664057710787,0.7787239038995698
2025-08-07 00:00:00,30355.7,0,3,8,219,0,0.5181710511195726,0.7425535375970979
2025-08-07 01:00:00,29786.96,1,3,8,219,0,0.49213307323129774,0.7286411620309612
2025-08-07 02:00:00,29242.9,2,3,8,219,0,0.46722499177070986,0.7153325024492327
2025-08-07 03:00:00,28628.9,3,3,8,219,0,0.439114926673476,0.700312988088351
2025-08-07 04:00:00,28459.22,4,3,8,219,0,0.431346659823804,0.6961623183867965
2025-08-07 05:00:00,28311.53,5,3,8,219,0,0.42458513618502464,0.6925495625627596
2025-08-07 06:00:00,28218.73,6,3,8,219,0,0.42033657911495415,0.690279512183786
2025-08-07 07:00:00,29255.94,7,3,8,219,0,0.4678219872900386,0.7156514836662781
2025-08-07 08:00:00,32623.02,8,3,8,219,0,0.6219731892242308,0.7980161520933754
2025-08-07 09:00:00,35538.23,9,3,8,219,0,0.7554369398302684,0.869327289650356
2025-08-07 10:00:00,36564.04,10,3,8,219,0,0.8024004347445899,0.8944203971854311
2025-08-07 11:00:00,37366.25,11,3,8,219,0,0.8391271046495604,0.9140438574711688
2025-08-07 12:00:00,37377.73,12,3,8,219,0,0.8396526804595218,0.9143246783585677
2025-08-07 13:00:00,38321.54,13,3,8,219,0,0.8828620624455482,0.937411922412222
2025-08-07 14:00:00,38725.48,14,3,8,219,0,0.9013551889852496,0.9472930016156986
2025-08-07 15:00:00,38509.01,15,3,8,219,0,0.8914447886732004,0.9419977666422457
2025-08-07 16:00:00,38037.81,16,3,8,219,0,0.8698723738949973,0.9304713901490087
2025-08-07 17:00:00,36884.44,17,3,8,219,0,0.8170689442839282,0.9022579418128358
2025-08-07 18:00:00,35575.24,18,3,8,219,0,0.7571313266531486,0.8702326190094702
2025-08-07 19:00:00,35486.88,19,3,8,219,0,0.7530860410635858,0.8680711787994906
2025-08-07 20:00:00,34880.59,20,3,8,219,0,0.7253289541453417,0.853240264529362
2025-08-07 21:00:00,34201.57,21,3,8,219,0,0.6942421521871599,0.8366302471982123
2025-08-07 22:00:00,33624.35,22,3,8,219,0,0.6678159440838612,0.822510435993997
2025-08-07 23:00:00,32624.22,23,3,8,219,0,0.6220281274622059,0.7980455061931035
2025-08-08 00:00:00,30940.17,0,4,8,220,0,0.5449291777439703,0.7568506964871704
2025-08-08 01:00:00,30439.19,1,4,8,220,0,0.5219933790266866,0.7445958490856809
2025-08-08 02:00:00,29805.27,2,4,8,220,0,0.4929713391790671,0.7290890566693126
2025-08-08 03:00:00,28962.76,3,4,8,220,0,0.4543996601154343,0.7084797878677059
2025-08-08 04:00:00,28375.21,4,4,8,220,0,0.4275005253469006,0.6941072867883312
2025-08-08 05:00:00,28457.15,5,4,8,220,0,0.431251891363297,0.6961116825647655
2025-08-08 06:00:00,28146.19,6,4,8,220,0,0.41701556262936235,0.6885050568552219
2025-08-08 07:00:00,29626.54,7,4,8,220,0,0.48478874645133324,0.7247170081323087
2025-08-08 08:00:00,32670.27,8,4,8,220,0,0.6241363823444984,0.7991719697701696
2025-08-08 09:00:00,35476.23,9,4,8,220,0,0.7525984642015575,0.8678106611644038
2025-08-08 10:00:00,36659.38,10,4,8,220,0,0.8067652777517074,0.8967525804088291
2025-08-08 11:00:00,38227.91,11,4,8,220,0,0.878575506427545,0.9351215687809366
2025-08-08 12:00:00,38270.22,12,4,8,220,0,0.8805125371348153,0.93615654541385
2025-08-08 13:00:00,38545.48,13,4,8,220,0,0.8931144532889922,0.9428898866564824
2025-08-08 14:00:00,38994.26,14,4,8,220,0,0.9136604386543612,0.9538678307197992
2025-08-08 15:00:00,38358.27,15,4,8,220,0,0.8845436303462343,0.9383104024813997
2025-08-08 16:00:00,37695.37,16,4,8,220,0,0.8541948320515175,0.9220947085565978
2025-08-08 17:00:00,36340.53,17,4,8,220,0,0.7921677301030869,0.8889529514935732
2025-08-08 18:00:00,35190.57,18,4,8,220,0,0.7395204166515967,0.8608229177241277
2025-08-08 19:00:00,34923.35,19,4,8,220,0,0.7272865866918526,0.8542862489496735
2025-08-08 20:00:00,34403.57,20,4,8,220,0,0.7034900889129599,0.8415715206524438
2025-08-08 21:00:00,33802.01,21,4,8,220,0,0.6759495502160676,0.8268563104587434
2025-08-08 22:00:00,33166.54,22,4,8,220,0,0.6468565484777301,0.8113116023302263
2025-08-08 23:00:00,32575.2,23,4,8,220,0,0.6197839004409251,0.7968463912192103
2025-08-09 00:00:00,31317.59,0,5,8,221,1,0.5622081692244232,0.7660830500866557
2025-08-09 01:00:00,30242.89,1,5,8,221,1,0.5130063989312681,0.739794007605158
2025-08-09 02:00:00,29033.55,2,5,8,221,1,0.4576405583373125,0.7102114351341665
2025-08-09 03:00:00,28528.63,3,5,8,221,1,0.4345243790720108,0.6978602084385698
2025-08-09 04:00:00,27933.58,4,5,8,221,1,0.40728188031613305,0.6833042442358944
2025-08-09 05:00:00,27665.24,5,5,8,221,1,0.3949967746676123,0.6767401783016941
2025-08-09 06:00:00,27006.96,6,5,8,221,1,0.36485948858909906,0.6606374976608451
2025-08-09 07:00:00,27377.5,7,5,8,221,1,0.38182350083849487,0.6697015544218893
2025-08-09 08:00:00,29196.76,8,5,8,221,1,0.465112616520569,0.7142038373146868
2025-08-09 09:00:00,31676.35,9,5,8,221,1,0.5786328711043638,0.774858947435369
2025-08-09 10:00:00,33193.25,10,5,8,221,1,0.6480793820913248,0.8119649756666744
2025-08-09 11:00:00,34872.33,11,5,8,221,1,0.7249507959406136,0.8530382104762336
2025-08-09 12:00:00,35544.13,12,5,8,221,1,0.7557070528336455,0.8694716139740191
2025-08-09 13:00:00,36185.07,13,5,8,221,1,0.7850504813734193,0.8851501278737969
2025-08-09 14:00:00,36784.61,14,5,8,221,1,0.8124985407030537,0.899815925332955
2025-08-09 15:00:00,36028.13,15,5,8,221,1,0.7778654754835822,0.8813111008643558
2025-08-09 16:00:00,36177.27,16,5,8,221,1,0.7846933828265813,0.8849593262255642
2025-08-09 17:00:00,33990.06,17,5,8,221,1,0.6845588299254075,0.8314563425036355
2025-08-09 18:00:00,33789.06,18,5,8,221,1,0.6753566750645866,0.8265395307991775
2025-08-09 19:00:00,34345.21,19,5,8,221,1,0.7008182592727733,0.8401439329356668
2025-08-09 20:00:00,33974.14,20,5,8,221,1,0.6838299826349385,0.8310669114472427
2025-08-09 21:00:00,33781.64,21,5,8,221,1,0.675016973626441,0.8263580246158587
2025-08-09 22:00:00,32958.84,22,5,8,221,1,0.6373476551215483,0.8062308969022862
2025-08-09 23:00:00,32263.88,23,5,8,221,1,0.605531090235598,0.7892309592797483
2025-08-10 00:00:00,30918.62,0,6,8,222,1,0.5439425785536685,0.7563235457795531
2025-08-10 01:00:00,29582.33,1,6,8,222,1,0.48276473020060245,0.7236355541748257
2025-08-10 02:00:00,28815.44,2,6,8,222,1,0.4476550757666974,0.7048760828910853
2025-08-10 03:00:00,27762.29,3,6,8,222,1,0.39943990466384444,0.6791141911172048
2025-08-10 04:00:00,27283.85,4,6,8,222,1,0.37753602918319196,0.6674107115556083
2025-08-10 05:00:00,26934.6,5,6,8,222,1,0.36154671283920353,0.6588674454472402
2025-08-10 06:00:00,26826.06,6,6,8,222,1,0.35657754921436036,0.656212367126833
2025-08-10 07:00:00,27425.09,7,6,8,222,1,0.3840022597928554,0.6708656890936066
2025-08-10 08:00:00,28855.06,8,6,8,222,1,0.44946895325717373,0.7058452574171084
2025-08-10 09:00:00,29973.81,9,6,8,222,1,0.5006874147026629,0.7332118399761254
2025-08-10 10:00:00,31588.3,10,6,8,222,1,0.5746017778929445,0.7727050903678191
2025-08-10 11:00:00,32963.84,11,6,8,222,1,0.6375765644464444,0.8063532056511533
2025-08-10 12:00:00,33969.48,12,6,8,222,1,0.6836166391441356,0.8309529196932987
2025-08-10 13:00:00,34631.07,13,6,8,222,1,0.7139054631957298,0.8471365687258975
2025-08-10 14:00:00,33876.23,14,6,8,222,1,0.6793474802348245,0.828671861526927
2025-08-10 15:00:00,33712.53,15,6,8,222,1,0.6718529889377279,0.8246674730890174
2025-08-10 16:00:00,32911.17,16,6,8,222,1,0.6351652336179896,0.8050648052905872
2025-08-10 17:00:00,32243.28,17,6,8,222,1,0.6045879838170263,0.7887270472344157
2025-08-10 18:00:00,32474.84,18,6,8,222,1,0.6151892324716118,0.7943914100119496
2025-08-10 19:00:00,32966.04,19,6,8,222,1,0.6376772845493989,0.8064070215006549
2025-08-10 20:00:00,33210.04,20,6,8,222,1,0.6488480596043257,0.8123756884453702
2025-08-10 21:00:00,32852.87,21,6,8,222,1,0.632496150889702,0.8036386852787967
2025-08-10 22:00:00,32120.01,22,6,8,222,1,0.5989444533210393,0.7857116473398458
2025-08-10 23:00:00,31270.75,23,6,8,222,1,0.560063746668797,0.7649372617272686
2025-08-11 00:00:00,29709.87,0,0,8,223,0,0.48860374926005057,0.726755405740928
2025-08-11 01:00:00,28429.61,1,0,8,223,0,0.4299910588017696,0.6954380059760055
2025-08-11 02:00:00,27724.73,2,0,8,223,0,0.3977203378152253,0.678195407795715
2025-08-11 03:00:00,27602.03,3,0,8,223,0,0.3921029029822764,0.675193951098516
2025-08-11 04:00:00,27831.08,4,0,8,223,0,0.40258923915576417,0.6807969148841186
2025-08-11 05:00:00,27900.91,5,0,8,223,0,0.4057861867872622,0.6825050788707967
2025-08-11 06:00:00,27578.05,6,0,8,223,0,0.39100505386007506,0.6746073583389492
2025-08-11 07:00:00,28988.05,7,0,8,223,0,0.45555748348075853,0.7090984255194758
2025-08-11 08:00:00,32061.52,8,0,8,223,0,0.5962666720384054,0.7842808795955983
2025-08-11 09:00:00,35581.52,9,0,8,223,0,0.757418836765218,0.8703862387980473
2025-08-11 10:00:00,36656.52,10,0,8,223,0,0.8066343416178668,0.8966826198044772
2025-08-11 11:00:00,37586.16,11,0,8,223,0,0.8491949945771382,0.9194232408638423
2025-08-11 12:00:00,38572.49,12,0,8,223,0,0.8943510214620803,0.9435505985178625
2025-08-11 13:00:00,39144.48,13,0,8,223,0,0.9205377904115378,0.9575424747707628
2025-08-11 14:00:00,39661.01,14,0,8,223,0,0.9441854971292482,0.970177702381229
2025-08-11 15:00:00,38814.2,15,0,8,223,0,0.9054169560462046,0.9494632480555966
2025-08-11 16:00:00,38080.5,16,0,8,223,0,0.8718268017109598,0.9315156622468361
2025-08-11 17:00:00,36864.16,17,0,8,223,0,0.8161404880621499,0.9017618575274309
2025-08-11 18:00:00,35662.36,18,0,8,223,0,0.7611198427301374,0.8723637266497309
2025-08-11 19:00:00,35671.3,19,0,8,223,0,0.7615291326030517,0.8725824146927055
2025-08-11 20:00:00,35152.61,20,0,8,223,0,0.737782537056986,0.8598943497027286
2025-08-11 21:00:00,34495.3,21,0,8,223,0,0.7076896593875028,0.84381539695916
2025-08-11 22:00:00,33606.14,22,0,8,223,0,0.66698225632259,0.822064987530623
2025-08-11 23:00:00,32819.96,23,0,8,223,0,0.6309894697132361,0.8028336490937533
2025-08-12 00:00:00,31115.65,0,1,8,224,0,0.552962979410522,0.7611432443374108
2025-08-12 01:00:00,30074.01,1,1,8,224,0,0.5052747575735794,0.7356629073034222
2025-08-12 02:00:00,29189.34,2,1,8,224,0,0.4647729150824234,0.7140223311313681
2025-08-12 03:00:00,29391.99,3,1,8,224,0,0.47405061002046,0.7189795047229524
2025-08-12 04:00:00,29483.45,4,1,8,224,0,0.4782378193914583,0.7212167763572296
2025-08-12 05:00:00,29388.36,5,1,8,224,0,0.47388442185058544,0.7188907085712748
2025-08-12 06:00:00,29133.57,6,1,8,224,0,0.46221966047253293,0.7126580993465044
2025-08-12 07:00:00,30418.71,7,1,8,224,0,0.5210557664319124,0.7440948724503212
2025-08-12 08:00:00,33843.39,8,1,8,224,0,0.6778440037889071,0.8278685376643676
2025-08-12 09:00:00,36640.31,9,1,8,224,0,0.8058922175865539,0.8962860948406499
2025-08-12 10:00:00,37652.16,10,1,8,224,0,0.852216597665766,0.9210377163488882
2025-08-12 11:00:00,38449.84,11,1,8,224,0,0.8887358757223804,0.9405503649081521
2025-08-12 12:00:00,38763.22,12,1,8,224,0,0.9030829965695648,0.9482161880521476
2025-08-12 13:00:00,39042.89,13,1,8,224,0,0.9158868107482999,0.9550574056112807
2025-08-12 14:00:00,39801.35,14,1,8,224,0,0.9506105240604301,0.9736106643444311
2025-08-12 15:00:00,39234.3,15,1,8,224,0,0.9246499175239703,0.9597396291354118
2025-08-12 16:00:00,38832.89,16,1,8,224,0,0.9062726191026662,0.9499204381588618
2025-08-12 17:00:00,37104.79,17,1,8,224,0,0.8271569782320967,0.9076480883754096
2025-08-12 18:00:00,36128.39,18,1,8,224,0,0.7824555652663977,0.8837636358966393
2025-08-12 19:00:00,36035.7,19,1,8,224,0,0.7782120442014748,0.8814962763101406
2025-08-12 20:00:00,35420.44,20,1,8,224,0,0.7500442939543674,0.8664459401445445
2025-08-12 21:00:00,34660.29,21,1,8,224,0,0.7152432092904223,0.847851341054277
2025-08-12 22:00:00,33658.08,22,1,8,224,0,0.6693601663896102,0.8233355308138547
2025-08-12 23:00:00,32983.75,23,1,8,224,0,0.6384880813781806,0.8068402390891423
2025-08-13 00:00:00,31595.52,0,2,8,225,0,0.5749323229580945,0.7728817042011832
2025-08-13 01:00:00,30655.98,1,2,8,225,0,0.5319184295355293,0.7498989118190613
2025-08-13 02:00:00,29595.56,2,2,8,225,0,0.4833704242742774,0.723959183124328
2025-08-13 03:00:00,29724.45,3,2,8,225,0,0.4892712488514475,0.7271120580526246
2025-08-13 04:00:00,28975.66,4,2,8,225,0,0.4549902461736662,0.7087953444397831
2025-08-13 05:00:00,28898.68,5,2,8,225,0,0.45146595820756674,0.706912278942225
2025-08-13 06:00:00,29121.89,6,2,8,225,0,0.46168492828957575,0.7123723861091508
2025-08-13 07:00:00,29932.77,7,2,8,225,0,0.49880852696391614,0.732207929765424
2025-08-13 08:00:00,31823.98,8,2,8,225,0,0.5853916478312443,0.7784702355544194
2025-08-13 09:00:00,34172.11,9,2,8,225,0,0.6928934184448724,0.8359096040498872
2025-08-13 10:00:00,34755.14,10,2,8,225,0,0.7195856191837001,0.8501715380202861
2025-08-13 11:00:00,36121.34,11,2,8,225,0,0.7821328031182941,0.8835911805607366
2025-08-13 12:00:00,35361.6,12,2,8,225,0,0.7473504890189907,0.8650066107878762
2025-08-13 13:00:00,35506.69,13,2,8,225,0,0.7539929798088242,0.8685557660625023
2025-08-13 14:00:00,35652.32,14,2,8,225,0,0.7606601928057461,0.8721181306820057
2025-08-13 15:00:00,34596.55,15,2,8,225,0,0.7123250732166476,0.846292149123719
2025-08-13 16:00:00,34213.27,16,2,8,225,0,0.6947778000074165,0.8369164496705612
2025-08-13 17:00:00,33234.55,17,2,8,225,0,0.6499701731149662,0.8129752459323168
2025-08-13 18:00:00,32728.55,18,2,8,225,0,0.6268045494354867,0.8005976005469647
2025-08-13 19:00:00,32913.31,19,2,8,225,0,0.6352632068090451,0.8051171534351023
2025-08-13 20:00:00,32413.73,20,2,8,225,0,0.6123915027027323,0.7928965524832956
2025-08-13 21:00:00,31827.54,21,2,8,225,0,0.5855546312705704,0.7785573193836128
2025-08-13 22:00:00,31146.9,22,2,8,225,0,0.5543936626911222,0.7619076740178302
2025-08-13 23:00:00,30429.18,23,2,8,225,0,0.5215351025582449,0.744350986970449
2025-08-14 00:00:00,28996.74,0,3,8,226,0,0.455955327887428,0.7093109981250069
2025-08-14 01:00:00,28258.54,1,3,8,226,0,0.4221591551597765,0.691253334442266
2025-08-14 02:00:00,27856.99,2,3,8,226,0,0.40377544727737547,0.681430718820748
2025-08-14 03:00:00,27574.35,3,3,8,226,0,0.39083566095965194,0.6745168498647877
2025-08-14 04:00:00,27571.49,4,3,8,226,0,0.39070472482581153,0.6744468892604357
2025-08-14 05:00:00,27294.2,5,3,8,226,0,0.37800987148572684,0.6676638906657633
2025-08-14 06:00:00,27489.49,6,3,8,226,0,0.38695061189751645,0.672441025779015
2025-08-14 07:00:00,29136.77,7,3,8,226,0,0.4623661624404664,0.7127363769457793
2025-08-14 08:00:00,32361.0,8,3,8,226,0,0.6099774249623787,0.7916066844177431
2025-08-14 09:00:00,35414.84,9,3,8,226,0,0.7497879155104836,0.8663089543458132
2025-08-14 10:00:00,36776.27,10,3,8,226,0,0.812116719949127,0.8996119143398446
2025-08-14 11:00:00,38451.43,11,3,8,226,0,0.8888086688876975,0.940589259090292
2025-08-14 12:00:00,38637.51,12,3,8,226,0,0.8973277583230287,0.9451411014881306
2025-08-14 13:00:00,38776.13,13,3,8,226,0,0.9036740404464463,0.9485319892417223
2025-08-14 14:00:00,39181.08,14,3,8,226,0,0.9222134066697768,0.9584377748124702
2025-08-14 15:00:00,38886.3,15,3,8,226,0,0.9087178285112059,0.9512269402142605
2025-08-14 16:00:00,38277.27,16,3,8,226,0,0.8808352992829185,0.9363290007497526
2025-08-14 17:00:00,36781.29,17,3,8,226,0,0.8123465449113229,0.8997347123237072
2025-08-14 18:00:00,35634.41,18,3,8,226,0,0.7598402396039686,0.8716800207435639
2025-08-14 19:00:00,35602.86,19,3,8,226,0,0.7583958217638745,0.8709082525382122
2025-08-14 20:00:00,34975.57,20,3,8,226,0,0.729677315681067,0.8555636415228417
2025-08-14 21:00:00,34238.53,21,3,8,226,0,0.6959342499167914,0.837534353469838
2025-08-14 22:00:00,33307.81,22,3,8,226,0,0.6533241525433428,0.8147673137207176
2025-08-14 23:00:00,32519.56,23,3,8,226,0,0.617236597473482,0.7954853394618171
2025-08-15 00:00:00,30890.78,0,4,8,227,0,0.5426680114326473,0.755642530665861
2025-08-15 01:00:00,29942.67,1,4,8,227,0,0.4992617674272102,0.7324501010881809
2025-08-15 02:00:00,29372.62,2,4,8,227,0,0.4731638152958126,0.7185056806298411
2025-08-15 03:00:00,29065.13,3,4,8,227,0,0.459086349633356,0.7109839371920113
2025-08-15 04:00:00,28441.21,4,4,8,227,0,0.43052212843552834,0.6957217622733771
2025-08-15 05:00:00,28814.43,5,4,8,227,0,0.44760883608306845,0.7048513765238141
2025-08-15 06:00:00,28649.97,6,4,8,227,0,0.44007955056858794,0.7008283971560769
2025-08-15 07:00:00,29703.39,7,4,8,227,0,0.4883070827749853,0.7265968936023962
2025-08-15 08:00:00,33671.14,8,4,8,227,0,0.6699580775462385,0.8236550012658955
2025-08-15 09:00:00,35571.46,9,4,8,227,0,0.7569582712035273,0.8701401535953268
2025-08-15 10:00:00,36760.74,10,4,8,227,0,0.8114057275859999,0.8992320233658633
2025-08-15 11:00:00,37958.96,11,4,8,227,0,0.8662624738413868,0.9285425811793743
2025-08-15 12:00:00,38294.34,12,4,8,227,0,0.8816167957181135,0.9367465628183849
2025-08-15 13:00:00,39249.26,13,4,8,227,0,0.9253348142240593,0.9601055769120221
2025-08-15 14:00:00,39468.09,14,4,8,227,0,0.9353532597374591,0.9654585416149402
2025-08-15 15:00:00,38842.75,15,4,8,227,0,0.9067240282913612,0.9501616310116279
2025-08-15 16:00:00,38067.44,16,4,8,227,0,0.8712288905543315,0.9311961917947953
2025-08-15 17:00:00,36842.8,17,4,8,227,0,0.815162587426194,0.9012393545522706
2025-08-15 18:00:00,35551.25,18,4,8,227,0,0.7560330197122975,0.8696457816324059
2025-08-15 19:00:00,35362.34,19,4,8,227,0,0.7473843675990752,0.8650247124827085
2025-08-15 20:00:00,34774.06,20,4,8,227,0,0.7204518120691067,0.8506343543259992
2025-08-15 21:00:00,34107.47,21,4,8,227,0,0.6899340786926165,0.8343283965445333
2025-08-15 22:00:00,33497.21,22,4,8,227,0,0.6619952377704048,0.819400369127804
2025-08-15 23:00:00,32793.3,23,4,8,227,0,0.6297689251928905,0.802181498844794
2025-08-16 00:00:00,31339.35,0,5,8,228,1,0.5632043826063706,0.7666153377617254
2025-08-16 01:00:00,30720.38,1,5,8,228,1,0.5348667816401903,0.7514742485044698
2025-08-16 02:00:00,29847.16,2,5,8,228,1,0.4948891415030461,0.7301137593673213
2025-08-16 03:00:00,29518.2,3,5,8,228,1,0.4798287391994858,0.722066822161856
2025-08-16 04:00:00,28708.77,4,5,8,228,1,0.44277152422936533,0.7022667480427542
2025-08-16 05:00:00,28312.51,5,5,8,228,1,0.4246300024127042,0.6925735350775376
2025-08-16 06:00:00,27661.48,6,5,8,228,1,0.3948246348552904,0.676648202122546
2025-08-16 07:00:00,27885.64,7,5,8,228,1,0.4050870977090297,0.6821315479517565
2025-08-16 08:00:00,29710.19,8,5,8,228,1,0.4886183994568439,0.7267632335008555
2025-08-16 09:00:00,31861.03,9,5,8,228,1,0.587087865928724,0.7793765433835247
2025-08-16 10:00:00,33550.57,10,5,8,228,1,0.6644381580856954,0.8207056480957139
2025-08-16 11:00:00,34638.75,11,5,8,228,1,0.7142570679187701,0.8473244349641574
2025-08-16 12:00:00,35293.4,12,5,8,228,1,0.7442281658274088,0.8633383194533288
2025-08-16 13:00:00,35444.15,13,5,8,228,1,0.7511297819730245,0.8670259282316723
2025-08-16 14:00:00,35373.31,14,5,8,228,1,0.7478865946578972,0.8652930578777229
2025-08-16 15:00:00,35620.84,15,5,8,228,1,0.7592189796962006,0.8713480747991383
2025-08-16 16:00:00,34943.98,16,5,8,228,1,0.7282310665663739,0.8547908948474994
2025-08-16 17:00:00,33992.68,17,5,8,228,1,0.6846787784116531,0.831520432288042
2025-08-16 18:00:00,33936.87,18,5,8,228,1,0.6821236925271636,0.8301552220331873
2025-08-16 19:00:00,34020.49,19,5,8,228,1,0.6859519720767248,0.8322007135492409
2025-08-16 20:00:00,33843.6,20,5,8,228,1,0.6778536179805527,0.82787367463182
2025-08-16 21:00:00,33370.63,21,5,8,228,1,0.6562001693013365,0.8163040008414841
2025-08-16 22:00:00,32710.55,22,5,8,228,1,0.6259804758658609,0.8001572890510431
2025-08-16 23:00:00,31673.08,23,5,8,228,1,0.578483164405882,0.7747789575136099
2025-08-17 00:00:00,30419.06,0,6,8,229,1,0.5210717900846553,0.7441034340627419
2025-08-17 01:00:00,29217.97,1,6,8,229,1,0.46608364987677814,0.7147226710273813
2025-08-17 02:00:00,28177.18,2,6,8,229,1,0.41843434262506807,0.6892631264807003
2025-08-17 03:00:00,27727.89,3,6,8,229,1,0.3978650085085596,0.678272706924999
2025-08-17 04:00:00,26895.66,4,6,8,229,1,0.3597639670169132,0.6579149049110632
2025-08-17 05:00:00,26631.92,5,6,8,229,1,0.3476894579472968,0.6514633630258205
2025-08-17 06:00:00,26487.47,6,6,8,229,1,0.3410762675510503,0.6479298632710496
2025-08-17 07:00:00,26682.93,7,6,8,229,1,0.35002479087988625,0.6527111568817628
2025-08-17 08:00:00,28350.39,8,6,8,229,1,0.42636421945811664,0.6935001461589548
2025-08-17 09:00:00,30268.74,9,6,8,229,1,0.5141898601409808,0.740426343836801
2025-08-17 10:00:00,31899.89,10,6,8,229,1,0.588866949201816,0.78032712697972
2025-08-17 11:00:00,33066.84,11,6,8,229,1,0.6422920965393029,0.8088727658778159
2025-08-17 12:00:00,33901.85,12,6,8,229,1,0.6805204116155915,0.829298571556122
2025-08-17 13:00:00,34008.82,13,6,8,229,1,0.6854176977124176,0.831915244929385
2025-08-17 14:00:00,33902.69,14,6,8,229,1,0.6805588683821743,0.8293191194259317
2025-08-17 15:00:00,33768.7,15,6,8,229,1,0.67442455629361,0.8260414895737906
2025-08-17 16:00:00,32844.57,16,6,8,229,1,0.6321161614103744,0.8034356527556772
2025-08-17 17:00:00,32848.25,17,6,8,229,1,0.6322846386734979,0.8035256719948435
2025-08-17 18:00:00,32648.95,18,6,8,229,1,0.6231603129831418,0.7986504452650003
2025-08-17 19:00:00,33164.28,19,6,8,229,1,0.646753081462877,0.8112563187757383
2025-08-17 20:00:00,32840.69,20,6,8,229,1,0.6319385277742552,0.8033407411665564
2025-08-17 21:00:00,32630.41,21,6,8,229,1,0.6223115172064272,0.798196924424201
2025-08-17 22:00:00,32211.86,22,6,8,229,1,0.6031495176193796,0.7879584590565347
2025-08-17 23:00:00,31317.01,23,6,8,229,1,0.5621816157427352,0.766068862271787
2025-08-18 00:00:00,29626.37,0,0,8,230,0,0.4847809635342867,0.7247128496348472
2025-08-18 01:00:00,29054.24,1,0,8,230,0,0.45858778512373244,0.7107175487369787
2025-08-18 02:00:00,28449.95,2,0,8,230,0,0.4309222619354467,0.6959355579663968
2025-08-18 03:00:00,27848.02,3,0,8,230,0,0.4033647839485119,0.6812112969252804
2025-08-18 04:00:00,28000.36,4,0,8,230,0,0.4103391932594445,0.6849377998857636
2025-08-18 05:00:00,28115.58,5,0,8,230,0,0.41561417974234893,0.6877562826946575
2025-08-18 06:00:00,27993.51,6,0,8,230,0,0.4100255874843368,0.6847702368998156
2025-08-18 07:00:00,29308.46,7,0,8,230,0,0.4702264508387466,0.7169362147643783
2025-08-18 08:00:00,33084.23,8,0,8,230,0,0.6430882431712917,0.8092981557063759
2025-08-18 09:00:00,35590.94,9,0,8,230,0,0.7578501019333225,0.8706166684809131
2025-08-18 10:00:00,36667.94,10,0,8,230,0,0.8071571705159296,0.8969619729868897
2025-08-18 11:00:00,38570.54,11,0,8,230,0,0.894261746825371,0.9435028981058043
2025-08-18 12:00:00,38575.34,12,0,8,230,0,0.894481499777271,0.9436203145047167
2025-08-18 13:00:00,39134.49,13,0,8,230,0,0.9200804295803954,0.9572981018905262
2025-08-18 14:00:00,39553.46,14,0,8,230,0,0.9392616575507342,0.9675468411930973
2025-08-18 15:00:00,39096.05,15,0,8,230,0,0.9183205746905948,0.956357792229236
2025-08-18 16:00:00,38057.78,16,0,8,230,0,0.8707866377386322,0.930959891291984
2025-08-18 17:00:00,36963.06,17,0,8,230,0,0.8206683145085933,0.9041811245800222
2025-08-18 18:00:00,35928.4,18,0,8,230,0,0.773299650089206,0.8788715305594524
2025-08-18 19:00:00,35672.86,19,0,8,230,0,0.7616005523124191,0.8726205750223519
2025-08-18 20:00:00,35112.77,20,0,8,230,0,0.7359585875562142,0.8589197935917553
2025-08-18 21:00:00,34324.89,21,0,8,230,0,0.6998879717763958,0.8396468701802708
2025-08-18 22:00:00,33386.91,22,0,8,230,0,0.6569454980631984,0.8167022381277955
2025-08-18 23:00:00,32330.58,23,0,8,230,0,0.6085847406297114,0.7908625579896356
2025-08-19 00:00:00,30848.54,0,1,8,231,0,0.5407341854559256,0.7546092663554317
2025-08-19 01:00:00,30256.64,1,1,8,231,0,0.5136358995747322,0.7401303566645425
2025-08-19 02:00:00,29418.6,2,1,8,231,0,0.4752688654475566,0.7196304318844231
2025-08-19 03:00:00,29253.68,3,1,8,231,0,0.4677185202751856,0.7155962001117901
2025-08-19 04:00:00,28512.83,4,1,8,231,0,0.43380102560533934,0.6974737127921498
2025-08-19 05:00:00,28617.53,5,1,8,231,0,0.4385943868686623,0.7000348579934271
2025-08-19 06:00:00,28509.19,6,1,8,231,0,0.4336343796168149,0.6973846720229744
2025-08-19 07:00:00,29385.9,7,1,8,231,0,0.4737717984627366,0.7188305326668322
2025-08-19 08:00:00,32796.27,8,1,8,231,0,0.6299048973318785,0.8022541502416208
2025-08-19 09:00:00,35951.82,9,1,8,231,0,0.774371861367019,0.879444424739146
2025-08-19 10:00:00,37201.59,10,1,8,231,0,0.8315886627620838,0.9100159857534769
2025-08-19 11:00:00,38674.44,11,1,8,231,0,0.8990184825967108,0.9460444739072631
2025-08-19 12:00:00,39102.96,12,1,8,231,0,0.9186369273776009,0.9565268229201702
2025-08-19 13:00:00,39628.39,13,1,8,231,0,0.9426920926936263,0.9693797601036199
2025-08-19 14:00:00,40046.34,14,1,8,231,0,0.9618266231616862,0.979603548421422
2025-08-19 15:00:00,39771.9,15,1,8,231,0,0.9492622481367926,0.9728902658136039
2025-08-19 16:00:00,38477.03,16,1,8,231,0,0.8899806846311652,0.9412154798844915
2025-08-19 17:00:00,37147.83,17,1,8,231,0,0.8291274297008018,0.9087009220856577
2025-08-19 18:00:00,35926.3,18,1,8,231,0,0.7732035081727497,0.8788201608849283
2025-08-19 19:00:00,35810.11,19,1,8,231,0,0.7678841132808154,0.8759779501787542
2025-08-19 20:00:00,35226.4,20,1,8,231,0,0.7411607808738019,0.8616993822185095
2025-08-19 21:00:00,34523.79,21,1,8,231,0,0.7089939847207604,0.8445123122102047
2025-08-19 22:00:00,33671.25,22,1,8,231,0,0.6699631135513863,0.8236576920583706
2025-08-19 23:00:00,32738.2,23,1,8,231,0,0.6272463444325361,0.8008336564322782
2025-08-20 00:00:00,31112.94,0,2,8,232,0,0.5528389105564281,0.7610769529955247
2025-08-20 01:00:00,30539.99,1,2,8,232,0,0.526608191016591,0.747061593462842
2025-08-20 02:00:00,29818.08,2,2,8,232,0,0.4935578048694508,0.7294024116839102
2025-08-20 03:00:00,29569.45,3,2,8,232,0,0.48217505977967023,0.723320486837744
2025-08-20 04:00:00,29200.24,4,2,8,232,0,0.46527193741069683,0.7142889642038985
2025-08-20 05:00:00,29152.53,5,2,8,232,0,0.4630876846325387,0.7131218941222084
2025-08-20 06:00:00,28607.21,6,2,8,232,0,0.4381219180220769,0.6997824127357654
2025-08-20 07:00:00,29759.56,7,2,8,232,0,0.4908786501308675,0.7279709100871694
2025-08-20 08:00:00,32568.64,8,2,8,232,0,0.6194835714066614,0.7966859221406966
2025-08-20 09:00:00,35851.26,9,2,8,232,0,0.7697680370247099,0.8769845511819306
2025-08-20 10:00:00,36792.02,10,2,8,232,0,0.8128377843225495,0.899997186898776
2025-08-20 11:00:00,37964.99,11,2,8,232,0,0.8665385384872114,0.928690085530508
2025-08-20 12:00:00,38643.48,12,2,8,232,0,0.8976010760569546,0.9452871381342779
2025-08-20 13:00:00,39739.89,13,2,8,232,0,0.947796770638808,0.9721072452033566
2025-08-20 14:00:00,39124.25,14,2,8,232,0,0.9196116232830083,0.9570476135728464
2025-08-20 15:00:00,38310.68,15,2,8,232,0,0.8823648713918739,0.9371462678096827
2025-08-20 16:00:00,36520.86,16,2,8,232,0,0.8004235738147876,0.8933641388302146
2025-08-20 17:00:00,34292.03,17,2,8,232,0,0.698383579693179,0.8388430570827161
2025-08-20 18:00:00,33368.28,18,2,8,232,0,0.6560925819186355,0.8162465157295166
2025-08-20 19:00:00,33324.41,19,2,8,232,0,0.6540841315019978,0.8151733787669566
2025-08-20 20:00:00,32790.12,20,2,8,232,0,0.6296233388622566,0.8021037104805144
2025-08-20 21:00:00,32168.29,21,2,8,232,0,0.6011548017622356,0.7868926606189067
2025-08-20 22:00:00,31536.58,22,2,8,232,0,0.5722339398362201,0.7714399286695377
2025-08-20 23:00:00,30555.71,23,2,8,232,0,0.527327881934064,0.7474461321692801
2025-08-21 00:00:00,29070.33,0,3,8,233,0,0.4593244153312479,0.7111111382908331
2025-08-21 01:00:00,28877.96,1,3,8,233,0,0.4505173579651975,0.7064054314869197
2025-08-21 02:00:00,27911.81,2,3,8,233,0,0.4062852091155356,0.682771711943327
2025-08-21 03:00:00,27779.97,3,3,8,233,0,0.40024932803667684,0.679546674853199
2025-08-21 04:00:00,27798.82,4,3,8,233,0,0.4011123161915348,0.6800077788364279
2025-08-21 05:00:00,27702.11,5,3,8,233,0,0.3966847520293957,0.6776420830158402
2025-08-21 06:00:00,27007.85,6,3,8,233,0,0.3649002344489305,0.6606592686181435
2025-08-21 07:00:00,27898.02,7,3,8,233,0,0.4056538771974723,0.6824343844139515
2025-08-21 08:00:00,31188.86,8,3,8,233,0,0.5563146697456497,0.7629340890383229
2025-08-21 09:00:00,34076.61,9,3,8,233,0,0.6885212503393581,0.8335735069465253
2025-08-21 10:00:00,35666.21,10,3,8,233,0,0.7612961029103072,0.8724579043863586
2025-08-21 11:00:00,37067.55,11,3,8,233,0,0.8254520615802711,0.9067371328138474
2025-08-21 12:00:00,37200.05,12,3,8,233,0,0.8315181586900161,0.909978314658826
2025-08-21 13:00:00,38156.33,13,3,8,233,0,0.8752984405323332,0.9333705967321548
2025-08-21 14:00:00,38822.89,14,3,8,233,0,0.9058148004528741,0.9496758206611277
2025-08-21 15:00:00,38347.03,15,3,8,233,0,0.8840290421838681,0.9380354524139466
2025-08-21 16:00:00,37585.9,16,3,8,233,0,0.8491830912922436,0.9194168808089012
2025-08-21 17:00:00,36474.44,17,3,8,233,0,0.7982983796424529,0.8922286244057324
2025-08-21 18:00:00,35530.59,18,3,8,233,0,0.7550871663818269,0.869140401882087
2025-08-21 19:00:00,35430.61,19,3,8,233,0,0.750509895521206,0.8666947161397401
2025-08-21 20:00:00,34885.72,20,3,8,233,0,0.7255638151126852,0.8533657533056997
2025-08-21 21:00:00,34256.68,21,3,8,233,0,0.696765190766164,0.8379783342282257
2025-08-21 22:00:00,33240.02,22,3,8,233,0,0.6502205999164021,0.8131090517035773
2025-08-21 23:00:00,32213.52,23,3,8,233,0,0.6032255155152452,0.7879990655611586
2025-08-22 00:00:00,30638.5,0,4,8,234,0,0.5311181625356927,0.7494713204330219
2025-08-22 01:00:00,30202.79,1,4,8,234,0,0.511170546145602,0.7388130914392438
2025-08-22 02:00:00,29266.57,2,4,8,234,0,0.4683086485147676,0.7159115120663696
2025-08-22 03:00:00,28763.22,3,4,8,234,0,0.4452643467774833,0.7035986903179171
2025-08-22 04:00:00,28239.55,4,4,8,234,0,0.42128975754382125,0.6907888058140687
2025-08-22 05:00:00,28438.06,5,4,8,234,0,0.4303779155608439,0.6956447077615909
2025-08-22 06:00:00,27918.47,6,4,8,234,0,0.40659011633629716,0.682934627196818
2025-08-22 07:00:00,29157.22,7,4,8,234,0,0.46330240157929126,0.7132366197286458
2025-08-22 08:00:00,32569.89,8,4,8,234,0,0.6195407987378855,0.7967164993279133
2025-08-22 09:00:00,35375.39,9,4,8,234,0,0.747981820937054,0.8653439383172518
2025-08-22 10:00:00,36515.53,10,4,8,234,0,0.8001795564744484,0.8932337577039222
2025-08-22 11:00:00,37506.96,11,4,8,234,0,0.8455690708707847,0.9174858702817871
2025-08-22 12:00:00,38263.86,12,4,8,234,0,0.8802213644735475,0.936000968685291
2025-08-22 13:00:00,38910.65,13,4,8,234,0,0.9098326169234495,0.9518225838212433
2025-08-22 14:00:00,39215.04,14,4,8,234,0,0.9237681588044707,0.9592684958347756
2025-08-22 15:00:00,39010.32,15,4,8,234,0,0.9143956954059271,0.9542606864211604
2025-08-22 16:00:00,38418.88,16,4,8,234,0,0.8873184691826241,0.9397930291351669
2025-08-22 17:00:00,36972.14,17,4,8,234,0,0.8210840138426047,0.904403237267965
2025-08-22 18:00:00,35854.3,18,4,8,234,0,0.7699072138942468,0.8770589149012419
2025-08-22 19:00:00,35640.34,19,4,8,234,0,0.760111726063295,0.87182507891972
2025-08-22 20:00:00,34942.03,20,4,8,234,0,0.7281417919296643,0.8547431944354411
2025-08-22 21:00:00,34366.85,21,4,8,234,0,0.7018089788309233,0.8406732852007637
2025-08-22 22:00:00,33596.62,22,4,8,234,0,0.666546412967988,0.8218321116727801
2025-08-22 23:00:00,33039.17,23,4,8,234,0,0.6410253123353282,0.8081959092615854
2025-08-23 00:00:00,31509.04,0,5,8,235,1,0.5709731072746926,0.7707662520807775
2025-08-23 01:00:00,30227.93,1,5,8,235,1,0.5123215022311792,0.7394280598285475
2025-08-23 02:00:00,29585.64,2,5,8,235,1,0.48291626817368355,0.7237165225665757
2025-08-23 03:00:00,29037.83,3,5,8,235,1,0.4578365047194236,0.7103161314231968
2025-08-23 04:00:00,28251.33,4,5,8,235,1,0.4218290679132764,0.6910769652263996
2025-08-23 05:00:00,27856.41,5,5,8,235,1,0.40374889379568746,0.6814165310058794
2025-08-23 06:00:00,27343.59,6,5,8,235,1,0.3802710377970499,0.6688720564870726
2025-08-23 07:00:00,27978.12,7,5,8,235,1,0.4093210045823068,0.6843937705708026
2025-08-23 08:00:00,29542.15,8,5,8,235,1,0.48092521486573786,0.7226526810689295
2025-08-23 09:00:00,31537.24,9,5,8,235,1,0.5722641558671063,0.7714560734243882
2025-08-23 10:00:00,33043.92,10,5,8,235,1,0.6412427761939795,0.8083121025730091
2025-08-23 11:00:00,34922.57,11,5,8,235,1,0.7272508768371689,0.8542671687848503
2025-08-23 12:00:00,35169.03,12,5,8,235,1,0.7385342752799445,0.8602960116340082
2025-08-23 13:00:00,35435.23,13,5,8,235,1,0.75072140773741,0.8668077294236934
2025-08-23 14:00:00,35538.01,14,5,8,235,1,0.7554268678199729,0.8693219080654059
2025-08-23 15:00:00,35300.39,15,5,8,235,1,0.7445481810636134,0.863509307084245
2025-08-23 16:00:00,34631.15,16,5,8,235,1,0.7139091257449282,0.8471385256658794
2025-08-23 17:00:00,34597.57,17,5,8,235,1,0.7123717707189263,0.8463171001084878
2025-08-23 18:00:00,34097.15,18,5,8,235,1,0.689461609846031,0.8340759512868715
2025-08-23 19:00:00,34148.57,19,5,8,235,1,0.6918157133432619,0.8353337744602208
2025-08-23 20:00:00,33958.62,20,5,8,235,1,0.6831194480904614,0.8306872650907593
2025-08-23 21:00:00,33770.56,21,5,8,235,1,0.6745097105624713,0.8260869884283691
2025-08-23 22:00:00,33132.08,22,5,8,235,1,0.6452789054105467,0.8104686504330342
2025-08-23 23:00:00,31880.57,23,5,8,235,1,0.5879824435704177,0.7798545259740974
2025-08-24 00:00:00,30628.14,0,6,8,236,1,0.530643862414508,0.7492178967053692
2025-08-24 01:00:00,29286.02,1,6,8,236,1,0.46919910578861324,0.7163872930994627
2025-08-24 02:00:00,28343.08,2,6,8,236,1,0.4260295540251188,0.6933213307681112
2025-08-24 03:00:00,27592.0,3,6,8,236,1,0.39164371087653504,0.6749485997482886
2025-08-24 04:00:00,27269.62,4,6,8,236,1,0.37688455324453785,0.6670626208563324
2025-08-24 05:00:00,26675.34,5,6,8,236,1,0.3496773065246941,0.6525254922009827
2025-08-24 06:00:00,26189.33,6,6,8,236,1,0.3274268623261492,0.6406368371936013
2025-08-24 07:00:00,26791.73,7,6,8,236,1,0.35500585778962407,0.6553725952571113
2025-08-24 08:00:00,28404.92,8,6,8,236,1,0.42886070455543285,0.6948340453740995
2025-08-24 09:00:00,30141.04,9,6,8,236,1,0.5083435159831359,0.7373025783907349
2025-08-24 10:00:00,31587.91,10,6,8,236,1,0.5745839229656027,0.7726955502854075
2025-08-24 11:00:00,32987.59,11,6,8,236,1,0.6386638837397006,0.8069341722082721
2025-08-24 12:00:00,34028.3,12,6,8,236,1,0.6863095284422126,0.8323917598149714
2025-08-24 13:00:00,34747.84,13,6,8,236,1,0.7192514115693518,0.8499929672469401
2025-08-24 14:00:00,34244.19,14,6,8,236,1,0.6961933752725739,0.8376728069735556
2025-08-24 15:00:00,33735.25,15,6,8,236,1,0.6728931529100556,0.8252232440438697
2025-08-24 16:00:00,32954.5,16,6,8,236,1,0.6371489618275388,0.8061247329082696
2025-08-24 17:00:00,33134.57,17,6,8,236,1,0.6453929022543448,0.8105295601899699
2025-08-24 18:00:00,33002.07,18,6,8,236,1,0.6393268051445997,0.8072883783449913
2025-08-24 19:00:00,33382.88,19,6,8,236,1,0.6567609971473318,0.8166036572762085
2025-08-24 20:00:00,33088.32,20,6,8,236,1,0.6432754909990565,0.8093982042629491
2025-08-24 21:00:00,32870.22,21,6,8,236,1,0.6332904662470912,0.8040630966373655
2025-08-24 22:00:00,32390.54,22,6,8,236,1,0.6113298212538646,0.79232928450605
2025-08-24 23:00:00,31066.42,23,6,8,236,1,0.5507091381975954,0.759938992396065
2025-08-25 00:00:00,29823.26,0,0,8,237,0,0.49379495493004294,0.7295291235477365
2025-08-25 01:00:00,28853.79,1,0,8,237,0,0.4494108102886501,0.7058141909948961
2025-08-25 02:00:00,28126.11,2,0,8,237,0,0.41609626278057993,0.6880138649197716
2025-08-25 03:00:00,27673.05,3,0,8,237,0,0.3953543310330998,0.6769312245674245
2025-08-25 04:00:00,27439.19,4,0,8,237,0,0.38464778408906214,0.6712105997654118
2025-08-25 05:00:00,27297.0,5,0,8,237,0,0.3781380607076686,0.6677323835651288
2025-08-25 06:00:00,27667.39,6,0,8,237,0,0.3950952056773175,0.6767927710637069
2025-08-25 07:00:00,28975.91,7,0,8,237,0,0.455001691639911,0.7088014598772264
2025-08-25 08:00:00,32451.66,8,0,8,237,0,0.6141280088413937,0.7938243866522016
2025-08-25 09:00:00,35758.26,9,0,8,237,0,0.7655103235816435,0.8747096084530023
2025-08-25 10:00:00,36961.03,10,0,8,237,0,0.8205753773226856,0.9041314672279822
2025-08-25 11:00:00,38046.94,11,0,8,237,0,0.8702903623222576,0.9306947259244401
2025-08-25 12:00:00,38841.66,12,0,8,237,0,0.906674126058534,0.9501349677043749
2025-08-25 13:00:00,38982.92,13,0,8,237,0,0.9131412723054968,0.9535904344773686
2025-08-25 14:00:00,39868.89,14,0,8,237,0,0.9537026312211259,0.9752628109241281
2025-08-25 15:00:00,39744.28,15,0,8,237,0,0.9479977530260667,0.9722146322848619
2025-08-25 16:00:00,39178.45,16,0,8,237,0,0.9220930003648813,0.9583734404105659
2025-08-25 17:00:00,37866.47,17,0,8,237,0,0.8620281091494599,0.9262801139428304
2025-08-25 18:00:00,36424.13,18,0,8,237,0,0.7959950940153486,0.8909979537746313
2025-08-25 19:00:00,36419.9,19,0,8,237,0,0.7958014367264868,0.8908944805730898
2025-08-25 20:00:00,35760.99,20,0,8,237,0,0.7656353080730366,0.8747763890298836
2025-08-25 21:00:00,35047.36,21,0,8,237,0,0.7329639957679244,0.8573197505390758
2025-08-25 22:00:00,34109.84,22,0,8,237,0,0.690042581712617,0.8343863708914961
2025-08-25 23:00:00,33058.4,23,0,8,237,0,0.6419056975988786,0.8086663087097283
2025-08-26 00:00:00,31375.08,0,1,8,238,0,0.5648401686420779,0.7674893560811299
2025-08-26 01:00:00,30332.26,1,1,8,238,0,0.5170979242044599,0.7419801541824087
2025-08-26 02:00:00,29719.85,2,1,8,238,0,0.48906065227254303,0.7269995340036668
2025-08-26 03:00:00,29508.59,3,1,8,238,0,0.47938877547703557,0.7218317447465334
2025-08-26 04:00:00,29269.95,4,1,8,238,0,0.46846339121839736,0.7159941927806038
2025-08-26 05:00:00,29281.01,5,1,8,238,0,0.4689697386450673,0.7162647397330978
2025-08-26 06:00:00,28790.77,6,1,8,238,0,0.4465256371576604,0.704272611524175
2025-08-26 07:00:00,29365.88,7,1,8,238,0,0.47285524552585284,0.7183408084363683
2025-08-26 08:00:00,33347.98,8,1,8,238,0,0.6551632100595578,0.8157499422091162
2025-08-26 09:00:00,36053.07,9,1,8,238,0,0.7790072751961638,0.8819211769037051
2025-08-26 10:00:00,37421.5,10,1,8,238,0,0.8416565526896617,0.9153953691461504
2025-08-26 11:00:00,38536.77,11,1,8,238,0,0.892715693245023,0.9426768248159558
2025-08-26 12:00:00,39094.86,12,1,8,238,0,0.9182660942712694,0.9563286827470056
2025-08-26 13:00:00,39959.0,13,1,8,238,0,0.9578280350744023,0.9774670591962114
2025-08-26 14:00:00,40238.29,14,1,8,238,0,0.9706144521444454,0.9842989812904307
2025-08-26 15:00:00,39645.19,15,1,8,238,0,0.9434612280252771,0.9697907174998135
2025-08-26 16:00:00,38724.16,16,1,8,238,0,0.901294756923477,0.9472607121059977
2025-08-26 17:00:00,37193.94,17,1,8,238,0,0.8312384314949931,0.9098288533677102
2025-08-26 18:00:00,35848.25,18,1,8,238,0,0.7696302336111224,0.8769109213151126
2025-08-26 19:00:00,35397.63,19,1,8,238,0,0.7490000096141914,0.8658879676322127
2025-08-26 20:00:00,34919.77,20,1,8,238,0,0.727122687615227,0.8541986758854847
2025-08-26 21:00:00,34156.69,21,1,8,238,0,0.6921874620868932,0.8355324038683811
2025-08-26 22:00:00,33437.2,22,1,8,238,0,0.6592478680530024,0.8179324195239008
2025-08-26 23:00:00,32502.92,23,1,8,238,0,0.6164747872402279,0.7950782959455872
2025-08-27 00:00:00,30942.91,0,2,8,239,0,0.5450546200540134,0.7569177216815496
2025-08-27 01:00:00,30045.83,1,2,8,239,0,0.5039846246184655,0.7349735751948073
2025-08-27 02:00:00,29821.56,2,2,8,239,0,0.49371712575957843,0.7294875385731217
2025-08-27 03:00:00,29264.22,3,2,8,239,0,0.46820106113206655,0.715854026954402
2025-08-27 04:00:00,28864.96,4,2,8,239,0,0.4499221937204678,0.7060874287398652
2025-08-27 05:00:00,29067.2,5,2,8,239,0,0.4591811180938629,0.7110345730140423
2025-08-27 06:00:00,29045.2,6,2,8,239,0,0.45817391706432037,0.7104964145190269
2025-08-27 07:00:00,30399.74,7,2,8,239,0,0.520187284453257,0.7436308330571194
2025-08-27 08:00:00,33226.8,8,2,8,239,0,0.6496153636613773,0.8127856673715728
2025-08-27 09:00:00,35630.05,9,2,8,239,0,0.7596406306726593,0.8715733675145517
2025-08-27 10:00:00,36703.18,10,2,8,239,0,0.8087705234377969,0.8978240050489051
2025-08-27 11:00:00,37857.53,11,2,8,239,0,0.8616188192765457,0.926061425899856
2025-08-27 12:00:00,37437.17,12,2,8,239,0,0.8423739545138857,0.9157786847650998
2025-08-27 13:00:00,37883.22,13,2,8,239,0,0.8627949553878617,0.9266898482515353
2025-08-27 14:00:00,37529.52,14,2,8,239,0,0.8466019097447155,0.9180377273566754
2025-08-27 15:00:00,37285.28,15,2,8,239,0,0.8354201470421938,0.9120631895920146
2025-08-27 16:00:00,36505.83,16,2,8,239,0,0.7997354723841502,0.8929964787311201
2025-08-27 17:00:00,35427.7,17,2,8,239,0,0.7503766702941163,0.8666235324478995
2025-08-27 18:00:00,34774.73,18,2,8,239,0,0.720482485918643,0.8506507436983476
2025-08-27 19:00:00,34753.6,19,2,8,239,0,0.7195151151116321,0.850133866925635
2025-08-27 20:00:00,34267.92,20,2,8,239,0,0.6972797789285303,0.8382532842956789
2025-08-27 21:00:00,33473.59,21,2,8,239,0,0.6609138701195958,0.8188225825981558
2025-08-27 22:00:00,32581.69,22,2,8,239,0,0.6200810247446401,0.7970051479752398
2025-08-27 23:00:00,31818.28,23,2,8,239,0,0.5851306912008628,0.7783308035807108
2025-08-28 00:00:00,30322.92,0,3,8,240,0,0.516670321585554,0.741751681439525
2025-08-28 01:00:00,29500.58,1,3,8,240,0,0.4790220627385522,0.7216358061308483
2025-08-28 02:00:00,28899.81,2,3,8,240,0,0.4515176917149933,0.706939920719469
2025-08-28 03:00:00,28816.98,3,3,8,240,0,0.44772557983876543,0.7049137539857363
2025-08-28 04:00:00,28691.44,4,3,8,240,0,0.4419781245092756,0.7018428259191808
2025-08-28 05:00:00,28502.63,5,3,8,240,0,0.43333405058255137,0.6972242029444609
2025-08-28 06:00:00,28735.09,6,3,8,240,0,0.4439765029156181,0.7029105812967907
2025-08-28 07:00:00,30449.13,7,3,8,240,0,0.5224484507645801,0.7448389988784287
2025-08-28 08:00:00,33331.29,8,3,8,240,0,0.6543991107330547,0.8153416756053977
2025-08-28 09:00:00,35545.79,9,3,8,240,0,0.7557830507295111,0.8695122204786431
2025-08-28 10:00:00,36933.77,10,3,8,240,0,0.8193273636833522,0.9034646399291587
2025-08-28 11:00:00,37983.45,11,3,8,240,0,0.8673836717147275,0.9291416494313254
2025-08-28 12:00:00,38048.77,12,3,8,240,0,0.8703741431351694,0.9307394909265253
2025-08-28 13:00:00,39058.6,13,3,8,240,0,0.9166060438471233,0.9554416997002212
2025-08-28 14:00:00,39183.23,14,3,8,240,0,0.9223118376794822,0.958490367574483
2025-08-28 15:00:00,39182.12,15,3,8,240,0,0.9222610198093553,0.9584632150322345
2025-08-28 16:00:00,38510.61,16,3,8,240,0,0.891518039657167,0.9420369054418831
2025-08-28 17:00:00,37194.82,17,3,8,240,0,0.8312787195361747,0.9098503797075108
2025-08-28 18:00:00,36166.23,18,3,8,240,0,0.7841879510372112,0.8846892685080657
2025-08-28 19:00:00,36152.45,19,3,8,240,0,0.7835570769377974,0.8843521855961878
2025-08-28 20:00:00,35471.68,20,3,8,240,0,0.752390156715902,0.8676993602029347
2025-08-28 21:00:00,34797.54,21,3,8,240,0,0.7215267702588186,0.8512087162106793
2025-08-28 22:00:00,33880.46,22,3,8,240,0,0.6795411375236863,0.8287753347284684
2025-08-28 23:00:00,32950.88,23,3,8,240,0,0.636983231476314,0.8060361813740897
2025-08-29 00:00:00,31383.96,0,4,8,241,0,0.5652467116030931,0.7677065764191178
2025-08-29 01:00:00,30321.25,1,4,8,241,0,0.5165938658710388,0.7417108303174034
2025-08-29 02:00:00,29816.86,2,4,8,241,0,0.4935019509941761,0.7293725683491866
2025-08-29 03:00:00,29547.47,3,4,8,241,0,0.4811687743874273,0.7227828175777241
2025-08-29 04:00:00,28875.65,4,4,8,241,0,0.45041160185709567,0.706348924844943
2025-08-29 05:00:00,29205.9,5,4,8,241,0,0.46553106276647915,0.7144274177076161
2025-08-29 06:00:00,29207.0,6,4,8,241,0,0.4655814228179562,0.7144543256323668
2025-08-29 07:00:00,30655.19,7,4,8,241,0,0.5318822618621956,0.7498795870367403
2025-08-29 08:00:00,33315.0,8,4,8,241,0,0.6536533241525433,0.8149431937015886
2025-08-29 09:00:00,36008.06,9,4,8,241,0,0.7769466334534495,0.8808201535464032
2025-08-29 10:00:00,36869.0,10,4,8,241,0,0.8163620722886491,0.9018802523963342
2025-08-29 11:00:00,38284.07,11,4,8,241,0,0.8811466159647772,0.9364953406482118
2025-08-29 12:00:00,38357.23,12,4,8,241,0,0.8844960172066563,0.9382849622616356
2025-08-29 13:00:00,39025.57,13,4,8,241,0,0.9150938688468601,0.9546337281052051
2025-08-29 14:00:00,39968.31,14,4,8,241,0,0.9582542642373587,0.9776947980866019
2025-08-29 15:00:00,39367.88,15,4,8,241,0,0.9307654590478927,0.9630072296701454
2025-08-29 16:00:00,38754.59,16,4,8,241,0,0.9026878990747941,0.9480050831516028
2025-08-29 17:00:00,37237.26,17,4,8,241,0,0.8332217018858924,0.9108885363678949
2025-08-29 18:00:00,36032.86,18,4,8,241,0,0.7780820237049341,0.8814268049407842
2025-08-29 19:00:00,35702.68,19,4,8,241,0,0.7629657675260991,0.8733500244005954
2025-08-29 20:00:00,35303.12,20,4,8,241,0,0.7446731655550067,0.8635760876611265
2025-08-29 21:00:00,34608.65,21,4,8,241,0,0.7128790337828961,0.8465881362959774
2025-08-29 22:00:00,33855.59,22,4,8,241,0,0.6784025425416533,0.8281669710116033
2025-08-29 23:00:00,33190.99,23,4,8,241,0,0.6479759150764717,0.8119096921121864
2025-08-30 00:00:00,31899.43,0,5,8,242,1,0.5888458895439257,0.7803158745748242
2025-08-30 01:00:00,30836.61,1,5,8,242,1,0.5401880078067236,0.7543174376806348
2025-08-30 02:00:00,30212.91,2,5,8,242,1,0.5116338586191914,0.7390606443469507
2025-08-30 03:00:00,29234.19,3,5,8,242,1,0.4668262317267408,0.7151194406087061
2025-08-30 04:00:00,28522.74,4,5,8,242,1,0.4342547238872833,0.6977161287324044
2025-08-30 05:00:00,28282.82,5,5,8,242,1,0.4232707388414716,0.6918472657267647
2025-08-30 06:00:00,27646.26,6,5,8,242,1,0.3941278348703068,0.6762758942909944
2025-08-30 07:00:00,27861.39,7,5,8,242,1,0.40397688748328386,0.681538350519751
2025-08-30 08:00:00,30156.52,8,5,8,242,1,0.5090522192530139,0.7376812462772274
2025-08-30 09:00:00,31924.58,9,5,8,242,1,0.5899973034481528,0.7809310875816258
2025-08-30 10:00:00,33249.39,10,5,8,242,1,0.6506495759912575,0.8133382582989543
2025-08-30 11:00:00,34887.7,11,5,8,242,1,0.7256544632053439,0.853414187570251
2025-08-30 12:00:00,35068.61,12,5,8,242,1,0.7339368603987325,0.857839562721761
2025-08-30 13:00:00,35405.98,13,5,8,242,1,0.7493822881867681,0.8660922232428209
2025-08-30 14:00:00,35746.7,14,5,8,242,1,0.7649810852224836,0.8744268306256214
2025-08-30 15:00:00,34981.91,15,5,8,242,1,0.7299675727050353,0.8557187290164053
2025-08-30 16:00:00,34583.33,16,5,8,242,1,0.7117198369616224,0.8459687647917143
2025-08-30 17:00:00,33703.35,17,5,8,242,1,0.6714327114172187,0.8244429142260974
2025-08-30 18:00:00,33564.11,18,5,8,242,1,0.6650580445375139,0.8210368601876461
2025-08-30 19:00:00,33950.17,19,5,8,242,1,0.6827325913313869,0.8304805633051737
2025-08-30 20:00:00,33593.92,20,5,8,242,1,0.666422801932544,0.8217660649483918
2025-08-30 21:00:00,33288.42,21,5,8,242,1,0.6524364421813958,0.814293000392611
2025-08-30 22:00:00,32667.87,22,5,8,242,1,0.6240265058685482,0.7991132615707134
2025-08-30 23:00:00,31499.84,23,5,8,242,1,0.5705519141168839,0.7705412039828621
2025-08-31 00:00:00,30212.08,0,6,8,243,1,0.5115958596712589,0.7390403410946389
2025-08-31 01:00:00,28878.99,1,6,8,243,1,0.4505645132861262,0.7064306270891864
2025-08-31 02:00:00,27885.79,2,6,8,243,1,0.40509396498877664,0.6821352172142225
2025-08-31 03:00:00,27525.41,3,6,8,243,1,0.3885950964875695,0.6733196918308764
2025-08-31 04:00:00,27169.48,4,6,8,243,1,0.37229995728551996,0.6646130212340219
2025-08-31 05:00:00,26887.27,5,6,8,243,1,0.3593798571697377,0.6577096708304642
2025-08-31 06:00:00,26292.18,6,6,8,243,1,0.3321355271392607,0.6431527281577979
2025-08-31 07:00:00,26898.91,7,6,8,243,1,0.35991275807809564,0.6579944055978267
2025-08-31 08:00:00,28014.09,8,6,8,243,1,0.410967778265609,0.6852736597101527
2025-08-31 09:00:00,29597.66,9,6,8,243,1,0.48346656619073364,0.7240105527988522
2025-08-31 10:00:00,31372.92,10,6,8,243,1,0.5647412798137227,0.7674365187016192
2025-08-31 11:00:00,32688.28,11,6,8,243,1,0.624960913732774,0.7996125258835889
2025-08-31 12:00:00,33156.64,12,6,8,243,1,0.6464033080144359,0.8110694310074693
2025-08-31 13:00:00,33778.04,13,6,8,243,1,0.6748521589125159,0.8262699623166745
2025-08-31 14:00:00,33667.24,14,6,8,243,1,0.6697795282728195,0.8235596004417791
2025-08-31 15:00:00,32675.9,15,6,8,243,1,0.6243941342443314,0.799309689421394
2025-08-31 16:00:00,32321.45,16,6,8,243,1,0.6081667522024511,0.7906392222142042
2025-08-31 17:00:00,32558.98,17,6,8,243,1,0.6190413185909623,0.7964496216378854
2025-08-31 18:00:00,32895.19,18,6,8,243,1,0.634433639415622,0.804673906529208
2025-08-31 19:00:00,33324.84,19,6,8,243,1,0.6541038177039386,0.815183897319359
2025-08-31 20:00:00,33153.57,20,6,8,243,1,0.6462627576889497,0.810994333435665
2025-08-31 21:00:00,33271.07,21,6,8,243,1,0.6516421268240067,0.8138685890340421
2025-08-31 22:00:00,32476.41,22,6,8,243,1,0.6152611099996291,0.7944298149590938
2025-08-31 23:00:00,30889.51,23,6,8,243,1,0.5426098684641236,0.7556114642436488
2025-09-01 00:00:00,29449.48,0,0,9,244,0,0.4766826094381146,0.7203858107174264
2025-09-01 01:00:00,29019.34,1,0,9,244,0,0.456989998035958,0.7098638336698863
2025-09-01 02:00:00,28655.06,2,0,9,244,0,0.44031258026133213,0.7009529074624237
2025-09-01 03:00:00,27891.17,3,0,9,244,0,0.4053402714223646,0.6822668214280035
2025-09-01 04:00:00,27618.94,4,0,9,244,0,0.3928770743190748,0.6756075992871845
2025-09-01 05:00:00,27455.56,5,0,9,244,0,0.3853972332187719,0.6716110386092028
2025-09-01 06:00:00,28209.03,6,0,9,244,0,0.41989249502465575,0.6900422332109838
2025-09-01 07:00:00,29279.11,7,0,9,244,0,0.46888275310160693,0.7162182624085284
2025-09-01 08:00:00,32648.05,8,0,9,244,0,0.6231191093046604,0.7986284296902041
2025-09-01 09:00:00,35293.14,9,0,9,244,0,0.7442162625425142,0.8633319593983877
2025-09-01 10:00:00,36614.01,10,0,9,244,0,0.8046881545376009,0.895642750821609
2025-09-01 11:00:00,37952.02,11,0,9,244,0,0.865944747698431,0.9283728166359467
2025-09-01 12:00:00,37711.45,12,0,9,244,0,0.854931004440383,0.9224880534929543
2025-09-01 13:00:00,37564.79,13,0,9,244,0,0.8482166361225324,0.9189004932711842
2025-09-01 14:00:00,37602.71,14,0,9,244,0,0.8499526844425439,0.9198280828225923
2025-09-01 15:00:00,37550.18,15,0,9,244,0,0.8475477630751862,0.9185431071069945
2025-09-01 16:00:00,37193.68,16,0,9,244,0,0.8312265282100985,0.9098224933127691
2025-09-01 17:00:00,36087.51,17,0,9,244,0,0.7805840026260479,0.8827636395659018
2025-09-01 18:00:00,35233.2,18,0,9,244,0,0.7414720975556602,0.8618657221169687
2025-09-01 19:00:00,35504.53,19,0,9,244,0,0.7538940909804689,0.8685029286829916
2025-09-01 20:00:00,34864.23,20,0,9,244,0,0.7245799628342822,0.8528400703030689
2025-09-01 21:00:00,34187.95,21,0,9,244,0,0.693618603186143,0.8362970781662982
2025-09-01 22:00:00,33249.17,22,0,9,244,0,0.6506395039809619,0.8133328767140041
2025-09-01 23:00:00,32226.68,23,0,9,244,0,0.6038280048583715,0.7883209821881769
2025-09-02 00:00:00,30942.44,0,1,9,245,0,0.5450331025774732,0.756906224659156
2025-09-02 01:00:00,30345.35,1,1,9,245,0,0.5176972088170377,0.7423003584869429
2025-09-02 02:00:00,29961.46,2,1,9,245,0,0.5001220086701695,0.7329097373664235
2025-09-02 03:00:00,29564.84,3,1,9,245,0,0.48196400538211603,0.7232077181712885
2025-09-02 04:00:00,29243.51,4,1,9,245,0,0.467252918708347,0.7153474241165945
2025-09-02 05:00:00,29122.28,5,1,9,245,0,0.46170278321691766,0.7123819261915624
2025-09-02 06:00:00,29206.56,6,1,9,245,0,0.4655612787973654,0.7144435624624665
2025-09-02 07:00:00,30115.0,7,1,9,245,0,0.5071513562190773,0.7366655944266349
2025-09-02 08:00:00,32924.06,8,1,9,245,0,0.6357553618575715,0.8053801172451666
2025-09-02 09:00:00,35712.73,9,1,9,245,0,0.7634258752691403,0.8735958649858183
2025-09-02 10:00:00,36913.8,10,1,9,245,0,0.8184130998397178,0.9029761387861835
2025-09-02 11:00:00,38173.12,11,1,9,245,0,0.8760671180453342,0.9337813095108507
2025-09-02 12:00:00,38329.43,12,1,9,245,0,0.8832232813602341,0.9376049256179344
2025-09-02 13:00:00,38160.23,13,1,9,245,0,0.8754769898057522,0.9334659975562712
2025-09-02 14:00:00,38096.24,14,1,9,245,0,0.8725474082657324,0.9319006901882698
2025-09-02 15:00:00,37438.48,15,1,9,245,0,0.8424339287570087,0.9158107296573031
2025-09-02 16:00:00,36998.64,16,1,9,245,0,0.8222972332645536,0.9050514736369607
2025-09-02 17:00:00,36020.51,17,1,9,245,0,0.7775166176724408,0.8811247023310824
2025-09-02 18:00:00,35014.17,18,1,9,245,0,0.7314444956692644,0.8565078650640958
2025-09-02 19:00:00,35225.54,19,1,9,245,0,0.7411214084699197,0.8616783451137043
2025-09-02 20:00:00,34452.0,20,1,9,245,0,0.705707304633903,0.8427562031939706
2025-09-02 21:00:00,33797.84,21,1,9,245,0,0.675758639839104,0.8267543049621882
2025-09-02 22:00:00,32950.64,22,1,9,245,0,0.636972243828719,0.8060303105541442
2025-09-02 23:00:00,31933.55,23,1,9,245,0,0.5904079667770161,0.7811505094770934
2025-09-03 00:00:00,30229.51,0,2,9,246,0,0.5123938375778463,0.7394667093931896
2025-09-03 01:00:00,29587.25,1,2,9,246,0,0.4829899769763001,0.7237559059837109
2025-09-03 02:00:00,29046.32,2,2,9,246,0,0.45822519275309703,0.7105238116787732
2025-09-03 03:00:00,28741.84,3,2,9,246,0,0.44428553050422775,0.7030756981077613
2025-09-03 04:00:00,28756.42,4,2,9,246,0,0.4449530300956245,0.7034323504194578
2025-09-03 05:00:00,28280.8,5,2,9,246,0,0.42317825947421356,0.6917978529922223
2025-09-03 06:00:00,28413.15,6,2,9,246,0,0.42923748930421185,0.6950353655747349
2025-09-03 07:00:00,29775.46,7,2,9,246,0,0.4916065817840368,0.7283598519085668
2025-09-03 08:00:00,32881.92,8,2,9,246,0,0.6338261140673478,0.8043492991097145
2025-09-03 09:00:00,35133.93,9,2,9,246,0,0.7369273318191745,0.859437404216961
2025-09-03 10:00:00,36641.86,10,2,9,246,0,0.8059631794772718,0.8963240105527989
2025-09-03 11:00:00,37856.82,11,2,9,246,0,0.8615863141524105,0.9260440580575169
2025-09-03 12:00:00,37686.21,12,2,9,246,0,0.8537754701683078,0.9218706389286732
2025-09-03 13:00:00,38700.18,13,2,9,246,0,0.9001969078012755,0.946674119346431
2025-09-03 14:00:00,39026.19,14,2,9,246,0,0.9151222536031473,0.9546488943900646
2025-09-03 15:00:00,38456.91,15,2,9,246,0,0.8890595535077838,0.9407233094790504
2025-09-03 16:00:00,37743.67,16,2,9,246,0,0.8564060961300131,0.923276211070654
2025-09-03 17:00:00,36550.0,17,2,9,246,0,0.8017576573602817,0.8940769542186122
2025-09-03 18:00:00,35556.71,18,2,9,246,0,0.756282988695084,0.8697793427861688
2025-09-03 19:00:00,35511.88,19,2,9,246,0,0.7542305876880661,0.8686827225438262
2025-09-03 20:00:00,34943.87,20,2,9,246,0,0.7282260305612263,0.8547882040550243
2025-09-03 21:00:00,34214.28,21,2,9,246,0,0.6948240396910456,0.8369411560378325
2025-09-03 22:00:00,33344.66,22,2,9,246,0,0.6550112142678268,0.8156687291998684
2025-09-03 23:00:00,32442.49,23,2,9,246,0,0.6137081891395345,0.7936000724067793
2025-09-04 00:00:00,30630.78,0,3,9,247,0,0.5307647265380532,0.749282475724771
2025-09-04 01:00:00,29992.49,1,3,9,247,0,0.5015426199404744,0.7336687854618928
2025-09-04 02:00:00,29513.15,2,3,9,247,0,0.47959754078134087,0.7219432903255003
2025-09-04 03:00:00,29253.16,3,3,9,247,0,0.46769471370539645,0.715583480001908
2025-09-04 04:00:00,28910.46,4,3,9,247,0,0.4520052685770218,0.7072004383545559
2025-09-04 05:00:00,28501.93,5,3,9,247,0,0.4333020032770659,0.6972070797196194
2025-09-04 06:00:00,28148.24,6,3,9,247,0,0.41710941545256985,0.6885552034422574
2025-09-04 07:00:00,29657.54,7,3,9,247,0,0.4862079842656887,0.7254753223752848
2025-09-04 08:00:00,32679.25,8,3,9,247,0,0.6245475034920117,0.7993916362831349
2025-09-04 09:00:00,35995.65,9,3,9,247,0,0.7763784805090578,0.8805165832317151
2025-09-04 10:00:00,37002.99,10,3,9,247,0,0.8224963843772132,0.905157882248475
2025-09-04 11:00:00,37912.3,11,3,9,247,0,0.8641262920214571,0.9274011959349464
2025-09-04 12:00:00,38473.57,12,3,9,247,0,0.8898222793783371,0.9411308422302755
2025-09-04 13:00:00,39083.09,13,3,9,247,0,0.9177272417204639,0.9560407679521723
2025-09-04 14:00:00,39363.5,14,3,9,247,0,0.9305649344792839,0.962900087206138
2025-09-04 15:00:00,38533.78,15,3,9,247,0,0.8925788054687352,0.9426036841841333
2025-09-04 16:00:00,37651.96,16,3,9,247,0,0.8522074412927699,0.9210328239989334
2025-09-04 17:00:00,36302.99,17,3,9,247,0,0.7904490788917674,0.8880346574070789
2025-09-04 18:00:00,35603.59,18,3,9,247,0,0.7584292425253092,0.8709261096155468
2025-09-04 19:00:00,35659.23,19,3,9,247,0,0.7609765454927526,0.8722871613729403
2025-09-04 20:00:00,35159.74,20,3,9,247,0,0.7381089617542876,0.860068761978613
2025-09-04 21:00:00,34346.24,21,3,9,247,0,0.7008654145937019,0.8401691285379334
2025-09-04 22:00:00,33496.95,22,3,9,247,0,0.6619833344855102,0.8193940090728629
2025-09-04 23:00:00,32565.16,23,3,9,247,0,0.6193242505165338,0.7966007952514851
2025-09-05 00:00:00,31345.9,0,4,9,248,0,0.5635042538219845,0.7667755622227413
2025-09-05 01:00:00,30491.37,1,4,9,248,0,0.5243822767413018,0.7458722631888581
2025-09-05 02:00:00,29923.33,2,4,9,248,0,0.49837634615851245,0.731977010847563
2025-09-05 03:00:00,29322.15,3,4,9,248,0,0.4708532045703121,0.7172710961187765
2025-09-05 04:00:00,28827.87,4,4,9,248,0,0.448224144348389,0.7051801424407689
2025-09-05 05:00:00,28967.86,5,4,9,248,0,0.4546331476268284,0.7086045427915504
2025-09-05 06:00:00,29088.97,6,4,9,248,0,0.4601777892944603,0.7115671053066097
2025-09-05 07:00:00,29851.32,7,4,9,248,0,0.4950795940613596,0.7302155202463787
2025-09-05 08:00:00,33075.71,8,4,9,248,0,0.6426981816816686,0.8090897415983063
2025-09-05 09:00:00,35915.36,9,4,9,248,0,0.7727026545698771,0.878552549342407
2025-09-05 10:00:00,36855.13,10,4,9,248,0,0.8157270778213874,0.9015409679269767
2025-09-05 11:00:00,37970.97,11,4,9,248,0,0.8668123140397872,0.9288363667941532
2025-09-05 12:00:00,38252.84,12,4,9,248,0,0.8797168483214763,0.9357314002027878
2025-09-05 13:00:00,38614.73,13,4,9,248,0,0.8962848474388023,0.944583862828292
2025-09-05 14:00:00,39356.9,14,4,9,248,0,0.9302627741704211,0.9627386396576334
2025-09-05 15:00:00,39012.88,15,4,9,248,0,0.9145128969802738,0.9543233085005802
2025-09-05 16:00:00,38401.09,16,4,9,248,0,0.8865040098046439,0.9393578546066977
2025-09-05 17:00:00,36847.86,17,4,9,248,0,0.8153942436629887,0.901363131006124
2025-09-05 18:00:00,35655.09,18,4,9,248,0,0.7607870085717384,0.8721858897288781
2025-09-05 19:00:00,35714.13,19,4,9,248,0,0.7634899698801109,0.873630111435501
2025-09-05 20:00:00,35162.3,20,4,9,248,0,0.7382261633286347,0.8601313840580331
2025-09-05 21:00:00,34516.66,21,4,9,248,0,0.7086675600234588,0.8443378999343203
2025-09-05 22:00:00,33967.13,22,4,9,248,0,0.6835090517614342,0.830895434581331
2025-09-05 23:00:00,33080.79,23,4,9,248,0,0.642930753555763,0.8092140072871552
2025-09-06 00:00:00,31821.23,0,5,9,249,1,0.5852657477025516,0.7784029657425425
2025-09-06 01:00:00,30804.85,1,5,9,249,1,0.5387339757749839,0.7535405325078307
2025-09-06 02:00:00,30239.94,2,5,9,249,1,0.5128713424295794,0.7397218454433263
2025-09-06 03:00:00,29866.86,3,5,9,249,1,0.4957910442431365,0.7305956558378577
2025-09-06 04:00:00,29263.2,4,5,9,249,1,0.46815436362978774,0.7158290759696332
2025-09-06 05:00:00,28725.47,5,5,9,249,1,0.44353608137451817,0.7026752592639705
2025-09-06 06:00:00,27966.12,6,5,9,249,1,0.4087716222025563,0.6841002295735216
2025-09-06 07:00:00,28637.0,7,5,9,249,1,0.4394857597798075,0.7005111282615156
2025-09-06 08:00:00,30206.15,8,5,9,249,1,0.5113243732119321,0.7388952829184825
2025-09-06 09:00:00,32496.74,9,5,9,249,1,0.6161918553146565,0.7949271223319876
2025-09-06 10:00:00,34007.87,10,5,9,249,1,0.6853742049406873,0.8318920062671004
2025-09-06 11:00:00,34982.41,11,5,9,249,1,0.729990463637525,0.855730959891292
2025-09-06 12:00:00,36303.48,12,5,9,249,1,0.7904715120056075,0.8880466436644681
2025-09-06 13:00:00,36813.94,13,5,9,249,1,0.813841322802894,0.9005333884538095
2025-09-06 14:00:00,36578.01,14,5,9,249,1,0.8030400073983495,0.8947621278297658
2025-09-06 15:00:00,36165.85,15,5,9,249,1,0.7841705539285189,0.8846799730431517
2025-09-06 16:00:00,35443.55,16,5,9,249,1,0.751102312854037,0.8670112511818083
2025-09-06 17:00:00,34829.49,17,5,9,249,1,0.7229895008449042,0.85199026911594
2025-09-06 18:00:00,34506.7,18,5,9,249,1,0.7082115726482655,0.8440942609065768
2025-09-06 19:00:00,34713.34,19,5,9,249,1,0.7176719372275691,0.849149036879757
2025-09-06 20:00:00,34527.78,20,5,9,249,1,0.7091766543620274,0.8446099145918006
2025-09-06 21:00:00,34305.31,21,5,9,249,1,0.6989915628601029,0.8391679091197072
2025-09-06 22:00:00,33640.46,22,5,9,249,1,0.6685534899286764,0.8229045147828469
2025-09-06 23:00:00,32684.64,23,5,9,249,1,0.6247942677442496,0.7995234851144136
2025-09-07 00:00:00,31163.1,0,6,9,250,1,0.5551353289037853,0.7623039543641595
2025-09-07 01:00:00,30047.01,1,6,9,250,1,0.5040386472191408,0.7350024400595399
2025-09-07 02:00:00,28861.57,2,6,9,250,1,0.4497669931981883,0.7060045034081333
2025-09-07 03:00:00,28105.72,3,6,9,250,1,0.4151627705536539,0.6875150898418915
2025-09-07 04:00:00,28053.24,4,6,9,250,1,0.41276013827954505,0.6862313372137823
2025-09-07 05:00:00,27997.85,5,6,9,250,1,0.4102242807783466,0.6848764008938323
2025-09-07 06:00:00,27562.12,6,6,9,250,1,0.3902757487509562,0.6742176826650587
2025-09-07 07:00:00,27617.19,7,6,9,250,1,0.3927969560553612,0.6755647912250811
2025-09-07 08:00:00,28967.76,8,6,9,250,1,0.45462856944033037,0.708602096616573
2025-09-07 09:00:00,30223.85,9,6,9,250,1,0.512134712222064,0.7393282558894719
2025-09-07 10:00:00,31731.42,10,6,9,250,1,0.5811540784087688,0.7762060559953914
2025-09-07 11:00:00,32892.58,11,6,9,250,1,0.6343141487480263,0.8046100613622993
2025-09-07 12:00:00,33905.45,12,6,9,250,1,0.6806852263295167,0.8293866338553062
2025-09-07 13:00:00,34325.52,13,6,9,250,1,0.6999168143513326,0.839662281082628
2025-09-07 14:00:00,33865.48,14,6,9,250,1,0.678855325186298,0.8284088977168627
2025-09-07 15:00:00,33629.41,15,6,9,250,1,0.6680476003206564,0.8226342124478506
2025-09-07 16:00:00,32640.88,16,6,9,250,1,0.6227908533327595,0.7984530389443287
2025-09-07 17:00:00,32220.86,17,6,9,250,1,0.6035615544041926,0.7881786148044956
2025-09-07 18:00:00,32206.88,18,6,9,250,1,0.6029215239317832,0.7878366395426631
2025-09-07 19:00:00,32491.19,19,6,9,250,1,0.6159377659640218,0.794791359620745
2025-09-07 20:00:00,32293.68,20,6,9,250,1,0.6068953898119784,0.7899599194229963
2025-09-07 21:00:00,32421.87,21,6,9,250,1,0.6127641670836631,0.7930956711264513
2025-09-07 22:00:00,31511.51,22,6,9,250,1,0.5710861884811911,0.7708266726027179
2025-09-07 23:00:00,30236.36,23,6,9,250,1,0.5127074433529539,0.7396342723791376
2025-09-08 00:00:00,28900.29,0,0,9,251,0,0.4515396670101833,0.7069516623593602
2025-09-08 01:00:00,28164.52,1,0,9,251,0,0.4178547442144313,0.6889534407285688
2025-09-08 02:00:00,27969.01,2,0,9,251,0,0.4089039317923462,0.6841709240303667
2025-09-08 03:00:00,27552.76,3,0,9,251,0,0.38984723049475084,0.6739887206871794
2025-09-08 04:00:00,27132.39,4,0,9,251,0,0.3706019079134411,0.6637057349349256
2025-09-08 05:00:00,27004.36,5,0,9,251,0,0.3647404557401532,0.6605738971114342
2025-09-08 06:00:00,27205.29,6,0,9,251,0,0.37393940587042546,0.6654889964934082
2025-09-08 07:00:00,28737.59,7,0,9,251,0,0.4440909575780661,0.7029717356712243
2025-09-08 08:00:00,32401.03,8,0,9,251,0,0.6118100730174963,0.7925858882611732
2025-09-08 09:00:00,34913.7,9,0,9,251,0,0.7268447916948033,0.85405019306436
2025-09-08 10:00:00,36046.16,10,0,9,251,0,0.7786909225091576,0.8817521462127708
2025-09-08 11:00:00,37472.75,11,0,9,251,0,0.844002873269846,0.9166490338220383
2025-09-08 12:00:00,37981.63,12,0,9,251,0,0.8673003487204654,0.9290971290467377
2025-09-08 13:00:00,38660.82,13,0,9,251,0,0.8983949335956939,0.945711304875349
2025-09-08 14:00:00,38993.46,14,0,9,251,0,0.9136238131623776,0.9538482613199805
2025-09-08 15:00:00,38609.44,15,0,9,251,0,0.8960426613730623,0.9444544601719906
2025-09-08 16:00:00,37944.16,16,0,9,251,0,0.8655849022396948,0.9281805472827277
2025-09-08 17:00:00,36642.56,17,0,9,251,0,0.8059952267827571,0.8963411337776401
2025-09-08 18:00:00,35712.02,18,0,9,251,0,0.7633933701450047,0.873578497143479
2025-09-08 19:00:00,35604.24,19,0,9,251,0,0.7584590007375457,0.8709420097528996
2025-09-08 20:00:00,35159.31,20,0,9,251,0,0.7380892755523466,0.8600582434262104
2025-09-08 21:00:00,34401.25,21,0,9,251,0,0.7033838749862081,0.8415147693929694
2025-09-08 22:00:00,33666.21,22,0,9,251,0,0.669732372951891,0.8235344048395126
2025-09-08 23:00:00,32705.52,23,0,9,251,0,0.6257501930850156,0.8000342464496828
2025-09-09 00:00:00,31052.93,0,1,9,252,0,0.5500915408390259,0.7596090033916216
2025-09-09 01:00:00,30402.07,1,1,9,252,0,0.5202939561986585,0.7436878289340915
2025-09-09 02:00:00,29986.42,2,1,9,252,0,0.5012647240200505,0.7335203026407682
2025-09-09 03:00:00,29378.44,3,1,9,252,0,0.4734302657499916,0.7186480480135224
2025-09-09 04:00:00,29271.25,4,1,9,252,0,0.4685229076428703,0.7160259930553092
2025-09-09 05:00:00,28924.07,5,1,9,252,0,0.4526283597593888,0.7075333627689722
2025-09-09 06:00:00,29338.88,6,1,9,252,0,0.47161913517141424,0.7176803411924858
2025-09-09 07:00:00,29924.35,7,1,9,252,0,0.4984230436607911,0.7320019618323318
2025-09-09 08:00:00,33080.98,8,1,9,252,0,0.6429394521101092,0.8092186550196122
2025-09-09 09:00:00,35685.64,9,1,9,252,0,0.7621856445468533,0.8729331961844562
2025-09-09 10:00:00,37522.68,10,1,9,252,0,0.846288761788258,0.9178704089882254
2025-09-09 11:00:00,38572.34,11,1,9,252,0,0.8943441541823334,0.9435469292553964
2025-09-09 12:00:00,38409.4,12,1,9,252,0,0.8868844571026214,0.939561131747315
2025-09-09 13:00:00,39051.26,13,1,9,252,0,0.916270004958176,0.9552621504568843
2025-09-09 14:00:00,39887.53,14,1,9,252,0,0.9545560051843383,0.9757187779399048
2025-09-09 15:00:00,39340.86,15,1,9,252,0,0.9295284330561546,0.9623462731912676
2025-09-09 16:00:00,38629.52,16,1,9,252,0,0.8969619612218446,0.9449456521074407
2025-09-09 17:00:00,37193.86,17,1,9,252,0,0.8312347689457947,0.9098268964277284
2025-09-09 18:00:00,36277.46,18,1,9,252,0,0.7892802678788483,0.8874101489353634
2025-09-09 19:00:00,36218.4,19,1,9,252,0,0.7865763909331763,0.8859654379937452
2025-09-09 20:00:00,35602.73,20,1,9,252,0,0.7583898701214273,0.8709050725107418
2025-09-09 21:00:00,34661.6,21,1,9,252,0,0.7153031835335449,0.84788338594648
2025-09-09 22:00:00,33836.37,22,1,9,252,0,0.6775226150967532,0.8276968161809583
2025-09-09 23:00:00,33127.17,23,1,9,252,0,0.6450541164534985,0.8103485432416465
2025-09-10 00:00:00,31817.87,0,2,9,253,0,0.5851119206362213,0.7783207742633038
2025-09-10 01:00:00,31049.26,1,2,9,253,0,0.5499235213945521,0.759519228769953
2025-09-10 02:00:00,30751.75,2,2,9,253,0,0.536302958744588,0.7522416135948621
2025-09-10 03:00:00,30363.49,3,2,9,253,0,0.5185276918477607,0.7427440946278329
2025-09-10 04:00:00,29963.13,4,2,9,253,0,0.500198464384685,0.7329505884885452
2025-09-10 05:00:00,29784.32,5,2,9,253,0,0.4920122091077526,0.7285765830115594
2025-09-10 06:00:00,29531.33,6,2,9,253,0,0.48042985508666286,0.7223880049363811
2025-09-10 07:00:00,31280.84,7,2,9,253,0,0.5605256856864372,0.7651840807824825
2025-09-10 08:00:00,33994.14,8,2,9,253,0,0.6847456199345228,0.8315561464427111
2025-09-10 09:00:00,36383.71,9,2,9,253,0,0.7941445910328891,0.8900092098487896
2025-09-10 10:00:00,37776.86,10,2,9,253,0,0.857925596228673,0.924088096545634
2025-09-10 11:00:00,38886.2,11,2,9,253,0,0.9087132503247077,0.951224494039283
2025-09-10 12:00:00,39301.6,12,2,9,253,0,0.9277310370370708,0.961385904895163
2025-09-10 13:00:00,40040.29,13,2,9,253,0,0.9615496428785623,0.9794555548352929
2025-09-10 14:00:00,40312.6,14,2,9,253,0,0.9740165025310503,0.9861167339160937
2025-09-10 15:00:00,39159.33,15,2,9,253,0,0.921217651106479,0.9579057317548981
2025-09-10 16:00:00,37111.1,16,2,9,253,0,0.8274458618001154,0.9078024420164799
2025-09-10 17:00:00,35559.91,17,2,9,253,0,0.7564294906630177,0.8698576203854439
2025-09-10 18:00:00,35228.14,18,2,9,253,0,0.7412404413188656,0.8617419456631152
2025-09-10 19:00:00,35197.88,19,2,9,253,0,0.7398550820845946,0.8610017331149713
2025-09-10 20:00:00,34704.14,20,2,9,253,0,0.7172507440697605,0.8489239887818415
2025-09-10 21:00:00,34136.06,21,2,9,253,0,0.6912429822123719,0.8350277579705553
2025-09-10 22:00:00,33173.41,22,2,9,253,0,0.6471710698901374,0.8114796545511698
2025-09-10 23:00:00,32405.35,23,2,9,253,0,0.6120078506742066,0.7926915630201943
2025-09-11 00:00:00,30573.2,0,3,9,254,0,0.5281286067525505,0.7478739681728174
2025-09-11 01:00:00,30523.04,1,3,9,254,0,0.5258321884051933,0.7466469668041824
2025-09-11 02:00:00,30288.09,2,3,9,254,0,0.5150757392283284,0.7408996786949167
2025-09-11 03:00:00,29587.19,3,3,9,254,0,0.4829872300644013,0.7237544382787244
2025-09-11 04:00:00,29349.14,4,3,9,254,0,0.4720888571061008,0.7179313187451611
2025-09-11 05:00:00,29363.19,5,3,9,254,0,0.47273209230905866,0.7182750063294777
2025-09-11 06:00:00,29298.49,6,3,9,254,0,0.469770005644904,0.7166923311191373
2025-09-11 07:00:00,30270.31,7,3,9,254,0,0.5142617376689981,0.7404647487839453
2025-09-11 08:00:00,32881.26,8,3,9,254,0,0.6337958980364616,0.8043331543548642
2025-09-11 09:00:00,35984.49,9,3,9,254,0,0.7758675548958897,0.8802435901042437
2025-09-11 10:00:00,36991.6,10,3,9,254,0,0.8219749289350999,0.9048792629185558
2025-09-11 11:00:00,38357.97,11,3,9,254,0,0.8845298957867408,0.9383030639564679
2025-09-11 12:00:00,38852.41,12,3,9,254,0,0.9071662811070605,0.9503979315144392
2025-09-11 13:00:00,38920.05,13,3,9,254,0,0.9102629664542542,0.9520525242691136
2025-09-11 14:00:00,39573.04,14,3,9,254,0,0.9401580664670272,0.968025802253661
2025-09-11 15:00:00,39262.57,15,3,9,254,0,0.9259441708469324,0.9604311628015063
2025-09-11 16:00:00,38649.4,16,3,9,254,0,0.8978721046976313,0.9454319516929366
2025-09-11 17:00:00,37232.95,17,3,9,254,0,0.8330243820478318,0.9107831062263714
2025-09-11 18:00:00,36200.89,18,3,9,254,0,0.7857747504773903,0.8855371127552124
2025-09-11 19:00:00,36121.28,19,3,9,254,0,0.7821300562063955,0.8835897128557503
2025-09-11 20:00:00,35616.7,20,3,9,254,0,0.7590294427751866,0.8712468031550764
2025-09-11 21:00:00,35050.55,21,3,9,254,0,0.7331100399172081,0.857397783520853
2025-09-11 22:00:00,34204.26,22,3,9,254,0,0.694365305403954,0.8366960493051029
2025-09-11 23:00:00,33239.41,23,3,9,254,0,0.6501926729787652,0.8130941300362157
2025-09-12 00:00:00,32205.88,0,4,9,255,0,0.602875742066804,0.7878121777928897
2025-09-12 01:00:00,31810.13,1,4,9,255,0,0.5847575690012824,0.7781314403200575
2025-09-12 02:00:00,31068.71,2,4,9,255,0,0.5508139786683978,0.7599950098030461
2025-09-12 03:00:00,30421.79,3,4,9,255,0,0.5211967745760485,0.7441702146396234
2025-09-12 04:00:00,30153.67,4,4,9,255,0,0.508921740937823,0.7376115302903732
2025-09-12 05:00:00,29766.66,5,4,9,255,0,0.4912037013722198,0.7281445885105607
2025-09-12 06:00:00,29632.73,6,4,9,255,0,0.48507213619555445,0.7248684263634062
2025-09-12 07:00:00,30127.64,7,4,9,255,0,0.5077300389924144,0.7369747909437709
2025-09-12 08:00:00,33013.41,8,4,9,255,0,0.6398459714934641,0.8075657745874221
2025-09-12 09:00:00,36066.18,9,4,9,255,0,0.7796074754460413,0.8822418704432347
2025-09-12 10:00:00,37228.74,10,4,9,255,0,0.8328316403962693,0.9106801222598253
2025-09-12 11:00:00,38143.18,11,4,9,255,0,0.8746964090078566,0.9330489247226343
2025-09-12 12:00:00,38408.88,12,4,9,255,0,0.886860650532832,0.9395484116374327
2025-09-12 13:00:00,38650.88,13,4,9,255,0,0.8979398618578004,0.9454681550826011
2025-09-12 14:00:00,39373.59,14,4,9,255,0,0.9310268734969239,0.9631469062613517
2025-09-12 15:00:00,38981.57,15,4,9,255,0,0.9130794667877749,0.9535574111151744
2025-09-12 16:00:00,37952.61,16,4,9,255,0,0.8659717589987689,0.928387249068313
2025-09-12 17:00:00,36563.47,17,4,9,255,0,0.8023743390815518,0.8944064539880602
2025-09-12 18:00:00,35418.07,18,4,9,255,0,0.7499357909343666,0.8663879657975815
2025-09-12 19:00:00,35285.88,19,4,9,255,0,0.743883886202765,0.8631543670950326
2025-09-12 20:00:00,34535.16,20,4,9,255,0,0.7095145245255741,0.8447904423051286
2025-09-12 21:00:00,33905.13,21,4,9,255,0,0.6806705761327233,0.8293788060953787
2025-09-12 22:00:00,33173.34,22,4,9,255,0,0.6471678651595886,0.8114779422286854
2025-09-12 23:00:00,32568.13,23,4,9,255,0,0.6194602226555221,0.7966734466483122
2025-09-13 00:00:00,31035.55,0,5,9,256,1,0.5492958520256872,0.7591838581805594
2025-09-13 01:00:00,30388.34,1,5,9,256,1,0.519665371192494,0.7433519691097024
2025-09-13 02:00:00,29816.15,2,5,9,256,1,0.49346944587004093,0.7293552005068474
2025-09-13 03:00:00,29043.54,3,5,9,256,1,0.4580979191684549,0.7104558080144031
2025-09-13 04:00:00,28552.13,4,5,9,256,1,0.4356002528990222,0.6984350595582453
2025-09-13 05:00:00,28083.42,5,5,9,256,1,0.41414183496461743,0.686969592821944
2025-09-13 06:00:00,27545.29,6,5,9,256,1,0.38950523996335623,0.673805991416372
2025-09-13 07:00:00,28410.75,7,5,9,256,1,0.4291276128282617,0.6949766573752787
2025-09-13 08:00:00,29769.39,8,5,9,256,1,0.49132868586361306,0.7282113690874421
2025-09-13 09:00:00,32332.34,9,5,9,256,1,0.6086653167120747,0.7909056106692367
2025-09-13 10:00:00,33541.93,10,5,9,256,1,0.664042602772275,0.8204942985776715
2025-09-13 11:00:00,34664.17,11,5,9,256,1,0.7154208429265415,0.8479462526433977
2025-09-13 12:00:00,35315.39,12,5,9,256,1,0.7452349090383015,0.8638762333308464
2025-09-13 13:00:00,35701.57,13,5,9,256,1,0.7629149496559722,0.8733228718583469
2025-09-13 14:00:00,35550.27,14,5,9,256,1,0.7559881534846178,0.8696218091176279
2025-09-13 15:00:00,35104.97,15,5,9,256,1,0.7356014890093766,0.8587289919435227
2025-09-13 16:00:00,34797.61,16,5,9,256,1,0.7215299749893671,0.8512104285331634
2025-09-13 17:00:00,34168.59,17,5,9,256,1,0.6927322662801455,0.8358234986906847
2025-09-13 18:00:00,34002.37,18,5,9,256,1,0.6851224046833018,0.8317574666433465
2025-09-13 19:00:00,34426.56,19,5,9,256,1,0.7045426139888319,0.8421338962797347
2025-09-13 20:00:00,33676.45,20,5,9,256,1,0.670201179249278,0.8237848931571923
2025-09-13 21:00:00,33605.84,21,5,9,256,1,0.6669685217630961,0.8220576490056909
2025-09-13 22:00:00,32795.43,22,5,9,256,1,0.6298664405652962,0.8022336023718112
2025-09-13 23:00:00,31726.48,23,5,9,256,1,0.5809279159957715,0.7760852149515106
2025-09-14 00:00:00,30466.22,0,6,9,257,1,0.5232308628370748,0.7452570501820566
2025-09-14 01:00:00,29760.01,1,6,9,257,1,0.49089925197010803,0.7279819178745675
2025-09-14 02:00:00,28854.8,2,6,9,257,1,0.44945704997227903,0.7058388973621672
2025-09-14 03:00:00,28445.34,3,6,9,257,1,0.4307112075378925,0.6958227892999413
2025-09-14 04:00:00,27770.25,4,6,9,257,1,0.39980432830907886,0.6793089066454012
2025-09-14 05:00:00,27464.12,5,6,9,257,1,0.3857891259829938,0.6718204311872632
2025-09-14 06:00:00,26958.19,6,6,9,257,1,0.362626707034063,0.6594444981243953
2025-09-14 07:00:00,27033.71,7,6,9,257,1,0.36608415347729284,0.6612918494672843
2025-09-14 08:00:00,28605.95,8,6,9,257,1,0.43806423287220314,0.6997515909310509
2025-09-14 09:00:00,30332.88,9,6,9,257,1,0.5171263089607472,0.7419953204672683
2025-09-14 10:00:00,32063.88,10,6,9,257,1,0.5963747172397564,0.7843386093250636
2025-09-14 11:00:00,33313.66,11,6,9,257,1,0.6535919764534713,0.8149104149568923
2025-09-14 12:00:00,34014.7,12,6,9,257,1,0.6856868950784951,0.8320590800180526
2025-09-14 13:00:00,34326.09,13,6,9,257,1,0.6999429100143707,0.8396762242799989
2025-09-14 14:00:00,34123.5,14,6,9,257,1,0.6906679619882331,0.8347205183934012
2025-09-14 15:00:00,33063.17,15,6,9,257,1,0.6421240770948292,0.8087829912561475
2025-09-14 16:00:00,32786.05,16,6,9,257,1,0.6294370066717913,0.8020041511589366
2025-09-14 17:00:00,32618.05,17,6,9,257,1,0.6217456533552842,0.7978945771970014
2025-09-14 18:00:00,33103.82,18,6,9,257,1,0.6439851099062341,0.8097773613844371
2025-09-14 19:00:00,33261.8,19,6,9,257,1,0.6512177289356496,0.8136418286136426
2025-09-14 20:00:00,33147.99,20,6,9,257,1,0.6460072948823656,0.8108578368719292
2025-09-14 21:00:00,33065.58,21,6,9,257,1,0.6422344113894293,0.8088419440731015
2025-09-14 22:00:00,32469.69,22,6,9,257,1,0.6149534558669688,0.7942654320006164
2025-09-14 23:00:00,31006.25,23,6,9,257,1,0.5479544433817964,0.7584671289121981
2025-09-15 00:00:00,29820.56,0,0,9,258,0,0.4936713438945992,0.7294630768233482
2025-09-15 01:00:00,28615.05,1,0,9,258,0,0.4384808478435139,0.699974192853989
2025-09-15 02:00:00,27934.56,2,0,9,258,0,0.4073267465438126,0.6833282167506723
2025-09-15 03:00:00,27653.05,3,0,9,258,0,0.39443869373351564,0.676441989571956
2025-09-15 04:00:00,27574.31,4,0,9,258,0,0.39083382968505287,0.6745158713947967
2025-09-15 05:00:00,27551.78,5,0,9,258,0,0.3898023642670712,0.6739647481724015
2025-09-15 06:00:00,27841.43,6,0,9,258,0,0.40306308145829894,0.6810500939942735
2025-09-15 07:00:00,29152.83,7,0,9,258,0,0.46310141919203257,0.7131292326471405
2025-09-15 08:00:00,32264.88,8,0,9,258,0,0.6055768721005773,0.7892554210295216
2025-09-15 09:00:00,35682.38,9,0,9,258,0,0.762036395667021,0.8728534508801948
2025-09-15 10:00:00,37014.92,10,0,9,258,0,0.8230425620264151,0.905449710923272
2025-09-15 11:00:00,38451.56,11,0,9,258,0,0.8888146205301447,0.9405924391177625
2025-09-15 12:00:00,38751.04,12,0,9,258,0,0.9025253734541181,0.9479182439399072
2025-09-15 13:00:00,38721.75,13,0,9,258,0,0.901184422628877,0.9472017592890437
2025-09-15 14:00:00,39409.11,14,0,9,258,0,0.9326530453409856,0.9640157876133038
2025-09-15 15:00:00,39293.02,15,0,9,258,0,0.9273382286355492,0.9611760230821069
2025-09-15 16:00:00,38786.27,16,0,9,258,0,0.9041382685573354,0.9487800313844248
2025-09-15 17:00:00,37371.79,17,0,9,258,0,0.8393807361815452,0.9141793755649136
2025-09-15 18:00:00,36164.07,18,0,9,258,0,0.7840890622088559,0.8846364311285551
2025-09-15 19:00:00,35839.07,19,0,9,258,0,0.7692099560906133,0.8766863624521926
2025-09-15 20:00:00,35465.38,20,0,9,258,0,0.7521017309665329,0.867545251179362
2025-09-15 21:00:00,34740.85,21,0,9,258,0,0.7189313963331472,0.8498219796160238
2025-09-15 22:00:00,33965.66,22,0,9,258,0,0.6834417524199151,0.8308594758091642
2025-09-15 23:00:00,33073.13,23,0,9,258,0,0.6425800644700221,0.8090266302838908
2025-09-16 00:00:00,31654.33,0,1,9,259,0,0.5776247544375218,0.7743202997053582
2025-09-16 01:00:00,31003.33,1,1,9,259,0,0.5478207603360573,0.7583957006028599
2025-09-16 02:00:00,30823.95,2,1,9,259,0,0.5396084093960869,0.7540077519285032
2025-09-16 03:00:00,30785.33,3,1,9,259,0,0.5378403137705899,0.7530630391522536
2025-09-16 04:00:00,30198.22,4,1,9,259,0,0.510961323022647,0.7387013012427792
2025-09-16 05:00:00,29826.09,5,1,9,259,0,0.4939245176079342,0.7295983502995953
2025-09-16 06:00:00,29789.84,6,1,9,259,0,0.4922649250024379,0.7287116118703086
2025-09-16 07:00:00,30982.66,7,1,9,259,0,0.546874449186937,0.7578900762350431
2025-09-16 08:00:00,32980.75,8,1,9,259,0,0.638350735783243,0.8067668538398219
2025-09-16 09:00:00,36475.8,9,1,9,259,0,0.7983606429788246,0.8922618923854243
2025-09-16 10:00:00,37450.98,10,1,9,259,0,0.8430062020692488,0.916116501529471
2025-09-16 11:00:00,38882.74,11,1,9,259,0,0.9085548450718797,0.951139856385067
2025-09-16 12:00:00,38760.95,12,1,9,259,0,0.9029790717360618,0.9481606598801617
2025-09-16 13:00:00,39489.84,13,1,9,259,0,0.9363490153007569,0.9659905846725121
2025-09-16 14:00:00,39678.02,14,1,9,259,0,0.9449642466525443,0.9705937967448749
2025-09-16 15:00:00,38707.38,15,1,9,259,0,0.9005265372291257,0.9468502439447996
2025-09-16 16:00:00,37690.59,16,1,9,259,0,0.8539759947369165,0.9219777813926807
2025-09-16 17:00:00,36576.35,17,1,9,259,0,0.8029640095024838,0.8947215213251418
2025-09-16 18:00:00,35870.93,18,1,9,259,0,0.7706685663088508,0.8774657137999738
2025-09-16 19:00:00,36119.43,19,1,9,259,0,0.782045359756184,0.8835444586186695
2025-09-16 20:00:00,35633.91,20,1,9,259,0,0.7598173486714791,0.8716677898686771
2025-09-16 21:00:00,35160.32,21,1,9,259,0,0.7381355152359758,0.8600829497934817
2025-09-16 22:00:00,34509.73,22,1,9,259,0,0.7083502916991529,0.8441683800083905
2025-09-16 23:00:00,33452.34,23,1,9,259,0,0.6599410054887876,0.8183027704154705
2025-09-17 00:00:00,32349.84,0,2,9,260,0,0.6094664993492108,0.7913336912902716
2025-09-17 01:00:00,31638.81,1,2,9,260,0,0.5769142198930445,0.7739406533488747
2025-09-17 02:00:00,31072.39,2,2,9,260,0,0.5509824559315213,0.7600850290422124
2025-09-17 03:00:00,30734.93,3,2,9,260,0,0.5355329077756378,0.7518301669636731
2025-09-17 04:00:00,30431.38,4,2,9,260,0,0.5216358226611991,0.7444048028199505
2025-09-17 05:00:00,30094.38,5,2,9,260,0,0.506207334163206,0.7361611931463069
2025-09-17 06:00:00,30031.72,6,2,9,260,0,0.5033386425036088,0.7346284199055043
2025-09-17 07:00:00,31119.52,7,2,9,260,0,0.5531401552279914,0.7612379113090338
2025-09-17 08:00:00,33256.15,8,2,9,260,0,0.650959061398517,0.8135036197274227
2025-09-17 09:00:00,36539.21,9,2,9,260,0,0.801263671037156,0.8938130119385569
2025-09-17 10:00:00,37377.77,10,2,9,260,0,0.8396545117341208,0.9143256568285585
2025-09-17 11:00:00,38618.62,11,2,9,260,0,0.8964629388935714,0.9446790190349106
2025-09-17 12:00:00,39621.03,12,2,9,260,0,0.9423551381673793,0.9691997216252876
2025-09-17 13:00:00,39125.19,13,2,9,260,0,0.9196546582360889,0.9570706076176335
2025-09-17 14:00:00,39670.39,14,2,9,260,0,0.9446149310227531,0.9704071535941037
2025-09-17 15:00:00,38989.18,15,2,9,260,0,0.9134278667802667,0.9537435650309501
2025-09-17 16:00:00,38565.63,16,2,9,260,0,0.8940369578683229,0.9433827909144168
2025-09-17 17:00:00,36904.7,17,2,9,260,0,0.8179964848684067,0.9027535368632452
2025-09-17 18:00:00,36439.12,18,2,9,260,0,0.7966813641713872,0.8913646354037351
2025-09-17 19:00:00,36279.58,19,2,9,260,0,0.7893773254326043,0.8874620078448832
2025-09-17 20:00:00,35760.03,20,2,9,260,0,0.7655913574826566,0.8747529057501011
2025-09-17 21:00:00,35049.22,21,2,9,260,0,0.7330491500367857,0.8573652493936543
2025-09-17 22:00:00,34312.78,22,2,9,260,0,0.6993335533914976,0.8393506383905146
2025-09-17 23:00:00,33522.83,23,2,9,260,0,0.6631681691511723,0.8200270791569992
2025-09-18 00:00:00,32949.66,0,3,9,261,0,0.6369273776010396,0.8060063380393664
2025-09-18 01:00:00,32076.3,1,3,9,261,0,0.5969433280027981,0.7846424242572495
2025-09-18 02:00:00,31634.23,2,3,9,261,0,0.5767045389514396,0.7738286185349124
2025-09-18 03:00:00,31062.65,3,3,9,261,0,0.5505365405666239,0.7598467715994193
2025-09-18 04:00:00,30591.8,4,3,9,261,0,0.5289801494411637,0.748328956718603
2025-09-18 05:00:00,30364.8,5,3,9,261,0,0.5185876660908834,0.742776139520036
2025-09-18 06:00:00,30382.59,6,3,9,261,0,0.5194021254688636,0.7432113140485052
2025-09-18 07:00:00,31020.48,7,3,9,261,0,0.5486059193204506,0.758815219611474
2025-09-18 08:00:00,34086.62,8,3,9,261,0,0.6889795268078001,0.8338183690617574
2025-09-18 09:00:00,36662.33,9,3,9,261,0,0.8069003342533962,0.8968247425706608
2025-09-18 10:00:00,37765.0,10,3,9,261,0,0.8573826233100197,0.9237979801933212
2025-09-18 11:00:00,38143.45,11,3,9,261,0,0.8747087701114008,0.9330555293950731
2025-09-18 12:00:00,38396.4,12,3,9,261,0,0.8862892928578917,0.9392431290002605
2025-09-18 13:00:00,38030.56,13,3,9,261,0,0.869540455373898,0.9302940424631514
2025-09-18 14:00:00,38572.62,14,3,9,261,0,0.8943569731045279,0.9435537785453332
2025-09-18 15:00:00,38110.2,15,3,9,261,0,0.8731865231008421,0.9322421762151067
2025-09-18 16:00:00,37149.93,16,3,9,261,0,0.8292235716172581,0.9087522917601819
2025-09-18 17:00:00,36010.2,17,3,9,261,0,0.777044606644505,0.8808725016909184
2025-09-18 18:00:00,35717.62,18,3,9,261,0,0.7636497485888886,0.8737154829422104
2025-09-18 19:00:00,35385.39,19,3,9,261,0,0.7484396395868461,0.865588555814986
2025-09-18 20:00:00,34822.66,20,3,9,261,0,0.7226768107070964,0.8518231953649877
2025-09-18 21:00:00,34164.06,21,3,9,261,0,0.6925248744317897,0.8357126869642112
2025-09-18 22:00:00,33522.61,22,3,9,261,0,0.6631580971408767,0.820021697572049
2025-09-18 23:00:00,32533.59,23,3,9,261,0,0.6178789170391403,0.7958285378111382
2025-09-19 00:00:00,31903.65,0,4,9,262,0,0.5890390890141379,0.7804191031588681
2025-09-19 01:00:00,31330.48,1,4,9,262,0,0.5627982974640051,0.7663983620412351
2025-09-19 02:00:00,30441.33,2,4,9,262,0,0.5220913522177423,0.744648197230196
2025-09-19 03:00:00,29734.92,3,4,9,262,0,0.4897505849777797,0.7273681725727522
2025-09-19 04:00:00,29572.48,4,4,9,262,0,0.48231377883055715,0.7233946059395574
2025-09-19 05:00:00,29616.17,5,4,9,262,0,0.4843139885114987,0.7244633397871583
2025-09-19 06:00:00,29754.45,6,4,9,262,0,0.4906447048008237,0.7278459105458273
2025-09-19 07:00:00,30466.11,7,4,9,262,0,0.523225826831927,0.7452543593895815
2025-09-19 08:00:00,33416.18,8,4,9,262,0,0.6582855332511396,0.8174182335436636
2025-09-19 09:00:00,35366.25,9,4,9,262,0,0.7475633746911441,0.8651203579243226
2025-09-19 10:00:00,36711.8,10,4,9,262,0,0.8091651631139177,0.8980348653319521
2025-09-19 11:00:00,37872.14,11,4,9,262,0,0.862287692323892,0.9264188120640457
2025-09-19 12:00:00,38557.03,12,4,9,262,0,0.8936432338295018,0.9431724198663654
2025-09-19 13:00:00,38192.58,13,4,9,262,0,0.8769580331378295,0.9342573351614415
2025-09-19 14:00:00,39396.91,14,4,9,262,0,0.9320945065882393,0.9637173542660681
2025-09-19 15:00:00,38733.02,15,4,9,262,0,0.9017003842471926,0.9474774432089901
2025-09-19 16:00:00,37191.35,16,4,9,262,0,0.8311198564646968,0.909765497435797
2025-09-19 17:00:00,35716.8,17,4,9,262,0,0.7636122074596056,0.8736954243073962
2025-09-19 18:00:00,35008.21,18,4,9,262,0,0.7311716357539884,0.8563620730354462
2025-09-19 19:00:00,34380.44,19,4,9,262,0,0.702431154375991,0.8410057203801845
2025-09-19 20:00:00,33825.58,20,4,9,262,0,0.6770286287736275,0.827432873900903
2025-09-19 21:00:00,33285.36,21,4,9,262,0,0.6522963496745596,0.8142181474383043
2025-09-19 22:00:00,32755.22,22,4,9,262,0,0.6280255517744823,0.8012499954134219
2025-09-19 23:00:00,32044.59,23,4,9,262,0,0.5954915850643074,0.7838667421719343
2025-09-20 00:00:00,30652.01,0,5,9,263,1,0.5317366755315617,0.7498017986724608
2025-09-20 01:00:00,29718.94,1,5,9,263,1,0.48901899077541194,0.7269772738113729
2025-09-20 02:00:00,28785.88,2,5,9,263,1,0.4463017638379121,0.7041529935677829
2025-09-20 03:00:00,28376.98,3,5,9,263,1,0.4275815592479138,0.6941505840854302
2025-09-20 04:00:00,28129.48,4,5,9,263,1,0.4162505476655598,0.688096301016508
2025-09-20 05:00:00,27459.55,5,5,9,263,1,0.38557990286003885,0.6717086409907986
2025-09-20 06:00:00,27443.01,6,5,9,263,1,0.3848226708132827,0.6713040436495462
2025-09-20 07:00:00,28224.35,7,5,9,263,1,0.4205938731961372,0.6904169872175125
2025-09-20 08:00:00,30439.98,8,5,9,263,1,0.5220295467000202,0.7446151738680019
2025-09-20 09:00:00,32426.67,9,5,9,263,1,0.6129839200355632,0.7932130875253637
2025-09-20 10:00:00,34505.43,10,5,9,263,1,0.7081534296797422,0.8440631944843646
2025-09-20 11:00:00,35987.21,11,5,9,263,1,0.7759920815686331,0.8803101260636274
2025-09-20 12:00:00,36377.34,12,5,9,263,1,0.7938529605529715,0.8898533885027329
2025-09-20 13:00:00,36281.77,13,5,9,263,1,0.7894775877169086,0.8875155790768868
2025-09-20 14:00:00,35133.98,14,5,9,263,1,0.7369296209124235,0.8594386273044498
2025-09-20 15:00:00,34637.09,15,5,9,263,1,0.7141810700229044,0.8472838284595334
2025-09-20 16:00:00,34461.64,16,5,9,263,1,0.7061486418123025,0.8429920144617864
2025-09-20 17:00:00,33365.86,17,5,9,263,1,0.6559817898053859,0.816187318295065
2025-09-20 18:00:00,33655.36,18,5,9,263,1,0.6692356397168666,0.8232689948544709
2025-09-20 19:00:00,33677.96,19,5,9,263,1,0.6702703098653967,0.8238218303993502
2025-09-20 20:00:00,33226.58,20,5,9,263,1,0.6496052916510818,0.8127802857866226
2025-09-20 21:00:00,32958.69,21,5,9,263,1,0.6373407878418018,0.8062272276398204
2025-09-20 22:00:00,32260.55,22,5,9,263,1,0.6053786366252173,0.7891495016530027
2025-09-20 23:00:00,31240.67,23,5,9,263,1,0.5586866281702224,0.764201452294084
2025-09-21 00:00:00,29954.25,0,6,9,264,1,0.4997919214236695,0.7327333681505571
2025-09-21 01:00:00,28677.94,1,6,9,264,1,0.4413600693320563,0.7015125922972396
2025-09-21 02:00:00,27651.37,2,6,9,264,1,0.39436178020035056,0.6764008938323367
2025-09-21 03:00:00,27423.53,3,6,9,264,1,0.38393084008348777,0.67082752876396
2025-09-21 04:00:00,27092.54,4,6,9,264,1,0.36877750059401976,0.6627309342064547
2025-09-21 05:00:00,26605.85,5,6,9,264,1,0.34649592472728885,0.6508256452092274
2025-09-21 06:00:00,26323.67,6,6,9,264,1,0.33357719806745584,0.6439230286581629
2025-09-21 07:00:00,27012.72,7,6,9,264,1,0.3651231921313794,0.6607783973395401
2025-09-21 08:00:00,28675.94,8,6,9,264,1,0.44126850560209785,0.7014636687976927
2025-09-21 09:00:00,31312.31,9,6,9,264,1,0.561966440977333,0.765953892047852
2025-09-21 10:00:00,32612.35,10,6,9,264,1,0.6214846967249026,0.7977551452232929
2025-09-21 11:00:00,33707.58,11,6,9,264,1,0.671626368706081,0.8245463874276391
2025-09-21 12:00:00,34489.79,12,6,9,264,1,0.7074374013114673,0.8436806127179083
2025-09-21 13:00:00,34505.84,13,6,9,264,1,0.7081722002443834,0.8440732238017716
2025-09-21 14:00:00,34752.72,14,6,9,264,1,0.7194748270704505,0.8501123405858344
2025-09-21 15:00:00,33774.73,15,6,9,264,1,0.6747006209394348,0.8261889939249245
2025-09-21 16:00:00,33064.07,16,6,9,264,1,0.6421652807733106,0.8088050068309436
2025-09-21 17:00:00,32616.71,17,6,9,264,1,0.621684305656212,0.7978617984523051
2025-09-21 18:00:00,32770.77,18,6,9,264,1,0.6287374597749087,0.8016303756223986
2025-09-21 19:00:00,33104.72,19,6,9,264,1,0.6440263135847155,0.8097993769592333
2025-09-21 20:00:00,32982.31,20,6,9,264,1,0.6384221554926105,0.8068050141694685
2025-09-21 21:00:00,33116.35,21,6,9,264,1,0.6445587566744235,0.8100838671090981
2025-09-21 22:00:00,32213.44,22,6,9,264,1,0.6032218529660467,0.7879971086211767
2025-09-21 23:00:00,30874.08,23,6,9,264,1,0.5419034542874946,0.755234019444645
2025-09-22 00:00:00,29421.5,0,0,9,265,0,0.47540163285599635,0.7197013709587661
2025-09-22 01:00:00,28739.86,1,0,9,265,0,0.4441948824115689,0.7030272638432099
2025-09-22 02:00:00,28197.47,2,0,9,265,0,0.41936325666549623,0.6897594553836031
2025-09-22 03:00:00,27662.27,3,0,9,265,0,0.394860802528624,0.676667526904867
2025-09-22 04:00:00,27401.52,4,0,9,265,0,0.38292318123529545,0.6702891256514469
2025-09-22 05:00:00,27425.3,5,0,9,265,0,0.384011873984501,0.670870826061059
2025-09-22 06:00:00,27742.09,6,0,9,265,0,0.39851511099126435,0.6786200637717816
2025-09-22 07:00:00,28953.68,7,0,9,265,0,0.4539839607814232,0.7082576751797632
2025-09-22 08:00:00,31624.29,8,0,9,265,0,0.5762494672135463,0.7735854687421646
2025-09-22 09:00:00,34971.2,9,0,9,265,0,0.7294772489311078,0.8554567436763318
2025-09-22 10:00:00,36014.87,10,0,9,265,0,0.7772584079539582,0.8809867380623604
2025-09-22 11:00:00,37513.54,11,0,9,265,0,0.845870315542348,0.9176468285952962
2025-09-22 12:00:00,37251.46,12,0,9,265,0,0.833871804368597,0.9112358932146775
2025-09-22 13:00:00,37555.37,13,0,9,265,0,0.8477853709544283,0.9186700635883186
2025-09-22 14:00:00,38069.77,14,0,9,265,0,0.8713355622997327,0.9312531876717672
2025-09-22 15:00:00,37648.04,15,0,9,265,0,0.8520279763820515,0.9209369339398217
2025-09-22 16:00:00,37212.5,16,0,9,265,0,0.8320881429090071,0.910282863443505
2025-09-22 17:00:00,35941.1,17,0,9,265,0,0.7738810797744418,0.8791821947815749
2025-09-22 18:00:00,35529.63,18,0,9,265,0,0.755043215791447,0.8691169186023044
2025-09-22 19:00:00,35279.8,19,0,9,265,0,0.7436055324636917,0.8630056396564103
2025-09-22 20:00:00,34615.04,20,0,9,265,0,0.7131715799001132,0.8467444468770295
2025-09-22 21:00:00,33723.82,21,0,9,265,0,0.6723698661933432,0.8249436462439594
2025-09-22 22:00:00,32798.95,22,0,9,265,0,0.6300275927300228,0.8023197077310136
2025-09-22 23:00:00,31719.53,23,0,9,265,0,0.580609732034166,0.7759152057905854
2025-09-23 00:00:00,30728.39,0,1,9,266,0,0.5352334943786736,0.7516701871201549
2025-09-23 01:00:00,30029.1,1,1,9,266,0,0.5032186940173632,0.7345643301210978
2025-09-23 02:00:00,29533.31,2,1,9,266,0,0.48052050317932166,0.7224364392009325
2025-09-23 03:00:00,29289.56,3,1,9,266,0,0.46936117359063967,0.7164738876936606
2025-09-23 04:00:00,29199.65,4,1,9,266,0,0.46524492611035906,0.7142745317715321
2025-09-23 05:00:00,29407.68,5,1,9,266,0,0.4747689274819837,0.7193633095768973
2025-09-23 06:00:00,29285.97,6,1,9,266,0,0.46919681669536434,0.7163860700119741
2025-09-23 07:00:00,30046.24,7,1,9,266,0,0.5040033951831069,0.7349836045122143
2025-09-23 08:00:00,31922.49,8,1,9,266,0,0.5899016193503462,0.7808799625245993
2025-09-23 09:00:00,34547.31,9,1,9,266,0,0.7100707741850713,0.8450876525648755
2025-09-23 10:00:00,35343.84,10,1,9,266,0,0.7465374030969598,0.8645721701119001
2025-09-23 11:00:00,35285.18,11,1,9,266,0,0.7438518388972797,0.8631372438701913
2025-09-23 12:00:00,35211.33,12,1,9,266,0,0.7404708481685652,0.861330743649424
2025-09-23 13:00:00,34497.14,13,1,9,266,0,0.7077738980190644,0.843860406578743
2025-09-23 14:00:00,35541.59,14,1,9,266,0,0.7555907668965982,0.8694094811295946
2025-09-23 15:00:00,35328.49,15,1,9,266,0,0.7458346514695291,0.8641966822528782
2025-09-23 16:00:00,34862.9,16,1,9,266,0,0.7245190729538596,0.8528075361758702
2025-09-23 17:00:00,33962.56,17,1,9,266,0,0.6832998286384793,0.8307836443848664
2025-09-23 18:00:00,33819.02,18,1,9,266,0,0.6767282997393637,0.8272724048223893
2025-09-23 19:00:00,33670.59,19,1,9,266,0,0.6699328975204998,0.82364154730352
2025-09-23 20:00:00,33229.32,20,1,9,266,0,0.6497307339611248,0.8128473109810017
2025-09-23 21:00:00,32762.91,21,1,9,266,0,0.6283776143161722,0.8014381062691796
2025-09-23 22:00:00,32123.54,22,1,9,266,0,0.599106063304416,0.7857979973165461
2025-09-23 23:00:00,31490.62,23,1,9,266,0,0.5701298053217755,0.7703156666499511
2025-09-24 00:00:00,30223.76,0,2,9,267,0,0.5121305918542158,0.7393260543319924
2025-09-24 01:00:00,29486.95,1,2,9,267,0,0.47839805591888557,0.7213023924814366
2025-09-24 02:00:00,28770.44,2,2,9,267,0,0.445594891842633,0.7037753041512812
2025-09-24 03:00:00,28434.02,3,2,9,267,0,0.4301929568263279,0.6955458822925062
2025-09-24 04:00:00,28160.42,4,2,9,267,0,0.41766703856801646,0.6888531475544977
2025-09-24 05:00:00,28384.88,5,2,9,267,0,0.4279432359812496,0.6943438319086402
2025-09-24 06:00:00,28370.6,6,2,9,267,0,0.42728947094934644,0.6939945181218757
2025-09-24 07:00:00,30059.67,7,2,9,267,0,0.5046182456297775,0.7353121258116714
2025-09-24 08:00:00,32327.08,8,2,9,267,0,0.6084245041022841,0.7907769418654286
2025-09-24 09:00:00,34761.29,9,2,9,267,0,0.7198671776533223,0.8503219777813926
2025-09-24 10:00:00,35487.45,10,2,9,267,0,0.7531121367266239,0.8680851219968615
2025-09-24 11:00:00,36119.23,11,2,9,267,0,0.7820362033831884,0.8835395662687148
2025-09-24 12:00:00,37478.87,12,2,9,267,0,0.8442830582835189,0.9167987397306517
2025-09-24 13:00:00,36427.89,13,2,9,267,0,0.7961672338276706,0.8910899299537794
2025-09-24 14:00:00,37657.73,14,2,9,267,0,0.8524716026537001,0.9211739682951262
2025-09-24 15:00:00,36652.4,15,2,9,267,0,0.8064457203341527,0.8965818373954108
2025-09-24 16:00:00,36695.77,16,2,9,267,0,0.8084312798183008,0.8976427434830839
2025-09-24 17:00:00,35579.93,17,2,9,267,0,0.7573460435999013,0.8703473446159077
2025-09-24 18:00:00,34934.62,18,2,9,267,0,0.7278025483101686,0.8545619328696201
2025-09-24 19:00:00,34618.78,19,2,9,267,0,0.7133428040751353,0.846835933821182
2025-09-24 20:00:00,34084.79,20,2,9,267,0,0.688895745994888,0.8337736040596719
2025-09-24 21:00:00,33270.07,21,2,9,267,0,0.6515963449590275,0.8138441272842687
2025-09-24 22:00:00,32404.71,22,2,9,267,0,0.6119785502806199,0.7926759075003393
2025-09-24 23:00:00,31325.77,23,2,9,267,0,0.5625826648799531,0.7662831471998023
2025-09-25 00:00:00,30040.55,0,3,9,268,0,0.5037428963713751,0.7348444171560036
2025-09-25 01:00:00,29392.14,1,3,9,268,0,0.47405747730020675,0.7189831739854183
2025-09-25 02:00:00,28737.82,2,3,9,268,0,0.4441014874070113,0.7029773618736721
2025-09-25 03:00:00,28485.83,3,3,9,268,0,0.43256491525090074,0.6968132455482673
2025-09-25 04:00:00,28291.59,4,3,9,268,0,0.42367224579733925,0.6920617952722776
2025-09-25 05:00:00,28000.9,5,3,9,268,0,0.4103639154665333,0.6849510092306413
2025-09-25 06:00:00,28067.89,6,3,9,268,0,0.4134308426014904,0.6865897018479629
2025-09-25 07:00:00,29056.55,7,3,9,268,0,0.4586935412318343,0.7107740553789552
2025-09-25 08:00:00,32336.79,8,3,9,268,0,0.6088690460112322,0.7910144654557285
2025-09-25 09:00:00,35276.59,9,3,9,268,0,0.7434585726771081,0.8629271174396375
2025-09-25 10:00:00,36728.65,10,3,9,268,0,0.8099365875388174,0.8984470458156343
2025-09-25 11:00:00,38243.34,11,3,9,268,0,0.8792819206041739,0.9354990135799403
2025-09-25 12:00:00,38786.84,12,3,9,268,0,0.9041643642203735,0.9487939745817957
2025-09-25 13:00:00,39711.9,13,3,9,268,0,0.9465153362380401,0.9714225608271986
2025-09-25 14:00:00,39720.79,14,3,9,268,0,0.9469223370177052,0.9716400257826843
2025-09-25 15:00:00,38495.94,15,3,9,268,0,0.8908464196979221,0.9416780515727071
2025-09-25 16:00:00,37917.56,16,3,9,268,0,0.8643671046312476,0.9275298647387545
2025-09-25 17:00:00,36577.74,17,3,9,268,0,0.8030276462948048,0.8947555231573269
2025-09-25 18:00:00,35516.67,18,3,9,268,0,0.7544498828213164,0.8687998943252409
2025-09-25 19:00:00,35203.4,19,3,9,268,0,0.7401077979792801,0.8611367619737208
2025-09-25 20:00:00,34739.84,20,3,9,268,0,0.7188851566495181,0.8497972732487526
2025-09-25 21:00:00,34189.81,21,3,9,268,0,0.6937037574550043,0.8363425770208768
2025-09-25 22:00:00,33329.8,22,3,9,268,0,0.6543308957542358,0.8153052275982354
2025-09-25 23:00:00,32461.66,23,3,9,268,0,0.6145858274911858,0.7940690041499359
2025-09-26 00:00:00,30630.21,0,4,9,269,0,0.530738630875015,0.7492685325274002
2025-09-26 01:00:00,30632.54,1,4,9,269,0,0.5308453026204166,0.7493255284043723
2025-09-26 02:00:00,29946.99,2,4,9,269,0,0.49945954508392054,0.7325557758472021
2025-09-26 03:00:00,29786.89,3,4,9,269,0,0.4921298685007492,0.728639449708477
2025-09-26 04:00:00,29208.17,4,4,9,269,0,0.4656349875999818,0.7144829458796016
2025-09-26 05:00:00,29224.98,5,4,9,269,0,0.46640458075028235,0.7148941478932929
2025-09-26 06:00:00,29277.34,6,4,9,269,0,0.4688017192005937,0.7161749651114294
2025-09-26 07:00:00,30339.15,7,4,9,269,0,0.5174133612541668,0.7421486956383477
2025-09-26 08:00:00,32986.79,8,4,9,269,0,0.6386272582477175,0.8069146028084535
2025-09-26 09:00:00,35243.8,9,4,9,269,0,0.7419573853244401,0.8621250166645671
2025-09-26 10:00:00,36052.53,10,4,9,269,0,0.7789825529890749,0.8819079675588274
2025-09-26 11:00:00,36910.62,11,4,9,269,0,0.8182675135090839,0.902898350421904
2025-09-26 12:00:00,36453.5,12,4,9,269,0,0.7973397073897881,0.8917163953654769
2025-09-26 13:00:00,37086.2,13,4,9,269,0,0.826305893362133,0.9071933444471215
2025-09-26 14:00:00,36822.53,14,4,9,269,0,0.8142345890230652,0.9007435148843631
2025-09-26 15:00:00,36463.49,15,4,9,269,0,0.7977970682209303,0.8919607682457134
2025-09-26 16:00:00,36032.36,16,4,9,269,0,0.7780591327724444,0.8814145740658975
2025-09-26 17:00:00,34686.27,17,4,9,269,0,0.716432622142582,0.8484868573133904
2025-09-26 18:00:00,34507.2,18,4,9,269,0,0.7082344635807551,0.8441064917814635
2025-09-26 19:00:00,34308.13,19,4,9,269,0,0.6991206677193442,0.8392368912540682
2025-09-26 20:00:00,33704.64,20,4,9,269,0,0.671491770023042,0.8244744698833052
2025-09-26 21:00:00,33105.93,21,4,9,269,0,0.6440817096413403,0.8098289756764591
2025-09-26 22:00:00,32388.75,22,4,9,269,0,0.6112478717155517,0.7922854979739555
2025-09-26 23:00:00,31725.31,23,4,9,269,0,0.580874351213746,0.7760565947042758
2025-09-27 00:00:00,30421.97,0,5,9,270,1,0.5212050153117448,0.7441746177545826
2025-09-27 01:00:00,29974.39,1,5,9,270,1,0.5007139681843508,0.7332260277909939
2025-09-27 02:00:00,29088.53,2,5,9,270,1,0.4601576452738694,0.7115563421367094
2025-09-27 03:00:00,28213.69,3,5,9,270,1,0.4201058385154589,0.6901562249649279
2025-09-27 04:00:00,27936.81,4,5,9,270,1,0.40742975574001583,0.6833832556876626
2025-09-27 05:00:00,27595.43,5,5,9,270,1,0.3918007426734137,0.6750325035500114
2025-09-27 06:00:00,27014.91,6,5,9,270,1,0.36522345441568377,0.6608319685715439
2025-09-27 07:00:00,27349.45,7,5,9,270,1,0.3805393195258281,0.6690154023407449
2025-09-27 08:00:00,28830.44,8,5,9,270,1,0.4483418037413855,0.7052430091376866
2025-09-27 09:00:00,31337.8,9,5,9,270,1,0.5631334207156529,0.7665774220495766
2025-09-27 10:00:00,32612.5,10,5,9,270,1,0.6214915640046496,0.7977588144857589
2025-09-27 11:00:00,34188.63,11,5,9,270,1,0.6936497348543288,0.8363137121561441
2025-09-27 12:00:00,34871.77,12,5,9,270,1,0.724925158096225,0.8530245118963603
2025-09-27 13:00:00,35214.81,13,5,9,270,1,0.7406301690586927,0.8614158705386354
2025-09-27 14:00:00,34571.34,14,5,9,270,1,0.7111709124005215,0.8456754684119309
2025-09-27 15:00:00,34320.11,15,5,9,270,1,0.6996691344617952,0.8395299430163539
2025-09-27 16:00:00,33641.84,16,5,9,270,1,0.6686166689023476,0.8229382719975341
2025-09-27 17:00:00,33216.42,17,5,9,270,1,0.6491401479028929,0.8125317544089246
2025-09-27 18:00:00,33276.56,18,5,9,270,1,0.6518934692627425,0.8140028840402982
2025-09-27 19:00:00,33178.63,19,5,9,270,1,0.6474100512253286,0.8116073448849869
2025-09-27 20:00:00,32812.67,20,5,9,270,1,0.6306557199175377,0.802655322937905
2025-09-27 21:00:00,32706.8,21,5,9,270,1,0.6258087938721889,0.8000655574893927
2025-09-27 22:00:00,32177.01,22,5,9,270,1,0.6015540196248541,0.7871059670769309
2025-09-27 23:00:00,31096.79,23,5,9,270,1,0.552099533437014,0.760681895736684
2025-09-28 00:00:00,29613.3,0,6,9,271,1,0.4841825945590084,0.7243931345653085
2025-09-28 01:00:00,29160.82,1,6,9,271,1,0.46346721629321636,0.7133246820278301
2025-09-28 02:00:00,28529.49,2,6,9,271,1,0.43456375147589293,0.6978812455433749
2025-09-28 03:00:00,27624.6,3,6,9,271,1,0.39313619967485713,0.6757460527909022
2025-09-28 04:00:00,27193.79,4,6,9,271,1,0.3734129144231646,0.6652076863710138
2025-09-28 05:00:00,27410.77,5,6,9,271,1,0.38334666348635316,0.6705153968368511
2025-09-28 06:00:00,26762.05,6,6,9,271,1,0.35364705203704117,0.6546465705238361
2025-09-28 07:00:00,26090.64,7,6,9,271,1,0.32290865007135106,0.6382227071084622
2025-09-28 08:00:00,27207.52,8,6,9,271,1,0.37404149942932907,0.6655435461954029
2025-09-28 09:00:00,29286.79,9,6,9,271,1,0.46923435782464723,0.7164061286467882
2025-09-28 10:00:00,30421.11,10,6,9,271,1,0.5211656429078626,0.7441535806497774
2025-09-28 11:00:00,31509.6,11,6,9,271,1,0.5709987451190809,0.7707799506606506
2025-09-28 12:00:00,32503.31,12,6,9,271,1,0.6164926421675699,0.7950878360279989
2025-09-28 13:00:00,32603.77,13,6,9,271,1,0.6210918883233811,0.797545263410237
2025-09-28 14:00:00,32855.2,14,6,9,271,1,0.6326028226351033,0.8036956811557686
2025-09-28 15:00:00,32518.04,15,6,9,271,1,0.6171670090387136,0.7954481576021615
2025-09-28 16:00:00,31908.58,16,6,9,271,1,0.5892647936084855,0.780539699585251
2025-09-28 17:00:00,31851.55,17,6,9,271,1,0.5866538538487212,0.7791446459956727
2025-09-28 18:00:00,32231.97,18,6,9,271,1,0.6040701909241115,0.7884503848444783
2025-09-28 19:00:00,32323.34,19,6,9,271,1,0.6082532799272617,0.790685454921276
2025-09-28 20:00:00,32212.29,20,6,9,271,1,0.6031692038213208,0.7879689776089374
2025-09-28 21:00:00,32197.48,21,6,9,271,1,0.6024911744009785,0.7876066990947929
2025-09-28 22:00:00,31382.52,22,6,9,271,1,0.5651807857175232,0.7676713514994441
2025-09-28 23:00:00,30498.65,23,6,9,271,1,0.5247155687183505,0.7460503447272087
2025-09-29 00:00:00,29241.69,0,0,9,272,0,0.4671695957140849,0.7153029037320068
2025-09-29 01:00:00,28403.88,1,0,9,272,0,0.4288130914158546,0.6948086051543353
2025-09-29 02:00:00,27255.25,2,0,9,272,0,0.37622666784478664,0.6667111055120883
2025-09-29 03:00:00,26620.27,3,0,9,272,0,0.3471560992202891,0.6511783836409603
2025-09-29 04:00:00,26367.09,4,0,9,272,0,0.33556504664485315,0.644985157833325
2025-09-29 05:00:00,25888.97,5,0,9,272,0,0.3136758213609942,0.6332895060316559
2025-09-29 06:00:00,25785.42,6,0,9,272,0,0.3089351092423971,0.630756491842618
2025-09-29 07:00:00,26387.37,7,0,9,272,0,0.33649350286663143,0.6454812421187299
2025-09-29 08:00:00,28796.16,8,0,9,272,0,0.4467724014098983,0.7044044603554537
2025-09-29 09:00:00,31343.1,9,0,9,272,0,0.5633760646000426,0.7667070693233757
2025-09-29 10:00:00,32708.71,10,0,9,272,0,0.6258962372342992,0.80011227943146
2025-09-29 11:00:00,34311.05,11,0,9,272,0,0.6992543507650837,0.8393083195634067
2025-09-29 12:00:00,34936.08,12,0,9,272,0,0.7278693898330382,0.8545976470242893
2025-09-29 13:00:00,34914.09,13,0,9,272,0,0.7268626466221452,0.8540597331467716
2025-09-29 14:00:00,35149.96,14,0,9,272,0,0.7376612151147911,0.859829526065829
2025-09-29 15:00:00,34009.53,15,0,9,272,0,0.6854502028365527,0.8319326127717241
2025-09-29 16:00:00,33080.93,16,0,9,272,0,0.6429371630168601,0.8092174319321235
2025-09-29 17:00:00,32168.92,17,0,9,272,0,0.6011836443371723,0.786908071521264
2025-09-29 18:00:00,32523.3,18,0,9,272,0,0.6174078216485042,0.7955768264059696
2025-09-29 19:00:00,32726.43,19,0,9,272,0,0.6267074918817308,0.8005457416374451
2025-09-29 20:00:00,32540.28,20,0,9,272,0,0.6181851977158511,0.7959921869171223
2025-09-29 21:00:00,32183.78,21,0,9,272,0,0.6018639628507634,0.787271573122897
2025-09-29 22:00:00,31599.11,22,0,9,272,0,0.5750966798533699,0.7729695218828698
2025-09-29 23:00:00,30603.75,23,0,9,272,0,0.5295272427276652,0.7486212746283955
2025-09-30 00:00:00,29106.63,0,1,9,273,0,0.4609862970299931,0.7119990998076083
2025-09-30 01:00:00,28570.57,1,1,9,273,0,0.43644447048923873,0.6988861342240672
2025-09-30 02:00:00,27815.21,2,1,9,273,0,0.40186268095854405,0.6804087069152143
2025-09-30 03:00:00,27704.46,3,1,9,273,0,0.39679233941209674,0.6776995681278077
2025-09-30 04:00:00,27935.6,4,1,9,273,0,0.40737435968339086,0.6833536569704367
2025-09-30 05:00:00,28209.54,5,1,9,273,0,0.41991584377579527,0.6900547087033683
2025-09-30 06:00:00,28116.76,6,1,9,273,0,0.4156682023430242,0.68778514755939
2025-09-30 07:00:00,29861.68,7,1,9,273,0,0.4955538941825442,0.7304689439740314
2025-09-30 08:00:00,32797.95,8,1,9,273,0,0.6299818108650436,0.8022952459812401
2025-09-30 09:00:00,35420.04,9,1,9,273,0,0.7500259812083757,0.8664361554446351
2025-09-30 10:00:00,36946.3,10,1,9,273,0,0.8199010104515421,0.9037711456538198
2025-09-30 11:00:00,38216.3,11,1,9,273,0,0.8780439789751364,0.9348375678660671
2025-09-30 12:00:00,38291.43,12,1,9,273,0,0.8814835704910242,0.9366753791265443
2025-09-30 13:00:00,38353.21,13,1,9,273,0,0.8843119741094396,0.9381866260275463
2025-09-30 14:00:00,39082.42,14,1,9,273,0,0.917696567870928,0.9560243785798241
2025-09-30 15:00:00,38928.7,15,1,9,273,0,0.910658979586324,0.9522641184046535
2025-09-30 16:00:00,38282.78,16,1,9,273,0,0.8810875573589539,0.9364637849910041
2025-09-30 17:00:00,36737.78,17,1,9,273,0,0.8103545759660774,0.8986703815910655
2025-09-30 18:00:00,36082.1,18,1,9,273,0,0.7803363227365101,0.8826313014996275
2025-09-30 19:00:00,35698.98,19,1,9,273,0,0.7627963746256762,0.8732595159264338
2025-09-30 20:00:00,35227.05,20,1,9,273,0,0.7411905390860384,0.8617152823558623
2025-09-30 21:00:00,34401.1,21,1,9,273,0,0.7033770077064613,0.8415111001305033
2025-09-30 22:00:00,33437.92,22,1,9,273,0,0.6592808309957875,0.8179500319837377
2025-09-30 23:00:00,32572.23,23,1,9,273,0,0.6196479283019368,0.7967737398223832
2025-10-01 00:00:00,31538.98,0,2,10,274,0,0.57234381631217,0.7714986368689939
2025-10-01 01:00:00,31086.19,1,2,10,274,0,0.5516142456682344,0.7604226011890856
2025-10-01 02:00:00,30834.76,2,2,10,274,0,0.540103311356512,0.7542721834435538
2025-10-01 03:00:00,30224.43,3,2,10,274,0,0.512161265703752,0.7393424437043405
2025-10-01 04:00:00,29969.11,4,2,10,274,0,0.5004722399372605,0.7330968697521902
2025-10-01 05:00:00,29536.75,5,2,10,274,0,0.4806779927948501,0.722520587620153
2025-10-01 06:00:00,29692.87,6,2,10,274,0,0.487825457555404,0.7263395559947798
2025-10-01 07:00:00,30722.24,7,2,10,274,0,0.5349519359090517,0.7515197473590484
2025-10-01 08:00:00,33126.54,8,2,10,274,0,0.6450252738785618,0.8103331323392894
2025-10-01 09:00:00,36102.35,9,2,10,274,0,0.7812634055023391,0.8831266519325394
2025-10-01 10:00:00,36739.86,10,2,10,274,0,0.8104498022452342,0.8987212620305943
2025-10-01 11:00:00,38437.93,11,2,10,274,0,0.8881906137104781,0.9402590254683507
2025-10-01 12:00:00,38433.09,12,2,10,274,0,0.8879690294839786,0.9401406305994473
2025-10-01 13:00:00,38485.67,13,2,10,274,0,0.8903762399445855,0.941426829402534
2025-10-01 14:00:00,39061.6,14,2,10,274,0,0.9167433894420609,0.9555150849495414
2025-10-01 15:00:00,38961.97,15,2,10,274,0,0.9121821422341825,0.9530779608196154
2025-10-01 16:00:00,38044.2,16,2,10,274,0,0.8701649200122145,0.9306277007300608
2025-10-01 17:00:00,36432.77,17,2,10,274,0,0.796390649328769,0.8912093032926737
2025-10-01 18:00:00,36062.77,18,2,10,274,0,0.779451359286462,0.8821584558765072
2025-10-01 19:00:00,35567.95,19,2,10,274,0,0.7567975768574502,0.870054292853622
2025-10-01 20:00:00,34966.07,20,2,10,274,0,0.7292423879637645,0.8553312548999942
2025-10-01 21:00:00,34276.87,21,2,10,274,0,0.6976895266200944,0.8384722169561512
2025-10-01 22:00:00,33543.24,22,2,10,274,0,0.6641025770153977,0.8205263434698746
2025-10-01 23:00:00,32737.48,23,2,10,274,0,0.627213381489751,0.8008160439724413
2025-10-02 00:00:00,31700.79,0,3,10,275,0,0.5797517798844558,0.7754567925998315
2025-10-02 01:00:00,31263.63,1,3,10,275,0,0.5597377797901452,0.7647630940688819
2025-10-02 02:00:00,30438.78,2,3,10,275,0,0.5219746084620451,0.7445858197682738
2025-10-02 03:00:00,29563.84,3,3,10,275,0,0.48191822351713687,0.723183256421515
2025-10-02 04:00:00,28976.96,4,3,10,275,0,0.4550497625981391,0.7088271447144885
2025-10-02 05:00:00,28713.29,5,3,10,275,0,0.4429784582590714,0.7023773151517301
2025-10-02 06:00:00,28839.94,6,3,10,275,0,0.448776731458688,0.7054753957605341
2025-10-02 07:00:00,29399.92,7,3,10,275,0,0.47441366020974496,0.7191734863986555
2025-10-02 08:00:00,32522.63,8,3,10,275,0,0.6173771477989682,0.7955604370336214
2025-10-02 09:00:00,35501.75,9,3,10,275,0,0.7537668173958267,0.8684349250186215
2025-10-02 10:00:00,37099.02,10,3,10,275,0,0.8268928168711664,0.9075069440792168
2025-10-02 11:00:00,38024.55,11,3,10,275,0,0.8692653063653732,0.9301470273470132
2025-10-02 12:00:00,38168.13,12,3,10,275,0,0.8758386665390877,0.9336592453794812
2025-10-02 13:00:00,38831.19,13,3,10,275,0,0.9061947899322017,0.9498788531842471
2025-10-02 14:00:00,38776.79,14,3,10,275,0,0.9037042564773327,0.9485481339965729
2025-10-02 15:00:00,38517.77,15,3,10,275,0,0.891845837810418,0.9422120515702608
2025-10-02 16:00:00,38066.25,16,3,10,275,0,0.8711744101350061,0.9311670823125648
2025-10-02 17:00:00,36388.63,17,3,10,275,0,0.7943698378085868,0.8901295616576749
2025-10-02 18:00:00,35792.83,18,3,10,275,0,0.7670930026539747,0.8755552511426695
2025-10-02 19:00:00,35432.34,19,3,10,275,0,0.7505890981476198,0.8667370349668481
2025-10-02 20:00:00,35015.74,20,3,10,275,0,0.7315163731972817,0.8565462700112401
2025-10-02 21:00:00,34383.18,21,3,10,275,0,0.7025565966860339,0.8410727455745637
2025-10-02 22:00:00,33490.78,22,3,10,275,0,0.6617008603785884,0.8192430800767609
2025-10-02 23:00:00,32496.38,23,3,10,275,0,0.6161753738432639,0.7949183161020691
2025-10-03 00:00:00,31125.37,0,4,10,276,0,0.5534079791381197,0.7613810125452083
2025-10-03 01:00:00,30527.03,1,4,10,276,0,0.5260148580464603,0.7467445691857784
2025-10-03 02:00:00,29955.81,2,4,10,276,0,0.4998633411330371,0.7327715284802038
2025-10-03 03:00:00,29455.19,3,4,10,276,0,0.4769440238871458,0.7205254873086326
2025-10-03 04:00:00,29296.33,4,4,10,276,0,0.46967111681654894,0.7166394937396267
2025-10-03 05:00:00,29271.76,5,4,10,276,0,0.46854625639400965,0.7160384685476936
2025-10-03 06:00:00,29035.05,6,4,10,276,0,0.45770923113478135,0.7102481277588266
2025-10-03 07:00:00,29989.22,7,4,10,276,0,0.5013929132419924,0.7335887955401338
2025-10-03 08:00:00,32844.1,8,4,10,276,0,0.6320946439338341,0.8034241557332837
2025-10-03 09:00:00,35175.07,9,4,10,276,0,0.738810797744419,0.8604437606026396
2025-10-03 10:00:00,36707.65,10,4,10,276,0,0.808975168374254,0.8979333490703924
2025-10-03 11:00:00,38110.07,11,4,10,276,0,0.873180571458395,0.9322389961876363
2025-10-03 12:00:00,38423.15,12,4,10,276,0,0.8875139577460855,0.9398974808066995
2025-10-03 13:00:00,38813.77,13,4,10,276,0,0.9053972698442636,0.9494527295031939
2025-10-03 14:00:00,38905.73,14,4,10,276,0,0.909607370147752,0.9517022320123582
2025-10-03 15:00:00,38617.58,15,4,10,276,0,0.896415325753993,0.9446535788151462
2025-10-03 16:00:00,37723.32,16,4,10,276,0,0.8554744351776862,0.9227784144627649
2025-10-03 17:00:00,36087.66,17,4,10,276,0,0.7805908699057947,0.8827673088283678
2025-10-03 18:00:00,35196.61,18,4,10,276,0,0.7397969391160713,0.8609706666927592
2025-10-03 19:00:00,34860.95,19,4,10,276,0,0.72442979831715,0.8527598357638119
2025-10-03 20:00:00,34385.38,20,4,10,276,0,0.702657316788988,0.8411265614240652
2025-10-03 21:00:00,33800.43,21,4,10,276,0,0.6758772148694003,0.8268176608941014
2025-10-03 22:00:00,33198.91,22,4,10,276,0,0.6483385074471072,0.812103429170392
2025-10-03 23:00:00,32410.71,23,4,10,276,0,0.6122532414704951,0.7928226779989799
2025-10-04 00:00:00,31333.45,0,5,10,277,1,0.5629342696029934,0.7664710134380622
2025-10-04 01:00:00,30428.77,1,5,10,277,1,0.5215163319936034,0.7443409576530419
2025-10-04 02:00:00,29622.46,2,5,10,277,1,0.484601956442218,0.724617204193233
2025-10-04 03:00:00,28850.12,3,5,10,277,1,0.44924279084417634,0.7057244163732276
2025-10-04 04:00:00,28288.78,4,5,10,277,1,0.42354359875674763,0.6919930577554142
2025-10-04 05:00:00,27578.96,5,5,10,277,1,0.3910467153572061,0.6746296185312431
2025-10-04 06:00:00,27411.08,6,5,10,277,1,0.38336085586449675,0.6705229799792809
2025-10-04 07:00:00,27871.16,7,5,10,277,1,0.40442417630413074,0.6817773418150374
2025-10-04 08:00:00,29081.94,8,5,10,277,1,0.4598559427836564,0.7113951392057025
2025-10-04 09:00:00,31429.37,9,5,10,277,1,0.567325666091799,0.768817384476329
2025-10-04 10:00:00,33583.67,10,5,10,277,1,0.6659535378165071,0.8215153320132141
2025-10-04 11:00:00,35036.11,11,5,10,277,1,0.7324489497869083,0.8570445558541248
2025-10-04 12:00:00,35529.1,12,5,10,277,1,0.755018951403008,0.8691039538749246
2025-10-04 13:00:00,35636.95,13,5,10,277,1,0.7599565255410156,0.8717421535879882
2025-10-04 14:00:00,35224.81,14,5,10,277,1,0.7410879877084847,0.8616604880363696
2025-10-04 15:00:00,34887.21,15,5,10,277,1,0.7256320300915041,0.853402201312862
2025-10-04 16:00:00,34359.0,16,5,10,277,1,0.7014495911908366,0.8404812604650423
2025-10-04 17:00:00,33560.07,17,5,10,277,1,0.6648730858029979,0.8209380347185614
2025-10-04 18:00:00,33312.72,18,5,10,277,1,0.6535489415003908,0.8148874209121053
2025-10-04 19:00:00,33082.14,19,5,10,277,1,0.6429925590734848,0.8092470306493493
2025-10-04 20:00:00,32988.18,20,5,10,277,1,0.6386908950400385,0.8069486046406386
2025-10-04 21:00:00,32616.73,21,5,10,277,1,0.6216852212935117,0.7978622876873005
2025-10-04 22:00:00,32055.26,22,5,10,277,1,0.5959800775636356,0.7841277490420167
2025-10-04 23:00:00,30950.45,23,5,10,277,1,0.5453998153159567,0.7571021632748413
2025-10-05 00:00:00,29998.98,0,6,10,278,1,0.5018397442441894,0.7338275422179223
2025-10-05 01:00:00,28858.89,1,6,10,278,1,0.449644297800044,0.7059389459187405
2025-10-05 02:00:00,28070.53,2,6,10,278,1,0.41355170672503544,0.6866542808673647
2025-10-05 03:00:00,27529.12,3,6,10,278,1,0.38876494720664234,0.6734104449225357
2025-10-05 04:00:00,27228.23,4,6,10,278,1,0.37498964185304845,0.6660501490332105
2025-10-05 05:00:00,26726.27,5,6,10,278,1,0.35200897690808514,0.653771329116943
2025-10-05 06:00:00,26484.72,6,6,10,278,1,0.34095036742235746,0.6478625934591727
2025-10-05 07:00:00,26400.81,7,6,10,278,1,0.3371088111319521,0.6458100080356848
2025-10-05 08:00:00,27580.96,8,6,10,278,1,0.39113827908716453,0.6746785420307899
2025-10-05 09:00:00,29713.24,9,6,10,278,1,0.4887580341450306,0.7268378418376645
2025-10-05 10:00:00,31779.87,10,6,10,278,1,0.5833722097670114,0.7773912277719137
2025-10-05 11:00:00,33012.89,11,6,10,278,1,0.6398221649236747,0.8075530544775398
2025-10-05 12:00:00,33311.05,12,6,10,278,1,0.6534724857858756,0.8148465697899837
2025-10-05 13:00:00,33323.9,13,6,10,278,1,0.6540607827508583,0.8151609032745721
2025-10-05 14:00:00,32903.47,14,6,10,278,1,0.6348127132576499,0.8048764498173319
2025-10-05 15:00:00,32394.31,15,6,10,278,1,0.6115024188848363,0.7924215053026958
2025-10-05 16:00:00,32096.84,16,6,10,278,1,0.5978836875094711,0.7851448685975956
2025-10-05 17:00:00,32114.25,17,6,10,278,1,0.5986807497787591,0.7855707476611509
2025-10-05 18:00:00,32319.18,18,6,10,278,1,0.6080628273689482,0.7905836940422185
2025-10-05 19:00:00,32344.45,19,6,10,278,1,0.6092197350969729,0.7912018424589929
2025-10-05 20:00:00,32250.42,20,6,10,278,1,0.6049148663329779,0.7889017041277979
2025-10-05 21:00:00,31961.87,21,6,10,278,1,0.5917045091932274,0.7818432662306767
2025-10-05 22:00:00,31719.71,22,6,10,278,1,0.5806179727698623,0.7759196089055446
2025-10-05 23:00:00,30854.15,23,6,10,278,1,0.540991021718459,0.7547464967716606
2025-10-06 00:00:00,29853.86,0,0,10,279,0,0.4951958799984068,0.7302776530908033
2025-10-06 01:00:00,28750.43,1,0,10,279,0,0.44467879672439914,0.703285824538315
2025-10-06 02:00:00,28491.83,2,0,10,279,0,0.43283960644077596,0.6969600160469078
2025-10-06 03:00:00,27541.5,3,0,10,279,0,0.38933172669508503,0.6737132813847307
2025-10-06 04:00:00,26933.96,4,0,10,279,0,0.36151741244561686,0.6588517899273852
2025-10-06 05:00:00,26753.14,5,0,10,279,0,0.3532391356200764,0.6544286163333549
2025-10-06 06:00:00,26374.81,6,0,10,279,0,0.3359184826424927,0.6451740025415759
2025-10-06 07:00:00,26385.19,7,0,10,279,0,0.33639369840097677,0.6454279155042238
2025-10-06 08:00:00,28504.68,8,0,10,279,0,0.43342790340575876,0.6972743495314964
2025-10-06 09:00:00,30491.55,9,0,10,279,0,0.524390517476998,0.7458766663038173
2025-10-06 10:00:00,31654.17,10,0,10,279,0,0.577617429339125,0.7743163858253944
2025-10-06 11:00:00,32832.0,11,0,10,279,0,0.6315406833675857,0.8031281685610253
2025-10-06 12:00:00,33918.95,12,0,10,279,0,0.6813032815067359,0.8297168674772474
2025-10-06 13:00:00,33941.86,13,0,10,279,0,0.6823521440334098,0.8302772861645566
2025-10-06 14:00:00,33818.75,14,0,10,279,0,0.6767159386358195,0.8272658001499505
2025-10-06 15:00:00,33470.59,15,0,10,279,0,0.6607765245246582,0.8187491973488354
2025-10-06 16:00:00,32297.21,16,0,10,279,0,0.607056999795355,0.7900462693996964
2025-10-06 17:00:00,32125.21,17,0,10,279,0,0.5991825190189312,0.7858388484386676
2025-10-06 18:00:00,32713.56,18,0,10,279,0,0.6261182792794484,0.8002309189178611
2025-10-06 19:00:00,32495.52,19,0,10,279,0,0.6161360014393819,0.7948972789972639
2025-10-06 20:00:00,32537.07,20,0,10,279,0,0.6180382379292679,0.7959136647003496
2025-10-06 21:00:00,32563.37,21,0,10,279,0,0.6192423009782211,0.7965570087193906
2025-10-06 22:00:00,31738.68,22,0,10,279,0,0.5814864547485179,0.7763836482987464
2025-10-06 23:00:00,30586.98,23,0,10,279,0,0.5287594808519639,0.7482110510846951
2025-10-07 00:00:00,29099.51,0,1,10,280,0,0.46066033015134106,0.7118249321492215
2025-10-07 01:00:00,28387.64,1,1,10,280,0,0.4280695939285922,0.6944113463380148
2025-10-07 02:00:00,27855.21,2,1,10,280,0,0.40369395555771237,0.6813871769061512
2025-10-07 03:00:00,28101.02,3,1,10,280,0,0.4149475957882516,0.6874001196179563
2025-10-07 04:00:00,27630.32,4,1,10,280,0,0.3933980719425383,0.6758859739996061
2025-10-07 05:00:00,27817.7,5,1,10,280,0,0.4019766778023423,0.6804696166721502
2025-10-07 06:00:00,28130.4,6,1,10,280,0,0.41629266698134076,0.6881188058262996
2025-10-07 07:00:00,28656.96,7,1,10,280,0,0.4403995658047925,0.7009993847869932
2025-10-07 08:00:00,31581.37,8,1,10,280,0,0.5742845095686386,0.7725355704418893
2025-10-07 09:00:00,35112.4,9,1,10,280,0,0.7359416482661721,0.8589107427443392
2025-10-07 10:00:00,36536.76,10,1,10,280,0,0.8011515054679571,0.8937530806516121
2025-10-07 11:00:00,38087.05,11,1,10,280,0,0.8721266729265738,0.9316758867078522
2025-10-07 12:00:00,37961.27,12,1,10,280,0,0.8663682299494887,0.9285990878213508
2025-10-07 13:00:00,38797.96,13,1,10,280,0,0.9046734585589424,0.9490659892392762
2025-10-07 14:00:00,39254.45,14,1,10,280,0,0.925572422103301,0.960232533393346
2025-10-07 15:00:00,38514.61,15,1,10,280,0,0.8917011671170839,0.9421347524409769
2025-10-07 16:00:00,38075.39,16,1,10,280,0,0.871592856380916,0.931390662705494
2025-10-07 17:00:00,36642.81,17,1,10,280,0,0.8060066722490019,0.8963472492150835
2025-10-07 18:00:00,36046.05,18,1,10,280,0,0.7786858865040099,0.8817494554202957
2025-10-07 19:00:00,35554.82,19,1,10,280,0,0.7561964609702734,0.869733110079097
2025-10-07 20:00:00,35020.61,20,1,10,280,0,0.7317393308797305,0.8566653987326367
2025-10-07 21:00:00,34315.36,21,1,10,280,0,0.6994516706031441,0.8394137497049301
2025-10-07 22:00:00,33482.77,22,1,10,280,0,0.6613341476401049,0.8190471414610757
2025-10-07 23:00:00,32381.03,23,1,10,280,0,0.6108944357179122,0.7920966532657047
2025-10-08 00:00:00,31095.65,0,2,10,281,0,0.5520473421109378,0.7606540093419423
2025-10-08 01:00:00,30385.86,1,2,10,281,0,0.5195518321673456,0.7432913039702643
2025-10-08 02:00:00,29771.24,2,2,10,281,0,0.4914133823138247,0.728256623324523
2025-10-08 03:00:00,29470.89,3,2,10,281,0,0.4776627991673194,0.7209095367800754
2025-10-08 04:00:00,28931.23,4,2,10,281,0,0.45295615791263993,0.7077085088973499
2025-10-08 05:00:00,28962.91,5,2,10,281,0,0.4544065273951813,0.7084834571301719
2025-10-08 06:00:00,29203.75,6,2,10,281,0,0.4654326317567738,0.7143748249456031
2025-10-08 07:00:00,30110.15,7,2,10,281,0,0.5069293141739282,0.7365469549402338
2025-10-08 08:00:00,33033.13,8,2,10,281,0,0.6407487898708538,0.8080481602929538
2025-10-08 09:00:00,35655.19,9,2,10,281,0,0.7607915867582365,0.8721883359038556
2025-10-08 10:00:00,36809.51,10,2,10,281,0,0.8136385091410361,0.9004250229023132
2025-10-08 11:00:00,37727.29,11,2,10,281,0,0.8556561891816538,0.9228755276093654
2025-10-08 12:00:00,37458.48,12,2,10,281,0,0.843349566056593,0.9162999646527716
2025-10-08 13:00:00,38019.58,13,2,10,281,0,0.8690377704964265,0.9300254524506393
2025-10-08 14:00:00,38316.57,14,2,10,281,0,0.8826345265766015,0.9372903475158482
2025-10-08 15:00:00,38034.47,15,2,10,281,0,0.8697194624659669,0.9303896879047655
2025-10-08 16:00:00,37800.73,16,2,10,281,0,0.8590184093457269,0.9246719985127256
2025-10-08 17:00:00,36202.14,17,2,10,281,0,0.7858319778086144,0.8855676899424292
2025-10-08 18:00:00,35708.18,18,2,10,281,0,0.7632175677834847,0.8734845640243492
2025-10-08 19:00:00,35471.73,19,2,10,281,0,0.7523924458091511,0.8677005832904234
2025-10-08 20:00:00,34653.94,20,2,10,281,0,0.7149524944478044,0.8476960089432157
2025-10-08 21:00:00,33869.63,21,2,10,281,0,0.6790453199259614,0.8285104139784222
2025-10-08 22:00:00,33037.72,22,2,10,281,0,0.6409589286311085,0.808160439724414
2025-10-08 23:00:00,32345.07,23,2,10,281,0,0.6092481198532599,0.7912170087438524
2025-10-09 00:00:00,31231.5,0,3,10,282,0,0.5582668084683631,0.7639771380486617
2025-10-09 01:00:00,31041.48,1,3,10,282,0,0.5495673384850139,0.7593289163567158
2025-10-09 02:00:00,30214.75,2,3,10,282,0,0.5117180972507532,0.7391056539665338
2025-10-09 03:00:00,29342.87,3,3,10,282,0,0.4718018048126812,0.7177779435740818
2025-10-09 04:00:00,28834.2,4,3,10,282,0,0.44851394355370744,0.7053349853168347
2025-10-09 05:00:00,28619.29,5,3,10,282,0,0.4386749629510258,0.7000779106730284
2025-10-09 06:00:00,28791.29,6,3,10,282,0,0.4465494437274496,0.7042853316340572
2025-10-09 07:00:00,29614.02,7,3,10,282,0,0.4842155575017935,0.7244107470251454
2025-10-09 08:00:00,32422.61,8,3,10,282,0,0.6127980456637477,0.7931137728212837
2025-10-09 09:00:00,34771.52,9,3,10,282,0,0.7203355261320594,0.8505722214815747
2025-10-09 10:00:00,35978.95,10,3,10,282,0,0.7756139233639048,0.8801080720104989
2025-10-09 11:00:00,37019.22,11,3,10,282,0,0.8232394240458258,0.9055548964472978
2025-10-09 12:00:00,37238.67,12,3,10,282,0,0.833286254315513,0.9109230274350754
2025-10-09 13:00:00,37563.39,13,3,10,282,0,0.8481525415115615,0.9188662468215013
2025-10-09 14:00:00,38102.6,14,3,10,282,0,0.8728385809270003,0.9320562669168287
2025-10-09 15:00:00,37612.06,15,3,10,282,0,0.8503807448800994,0.9200568001829738
2025-10-09 16:00:00,37328.59,16,3,10,282,0,0.8374029596144432,0.9131226279747016
2025-10-09 17:00:00,35745.73,17,3,10,282,0,0.7649366768134541,0.8744031027283413
2025-10-09 18:00:00,34946.23,18,3,10,282,0,0.7283340757625772,0.8548459337844896
2025-10-09 19:00:00,34476.84,19,3,10,282,0,0.7068445261599864,0.8433638330583424
2025-10-09 20:00:00,33773.46,20,3,10,282,0,0.674642477970911,0.8261579275027121
2025-10-09 21:00:00,33074.68,21,3,10,282,0,0.64265102636074,0.8090645459960396
2025-10-09 22:00:00,32444.38,22,3,10,282,0,0.6137947168643452,0.7936463051138511
2025-10-09 23:00:00,31732.54,23,3,10,282,0,0.5812053540975456,0.7762334531551376
2025-10-10 00:00:00,30390.19,0,4,10,283,0,0.5197500676427055,0.7433972233467832
2025-10-10 01:00:00,29630.52,1,4,10,283,0,0.4849709582739505,0.7248143658964069
2025-10-10 02:00:00,28895.23,2,4,10,283,0,0.45130801077338845,0.7068278859055067
2025-10-10 03:00:00,28235.64,3,4,10,283,0,0.42111075045175256,0.6906931603724545
2025-10-10 04:00:00,27486.95,4,4,10,283,0,0.38683432596046924,0.6723788929345905
2025-10-10 05:00:00,27429.22,5,4,10,283,0,0.38419133889521956,0.6709667161201708
2025-10-10 06:00:00,27095.7,6,4,10,283,0,0.36892217128735405,0.6628082333357387
2025-10-10 07:00:00,27162.71,7,4,10,283,0,0.3719900140596107,0.6644474151880557
2025-10-10 08:00:00,28578.46,8,4,10,283,0,0.43680568940392467,0.6990791374297795
2025-10-10 09:00:00,31095.29,9,4,10,283,0,0.5520308606395452,0.7606452031120238
2025-10-10 10:00:00,32674.97,10,4,10,283,0,0.6243515571099008,0.7992869399941047
2025-10-10 11:00:00,34149.16,11,4,10,283,0,0.6918427246435997,0.8353482068925873
2025-10-10 12:00:00,34560.46,12,4,10,283,0,0.7106728057095478,0.8454093245743961
2025-10-10 13:00:00,34792.05,13,4,10,283,0,0.7212754278200829,0.8510744212044232
2025-10-10 14:00:00,34725.85,14,4,10,283,0,0.7182446683584591,0.8494550533694225
2025-10-10 15:00:00,34162.53,15,4,10,283,0,0.6924548281783716,0.8356752604870579
2025-10-10 16:00:00,33808.02,16,4,10,283,0,0.6762246992245924,0.8270033255748815
2025-10-10 17:00:00,33171.2,17,4,10,283,0,0.647069891968533,0.8114255940841704
2025-10-10 18:00:00,33398.64,18,4,10,283,0,0.6574825193394043,0.8169891744526377
2025-10-10 19:00:00,33242.12,19,4,10,283,0,0.6503167418328587,0.8131604213781016
2025-10-10 20:00:00,33018.52,20,4,10,283,0,0.6400799168235075,0.8076907741287641
2025-10-10 21:00:00,32599.29,21,4,10,283,0,0.6208867855682743,0.7974356747712521
2025-10-10 22:00:00,32191.3,22,4,10,283,0,0.602208242475407,0.7874555254811931
2025-10-10 23:00:00,31024.13,23,4,10,283,0,0.5487730231276248,0.758904504998147
2025-10-11 00:00:00,29748.19,0,5,10,284,1,0.4903581103260538,0.7276927799922456
2025-10-11 01:00:00,29223.1,1,5,10,284,1,0.4663185108441214,0.7148481598037189
2025-10-11 02:00:00,28404.42,2,5,10,284,1,0.4288378136229432,0.6948218144992129
2025-10-11 03:00:00,27606.91,3,5,10,284,1,0.392326318483375,0.6753133244374103
2025-10-11 04:00:00,27196.29,4,5,10,284,1,0.37352736908561257,0.6652688407454473
2025-10-11 05:00:00,26895.54,5,5,10,284,1,0.35975847319311577,0.6579119695010904
2025-10-11 06:00:00,26462.04,6,5,10,284,1,0.339912034724629,0.6473078009743115
2025-10-11 07:00:00,26478.28,7,5,10,284,1,0.34065553221189127,0.6477050597906319
2025-10-11 08:00:00,28355.35,8,5,10,284,1,0.4265912975084135,0.693621476437831
2025-10-11 09:00:00,30501.12,9,5,10,284,1,0.524828649924849,0.746110765249149
2025-10-11 10:00:00,32248.49,10,5,10,284,1,0.6048265073335681,0.7888544929507353
2025-10-11 11:00:00,33927.88,11,5,10,284,1,0.6817121135610003,0.8299353109027241
2025-10-11 12:00:00,34135.79,12,5,10,284,1,0.6912306211088276,0.8350211532981165
2025-10-11 13:00:00,34580.57,13,5,10,284,1,0.7115934790142798,0.8459012503623397
2025-10-11 14:00:00,33889.29,14,5,10,284,1,0.6799453913914528,0.8289913319789678
2025-10-11 15:00:00,33440.66,15,5,10,284,1,0.6594062733058308,0.818017057178117
2025-10-11 16:00:00,32879.15,16,5,10,284,1,0.6336992983013555,0.8042815400628422
2025-10-11 17:00:00,32334.48,17,5,10,284,1,0.6087632899031301,0.7909579588137519
2025-10-11 18:00:00,32812.88,18,5,10,284,1,0.6306653341091832,0.8026604599053574
2025-10-11 19:00:00,32495.72,19,5,10,284,1,0.6161451578123777,0.7949021713472186
2025-10-11 20:00:00,32407.56,20,5,10,284,1,0.6121090285958107,0.7927456234871937
2025-10-11 21:00:00,32254.97,21,5,10,284,1,0.6051231738186333,0.7890130050892671
2025-10-11 22:00:00,31421.84,22,5,10,284,1,0.5669809286485056,0.7686331875005351
2025-10-11 23:00:00,30336.58,23,5,10,284,1,0.5172957018611702,0.74208582894143
2025-10-12 00:00:00,29330.26,0,6,10,285,1,0.4712244954952933,0.7174694809094389
2025-10-12 01:00:00,28706.25,1,6,10,285,1,0.4426561539296177,0.7022051044333252
2025-10-12 02:00:00,27822.55,2,6,10,285,1,0.40219871984749145,0.6805882561585512
2025-10-12 03:00:00,27200.09,3,6,10,285,1,0.37370134017253354,0.6653617953945864
2025-10-12 04:00:00,26389.36,4,6,10,285,1,0.33658460877794016,0.6455299210007791
2025-10-12 05:00:00,26158.62,5,6,10,285,1,0.3260209012526376,0.6398856168580594
2025-10-12 06:00:00,26014.13,6,6,10,285,1,0.3194058795817919,0.6363511386332976
2025-10-12 07:00:00,25802.25,7,6,10,285,1,0.3097056180299972,0.6311681830913047
2025-10-12 08:00:00,27428.64,8,6,10,285,1,0.38416478541353155,0.6709525283053022
2025-10-12 09:00:00,29407.14,9,6,10,285,1,0.4747442052748949,0.7193501002320196
2025-10-12 10:00:00,31236.32,10,6,10,285,1,0.5584874770575629,0.7640950436825696
2025-10-12 11:00:00,32594.94,11,6,10,285,1,0.6206876344556146,0.7973292661597376
2025-10-12 12:00:00,33302.64,12,6,10,285,1,0.6530874603014003,0.8146408464743892
2025-10-12 13:00:00,33983.46,13,6,10,285,1,0.6842566696165447,0.831294894955131
2025-10-12 14:00:00,32700.9,14,6,10,285,1,0.6255386808688117,0.7999212331657296
2025-10-12 15:00:00,31797.66,15,6,10,285,1,0.5841866691449916,0.7778264023003829
2025-10-12 16:00:00,31720.61,16,6,10,285,1,0.5806591764483436,0.7759416244803407
2025-10-12 17:00:00,31634.92,17,6,10,285,1,0.5767361284382752,0.773845497142256
2025-10-12 18:00:00,32560.61,18,6,10,285,1,0.6191159430308785,0.796489494290016
2025-10-12 19:00:00,32492.1,19,6,10,285,1,0.6159794274611529,0.7948136198130388
2025-10-12 20:00:00,32432.99,20,6,10,285,1,0.613273261422232,0.7933676857839318
2025-10-12 21:00:00,32371.92,21,6,10,285,1,0.6104773629279516,0.7918738067252687
2025-10-12 22:00:00,31458.1,22,6,10,285,1,0.5686409790726517,0.7695201705473194
2025-10-12 23:00:00,30460.82,23,6,10,285,1,0.522983640766187,0.74512495673328
2025-10-13 00:00:00,29365.84,0,0,10,286,0,0.4728534142512536,0.7183398299663774
2025-10-13 01:00:00,28541.99,1,0,10,286,0,0.43513602478813307,0.6981870174155428
2025-10-13 02:00:00,27736.12,2,0,10,286,0,0.39824179325733844,0.6784740271256343
2025-10-13 03:00:00,27221.31,3,0,10,286,0,0.37467283134739243,0.6658808737247784
2025-10-13 04:00:00,27168.08,4,0,10,286,0,0.37223586267454917,0.6645787747843391
2025-10-13 05:00:00,27044.97,5,0,10,286,0,0.3665996572769588,0.661567288769733
2025-10-13 06:00:00,27462.02,6,0,10,286,0,0.38569298406653757,0.6717690615127391
2025-10-13 07:00:00,28220.94,7,0,10,286,0,0.4204377570365581,0.6903335726507852
2025-10-13 08:00:00,31392.45,8,0,10,286,0,0.5656353996367667,0.7679142566746942
2025-10-13 09:00:00,34839.67,9,0,10,286,0,0.7234555602303926,0.8522392897286335
2025-10-13 10:00:00,35833.76,10,0,10,286,0,0.7689668543875737,0.8765564705608957
2025-10-13 11:00:00,37440.31,11,0,10,286,0,0.8425177095699204,0.9158554946593884
2025-10-13 12:00:00,37664.3,12,0,10,286,0,0.8527723895066135,0.9213346819911375
2025-10-13 13:00:00,38776.94,13,0,10,286,0,0.9037111237570796,0.948551803259039
2025-10-13 14:00:00,38591.23,14,0,10,286,0,0.895208973611791,0.9440090117086166
2025-10-13 15:00:00,38321.79,15,0,10,286,0,0.882873507911793,0.9374180378496654
2025-10-13 16:00:00,37918.46,16,0,10,286,0,0.8644083083097289,0.9275518803135506
2025-10-13 17:00:00,36292.22,17,0,10,286,0,0.7899560082059415,0.8877712043620192
2025-10-13 18:00:00,35649.23,18,0,10,286,0,0.7605187268429605,0.872042543875206
2025-10-13 19:00:00,35517.7,19,0,10,286,0,0.754497038142245,0.8688250899275075
2025-10-13 20:00:00,34881.25,20,0,10,286,0,0.7253591701762281,0.8532564092842124
2025-10-13 21:00:00,34107.33,21,0,10,286,0,0.6899276692315194,0.834324971899565
2025-10-13 22:00:00,33366.58,22,0,10,286,0,0.656014752748171,0.8162049307549019
2025-10-13 23:00:00,32209.29,23,0,10,286,0,0.603031858226383,0.787895592359617
2025-10-14 00:00:00,31478.46,0,1,10,287,0,0.5695730978436283,0.7700182117727062
2025-10-14 01:00:00,31192.04,1,1,10,287,0,0.5564602560762836,0.7630118774026025
2025-10-14 02:00:00,30287.1,2,1,10,287,0,0.5150304151819989,0.740875461562641
2025-10-14 03:00:00,29707.13,3,1,10,287,0,0.4884783069500076,0.7266883805465488
2025-10-14 04:00:00,29545.63,4,1,10,287,0,0.4810845357558655,0.722737807958141
2025-10-14 05:00:00,29335.75,5,1,10,287,0,0.47147583793402925,0.717603775915695
2025-10-14 06:00:00,29509.72,6,1,10,287,0,0.47944050898446217,0.7218593865237775
2025-10-14 07:00:00,29938.98,7,1,10,287,0,0.49909283234543694,0.732359837231517
2025-10-14 08:00:00,32568.85,8,1,10,287,0,0.6194931855983071,0.796691059108149
2025-10-14 09:00:00,35201.46,9,1,10,287,0,0.7400189811612203,0.8610893061791602
2025-10-14 10:00:00,36470.15,10,1,10,287,0,0.798101975441692,0.8921236834992043
2025-10-14 11:00:00,37803.45,11,1,10,287,0,0.85914293601847,0.9247385344721092
2025-10-14 12:00:00,38272.45,12,1,10,287,0,0.8806146306937187,0.9362110951158447
2025-10-14 13:00:00,38961.73,13,1,10,287,0,0.9121711545865876,0.9530720899996699
2025-10-14 14:00:00,39118.47,14,1,10,287,0,0.9193470041034285,0.9569062246591561
2025-10-14 15:00:00,38709.8,15,1,10,287,0,0.9006373293423756,0.9469094413792514
2025-10-14 16:00:00,37856.25,16,1,10,287,0,0.8615602184893724,0.9260301148601461
2025-10-14 17:00:00,36357.74,17,1,10,287,0,0.792955635999379,0.8893739382071738
2025-10-14 18:00:00,36031.03,18,1,10,287,0,0.777998242892022,0.8813820399386988
2025-10-14 19:00:00,35832.15,19,1,10,287,0,0.7688931455849572,0.8765170871437605
2025-10-14 20:00:00,35204.72,20,1,10,287,0,0.7401682300410526,0.8611690514834217
2025-10-14 21:00:00,34312.09,21,1,10,287,0,0.6993019639046618,0.8393337597831709
2025-10-14 22:00:00,33414.63,22,1,10,287,0,0.6582145713604217,0.8173803178315147
2025-10-14 23:00:00,32470.11,23,1,10,287,0,0.6149726842502602,0.7942757059355212
2025-10-15 00:00:00,31849.49,0,2,10,288,0,0.586559543206864,0.7790942547911395
2025-10-15 01:00:00,31755.9,1,2,10,288,0,0.58227481846346,0.7768048796298448
2025-10-15 02:00:00,31488.94,2,2,10,288,0,0.5700528917886104,0.7702745709103317
2025-10-15 03:00:00,30769.3,3,2,10,288,0,0.5371064304749731,0.7526709173033855
2025-10-15 04:00:00,30386.74,4,2,10,288,0,0.5195921202085273,0.7433128303100649
2025-10-15 05:00:00,29844.32,5,2,10,288,0,0.49475912100650515,0.7300442879979647
2025-10-15 06:00:00,29807.75,6,2,10,288,0,0.4930848782042155,0.7291497218087507
2025-10-15 07:00:00,30299.97,7,2,10,288,0,0.5156196277842814,0.741190284282225
2025-10-15 08:00:00,32842.09,8,2,10,288,0,0.6320026223852259,0.803374987616239
2025-10-15 09:00:00,35585.91,9,2,10,288,0,0.7576198191524771,0.8704936258795528
2025-10-15 10:00:00,36619.53,10,2,10,288,0,0.804940870432286,0.8957777796803582
2025-10-15 11:00:00,37619.42,11,2,10,288,0,0.8507176994063465,0.9202368386613062
2025-10-15 12:00:00,37879.66,12,2,10,288,0,0.8626319719485358,0.9266027644223419
2025-10-15 13:00:00,38563.24,13,2,10,288,0,0.8939275392110226,0.9433243273324583
2025-10-15 14:00:00,38598.33,14,2,10,288,0,0.8955340248531433,0.9441826901320078
2025-10-15 15:00:00,38331.68,15,2,10,288,0,0.8833262905564373,0.9376599645549245
2025-10-15 16:00:00,37752.6,16,2,10,288,0,0.8568149281842774,0.9234946544961307
2025-10-15 17:00:00,36279.65,17,2,10,288,0,0.7893805301631529,0.8874637201673673
2025-10-15 18:00:00,35703.63,18,2,10,288,0,0.7630092602978292,0.8733732630628801
2025-10-15 19:00:00,35284.59,19,2,10,288,0,0.7438248275969418,0.8631228114378249
2025-10-15 20:00:00,34567.37,20,2,10,288,0,0.7109891583965544,0.8455783552653305
2025-10-15 21:00:00,33895.26,21,2,10,288,0,0.6802187091253787,0.8291373686251151
2025-10-15 22:00:00,33145.82,22,2,10,288,0,0.6459079482353609,0.8108047548749209
2025-10-15 23:00:00,32607.5,23,2,10,288,0,0.6212626546797535,0.7976365057368918
2025-10-16 00:00:00,31775.62,0,3,10,289,0,0.5831776368408498,0.7772872653353766
2025-10-16 01:00:00,30995.81,1,3,10,289,0,0.5474764807114136,0.7582117482445637
2025-10-16 02:00:00,30719.08,2,3,10,289,0,0.5348072652157173,0.7514424482297644
2025-10-16 03:00:00,29996.57,3,3,10,289,0,0.5017294099495896,0.7337685894009685
2025-10-16 04:00:00,29306.91,4,3,10,289,0,0.4701554889480289,0.7168982990522295
2025-10-16 05:00:00,28830.22,5,3,10,289,0,0.4483317317310902,0.7052376275527364
2025-10-16 06:00:00,28593.3,6,3,10,289,0,0.4374850922802161,0.6994421497964171
2025-10-16 07:00:00,29304.66,7,3,10,289,0,0.4700524797518257,0.7168432601152392
2025-10-16 08:00:00,31997.88,8,3,10,289,0,0.5933531141511287,0.7827241338400177
2025-10-16 09:00:00,35006.41,9,3,10,289,0,0.731089228397026,0.8563180418858541
2025-10-16 10:00:00,36483.74,10,3,10,289,0,0.7987241509867593,0.8924561186786251
2025-10-16 11:00:00,37747.99,11,3,10,289,0,0.8566038737867232,0.9233818858296752
2025-10-16 12:00:00,37672.84,12,3,10,289,0,0.8531633666335356,0.9215435853342024
2025-10-16 13:00:00,38379.02,13,3,10,289,0,0.8854936040445529,0.9388179837891983
2025-10-16 14:00:00,38736.14,14,3,10,289,0,0.9018432236659278,0.9475537638682832
2025-10-16 15:00:00,38351.22,15,3,10,289,0,0.8842208681981311,0.9381379471454973
2025-10-16 16:00:00,37987.69,16,3,10,289,0,0.8675777868222396,0.9292453672503648
2025-10-16 17:00:00,36571.84,17,3,10,289,0,0.8027575332914275,0.8946111988336637
2025-10-16 18:00:00,36116.5,18,3,10,289,0,0.7819112188917949,0.8834727856918333
2025-10-16 19:00:00,35865.04,19,3,10,289,0,0.7703989111241233,0.8773216340938084
2025-10-16 20:00:00,35240.81,20,3,10,289,0,0.741820497548152,0.8620518760327444
2025-10-16 21:00:00,34526.33,21,3,10,289,0,0.7091102706578076,0.8445744450546292
2025-10-16 22:00:00,33624.9,22,3,10,289,0,0.6678411241096,0.8225238899563725
2025-10-16 23:00:00,32629.63,23,3,10,289,0,0.6222758073517435,0.7981778442593778
2025-10-17 00:00:00,30923.09,0,4,10,290,0,0.5441472234901256,0.7564328898010403
2025-10-17 01:00:00,30359.57,1,4,10,290,0,0.5183482269370422,0.7426482045687209
2025-10-17 02:00:00,29789.23,2,4,10,290,0,0.49223699806480053,0.7286966902029469
2025-10-17 03:00:00,29055.43,3,4,10,290,0,0.45864226554305765,0.710746658219209
2025-10-17 04:00:00,29031.12,4,4,10,290,0,0.457529308405413,0.7101519930822171
2025-10-17 05:00:00,28807.64,5,4,10,290,0,0.4472979772198596,0.7046852812428526
2025-10-17 06:00:00,28806.07,6,4,10,290,0,0.44722609969184224,0.7046468762957083
2025-10-17 07:00:00,29466.05,7,4,10,290,0,0.47744121494082004,0.720791141911172
2025-10-17 08:00:00,32473.89,8,4,10,290,0,0.6151457396998815,0.7943681713496648
2025-10-17 09:00:00,34966.53,9,4,10,290,0,0.729263447621655,0.8553425073048899
2025-10-17 10:00:00,36490.7,10,4,10,290,0,0.7990427927670145,0.8926263724570481
2025-10-17 11:00:00,37851.98,11,4,10,290,0,0.8613647299259113,0.9259256631886136
2025-10-17 12:00:00,37976.2,12,4,10,290,0,0.8670517531936283,0.9289643017454681
2025-10-17 13:00:00,38297.48,13,4,10,290,0,0.8817605507741485,0.9368233727126736
2025-10-17 14:00:00,38824.14,14,4,10,290,0,0.9058720277840981,0.9497063978483444
2025-10-17 15:00:00,38416.13,15,4,10,290,0,0.8871925690539313,0.93972575932329
2025-10-17 16:00:00,37756.39,16,4,10,290,0,0.8569884414525486,0.923587364527772
2025-10-17 17:00:00,35995.38,17,4,10,290,0,0.7763661194055131,0.8805099785592763
2025-10-17 18:00:00,35324.91,18,4,10,290,0,0.7456707523929037,0.8641091091886894
2025-10-17 19:00:00,35228.16,19,4,10,290,0,0.7412413569561653,0.8617424348981108
2025-10-17 20:00:00,34699.76,20,4,10,290,0,0.7170502195011517,0.8488168463178339
2025-10-17 21:00:00,33983.57,21,4,10,290,0,0.6842617056216925,0.831297585747606
2025-10-17 22:00:00,33192.57,22,4,10,290,0,0.6480482504231388,0.8119483416768285
2025-10-17 23:00:00,32613.86,23,4,10,290,0,0.6215538273410214,0.7977920824654509
2025-10-18 00:00:00,31011.95,0,5,10,291,1,0.548215400012178,0.7586065608859067
2025-10-18 01:00:00,30140.54,1,5,10,291,1,0.5083206250506462,0.7372903475158481
2025-10-18 02:00:00,29484.97,2,5,10,291,1,0.4783074078262267,0.7212539582168852
2025-10-18 03:00:00,28756.27,3,5,10,291,1,0.44494616281587773,0.7034286811569919
2025-10-18 04:00:00,28052.89,4,5,10,291,1,0.4127441146268022,0.6862227756013615
2025-10-18 05:00:00,27829.51,5,5,10,291,1,0.40251736162774665,0.6807585099369743
2025-10-18 06:00:00,27213.1,6,5,10,291,1,0.37429696223591297,0.6656800427591385
2025-10-18 07:00:00,27469.68,7,5,10,291,1,0.3860436731522783,0.6719564385160035
2025-10-18 08:00:00,29659.69,8,5,10,291,1,0.48630641527539387,0.7255279151372976
2025-10-18 09:00:00,31761.26,9,5,10,291,1,0.5825202092597483,0.7769359946086303
2025-10-18 10:00:00,33364.85,10,5,10,291,1,0.6559355501217567,0.8161626119277937
2025-10-18 11:00:00,35094.61,11,5,10,291,1,0.735127188888192,0.85847556821587
2025-10-18 12:00:00,35860.07,12,5,10,291,1,0.7701713752551766,0.8772000591974344
2025-10-18 13:00:00,36376.2,13,5,10,291,1,0.7938007692268952,0.8898255021079912
2025-10-18 14:00:00,36047.16,14,5,10,291,1,0.7787367043741369,0.8817766079625442
2025-10-18 15:00:00,35054.76,15,5,10,291,1,0.7333027815687706,0.8575007674873991
2025-10-18 16:00:00,34447.91,16,5,10,291,1,0.7055200568061382,0.8426561546373974
2025-10-18 17:00:00,33277.36,17,5,10,291,1,0.651930094754726,0.814022453440117
2025-10-18 18:00:00,33656.56,18,5,10,291,1,0.6692905779548416,0.823298348954199
2025-10-18 19:00:00,33432.17,19,5,10,291,1,0.659017585272157,0.8178093769225405
2025-10-18 20:00:00,33296.55,20,5,10,291,1,0.6528086487436771,0.8144918744182691
2025-10-18 21:00:00,32833.93,21,5,10,291,1,0.6316290423669957,0.8031753797380881
2025-10-18 22:00:00,32453.41,22,5,10,291,1,0.6142081271051073,0.7938671947143051
2025-10-18 23:00:00,31164.67,23,5,10,291,1,0.5552072064318025,0.7623423593113038
2025-10-19 00:00:00,30049.65,0,6,10,292,1,0.504159511342686,0.7350670190789418
2025-10-19 01:00:00,28809.2,1,6,10,292,1,0.4473693969292272,0.7047234415724991
2025-10-19 02:00:00,28416.85,2,6,10,292,1,0.4294068822046348,0.6951258740488966
2025-10-19 03:00:00,27482.29,3,6,10,292,1,0.38662098246966614,0.6722649011806463
2025-10-19 04:00:00,26547.15,4,6,10,292,1,0.3438085292530094,0.6493897404975275
2025-10-19 05:00:00,26757.91,5,6,10,292,1,0.3534575151160273,0.6545452988797742
2025-10-19 06:00:00,26595.63,6,6,10,292,1,0.34602803406720145,0.6505756461265431
2025-10-19 07:00:00,26400.51,7,6,10,292,1,0.33709507657245824,0.6458026695107527
2025-10-19 08:00:00,27036.05,8,6,10,292,1,0.3661912830413442,0.661349089961754
2025-10-19 09:00:00,28542.53,9,6,10,292,1,0.4351607469952217,0.6982002267604204
2025-10-19 10:00:00,29767.58,10,6,10,292,1,0.49124582068800077,0.7281670933203523
2025-10-19 11:00:00,30949.62,11,6,10,292,1,0.5453618163680238,0.7570818600225292
2025-10-19 12:00:00,31330.4,12,6,10,292,1,0.5627946349148069,0.7663964051012533
2025-10-19 13:00:00,31242.76,13,6,10,292,1,0.5587823122680289,0.7642525773511104
2025-10-19 14:00:00,31245.18,14,6,10,292,1,0.5588931043812787,0.7643117747855621
2025-10-19 15:00:00,30922.8,15,6,10,292,1,0.5441339467492815,0.756425795893606
2025-10-19 16:00:00,30339.61,16,6,10,292,1,0.5174344209120572,0.7421599480432435
2025-10-19 17:00:00,30263.38,17,6,10,292,1,0.5139444693446922,0.7402952288580155
2025-10-19 18:00:00,31233.87,18,6,10,292,1,0.5583753114883638,0.7640351123956247
2025-10-19 19:00:00,31130.4,19,6,10,292,1,0.5536382619189653,0.7615040551465687
2025-10-19 20:00:00,30958.67,20,6,10,292,1,0.5457761422460857,0.7573032388579787
2025-10-19 21:00:00,31060.75,21,6,10,292,1,0.5504495550231633,0.7598002942748497
2025-10-19 22:00:00,30220.49,22,6,10,292,1,0.5119808851557339,0.7392460644102333
2025-10-19 23:00:00,29236.18,23,6,10,292,1,0.4669173376380495,0.7151681194907553
2025-10-20 00:00:00,27682.6,0,0,10,293,0,0.3957915478436512,0.6771648342777606
2025-10-20 01:00:00,26833.79,1,0,10,293,0,0.35693144303064966,0.6564014564525815
2025-10-20 02:00:00,26681.82,2,0,10,293,0,0.3499739730097593,0.6526840043395143
2025-10-20 03:00:00,26720.14,3,0,10,293,0,0.35172833407576254,0.6536213785908319
2025-10-20 04:00:00,26520.81,4,0,10,293,0,0.3426026349294571,0.6487454180084956
2025-10-20 05:00:00,26558.64,5,0,10,293,0,0.34433456288162045,0.6496708060024241
2025-10-20 06:00:00,26716.37,6,0,10,293,0,0.35155573644479093,0.6535291577941861
2025-10-20 07:00:00,27185.93,7,0,10,293,0,0.37305306896442797,0.6650154170177947
2025-10-20 08:00:00,29899.26,8,0,10,293,0,0.49727437666846275,0.7313882165305166
2025-10-20 09:00:00,32938.56,9,0,10,293,0,0.6364191988997701,0.8057348126168812
2025-10-20 10:00:00,33982.91,10,0,10,293,0,0.6842314895908064,0.8312814409927557
2025-10-20 11:00:00,34918.69,11,0,10,293,0,0.7270732432010497,0.8541722571957295
2025-10-20 12:00:00,35059.13,12,0,10,293,0,0.7335028483187296,0.8576076653339089
2025-10-20 13:00:00,34440.05,13,0,10,293,0,0.7051602113474016,0.8424638852841783
2025-10-20 14:00:00,35048.05,14,0,10,293,0,0.7329955852547602,0.8573366291464195
2025-10-20 15:00:00,34557.77,15,0,10,293,0,0.7105496524927537,0.8453435224675055
2025-10-20 16:00:00,34114.49,16,0,10,293,0,0.6902554673847704,0.8345001180279426
2025-10-20 17:00:00,33099.46,17,0,10,293,0,0.6437855009749247,0.809670708155425
2025-10-20 18:00:00,32898.94,18,0,10,293,0,0.634605321409294,0.8047656380908583
2025-10-20 19:00:00,32251.79,19,0,10,293,0,0.6049775874879995,0.7889352167249876
2025-10-20 20:00:00,31601.76,20,0,10,293,0,0.5752180017955647,0.7730343455197694
2025-10-20 21:00:00,30755.93,21,0,10,293,0,0.5364943269402012,0.7523438637089149
2025-10-20 22:00:00,29846.12,22,0,10,293,0,0.4948415283634677,0.7300883191475569
2025-10-20 23:00:00,28680.2,23,0,10,293,0,0.4414635363469094,0.7015678758517275
2025-10-21 00:00:00,27317.97,0,1,10,294,0,0.37909810641628267,0.6682453464578775
2025-10-21 01:00:00,26672.36,1,1,10,294,0,0.34954087656705607,0.6524525961866579
2025-10-21 02:00:00,26786.96,2,1,10,294,0,0.35478747829367324,0.6552559127106921
2025-10-21 03:00:00,27171.54,3,1,10,294,0,0.3723942679273772,0.6646634124385551
2025-10-21 04:00:00,26976.17,4,1,10,294,0,0.3634498649663892,0.6598843203853214
2025-10-21 05:00:00,26980.24,5,1,10,294,0,0.3636361971568547,0.6599838797068993
2025-10-21 06:00:00,26725.78,6,1,10,294,0,0.35198654379424527,0.6537593428595541
2025-10-21 07:00:00,27086.47,7,1,10,294,0,0.368499604673596,0.66258245138533
2025-10-21 08:00:00,29296.92,8,1,10,294,0,0.4696981281168865,0.716653926171993
2025-10-21 09:00:00,31913.56,9,1,10,294,0,0.5894927872960819,0.7806615190991227
2025-10-21 10:00:00,33110.54,10,1,10,294,0,0.6442927640388945,0.8099417443429145
2025-10-21 11:00:00,33342.92,11,1,10,294,0,0.6549315538227627,0.8156261657552626
2025-10-21 12:00:00,33238.3,12,1,10,294,0,0.6501418551086382,0.8130669774939672
2025-10-21 13:00:00,33607.57,13,1,10,294,0,0.6670477243895102,0.822099967832799
2025-10-21 14:00:00,33929.96,14,1,10,294,0,0.6818073398401572,0.8299861913422528
2025-10-21 15:00:00,33381.31,15,1,10,294,0,0.6566891196193145,0.8165652523290643
2025-10-21 16:00:00,32825.19,16,1,10,294,0,0.6312289088670775,0.8029615840450683
2025-10-21 17:00:00,32005.89,17,1,10,294,0,0.5937198268896121,0.7829200724557028
2025-10-21 18:00:00,31939.81,18,1,10,294,0,0.5906945612517861,0.781303640030675
2025-10-21 19:00:00,31082.13,19,1,10,294,0,0.5514283712964189,0.7603232864850056
2025-10-21 20:00:00,30521.05,20,1,10,294,0,0.5257410824938846,0.7465982879221333
2025-10-21 21:00:00,29898.14,21,1,10,294,0,0.4972231009796861,0.7313608193707704
2025-10-21 22:00:00,29018.44,22,1,10,294,0,0.45694879435747665,0.7098418180950901
2025-10-21 23:00:00,28030.93,23,1,10,294,0,0.41173874487185885,0.6856855955763371
2025-10-22 00:00:00,26636.43,0,2,10,295,0,0.34789593415835307,0.6515736855172988
2025-10-22 01:00:00,26362.85,1,2,10,295,0,0.33537093153734127,0.6448814400142856
2025-10-22 02:00:00,26085.63,2,2,10,295,0,0.3226792829278053,0.6381001537420973
2025-10-22 03:00:00,26199.11,3,2,10,295,0,0.3278746089656458,0.6408760731063854
2025-10-22 04:00:00,26395.26,4,2,10,295,0,0.33685472178131737,0.6456742453244423
2025-10-22 05:00:00,26681.64,5,2,10,295,0,0.3499657322740631,0.6526796012245552
2025-10-22 06:00:00,26751.44,6,2,10,295,0,0.35316130644961174,0.6543870313587401
2025-10-22 07:00:00,27181.62,7,2,10,295,0,0.37285574912636754,0.6649099868762712
2025-10-22 08:00:00,29745.26,8,2,10,295,0,0.4902239694616647,0.7276211070654094
2025-10-22 09:00:00,31675.61,9,2,10,295,0,0.5785989925242793,0.7748408457405367
2025-10-22 10:00:00,32288.49,10,2,10,295,0,0.6066577819327365,0.7898329629416722
2025-10-22 11:00:00,33122.46,11,2,10,295,0,0.6448384838694465,0.8102333284002138
2025-10-22 12:00:00,33053.24,12,2,10,295,0,0.6416694631755857,0.8085400860808973
2025-10-22 13:00:00,33581.16,13,2,10,295,0,0.6658386253354095,0.821453933021283
2025-10-22 14:00:00,33349.28,14,2,10,295,0,0.6552227264840306,0.8157817424838215
2025-10-22 15:00:00,32855.99,15,2,10,295,0,0.6326389903084368,0.8037150059380896
2025-10-22 16:00:00,32422.88,16,2,10,295,0,0.6128104067672921,0.7931203774937226
2025-10-22 17:00:00,31710.43,17,2,10,295,0,0.5801931170628553,0.7756926038676473
2025-10-22 18:00:00,31848.82,18,2,10,295,0,0.5865288693573278,0.7790778654187912
2025-10-22 19:00:00,31118.9,19,2,10,295,0,0.5531117704717043,0.7612227450241743
2025-10-22 20:00:00,30551.61,20,2,10,295,0,0.5271401762876493,0.7473458389952091
2025-10-22 21:00:00,29874.86,21,2,10,295,0,0.4961572991629702,0.7307913498360451
2025-10-22 22:00:00,29048.56,22,2,10,295,0,0.4583277441306505,0.7105786059982657
2025-10-22 23:00:00,27943.38,23,2,10,295,0,0.40773054259292923,0.683543969383674
2025-10-23 00:00:00,26750.39,0,3,10,296,0,0.3531132354913836,0.654361346521478
2025-10-23 01:00:00,26511.85,1,3,10,296,0,0.34219242941924327,0.6485262407305257
2025-10-23 02:00:00,26364.89,2,3,10,296,0,0.3354643265418989,0.6449313419838234
2025-10-23 03:00:00,26649.04,3,3,10,296,0,0.34847324347574093,0.6518821481819416
2025-10-23 04:00:00,26268.25,4,3,10,296,0,0.3310399671103082,0.6425673584857198
2025-10-23 05:00:00,26290.36,5,3,10,296,0,0.33205220414499853,0.6431082077732102
2025-10-23 06:00:00,26718.5,6,3,10,296,0,0.3516532518171967,0.6535812613212035
2025-10-23 07:00:00,27508.53,7,3,10,296,0,0.38782229860672046,0.672906777494701
2025-10-23 08:00:00,29865.31,8,3,10,296,0,0.49572008235241877,0.730557740125709
2025-10-23 09:00:00,31525.37,9,3,10,296,0,0.571720725129803,0.7711657124545775
2025-10-23 10:00:00,33119.75,10,3,10,296,0,0.644714415015353,0.8101670370583278
2025-10-23 11:00:00,33471.92,11,3,10,296,0,0.6608374144050806,0.8187817314760342
2025-10-23 12:00:00,32924.42,12,3,10,296,0,0.6357718433289641,0.8053889234750851
2025-10-23 13:00:00,33050.33,13,3,10,296,0,0.6415362379484963,0.8084689023890568
2025-10-23 14:00:00,33147.46,14,3,10,296,0,0.6459830304939267,0.8108448721445494
2025-10-23 15:00:00,33065.77,15,3,10,296,0,0.6422431099437751,0.8088465918055583
2025-10-23 16:00:00,32530.88,16,3,10,296,0,0.6177548481850467,0.7957622464692522
2025-10-23 17:00:00,31727.96,17,3,10,296,0,0.5809956731559408,0.7761214183411753
2025-10-23 18:00:00,31603.27,18,3,10,296,0,0.5752871324116834,0.7730712827619273
2025-10-23 19:00:00,30898.25,19,3,10,296,0,0.543010001964042,0.7558252599366685
2025-10-23 20:00:00,30242.28,20,3,10,296,0,0.5129784719936308,0.7397790859377962
2025-10-23 21:00:00,29556.82,21,3,10,296,0,0.4815968348249828,0.7230115349381057
2025-10-23 22:00:00,28969.11,22,3,10,296,0,0.45469037495805237,0.7086351199787672
2025-10-23 23:00:00,27951.15,23,3,10,296,0,0.40808626768381767,0.6837340371794135
2025-10-24 00:00:00,26699.07,0,4,10,297,0,0.35076371018065067,0.653105969523106
2025-10-24 01:00:00,25996.71,1,4,10,297,0,0.318608359493854,0.6359250149522445
2025-10-24 02:00:00,25422.29,2,4,10,297,0,0.29231034061249733,0.6218736966473949
2025-10-24 03:00:00,25097.78,3,4,10,297,0,0.27745366760809437,0.6139356142284214
2025-10-24 04:00:00,25083.1,4,4,10,297,0,0.2767815898301996,0.6135765157417474
2025-10-24 05:00:00,24937.05,5,4,10,297,0,0.2700951484499863,0.6100038771873391
2025-10-24 06:00:00,24895.46,6,4,10,297,0,0.268191080685501,0.6089865130142624
2025-10-24 07:00:00,25327.7,7,4,10,297,0,0.28797983400411403,0.6195598597363268
2025-10-24 08:00:00,27024.03,8,4,10,297,0,0.3656409850242941,0.6610550597294774
2025-10-24 09:00:00,28042.71,9,4,10,297,0,0.4122780552413139,0.6859737549886681
2025-10-24 10:00:00,29412.9,10,4,10,297,0,0.47500790881717525,0.7194909999107146
2025-10-24 11:00:00,30501.26,11,4,10,297,0,0.5248350593859461,0.7461141898941173
2025-10-24 12:00:00,30632.39,12,4,10,297,0,0.5308384353406697,0.7493218591419062
2025-10-24 13:00:00,30434.99,13,4,10,297,0,0.521801095193774,0.7444931097366326
2025-10-24 14:00:00,30490.52,14,4,10,297,0,0.5243433621560695,0.7458514707015508
2025-10-24 15:00:00,29877.59,15,4,10,297,0,0.4962822836543634,0.7308581304129266
2025-10-24 16:00:00,28568.85,16,4,10,297,0,0.43636572568147447,0.6988440600144569
2025-10-24 17:00:00,28354.6,17,4,10,297,0,0.4265569611096791,0.6936031301255009
2025-10-24 18:00:00,29009.96,18,4,10,297,0,0.456560564142453,0.7096343824570115
2025-10-24 19:00:00,28580.87,19,4,10,297,0,0.43691602369852456,0.6991380902467333
2025-10-24 20:00:00,28284.26,20,4,10,297,0,0.42333666472704157,0.6918824906464384
2025-10-24 21:00:00,28021.61,21,4,10,297,0,0.41131205789025266,0.6854576120684489
2025-10-24 22:00:00,27658.93,22,4,10,297,0,0.3947078910995934,0.6765858246606238
2025-10-24 23:00:00,26976.42,23,4,10,297,0,0.36346131043263397,0.6598904358227647
2025-10-25 00:00:00,25856.9,0,5,10,298,1,0.312207596951111,0.6325050177164223
2025-10-25 01:00:00,25362.8,1,5,10,298,1,0.28958677746488415,0.6204184671533739
2025-10-25 02:00:00,24660.08,2,5,10,298,1,0.2574149453066951,0.6032287063525942
2025-10-25 03:00:00,24057.14,3,5,10,298,1,0.22981122763613124,0.5884797389442064
2025-10-25 04:00:00,23662.14,4,5,10,298,1,0.211727390969344,0.5788173477837043
2025-10-25 05:00:00,23634.53,5,5,10,298,1,0.21046335367726804,0.57814195887246
2025-10-25 06:00:00,23926.71,6,5,10,298,1,0.2238398989868931,0.5852891929212588
2025-10-25 07:00:00,24128.65,7,5,10,298,1,0.2330850888007945,0.5902289986705039
2025-10-25 08:00:00,25200.87,8,5,10,298,1,0.28217332006880097,0.6164573760125636
2025-10-25 09:00:00,27313.08,9,5,10,298,1,0.37887423309653434,0.6681257285014854
2025-10-25 10:00:00,28745.69,10,5,10,298,1,0.4444617906843976,0.703169875844389
2025-10-25 11:00:00,29530.86,11,5,10,298,1,0.4804083376101226,0.7223765079139876
2025-10-25 12:00:00,30163.64,12,5,10,298,1,0.5093781861316659,0.7378554139356142
2025-10-25 13:00:00,29966.94,13,5,10,298,1,0.5003728932902556,0.7330437877551819
2025-10-25 14:00:00,29938.88,14,5,10,298,1,0.4990882541589391,0.7323573910565396
2025-10-25 15:00:00,29680.43,15,5,10,298,1,0.4872559311550627,0.7260352518275984
2025-10-25 16:00:00,29201.48,16,5,10,298,1,0.46532870692327094,0.7143192967736175
2025-10-25 17:00:00,29021.18,17,5,10,298,1,0.45707423666751973,0.7099088432894693
2025-10-25 18:00:00,29418.89,18,5,10,298,1,0.4752821421884006,0.7196375257918574
2025-10-25 19:00:00,29135.58,19,5,10,298,1,0.46231168202114126,0.712707267463549
2025-10-25 20:00:00,29092.98,20,5,10,298,1,0.46036137457302684,0.7116651969232011
2025-10-25 21:00:00,28889.78,21,5,10,298,1,0.4510584996092517,0.7066945693692415
2025-10-25 22:00:00,28204.31,22,5,10,298,1,0.41967640462195405,0.6899267737520532
2025-10-25 23:00:00,26903.7,23,5,10,298,1,0.36013205321134606,0.6581115773792415
2025-10-26 00:00:00,25919.71,0,6,10,299,1,0.315083155890455,0.6340414602196909
2025-10-26 01:00:00,25099.32,1,6,10,299,1,0.2775241716801624,0.6139732853230724
2025-10-26 02:00:00,24367.34,2,6,10,299,1,0.24401276215268164,0.5960677737239223
2025-10-26 03:00:00,23996.33,3,6,10,299,1,0.2270272324267457,0.5869922199404846
2025-10-26 04:00:00,23642.13,4,6,10,299,1,0.21081129585111014,0.5783278681707381
2025-10-26 05:00:00,23596.99,5,6,10,299,1,0.2087447024659487,0.5772236647859659
2025-10-26 06:00:00,23601.14,6,6,10,299,1,0.2089346972056123,0.5773251810475255
2025-10-26 07:00:00,24016.71,7,6,10,299,1,0.22796026683502182,0.5874907504008668
2025-10-26 08:00:00,25196.37,8,6,10,299,1,0.28196730167639455,0.6163472981385831
2025-10-26 09:00:00,26904.32,9,6,10,299,1,0.36016043796763314,0.658126743664101
2025-10-26 10:00:00,27997.47,10,6,10,299,1,0.41020688366965463,0.6848671054289185
2025-10-26 11:00:00,28714.04,11,6,10,299,1,0.4430127946578058,0.7023956614640602
2025-10-26 12:00:00,29173.1,12,6,10,299,1,0.464029417595161,0.7136250723150477
2025-10-26 13:00:00,29339.88,13,6,10,299,1,0.4716649170363934,0.7177048029422592
2025-10-26 14:00:00,28760.44,14,6,10,299,1,0.44513707319284096,0.703530686653547
2025-10-26 15:00:00,28281.89,15,6,10,299,1,0.4232281617070409,0.6918245162994754
2025-10-26 16:00:00,27734.31,16,6,10,299,1,0.3981589280817262,0.6784297513585444
2025-10-26 17:00:00,27498.08,17,6,10,299,1,0.3873438781176879,0.6726511522095687
2025-10-26 18:00:00,28117.77,18,6,10,299,1,0.4157144420266533,0.6878098539266612
2025-10-26 19:00:00,27915.59,19,6,10,299,1,0.406458264565157,0.6828641773574705
2025-10-26 20:00:00,28111.81,20,6,10,299,1,0.41544158211137727,0.6876640618980117
2025-10-26 21:00:00,28117.31,21,6,10,299,1,0.4156933823687629,0.6877986015217654
2025-10-26 22:00:00,27457.3,22,6,10,299,1,0.38547689366383564,0.6716536020538084
2025-10-26 23:00:00,26047.05,23,6,10,299,1,0.32091301857690735,0.6371564194358387
2025-10-27 00:00:00,24852.18,0,0,10,300,0,0.2662096415692009,0.6079278084840687
2025-10-27 01:00:00,24255.02,1,0,10,300,0,0.23887054307821698,0.5933202299893714
2025-10-27 02:00:00,23955.12,2,0,10,300,0,0.2251405617709524,0.5859841512323217
2025-10-27 03:00:00,24113.66,3,0,10,300,0,0.2323988186447561,0.5898623170414002
2025-10-27 04:00:00,23707.24,4,0,10,300,0,0.2137921530799064,0.5799205726984857
2025-10-27 05:00:00,23619.91,5,0,10,300,0,0.20979402281127207,0.5777843280907726
2025-10-27 06:00:00,23952.28,6,0,10,300,0,0.22501054127441145,0.5859146798629652
2025-10-27 07:00:00,24964.16,7,0,10,300,0,0.27133629480957266,0.6106670352236966
2025-10-27 08:00:00,27902.93,8,0,10,300,0,0.40587866615452023,0.682554491605339
2025-10-27 09:00:00,29847.89,9,0,10,300,0,0.4949225622644809,0.7301316164446559
2025-10-27 10:00:00,31101.16,10,0,10,300,0,0.5522996001869731,0.7607887935831937
2025-10-27 11:00:00,31862.34,11,0,10,300,0,0.5871478401718468,0.7794085882757279
2025-10-27 12:00:00,31867.92,12,0,10,300,0,0.5874033029784307,0.7795450848394636
2025-10-27 13:00:00,32003.0,13,0,10,300,0,0.5935875172998222,0.7828493779988576
2025-10-27 14:00:00,32174.04,14,0,10,300,0,0.601418047485866,0.7870333156801039
2025-10-27 15:00:00,31924.98,15,0,10,300,0,0.5900156161941443,0.7809408722815351
2025-10-27 16:00:00,31758.41,16,0,10,300,0,0.5823897309445577,0.776866278621776
2025-10-27 17:00:00,31100.62,17,0,10,300,0,0.5522748779798843,0.7607755842383161
2025-10-27 18:00:00,30892.07,18,0,10,300,0,0.5427270700384704,0.7556740863230688
2025-10-27 19:00:00,30259.79,19,0,10,300,0,0.5137801124494168,0.7402074111763288
2025-10-27 20:00:00,29737.79,20,0,10,300,0,0.48988197893027013,0.7274383777946021
2025-10-27 21:00:00,29171.63,21,0,10,300,0,0.46396211825364164,0.7135891135428808
2025-10-27 22:00:00,28236.39,22,0,10,300,0,0.42114508685048696,0.6907115066847846
2025-10-27 23:00:00,27086.45,23,0,10,300,0,0.36849868903629635,0.6625819621503346
2025-10-28 00:00:00,26097.97,0,1,10,301,0,0.3232442311416487,0.6384020117343013
2025-10-28 01:00:00,25969.92,1,1,10,301,0,0.31738186333106094,0.6352696846758145
2025-10-28 02:00:00,25662.9,2,1,10,301,0,0.3033259151451446,0.6277594382603782
2025-10-28 03:00:00,25869.44,3,1,10,301,0,0.31278170153795015,0.632811768058581
2025-10-28 04:00:00,25636.83,4,1,10,301,0,0.3021323819251367,0.6271217204437851
2025-10-28 05:00:00,25610.85,5,1,10,301,0,0.3009429690729767,0.6264862041846715
2025-10-28 06:00:00,25718.31,6,1,10,301,0,0.30586268828364255,0.6291148638153236
2025-10-28 07:00:00,26252.82,7,1,10,301,0,0.330333552933679,0.6421899136867159
2025-10-28 08:00:00,28724.53,8,1,10,301,0,0.4434930464214376,0.7026522652191833
2025-10-28 09:00:00,30844.04,9,1,10,301,0,0.5405281670635191,0.7544991884814513
2025-10-28 10:00:00,31521.96,10,1,10,301,0,0.5715646089702239,0.7710822978878502
2025-10-28 11:00:00,32140.1,11,1,10,301,0,0.5998642109884715,0.7862030838927939
2025-10-28 12:00:00,32611.06,12,1,10,301,0,0.6214256381190796,0.7977235895660852
2025-10-28 13:00:00,32145.05,13,1,10,301,0,0.6000908312201187,0.7863241695541723
2025-10-28 14:00:00,32204.58,14,1,10,301,0,0.6028162256423311,0.7877803775181843
2025-10-28 15:00:00,31736.91,15,1,10,301,0,0.5814054208475047,0.7763403510016474
2025-10-28 16:00:00,31506.67,16,1,10,301,0,0.5708646042546918,0.7707082777338146
2025-10-28 17:00:00,31011.8,17,1,10,301,0,0.5482085327324311,0.7586028916234406
2025-10-28 18:00:00,30920.71,18,1,10,301,0,0.5440382626514749,0.7563746708365796
2025-10-28 19:00:00,30327.94,19,1,10,301,0,0.5169001465477497,0.7418744794233876
2025-10-28 20:00:00,29812.99,20,1,10,301,0,0.49332477517670664,0.7292779013775634
2025-10-28 21:00:00,29092.09,21,1,10,301,0,0.4603206287131954,0.7116434259659028
2025-10-28 22:00:00,28236.06,22,1,10,301,0,0.4211299788350439,0.6907034343073595
2025-10-28 23:00:00,27043.95,23,1,10,301,0,0.36655295977468,0.6615423377849641
2025-10-29 00:00:00,25706.65,0,2,10,302,0,0.305328871737985,0.6288296398129655
2025-10-29 01:00:00,25264.03,1,2,10,302,0,0.28506490266088774,0.6180023801282529
2025-10-29 02:00:00,25330.15,2,2,10,302,0,0.2880919995733131,0.6196197910232717
2025-10-29 03:00:00,25141.72,3,2,10,302,0,0.2794653227552809,0.6150104635134656
2025-10-29 04:00:00,25273.39,4,2,10,302,0,0.2854934209170932,0.6182313421061322
2025-10-29 05:00:00,25440.78,5,2,10,302,0,0.2931568472959628,0.6223259944007055
2025-10-29 06:00:00,25758.9,6,2,10,302,0,0.3077209741831486,0.6301077662386269
2025-10-29 07:00:00,26221.23,7,2,10,302,0,0.32888730381898584,0.6414171670113734
2025-10-29 08:00:00,28535.13,8,2,10,302,0,0.43482196119437566,0.6980192098120971
2025-10-29 09:00:00,30293.46,9,2,10,302,0,0.5153215878432666,0.7410310382912
2025-10-29 10:00:00,31071.65,10,2,10,302,0,0.5509485773514368,0.7600669273473801
2025-10-29 11:00:00,32088.14,11,2,10,302,0,0.597485385284152,0.7849320513745668
2025-10-29 12:00:00,32503.63,12,2,10,302,0,0.6165072923643632,0.7950956637879264
2025-10-29 13:00:00,32908.73,13,2,10,302,0,0.6350535258674406,0.8050051186211401
2025-10-29 14:00:00,33158.63,14,2,10,302,0,0.6464944139257445,0.8111181098895184
2025-10-29 15:00:00,32640.08,15,2,10,302,0,0.6227542278407763,0.79843346954451
2025-10-29 16:00:00,32393.68,16,2,10,302,0,0.6114735763098993,0.7924060944003385
2025-10-29 17:00:00,31485.29,17,2,10,302,0,0.5698857879814364,0.7701852855236588
2025-10-29 18:00:00,31055.28,18,2,10,302,0,0.550199128221727,0.7596664885035891
2025-10-29 19:00:00,30485.01,19,2,10,302,0,0.5240911040800339,0.7457166864602991
2025-10-29 20:00:00,29772.02,20,2,10,302,0,0.4914490921685084,0.7282757034893462
2025-10-29 21:00:00,29298.92,21,2,10,302,0,0.46978969184684494,0.7167028496715397
2025-10-29 22:00:00,28613.12,22,2,10,302,0,0.43839248884410403,0.6999269816769262
2025-10-29 23:00:00,27610.82,23,2,10,302,0,0.3925053255754437,0.6754089698790244
2025-10-30 00:00:00,26253.86,0,3,10,303,0,0.33038116607325746,0.6422153539064803
2025-10-30 01:00:00,25870.25,1,3,10,303,0,0.3128187848485834,0.6328315820758974
2025-10-30 02:00:00,25844.75,2,3,10,303,0,0.31165134729161353,0.6322078074566752
2025-10-30 03:00:00,25941.74,3,3,10,303,0,0.316091730375947,0.6345803525671995
2025-10-30 04:00:00,26069.49,4,3,10,303,0,0.32194036362704087,0.6377053411007543
2025-10-30 05:00:00,26119.58,5,3,10,303,0,0.32423357724384944,0.6389306301469051
2025-10-30 06:00:00,26315.46,6,3,10,303,0,0.3332013289559766,0.6437221976925231
2025-10-30 07:00:00,27004.68,7,3,10,303,0,0.3647551059369465,0.6605817248713618
2025-10-30 08:00:00,29355.61,8,3,10,303,0,0.4723850657725163,0.7180895862661952
2025-10-30 09:00:00,31199.06,9,3,10,303,0,0.5567816447684376,0.763183598886012
2025-10-30 10:00:00,32480.49,10,3,10,303,0,0.6154479000087444,0.7945296188981694
2025-10-30 11:00:00,33303.6,11,3,10,303,0,0.6531314108917803,0.8146643297541716
2025-10-30 12:00:00,33487.36,12,3,10,303,0,0.6615442864003597,0.8191594208925358
2025-10-30 13:00:00,33931.31,13,3,10,303,0,0.681869145357879,0.830019214704447
2025-10-30 14:00:00,33657.67,14,3,10,303,0,0.6693413958249685,0.8233255014964475
2025-10-30 15:00:00,33546.46,15,3,10,303,0,0.6642499946206308,0.8206051103041451
2025-10-30 16:00:00,33645.56,16,3,10,303,0,0.6687869774400703,0.8230292697066913
2025-10-30 17:00:00,32577.1,17,3,10,303,0,0.6198708859843856,0.7968928685437797
2025-10-30 18:00:00,32238.37,18,3,10,303,0,0.6043631948599784,0.7886069400430281
2025-10-30 19:00:00,31610.23,19,3,10,303,0,0.5756057741919386,0.7732415365403502
2025-10-30 20:00:00,30964.92,20,3,10,303,0,0.5460622789022057,0.7574561247940625
2025-10-30 21:00:00,30270.01,21,3,10,303,0,0.5142480031095041,0.7404574102590131
2025-10-30 22:00:00,29402.24,22,3,10,303,0,0.4745198741364969,0.71923023765813
2025-10-30 23:00:00,28366.71,23,3,10,303,0,0.42711137949457734,0.6938993619152571
2025-10-31 00:00:00,27289.13,0,4,10,304,0,0.3777777574302823,0.6675398695944119
2025-10-31 01:00:00,26929.61,1,4,10,304,0,0.36131826133295736,0.6587453813158709
2025-10-31 02:00:00,26629.35,2,4,10,304,0,0.3475717985543002,0.6514004963289028
2025-10-31 03:00:00,26347.81,3,4,10,304,0,0.3346823722880541,0.6445135352976934
2025-10-31 04:00:00,26127.43,4,4,10,304,0,0.32459296488393613,0.6391226548826264
2025-10-31 05:00:00,26592.26,5,4,10,304,0,0.34587374918222136,0.6504932100298065
2025-10-31 06:00:00,26793.5,6,4,10,304,0,0.3550868916906373,0.6554158925542103
2025-10-31 07:00:00,27244.65,7,4,10,304,0,0.37574138007600716,0.6664518109644901
2025-10-31 08:00:00,28908.54,8,4,10,304,0,0.45191736739626176,0.707153471794991
2025-10-31 09:00:00,30860.02,9,4,10,304,0,0.5412597612658869,0.7548900872428306
2025-10-31 10:00:00,31541.35,10,4,10,304,0,0.5724523193321707,0.7715566112159569
2025-10-31 11:00:00,32310.36,11,4,10,304,0,0.6076590313198317,0.790367941409217
2025-10-31 12:00:00,32956.54,12,4,10,304,0,0.6372423568320964,0.8061746348778074
2025-10-31 13:00:00,33122.48,13,4,10,304,0,0.6448393995067463,0.8102338176352093
2025-10-31 14:00:00,33182.33,14,4,10,304,0,0.6475794441257519,0.8116978533591487
2025-10-31 15:00:00,32596.94,15,4,10,304,0,0.620779198185573,0.7973781896592844
2025-10-31 16:00:00,32390.44,16,4,10,304,0,0.6113252430673666,0.7923268383310726
2025-10-31 17:00:00,30945.38,17,4,10,304,0,0.5451677012605122,0.7569781422034899
2025-10-31 18:00:00,30671.66,18,4,10,304,0,0.5326362891784032,0.7502824720555086
2025-10-31 19:00:00,29922.55,19,4,10,304,0,0.4983406363038286,0.7319579306827396
2025-10-31 20:00:00,29376.54,20,4,10,304,0,0.4733432802065312,0.7186015706889529
2025-10-31 21:00:00,28600.3,21,4,10,304,0,0.4378055653350706,0.699613382044831
2025-10-31 22:00:00,28089.69,22,4,10,304,0,0.41442888725803706,0.6871229679930234
2025-10-31 23:00:00,27128.03,23,4,10,304,0,0.37040229898213173,0.6635990817059134
2025-11-01 00:00:00,25961.61,0,5,11,305,1,0.31700141603308385,0.6350664075351974
2025-11-01 01:00:00,25402.6,1,5,11,305,1,0.2914088956910566,0.6213920447943562
2025-11-01 02:00:00,24776.8,2,5,11,305,1,0.2627586045870682,0.606083881786148
2025-11-01 03:00:00,24524.35,3,5,11,305,1,0.251200972773067,0.5999085130558474
2025-11-01 04:00:00,24189.43,4,5,11,305,1,0.23586771055423073,0.5917157838217325
2025-11-01 05:00:00,24041.99,5,5,11,305,1,0.22911763238169633,0.5881091434351391
2025-11-01 06:00:00,24145.96,6,5,11,305,1,0.2338775728835845,0.5906524315590818
2025-11-01 07:00:00,24101.86,7,5,11,305,1,0.2318585926380015,0.5895736683940739
2025-11-01 08:00:00,25386.74,8,5,11,305,1,0.29068279531248653,0.6210040814429497
2025-11-01 09:00:00,26983.48,9,5,11,305,1,0.36378453039938724,0.6600631357761652
2025-11-01 10:00:00,28434.66,10,5,11,305,1,0.4302222572199146,0.6955615378123612
2025-11-01 11:00:00,29134.64,11,5,11,305,1,0.46226864706806065,0.7126842734187618
2025-11-01 12:00:00,29483.67,12,5,11,305,1,0.47824789140175367,0.7212221579421797
2025-11-01 13:00:00,29098.12,13,5,11,305,1,0.46059669335902,0.7117909303170364
2025-11-01 14:00:00,29099.48,14,5,11,305,1,0.4606589566953917,0.7118241982967283
2025-11-01 15:00:00,28707.88,15,5,11,305,1,0.4427307783695339,0.7022449770854559
2025-11-01 16:00:00,28486.06,16,5,11,305,1,0.4325754450798459,0.6968188717507152
2025-11-01 17:00:00,28319.71,17,5,11,305,1,0.4249596318405546,0.6927496596759062
2025-11-01 18:00:00,28669.22,18,5,11,305,1,0.4409608514694377,0.7012992858392154
2025-11-01 19:00:00,28357.19,19,5,11,305,1,0.4266755361399753,0.6936664860574141
2025-11-01 20:00:00,28032.78,20,5,11,305,1,0.4118234413220703,0.6857308498134179
2025-11-01 21:00:00,27668.73,21,5,11,305,1,0.39515655337638966,0.6768255498084033
2025-11-01 22:00:00,27325.38,22,5,11,305,1,0.3794373500357786,0.6684266080236986
2025-11-01 23:00:00,26175.07,23,5,11,305,1,0.32677401293154557,0.6402880126418322
2025-11-02 00:00:00,25000.48,0,6,11,306,1,0.27299909214561746,0.6115554859754673
2025-11-02 01:00:00,24251.54,1,6,11,306,1,0.23871122218808938,0.5932351031001598
2025-11-02 02:00:00,23479.1,2,6,11,306,1,0.20334747840354972,0.5743398691051769
2025-11-02 03:00:00,23313.46,3,6,11,306,1,0.19576417028839369,0.5702880248727071
2025-11-02 04:00:00,23196.08,4,6,11,306,1,0.19039029497713436,0.5674167046843028
2025-11-02 05:00:00,23112.07,5,6,11,306,1,0.18654416050023098,0.5653616730858375
2025-11-02 06:00:00,23231.72,6,6,11,306,1,0.19202196064499333,0.5682885214462275
2025-11-02 07:00:00,23390.71,7,6,11,306,1,0.19930081935803753,0.5721776950427041
2025-11-02 08:00:00,24293.17,8,6,11,306,1,0.24061712122717369,0.5942534457432274
2025-11-02 09:00:00,25668.97,9,6,11,306,1,0.3036038110655684,0.6279079210815028
2025-11-02 10:00:00,26552.19,10,6,11,306,1,0.34403926985250455,0.6495130277163855
2025-11-02 11:00:00,27770.68,11,6,11,306,1,0.39982401451101995,0.6793194251978039
2025-11-02 12:00:00,28058.84,12,6,11,306,1,0.41301651672342854,0.6863683230125134
2025-11-02 13:00:00,28262.31,13,6,11,306,1,0.4223317527907481,0.6913455552389118
2025-11-02 14:00:00,27425.0,14,6,11,306,1,0.38399813942500727,0.6708634875361269
2025-11-02 15:00:00,26631.0,15,6,11,306,1,0.347647338631516,0.651440858216029
2025-11-02 16:00:00,26577.48,16,6,11,306,1,0.3451970932178287,0.6501316653681554
2025-11-02 17:00:00,27153.03,17,6,11,306,1,0.37154684560661194,0.664210625450249
2025-11-02 18:00:00,27670.33,18,6,11,306,1,0.3952298043603565,0.6768646886080408
2025-11-02 19:00:00,27398.58,19,6,11,306,1,0.3827885825522567,0.6702172081071132
2025-11-02 20:00:00,27403.52,20,6,11,306,1,0.3830147449652539,0.6703380491509938
2025-11-02 21:00:00,27369.03,21,6,11,306,1,0.3814357284421209,0.6694943634013084
2025-11-02 22:00:00,26345.46,22,6,11,306,1,0.33457478490535286,0.6444560501857258
2025-11-02 23:00:00,25247.14,23,6,11,306,1,0.2842916469613889,0.6175892211745798
2025-11-03 00:00:00,23983.12,0,0,11,307,0,0.22642245399037023,0.5866690802259776
2025-11-03 01:00:00,23485.92,1,0,11,307,0,0.2036597107227079,0.5745066982386317
2025-11-03 02:00:00,23285.78,2,0,11,307,0,0.1944969282657692,0.5696109236389788
2025-11-03 03:00:00,23509.87,3,0,11,307,0,0.20475618638895995,0.5750925571457052
2025-11-03 04:00:00,23571.47,4,0,11,307,0,0.20757634927167928,0.5765994009317481
2025-11-03 05:00:00,23661.94,5,0,11,307,0,0.21171823459634814,0.5788124554337496
2025-11-03 06:00:00,23965.28,6,0,11,307,0,0.22560570551914114,0.5862326826100197
2025-11-03 07:00:00,24710.99,7,0,11,307,0,0.2597457000527866,0.6044740540335591
2025-11-03 08:00:00,26842.46,8,0,11,307,0,0.3573283718000193,0.656613539823117
2025-11-03 09:00:00,29327.23,9,0,11,307,0,0.47108577644440636,0.7173953618076254
2025-11-03 10:00:00,30337.7,10,0,11,307,0,0.5173469775499469,0.7421132261011762
2025-11-03 11:00:00,30989.5,11,0,11,307,0,0.5471875971433947,0.7580573946034933
2025-11-03 12:00:00,31569.11,12,0,11,307,0,0.5737232239039937,0.7722356693896671
2025-11-03 13:00:00,31766.28,13,0,11,307,0,0.582750034221944,0.7770587925924929
2025-11-03 14:00:00,31774.85,14,0,11,307,0,0.5831423848048158,0.7772684297880511
2025-11-03 15:00:00,31494.31,15,0,11,307,0,0.5702987404035489,0.7704059305066151
2025-11-03 16:00:00,31139.74,16,0,11,307,0,0.5540658645378711,0.7617325278894524
2025-11-03 17:00:00,30459.18,17,0,11,307,0,0.5229085585076211,0.7450848394636517
2025-11-03 18:00:00,30227.06,18,0,11,307,0,0.5122816720086474,0.7394067781062448
2025-11-03 19:00:00,29617.35,19,0,11,307,0,0.4843680111121742,0.7244922046518909
2025-11-03 20:00:00,29168.47,20,0,11,307,0,0.46381744756030735,0.7135118144135968
2025-11-03 21:00:00,28572.89,21,0,11,307,0,0.4365506844159905,0.6989428854835414
2025-11-03 22:00:00,27834.93,22,0,11,307,0,0.4027654993359341,0.6808910926207462
2025-11-03 23:00:00,26520.18,23,0,11,307,0,0.3425737923545201,0.6487300071061383
2025-11-04 00:00:00,25186.03,0,1,11,308,0,0.2814939171925095,0.616094363645926
2025-11-04 01:00:00,24800.04,1,1,11,308,0,0.26382257512918506,0.6066523728508824
2025-11-04 02:00:00,24645.7,2,1,11,308,0,0.25675660208829404,0.6028769463908523
2025-11-04 03:00:00,24719.02,3,1,11,308,0,0.2601133284285696,0.6046704818842397
2025-11-04 04:00:00,24708.39,4,1,11,308,0,0.25962666720384053,0.6044104534841481
2025-11-04 05:00:00,24825.46,5,1,11,308,0,0.26498635013695643,0.6072741905301228
2025-11-04 06:00:00,25038.5,6,1,11,308,0,0.274739718652127,0.6124855217018529
2025-11-04 07:00:00,25736.4,7,1,11,308,0,0.3066908822211164,0.6295573768687248
2025-11-04 08:00:00,27737.89,8,1,11,308,0,0.39832282715835166,0.6785173244227333
2025-11-04 09:00:00,29978.47,9,1,11,308,0,0.500900758193466,0.7333258317300695
2025-11-04 10:00:00,30516.58,10,1,11,308,0,0.5255364375574277,0.7464889439006461
2025-11-04 11:00:00,31797.05,11,1,11,308,0,0.5841587422073543,0.7778114806330211
2025-11-04 12:00:00,31734.79,12,1,11,308,0,0.5813083632937488,0.7762884920921278
2025-11-04 13:00:00,32311.61,13,1,11,308,0,0.6077162586510557,0.7903985185964337
2025-11-04 14:00:00,32797.07,14,1,11,308,0,0.6299415228238621,0.8022737196414397
2025-11-04 15:00:00,32195.13,15,1,11,308,0,0.6023835870182775,0.7875492139828254
2025-11-04 16:00:00,31949.04,16,1,11,308,0,0.5911171278655442,0.7815294219810838
2025-11-04 17:00:00,31135.93,17,1,11,308,0,0.5538914356323003,0.7616393286228157
2025-11-04 18:00:00,30937.25,18,1,11,308,0,0.5447954946982311,0.756779268177832
2025-11-04 19:00:00,30399.55,19,1,11,308,0,0.5201785858989109,0.7436261853246624
2025-11-04 20:00:00,29809.32,20,1,11,308,0,0.49315675573223283,0.729188126755895
2025-11-04 21:00:00,29257.07,21,1,11,308,0,0.46787372079746514,0.7156791254435221
2025-11-04 22:00:00,28362.23,22,1,11,308,0,0.4269062767394705,0.6937897732762722
2025-11-04 23:00:00,27064.81,23,1,11,308,0,0.36750796947814635,0.6620526098852377
2025-11-05 00:00:00,25792.74,0,2,11,309,0,0.309270232494045,0.6309355518509595
2025-11-05 01:00:00,25196.23,1,2,11,309,0,0.28196089221529747,0.6163438734936149
2025-11-05 02:00:00,25231.48,2,2,11,309,0,0.28357470295581455,0.617206150173128
2025-11-05 03:00:00,24578.02,3,2,11,309,0,0.2536580854665012,0.601221375166187
2025-11-05 04:00:00,24819.04,4,2,11,309,0,0.26469243056379,0.6071171460965774
2025-11-05 05:00:00,25212.14,5,2,11,309,0,0.28268928168711666,0.61673305993251
2025-11-05 06:00:00,25493.95,6,2,11,309,0,0.29559106905690735,0.6236266256361583
2025-11-05 07:00:00,25955.65,7,2,11,309,0,0.3167285561178078,0.6349206155065478
2025-11-05 08:00:00,28411.78,8,2,11,309,0,0.42917476814919026,0.6950018529775452
2025-11-05 09:00:00,29952.3,9,2,11,309,0,0.49970264678696,0.732685667738499
2025-11-05 10:00:00,30889.88,10,2,11,309,0,0.542626807754166,0.755620515091065
2025-11-05 11:00:00,31888.4,11,2,11,309,0,0.588340915573205,0.7800460614748234
2025-11-05 12:00:00,32746.47,12,2,11,309,0,0.6276249604559142,0.8010359551029045
2025-11-05 13:00:00,32332.69,13,2,11,309,0,0.6086813403648172,0.7909141722816574
2025-11-05 14:00:00,32853.62,14,2,11,309,0,0.6325304872884364,0.8036570315911268
2025-11-05 15:00:00,32752.59,15,2,11,309,0,0.6279051454695869,0.8011856610115178
2025-11-05 16:00:00,32943.08,16,2,11,309,0,0.6366261329294763,0.8058453797258572
2025-11-05 17:00:00,31761.0,17,2,11,309,0,0.5825083059748538,0.7769296345536892
2025-11-05 18:00:00,31495.07,18,2,11,309,0,0.570333534620933,0.7704245214364428
2025-11-05 19:00:00,30799.43,19,2,11,309,0,0.5384858380667966,0.7534079498240589
2025-11-05 20:00:00,30005.51,20,2,11,309,0,0.5021386998225036,0.7339872774439428
2025-11-05 21:00:00,29359.62,21,2,11,309,0,0.4725686510510829,0.7181876778827866
2025-11-05 22:00:00,28542.3,22,2,11,309,0,0.4351502171662765,0.6981946005579724
2025-11-05 23:00:00,27273.7,23,2,11,309,0,0.3770713432536531,0.667162424795408
2025-11-06 00:00:00,26387.19,0,3,11,310,0,0.33648526213093516,0.6454768390037707
2025-11-06 01:00:00,25890.36,1,3,11,310,0,0.3137394581533153,0.633323507863841
2025-11-06 02:00:00,25663.08,2,3,11,310,0,0.3033341558808409,0.6277638413753375
2025-11-06 03:00:00,25533.71,3,3,11,310,0,0.2974113560084806,0.6245992248071497
2025-11-06 04:00:00,25222.19,4,3,11,310,0,0.28314938943015766,0.6169789005177329
2025-11-06 05:00:00,25395.46,5,3,11,310,0,0.29108201317510507,0.6212173879009739
2025-11-06 06:00:00,25502.12,6,3,11,310,0,0.2959651068937874,0.6238264781318072
2025-11-06 07:00:00,26639.4,7,3,11,310,0,0.3480319062973414,0.6516463369141258
2025-11-06 08:00:00,29147.93,8,3,11,310,0,0.46287708805363437,0.7130093700732507
2025-11-06 09:00:00,30623.79,9,3,11,310,0,0.5304447113018486,0.7491114880938549
2025-11-06 10:00:00,31716.47,10,3,11,310,0,0.5804696395273298,0.7758403528362787
2025-11-06 11:00:00,32856.32,11,3,11,310,0,0.6326540983238801,0.8037230783155149
2025-11-06 12:00:00,33094.86,12,3,11,310,0,0.6435749043960205,0.8095581841064673
2025-11-06 13:00:00,33464.71,13,3,11,310,0,0.6605073271585805,0.8186053622601678
2025-11-06 14:00:00,33821.88,14,3,11,310,0,0.6768592358732042,0.8273423654267412
2025-11-06 15:00:00,33566.58,15,3,11,310,0,0.6651711257440126,0.8210972807095864
2025-11-06 16:00:00,33368.88,16,3,11,310,0,0.6561200510376229,0.8162611927793806
2025-11-06 17:00:00,32204.7,17,3,11,310,0,0.6028217194661285,0.7877833129281571
2025-11-06 18:00:00,31925.98,18,3,11,310,0,0.5900613980591236,0.7809653340313085
2025-11-06 19:00:00,31449.88,19,3,11,310,0,0.5682646521425226,0.7693190949641818
2025-11-06 20:00:00,30785.59,20,3,11,310,0,0.5378522170554844,0.7530693992071946
2025-11-06 21:00:00,30127.87,21,3,11,310,0,0.5077405688213595,0.7369804171462189
2025-11-06 22:00:00,29370.56,22,3,11,310,0,0.47306950465395553,0.7184552894253079
2025-11-06 23:00:00,27954.25,23,3,11,310,0,0.4082281914652532,0.6838098686037111
2025-11-07 00:00:00,27203.84,0,4,11,311,0,0.3738730221662056,0.6654535269562367
2025-11-07 01:00:00,26607.55,1,4,11,311,0,0.3465737538977535,0.6508672301838423
2025-11-07 02:00:00,25745.25,2,4,11,311,0,0.3070960517261824,0.6297738633542196
2025-11-07 03:00:00,26062.89,3,4,11,311,0,0.321638203318178,0.6375438935522496
2025-11-07 04:00:00,26013.43,4,4,11,311,0,0.3193738322763064,0.6363340154084561
2025-11-07 05:00:00,26079.32,5,4,11,311,0,0.3223903993597864,0.637945800101027
2025-11-07 06:00:00,26382.38,6,4,11,311,0,0.3362650513603853,0.6453591779873606
2025-11-07 07:00:00,26918.7,7,4,11,311,0,0.3608187811860342,0.6584785036258428
2025-11-07 08:00:00,29108.1,8,4,11,311,0,0.46105359637151244,0.7120350585797752
2025-11-07 09:00:00,31510.46,9,4,11,311,0,0.571038117522963,0.7708009877654558
2025-11-07 10:00:00,32684.17,10,4,11,311,0,0.6247727502677094,0.7995119880920202
2025-11-07 11:00:00,33887.29,11,4,11,311,0,0.6798538276614944,0.8289424084794209
2025-11-07 12:00:00,33866.58,12,4,11,311,0,0.6789056852377751,0.8284358056416133
2025-11-07 13:00:00,34457.18,13,4,11,311,0,0.7059444546944953,0.842882915057797
2025-11-07 14:00:00,34556.58,14,4,11,311,0,0.7104951720734287,0.8453144129852752
2025-11-07 15:00:00,34266.21,15,4,11,311,0,0.6972014919394158,0.8382114547035664
2025-11-07 16:00:00,33941.32,16,4,11,311,0,0.682327421826321,0.830264076819679
2025-11-07 17:00:00,32622.1,17,4,11,311,0,0.6219310699084499,0.7979936472835838
2025-11-07 18:00:00,32117.55,18,4,11,311,0,0.5988318299331905,0.7856514714354031
2025-11-07 19:00:00,31337.85,19,4,11,311,0,0.5631357098089018,0.7665786451370652
2025-11-07 20:00:00,30715.84,20,4,11,311,0,0.5346589319731846,0.7513631921604984
2025-11-07 21:00:00,29972.69,21,4,11,311,0,0.500636139013886,0.7331844428163791
2025-11-07 22:00:00,29180.56,22,4,11,311,0,0.464370950307906,0.7138075569683575
2025-11-07 23:00:00,28295.72,23,4,11,311,0,0.42386132489970346,0.6921628222988419
2025-11-08 00:00:00,26990.47,0,5,11,312,1,0.36410454563559197,0.6602341234070814
2025-11-08 01:00:00,26563.69,1,5,11,312,1,0.3445657612997654,0.6497943378387799
2025-11-08 02:00:00,25792.41,2,5,11,312,1,0.3092551244786018,0.6309274794735342
2025-11-08 03:00:00,25714.52,3,5,11,312,1,0.3056891750153713,0.6290221537836823
2025-11-08 04:00:00,25775.82,4,5,11,312,1,0.3084956033385967,0.6305216590447931
2025-11-08 05:00:00,25823.45,5,5,11,312,1,0.31067619356755644,0.6316867721865013
2025-11-08 06:00:00,26055.71,6,5,11,312,1,0.3213094895276273,0.6373682581888764
2025-11-08 07:00:00,26014.18,7,5,11,312,1,0.3194081686750408,0.6363523617207862
2025-11-08 08:00:00,27040.25,8,5,11,312,1,0.36638356687425694,0.6614518293108024
2025-11-08 09:00:00,28026.47,9,5,11,312,1,0.4115345577540516,0.6855764961723477
2025-11-08 10:00:00,30075.48,10,5,11,312,1,0.5053420569150989,0.7356988660755892
2025-11-08 11:00:00,31359.14,11,5,11,312,1,0.5641104057143093,0.7670994357897414
2025-11-08 12:00:00,31558.45,12,5,11,312,1,0.5732351892233153,0.7719749071370824
2025-11-08 13:00:00,31719.1,13,5,11,312,1,0.580590045832225,0.7759046872381827
2025-11-08 14:00:00,31085.36,14,5,11,312,1,0.5515762467203017,0.7604022979367737
2025-11-08 15:00:00,30771.52,15,5,11,312,1,0.537208066215227,0.7527252223878826
2025-11-08 16:00:00,29900.57,16,5,11,312,1,0.49733435091158557,0.7314202614227198
2025-11-08 17:00:00,29831.25,17,5,11,312,1,0.4941607520312269,0.7297245729284261
2025-11-08 18:00:00,30074.78,18,5,11,312,1,0.5053100096096134,0.7356817428507478
2025-11-08 19:00:00,29776.19,19,5,11,312,1,0.49164000254547163,0.7283777089859014
2025-11-08 20:00:00,29311.85,20,5,11,312,1,0.4703816513610261,0.7170191400961101
2025-11-08 21:00:00,29055.66,21,5,11,312,1,0.4586527953720028,0.7107522844216569
2025-11-08 22:00:00,28599.55,22,5,11,312,1,0.4377712289363362,0.6995950357325009
2025-11-08 23:00:00,27450.72,23,5,11,312,1,0.3851756489922725,0.6714926437402994
2025-11-09 00:00:00,26421.52,0,6,11,313,1,0.33805695355567145,0.6463166108734923
2025-11-09 01:00:00,25334.62,1,6,11,313,1,0.28829664450977005,0.6197291350447588
2025-11-09 02:00:00,24916.09,2,6,11,313,1,0.26913556056002214,0.6094911589120882
2025-11-09 03:00:00,24446.03,3,6,11,313,1,0.24761533710789546,0.5979926688135928
2025-11-09 04:00:00,24242.79,4,6,11,313,1,0.23831063086952128,0.5930210627896424
2025-11-09 05:00:00,24548.09,5,6,11,313,1,0.25228783424767354,0.6004892349954685
2025-11-09 06:00:00,24615.04,6,6,11,313,1,0.25535293010803156,0.6021269491427992
2025-11-09 07:00:00,24546.95,7,6,11,313,1,0.2522356429215972,0.6004613486007268
2025-11-09 08:00:00,24980.59,8,6,11,313,1,0.27208849085118103,0.611068941772474
2025-11-09 09:00:00,26237.96,9,6,11,313,1,0.329653234420088,0.6418264120850828
2025-11-09 10:00:00,28662.84,10,6,11,313,1,0.4406687631708703,0.7011432198756609
2025-11-09 11:00:00,29515.32,11,6,11,313,1,0.47969688742834565,0.7219963723225086
2025-11-09 12:00:00,29883.67,12,6,11,313,1,0.4965606373934369,0.731006857851549
2025-11-09 13:00:00,29593.72,13,6,11,313,1,0.48328618564271564,0.723914173504745
2025-11-09 14:00:00,29313.16,14,6,11,313,1,0.4704416256041489,0.7170511849883133
2025-11-09 15:00:00,29312.29,15,6,11,313,1,0.4704017953816171,0.7170299032660106
2025-11-09 16:00:00,29009.3,16,6,11,313,1,0.45653034811156673,0.709618237702161
2025-11-09 17:00:00,28431.59,17,6,11,313,1,0.43008170689442843,0.6954864402405568
2025-11-09 18:00:00,29329.12,18,6,11,313,1,0.47117230416921707,0.7174415945146971
2025-11-09 19:00:00,29140.43,19,6,11,313,1,0.46253372406629034,0.7128259069499501
2025-11-09 20:00:00,28867.32,20,6,11,313,1,0.45003023892181876,0.7061451584693305
2025-11-09 21:00:00,28851.76,21,6,11,313,1,0.44931787310274224,0.705764533642856
2025-11-09 22:00:00,27879.96,22,6,11,313,1,0.40482705671594776,0.6819926052130435
2025-11-09 23:00:00,26758.23,23,6,11,313,1,0.3534721653128206,0.6545531266397017
2025-11-10 00:00:00,25634.67,0,0,11,314,0,0.30203349309678146,0.6270688830642744
2025-11-10 01:00:00,25223.22,1,0,11,314,0,0.28319654475108635,0.6170040961199995
2025-11-10 02:00:00,25275.13,2,0,11,314,0,0.28557308136215703,0.6182739055507379
2025-11-10 03:00:00,24793.18,3,0,11,314,0,0.26350851153542765,0.6064845652474367
2025-11-10 04:00:00,25004.29,4,0,11,314,0,0.2731735210511883,0.611648685242104
2025-11-10 05:00:00,25217.49,5,0,11,314,0,0.28293421466475555,0.6168639302937978
2025-11-10 06:00:00,25554.41,6,0,11,314,0,0.29835904061355023,0.6251055830274596
2025-11-10 07:00:00,26005.51,7,0,11,314,0,0.319011239905671,0.6361402783502507
2025-11-10 08:00:00,28180.47,8,0,11,314,0,0.4185849649608497,0.6893436056374549
2025-11-10 09:00:00,30520.91,9,0,11,314,0,0.5257346730327875,0.7465948632771651
2025-11-10 10:00:00,31701.6,10,0,11,314,0,0.5797888631950888,0.7754766066171479
2025-11-10 11:00:00,32522.55,11,0,11,314,0,0.6173734852497698,0.7955584800936395
2025-11-10 12:00:00,31770.22,12,0,11,314,0,0.5829304147699622,0.7771551718866002
2025-11-10 13:00:00,32409.14,13,0,11,314,0,0.6121813639424778,0.7927842730518356
2025-11-10 14:00:00,32738.19,14,0,11,314,0,0.6272458866138862,0.8008334118147805
2025-11-10 15:00:00,32083.66,15,0,11,314,0,0.5972802825290452,0.7848224627355819
2025-11-10 16:00:00,31838.04,16,0,11,314,0,0.586035340852852,0.7788141677562338
2025-11-10 17:00:00,31414.75,17,0,11,314,0,0.566656335225803,0.7684597536946415
2025-11-10 18:00:00,31253.17,18,0,11,314,0,0.5592589014824625,0.7645072241662517
2025-11-10 19:00:00,30687.03,19,0,11,314,0,0.5333399564431336,0.7506584491495261
2025-11-10 20:00:00,30056.49,20,0,11,314,0,0.5044726592991439,0.735234337447392
2025-11-10 21:00:00,29498.3,21,0,11,314,0,0.4789176800863995,0.7215800333413649
2025-11-10 22:00:00,28502.75,22,0,11,314,0,0.43333954440634886,0.6972271383544336
2025-11-10 23:00:00,27187.28,23,0,11,314,0,0.37311487448214986,0.6650484403799888
2025-11-11 00:00:00,26052.36,0,1,11,315,0,0.321156120279947,0.6372863113271355
2025-11-11 01:00:00,26166.36,1,1,11,315,0,0.32637525288757674,0.6400749508013057
2025-11-11 02:00:00,26211.89,2,1,11,315,0,0.32845970120008,0.6411886942684897
2025-11-11 03:00:00,25857.63,3,1,11,315,0,0.3122410177125458,0.6325228747937569
2025-11-11 04:00:00,26148.09,4,1,11,315,0,0.32553881821440656,0.6396280346329453
2025-11-11 05:00:00,26149.54,5,1,11,315,0,0.32560520191862646,0.6396635041701167
2025-11-11 06:00:00,26313.14,6,1,11,315,0,0.33309511502922484,0.6436654464330488
2025-11-11 07:00:00,26214.47,7,1,11,315,0,0.32857781841172645,0.6412518055829052
2025-11-11 08:00:00,28004.13,8,1,11,315,0,0.4105117908904161,0.6850300206824095
2025-11-11 09:00:00,29858.11,9,1,11,315,0,0.49539045292456846,0.7303816155273403
2025-11-11 10:00:00,30935.35,10,1,11,315,0,0.5447085091547705,0.7567327908532625
2025-11-11 11:00:00,31350.91,11,1,11,315,0,0.5637336209655304,0.7668981155891061
2025-11-11 12:00:00,31356.8,12,1,11,315,0,0.5640032761502579,0.7670421952952716
2025-11-11 13:00:00,31867.56,13,1,11,315,0,0.5873868215070384,0.7795362786095452
2025-11-11 14:00:00,32225.2,14,1,11,315,0,0.6037602476982022,0.7882847787985122
2025-11-11 15:00:00,31876.12,15,1,11,315,0,0.5877787142712603,0.7797456711876056
2025-11-11 16:00:00,31415.05,16,1,11,315,0,0.5666700697852968,0.7684670922195735
2025-11-11 17:00:00,31094.04,17,1,11,315,0,0.5519736333083212,0.760614625924807
2025-11-11 18:00:00,30942.48,18,1,11,315,0,0.5450349338520724,0.7569072031291469
2025-11-11 19:00:00,30173.14,19,1,11,315,0,0.5098131138489683,0.7380878005584617
2025-11-11 20:00:00,29553.53,20,1,11,315,0,0.48144621248920116,0.7229310557813511
2025-11-11 21:00:00,28877.18,21,1,11,315,0,0.4504816481105138,0.7063863513220964
2025-11-11 22:00:00,28134.46,22,1,11,315,0,0.41647854135315626,0.6882181205303796
2025-11-11 23:00:00,26834.29,23,1,11,315,0,0.35695433396313925,0.6564136873274682
2025-11-12 00:00:00,25497.75,0,2,11,316,0,0.2957650401438283,0.6237195802852974
2025-11-12 01:00:00,25367.16,1,2,11,316,0,0.28978638639619353,0.620525120382386
2025-11-12 02:00:00,25698.71,2,2,11,316,0,0.30496536373004995,0.6286354135197645
2025-11-12 03:00:00,25526.97,3,2,11,316,0,0.2971027862385208,0.6244343526136769
2025-11-12 04:00:00,25186.5,4,2,11,316,0,0.28151543466904977,0.6161058606683194
2025-11-12 05:00:00,25191.0,5,2,11,316,0,0.28172145306145624,0.6162159385422998
2025-11-12 06:00:00,25259.39,6,2,11,316,0,0.28485247480738424,0.6178888776093042
2025-11-12 07:00:00,25556.26,7,2,11,316,0,0.2984437370637617,0.6251508372645403
2025-11-12 08:00:00,26888.0,8,2,11,316,0,0.35941327793117245,0.6577275279077988
2025-11-12 09:00:00,28199.38,9,2,11,316,0,0.41945070002760654,0.6898061773256703
2025-11-12 10:00:00,29139.18,10,2,11,316,0,0.4624764967350663,0.7127953297627332
2025-11-12 11:00:00,29944.11,11,2,11,316,0,0.4993276933127804,0.7324853260078547
2025-11-12 12:00:00,29971.99,12,2,11,316,0,0.5006040917084007,0.7331673195915377
2025-11-12 13:00:00,29944.68,13,2,11,316,0,0.4993537889758185,0.7324992692052255
2025-11-12 14:00:00,29754.46,14,2,11,316,0,0.49064516261947344,0.727846155163325
2025-11-12 15:00:00,29108.15,15,2,11,316,0,0.46105588546476156,0.712036281667264
2025-11-12 16:00:00,29031.32,16,2,11,316,0,0.45753846477840887,0.7101568854321718
2025-11-12 17:00:00,29258.18,17,2,11,316,0,0.4679245386675921,0.7157062779857706
2025-11-12 18:00:00,29341.64,18,2,11,316,0,0.47174549311875674,0.7177478556218605
2025-11-12 19:00:00,29022.45,19,2,11,316,0,0.45713237963604336,0.7099399097116815
2025-11-12 20:00:00,28785.77,20,2,11,316,0,0.44629672783276436,0.7041503027753078
2025-11-12 21:00:00,28429.02,21,2,11,316,0,0.42996404750143186,0.6954235735436392
2025-11-12 22:00:00,27584.95,22,2,11,316,0,0.39132094872843165,0.674776144412386
2025-11-12 23:00:00,26133.79,23,2,11,316,0,0.32488413754520395,0.6392782316111854
2025-11-13 00:00:00,25088.9,0,3,11,317,0,0.27704712464707915,0.6137183938904334
2025-11-13 01:00:00,25080.9,1,3,11,317,0,0.2766808697272455,0.6135226998922461
2025-11-13 02:00:00,24407.79,2,3,11,317,0,0.24586463859109065,0.5970572515022572
2025-11-13 03:00:00,24742.05,3,3,11,317,0,0.2611676847790407,0.6052338359815216
2025-11-13 04:00:00,24706.13,4,3,11,317,0,0.2595232001889876,0.6043551699296602
2025-11-13 05:00:00,24844.86,5,3,11,317,0,0.26587451831755315,0.6077487484757272
2025-11-13 06:00:00,25344.02,6,3,11,317,0,0.28872699404057467,0.6199590754926291
2025-11-13 07:00:00,25792.67,7,3,11,317,0,0.3092670277634963,0.6309338395284753
2025-11-13 08:00:00,27892.53,8,3,11,317,0,0.4054025347587364,0.6823000894076954
2025-11-13 09:00:00,30068.74,9,3,11,317,0,0.5050334871451391,0.7355339938821164
2025-11-13 10:00:00,30784.06,10,3,11,317,0,0.5377821708020663,0.7530319727300414
2025-11-13 11:00:00,31594.98,11,3,11,317,0,0.5749076007510057,0.7728684948563055
2025-11-13 12:00:00,31145.56,12,3,11,317,0,0.55433231499205,0.7618748952731338
2025-11-13 13:00:00,31689.07,13,3,11,317,0,0.5792152164268994,0.775170100892487
2025-11-13 14:00:00,31916.38,14,3,11,317,0,0.5896218921553232,0.7807305012334838
2025-11-13 15:00:00,31962.52,15,3,11,317,0,0.5917342674054639,0.7818591663680294
2025-11-13 16:00:00,31768.73,16,3,11,317,0,0.5828621997911431,0.7771187238794378
2025-11-13 17:00:00,31130.55,17,3,11,317,0,0.553645129198712,0.7615077244090347
2025-11-13 18:00:00,31080.14,18,3,11,317,0,0.5513372653851102,0.7602746076029564
2025-11-13 19:00:00,30362.89,19,3,11,317,0,0.518500222728773,0.7427294175779687
2025-11-13 20:00:00,29939.25,20,3,11,317,0,0.49910519344898135,0.7323664419039558
2025-11-13 21:00:00,29216.63,21,3,11,317,0,0.466022302177706,0.7146898922826849
2025-11-13 22:00:00,28109.83,22,3,11,317,0,0.4153509340187185,0.6876156276334603
2025-11-13 23:00:00,26905.17,23,3,11,317,0,0.3601993525528654,0.6581475361514084
2025-11-14 00:00:00,25754.67,0,4,11,318,0,0.3075273168942864,0.6300042930370852
2025-11-14 01:00:00,25152.31,1,4,11,318,0,0.27995015270541074,0.6152695134435662
2025-11-14 02:00:00,25022.76,2,4,11,318,0,0.2740191120973542,0.6121004937604191
2025-11-14 03:00:00,25300.89,3,4,11,318,0,0.28675242220402136,0.6189040402249013
2025-11-14 04:00:00,25359.07,4,4,11,318,0,0.28941601110851173,0.6203272248267191
2025-11-14 05:00:00,25462.29,5,4,11,318,0,0.29414161521166565,0.6228521666383318
2025-11-14 06:00:00,25280.19,6,4,11,318,0,0.28580473759895175,0.6183976820045914
2025-11-14 07:00:00,25648.49,7,4,11,318,0,0.30266619847079423,0.6274069444461432
2025-11-14 08:00:00,27803.83,8,4,11,318,0,0.40134168333508075,0.6801303322027928
2025-11-14 09:00:00,29609.53,9,4,11,318,0,0.4840099969280368,0.7243009137686627
2025-11-14 10:00:00,30460.21,10,4,11,318,0,0.5229557138285497,0.7451100350659182
2025-11-14 11:00:00,31603.12,11,4,11,318,0,0.5752802651319364,0.7730676134994612
2025-11-14 12:00:00,31380.25,12,4,11,318,0,0.5650768608840203,0.7676158233274584
2025-11-14 13:00:00,32031.06,13,4,11,318,0,0.5948721564311389,0.7835357746974999
2025-11-14 14:00:00,31952.92,14,4,11,318,0,0.5912947615016634,0.7816243335702046
2025-11-14 15:00:00,31672.54,15,4,11,318,0,0.5784584421987932,0.7747657481687322
2025-11-14 16:00:00,31609.78,16,4,11,318,0,0.5755851723526979,0.7732305287529522
2025-11-14 17:00:00,30691.87,17,4,11,318,0,0.533561540669633,0.7507768440184295
2025-11-14 18:00:00,30401.49,18,4,11,318,0,0.5202674027169706,0.743673641119223
2025-11-14 19:00:00,29736.31,19,4,11,318,0,0.4898142217701009,0.7274021744049374
2025-11-14 20:00:00,29034.97,20,4,11,318,0,0.4577055685855831,0.7102461708188449
2025-11-14 21:00:00,28486.75,21,4,11,318,0,0.43260703456668154,0.6968357503580589
2025-11-14 22:00:00,27696.84,22,4,11,318,0,0.3964434816009552,0.6775131695945342
2025-11-14 23:00:00,26456.38,23,4,11,318,0,0.3396529093688467,0.647169347470594
2025-11-15 00:00:00,25393.73,0,5,11,319,1,0.2910028105486911,0.6211750690738659
2025-11-15 01:00:00,24942.5,1,5,11,319,1,0.270344659614123,0.6101371937236042
2025-11-15 02:00:00,24257.03,2,5,11,319,1,0.23896256462682514,0.5933693981064159
2025-11-15 03:00:00,24196.65,3,5,11,319,1,0.23619825561938065,0.5918923976550967
2025-11-15 04:00:00,24024.72,4,5,11,319,1,0.2283269795735054,0.5876866890165521
2025-11-15 05:00:00,23762.61,5,5,11,319,1,0.21632709494380511,0.5812750197834401
2025-11-15 06:00:00,23667.3,6,5,11,319,1,0.21196362539263672,0.5789435704125352
2025-11-15 07:00:00,23686.09,7,5,11,319,1,0.21282386663559608,0.5794032066907778
2025-11-15 08:00:00,25399.86,8,5,11,319,1,0.2912834533810137,0.621325019599977
2025-11-15 09:00:00,27196.31,9,5,11,319,1,0.3735282847229122,0.6652693299804429
2025-11-15 10:00:00,28342.88,10,5,11,319,1,0.4260203976521229,0.6933164384181565
2025-11-15 11:00:00,29517.84,11,5,11,319,1,0.47981225772809327,0.7220580159319376
2025-11-15 12:00:00,29906.56,12,5,11,319,1,0.49760858428281113,0.7315667873038626
2025-11-15 13:00:00,29573.53,13,5,11,319,1,0.4823618497887853,0.7234202907768195
2025-11-15 14:00:00,29260.05,14,5,11,319,1,0.46801015075510316,0.7157520214578469
2025-11-15 15:00:00,28938.04,15,5,11,319,1,0.4532679324131484,0.7078750934133069
2025-11-15 16:00:00,28537.0,16,5,11,319,1,0.43490757328188673,0.6980649532841734
2025-11-15 17:00:00,28117.04,17,5,11,319,1,0.4156810212652185,0.6877919968493267
2025-11-15 18:00:00,28526.41,18,5,11,319,1,0.4344227433317569,0.6978059033540728
2025-11-15 19:00:00,28170.2,19,5,11,319,1,0.4181147852075132,0.6890923834672817
2025-11-15 20:00:00,28024.11,20,5,11,319,1,0.4114265125527007,0.6855187664428825
2025-11-15 21:00:00,27762.36,21,5,11,319,1,0.3994431093943929,0.679115903439689
2025-11-15 22:00:00,26922.68,22,5,11,319,1,0.3610009930086514,0.6585758613899411
2025-11-15 23:00:00,25822.25,23,5,11,319,1,0.3106212553295814,0.6316574180867731
2025-11-16 00:00:00,24906.0,0,6,11,320,1,0.2686736215423819,0.6092443398568743
2025-11-16 01:00:00,24133.93,1,6,11,320,1,0.23332681704788466,0.5903581567093076
2025-11-16 02:00:00,23488.18,2,6,11,320,1,0.203763177737561,0.5745619817931197
2025-11-16 03:00:00,22840.47,3,6,11,320,1,0.1741098059718781,0.5587178618473758
2025-11-16 04:00:00,22896.92,4,6,11,320,1,0.17669419224995428,0.5600987276220855
2025-11-16 05:00:00,23043.91,5,6,11,320,1,0.18342366858324818,0.5636943602212809
2025-11-16 06:00:00,23196.04,6,6,11,320,1,0.19038846370253515,0.5674157262143118
2025-11-16 07:00:00,23172.99,7,6,11,320,1,0.18933319171476445,0.5668518828820345
2025-11-16 08:00:00,24925.08,8,6,11,320,1,0.26954713952618525,0.6097110700425512
2025-11-16 09:00:00,25784.42,9,6,11,320,1,0.30888932737741787,0.6307320300928445
2025-11-16 10:00:00,27463.95,10,6,11,320,1,0.38578134306594747,0.6718162726898018
2025-11-16 11:00:00,28408.66,11,6,11,320,1,0.42903192873045515,0.6949255323182523
2025-11-16 12:00:00,28837.92,12,6,11,320,1,0.44868425209143,0.7054259830259918
2025-11-16 13:00:00,28893.45,13,6,11,320,1,0.4512265190537255,0.7067843439909101
2025-11-16 14:00:00,28472.6,14,6,11,320,1,0.4319592211772257,0.6964896165987648
2025-11-16 15:00:00,27713.22,15,6,11,320,1,0.3971933885493147,0.677913853055823
2025-11-16 16:00:00,27394.16,16,6,11,320,1,0.38258622670904846,0.6701090871731146
2025-11-16 17:00:00,27541.48,17,6,11,320,1,0.3893308110577854,0.6737127921497352
2025-11-16 18:00:00,28393.32,18,6,11,320,1,0.4283296349216741,0.6945502890767279
2025-11-16 19:00:00,28250.82,19,6,11,320,1,0.42180571916213694,0.6910644897340151
2025-11-16 20:00:00,28034.39,20,6,11,320,1,0.4118971501246869,0.6857702332305532
2025-11-16 21:00:00,27864.48,21,6,11,320,1,0.4041183534460696,0.6816139373265508
2025-11-16 22:00:00,27225.73,22,6,11,320,1,0.3748751871906004,0.6659889946587769
2025-11-16 23:00:00,26036.01,23,6,11,320,1,0.32040758678753684,0.63688636171834
2025-11-17 00:00:00,25108.33,0,0,11,321,0,0.2779366662836252,0.614193685688531
2025-11-17 01:00:00,24445.1,1,0,11,321,0,0.24757275997346478,0.5979699193863036
2025-11-17 02:00:00,24561.52,2,0,11,321,0,0.2529026846943443,0.6008177562949255
2025-11-17 03:00:00,24226.51,3,0,11,321,0,0.23756530210765966,0.592622825503331
2025-11-17 04:00:00,24057.07,4,0,11,321,0,0.2298080229055827,0.5884780266217222
2025-11-17 05:00:00,24279.7,5,0,11,321,0,0.24000043950590386,0.5939239459737794
2025-11-17 06:00:00,24866.98,6,0,11,321,0,0.2668872131708932,0.6082898423807153
2025-11-17 07:00:00,25437.26,7,0,11,321,0,0.29299569513123597,0.622239889041503
2025-11-17 08:00:00,27425.44,8,0,11,321,0,0.3840182834455981,0.6708742507060272
2025-11-17 09:00:00,30003.54,9,0,11,321,0,0.5020485095484947,0.7339390877968892
2025-11-17 10:00:00,31438.49,10,0,11,321,0,0.5677431967004095,0.7690404756342626
2025-11-17 11:00:00,32881.15,11,0,11,321,0,0.633790862031314,0.8043304635623891
2025-11-17 12:00:00,32828.32,12,0,11,321,0,0.6313722061044623,0.8030381493218591
2025-11-17 13:00:00,32916.48,13,0,11,321,0,0.6354083353210295,0.8051946971818842
2025-11-17 14:00:00,32627.88,14,0,11,321,0,0.6221956890880298,0.7981350361972742
2025-11-17 15:00:00,32159.4,15,0,11,321,0,0.6007478009825704,0.786675195663421
2025-11-17 16:00:00,32185.07,16,0,11,321,0,0.6019230214565866,0.7873031287801048
2025-11-17 17:00:00,31222.31,17,0,11,321,0,0.5578460731292042,0.763752334568244
2025-11-17 18:00:00,31123.64,18,0,11,321,0,0.5533287765117056,0.7613386937181003
2025-11-17 19:00:00,30448.56,19,0,11,321,0,0.5224223551015419,0.744825055681058
2025-11-17 20:00:00,29637.95,20,0,11,321,0,0.48531111753074596,0.7249961166972234
2025-11-17 21:00:00,28999.32,21,0,11,321,0,0.4560734450990742,0.7093741094394223
2025-11-17 22:00:00,28005.52,22,0,11,321,0,0.4105754276827372,0.6850640225145945
2025-11-17 23:00:00,26614.9,23,0,11,321,0,0.3469102506053508,0.651047024044677
2025-11-18 00:00:00,25495.26,0,1,11,322,0,0.29565104330003,0.6236586705283615
2025-11-18 01:00:00,25363.59,1,1,11,322,0,0.2896229451382178,0.6204377919356949
2025-11-18 02:00:00,25331.76,2,1,11,322,0,0.2881657083759295,0.6196591744404069
2025-11-18 03:00:00,25307.62,3,1,11,322,0,0.28706053415533145,0.6190686678008764
2025-11-18 04:00:00,25141.86,4,1,11,322,0,0.27947173221637794,0.6150138881584338
2025-11-18 05:00:00,25018.09,5,1,11,322,0,0.2738053107879013,0.6119862573889773
2025-11-18 06:00:00,25310.33,6,1,11,322,0,0.2871846030094252,0.6191349591427625
2025-11-18 07:00:00,25005.03,7,1,11,322,0,0.27320739963127283,0.6116667869369363
2025-11-18 08:00:00,27130.91,8,1,11,322,0,0.3705341507532719,0.663669531545261
2025-11-18 09:00:00,29551.61,9,1,11,322,0,0.48135831130844114,0.7228840892217862
2025-11-18 10:00:00,29927.32,10,1,11,322,0,0.4985590157997794,0.7320746132291589
2025-11-18 11:00:00,30974.7,11,1,11,322,0,0.5465100255417025,0.7576953607068467
2025-11-18 12:00:00,30556.34,12,1,11,322,0,0.527356724509001,0.7474615430716375
2025-11-18 13:00:00,30417.25,13,1,11,322,0,0.5209889249090429,0.7440591582956521
2025-11-18 14:00:00,30708.55,14,1,11,322,0,0.5343251821774861,0.7511848660046502
2025-11-18 15:00:00,30674.39,15,1,11,322,0,0.5327612736697964,0.75034925263239
2025-11-18 16:00:00,30576.95,16,1,11,322,0,0.5283002887462225,0.7479656997344677
2025-11-18 17:00:00,30095.02,17,1,11,322,0,0.5062366345567927,0.736176848666162
2025-11-18 18:00:00,30163.15,18,1,11,322,0,0.5093557530178261,0.7378434276782253
2025-11-18 19:00:00,29325.07,19,1,11,322,0,0.4709868876160513,0.7173425244281149
2025-11-18 20:00:00,28756.11,20,1,11,322,0,0.44493883771748105,0.7034247672770281
2025-11-18 21:00:00,28041.5,21,1,11,322,0,0.4122226591846891,0.6859441562714422
2025-11-18 22:00:00,27206.1,22,1,11,322,0,0.3739764891810585,0.6655088105107246
2025-11-18 23:00:00,25778.43,23,1,11,322,0,0.30861509400619247,0.6305855042117018
2025-11-19 00:00:00,24427.25,0,2,11,323,0,0.24675555368358598,0.597533277152848
2025-11-19 01:00:00,24524.83,1,2,11,323,0,0.2512229480682572,0.5999202546957386
2025-11-19 02:00:00,24411.53,2,2,11,323,0,0.24603586276611278,0.5971487384464098
2025-11-19 03:00:00,24676.67,3,2,11,323,0,0.2581744664467,0.6036345267813351
2025-11-19 04:00:00,24421.7,4,2,11,323,0,0.24650146433295142,0.5973975144416055
2025-11-19 05:00:00,24498.94,5,2,11,323,0,0.25003765558394536,0.5992869399941047
2025-11-19 06:00:00,24714.35,6,2,11,323,0,0.25989952711911657,0.6045562455127977
2025-11-19 07:00:00,25229.07,7,2,11,323,0,0.28346436866121466,0.6171471973561741
2025-11-19 08:00:00,26482.82,8,2,11,323,0,0.3408633818788969,0.6478161161346032
2025-11-19 09:00:00,28468.26,9,2,11,323,0,0.4317605278832159,0.6963834526047482
2025-11-19 10:00:00,29142.58,10,2,11,323,0,0.4626321550759957,0.7128784997119629
2025-11-19 11:00:00,29740.4,11,2,11,323,0,0.4900014695978659,0.7275022229615107
2025-11-19 12:00:00,29765.9,12,2,11,323,0,0.4911689071548357,0.7281259975807329
2025-11-19 13:00:00,29972.55,13,2,11,323,0,0.500629729552789,0.7331810181714108
2025-11-19 14:00:00,29881.34,14,2,11,323,0,0.49645396564803546,0.7309498619745769
2025-11-19 15:00:00,29730.8,15,2,11,323,0,0.4895619636940654,0.7272673901636858
2025-11-19 16:00:00,29664.8,16,2,11,323,0,0.48654036060543765,0.7256529146786398
2025-11-19 17:00:00,29495.68,17,2,11,323,0,0.47879773160015404,0.7215159435569586
2025-11-19 18:00:00,29581.42,18,2,11,323,0,0.48272306870347126,0.7236132939825318
2025-11-19 19:00:00,29025.23,19,2,11,323,0,0.4572596532206855,0.7100079133760516
2025-11-19 20:00:00,28592.64,20,2,11,323,0,0.4374548762493298,0.6994260050415666
2025-11-19 21:00:00,27988.3,21,2,11,323,0,0.4097870639677952,0.6846427911834961
2025-11-19 22:00:00,27229.18,22,2,11,323,0,0.3750331346247787,0.6660733876954952
2025-11-19 23:00:00,25747.21,23,2,11,323,0,0.3071857841815416,0.6298218083837754
2025-11-20 00:00:00,24648.05,0,3,11,324,0,0.2568641894709951,0.6029344315028198
2025-11-20 01:00:00,24440.93,1,3,11,324,0,0.24738184959650159,0.5978679138897485
2025-11-20 02:00:00,24419.92,2,3,11,324,0,0.24641997261328832,0.5973539725270087
2025-11-20 03:00:00,24257.56,3,3,11,324,0,0.23898682901526422,0.5933823628337959
2025-11-20 04:00:00,24153.42,4,3,11,324,0,0.23421910559632933,0.5908349162123915
2025-11-20 05:00:00,24107.07,5,3,11,324,0,0.23209711615454312,0.5897011141103934
2025-11-20 06:00:00,24515.04,6,3,11,324,0,0.2507747436101107,0.5996807741654568
2025-11-20 07:00:00,24846.09,7,3,11,324,0,0.26593083001147755,0.6077788364279485
2025-11-20 08:00:00,26777.32,8,3,11,324,0,0.3543461411152737,0.6550201014428763
2025-11-20 09:00:00,28170.89,9,3,11,324,0,0.4181463746943488,0.6891092620746254
2025-11-20 10:00:00,28751.52,10,3,11,324,0,0.4447286989572265,0.7033124878455681
2025-11-20 11:00:00,29887.41,11,3,11,324,0,0.4967318615684592,0.7310983447957016
2025-11-20 12:00:00,29580.66,12,3,11,324,0,0.4826882744860871,0.723594703052704
2025-11-20 13:00:00,29298.64,13,3,11,324,0,0.4697768729246508,0.7166960003816033
2025-11-20 14:00:00,30340.26,14,3,11,324,0,0.5174641791242935,0.7421758481805961
2025-11-20 15:00:00,29841.75,15,3,11,324,0,0.4946414616135086,0.729981421301047
2025-11-20 16:00:00,29777.25,16,3,11,324,0,0.49168853132234963,0.7284036384406612
2025-11-20 17:00:00,29612.61,17,3,11,324,0,0.48415100507217285,0.724376255957965
2025-11-20 18:00:00,29673.06,18,3,11,324,0,0.486918518810166,0.7258549687317684
2025-11-20 19:00:00,29261.75,19,3,11,324,0,0.46808797992556783,0.7157936064324617
2025-11-20 20:00:00,28760.92,20,3,11,324,0,0.44515904848803095,0.7035424282934382
2025-11-20 21:00:00,28220.61,21,3,11,324,0,0.4204226490211151,0.69032550027336
2025-11-20 22:00:00,27480.13,22,3,11,324,0,0.38652209364131107,0.6722120638011357
2025-11-20 23:00:00,26046.57,23,3,11,324,0,0.32089104328171736,0.6371446777959474
2025-11-21 00:00:00,24783.98,0,4,11,325,0,0.2630873183776189,0.6062595171495212
2025-11-21 01:00:00,24845.99,1,4,11,325,0,0.2659262518249797,0.6077763902529713
2025-11-21 02:00:00,25705.39,2,4,11,325,0,0.3052711865881111,0.6287988180082509
2025-11-21 03:00:00,25127.31,3,4,11,325,0,0.2788056060809305,0.6146579696992306
2025-11-21 04:00:00,24461.14,4,4,11,325,0,0.24830710108773132,0.5983622858526693
2025-11-21 05:00:00,24647.11,5,4,11,325,0,0.2568211545179147,0.6029114374580328
2025-11-21 06:00:00,24716.25,6,4,11,325,0,0.25998651266257716,0.6046027228373673
2025-11-21 07:00:00,25481.8,7,4,11,325,0,0.29503481939740994,0.6233294153764113
2025-11-21 08:00:00,26782.69,8,4,11,325,0,0.354591989730212,0.6551514610391596
2025-11-21 09:00:00,28497.82,9,4,11,325,0,0.43311383981200136,0.6971065419280507
2025-11-21 10:00:00,29061.27,10,4,11,325,0,0.4589096316345362,0.7108895148378859
2025-11-21 11:00:00,30563.29,11,4,11,325,0,0.5276749084706065,0.7476315522325627
2025-11-21 12:00:00,31002.88,12,4,11,325,0,0.5478001584968166,0.7583846928154618
2025-11-21 13:00:00,30069.22,13,4,11,325,0,0.5050554624403291,0.7355457355220076
2025-11-21 14:00:00,30622.3,14,4,11,325,0,0.5303764963230295,0.7490750400866923
2025-11-21 15:00:00,30102.19,15,4,11,325,0,0.5065648905286935,0.7363522394120373
2025-11-21 16:00:00,29981.43,16,4,11,325,0,0.5010362725138043,0.7333982385093988
2025-11-21 17:00:00,29343.31,17,4,11,325,0,0.4718219488332721,0.7177887067439821
2025-11-21 18:00:00,29495.41,18,4,11,325,0,0.47878537049660963,0.7215093388845197
2025-11-21 19:00:00,28872.17,19,4,11,325,0,0.45025228096696784,0.7062637979557315
2025-11-21 20:00:00,28436.78,20,4,11,325,0,0.4303193147736704,0.6956133967218808
2025-11-21 21:00:00,27868.53,21,4,11,325,0,0.4043037699992354,0.6817130074131332
2025-11-21 22:00:00,27339.04,22,4,11,325,0,0.38006273031139454,0.6687607555256035
2025-11-21 23:00:00,26140.34,23,4,11,325,0,0.3251840087608177,0.6394384560722013
2025-11-22 00:00:00,24789.2,0,5,11,326,1,0.2633262997128104,0.6063872074833385
2025-11-22 01:00:00,24319.89,1,5,11,326,1,0.2418404126594182,0.5949070636971733
2025-11-22 02:00:00,23919.44,2,5,11,326,1,0.22350706482849425,0.585111356000406
2025-11-22 03:00:00,23433.48,3,5,11,326,1,0.2012589097231983,0.5732239240805134
2025-11-22 04:00:00,23224.32,4,5,11,326,1,0.1916831748441471,0.5681075044979043
2025-11-22 05:00:00,23438.58,5,5,11,326,1,0.20149239723459234,0.5733486790043579
2025-11-22 06:00:00,23372.7,6,5,11,326,1,0.19847628796976205,0.5717371389292848
2025-11-22 07:00:00,23293.12,7,5,11,326,1,0.1948329671547166,0.5697904728823157
2025-11-22 08:00:00,24902.75,8,5,11,326,1,0.26852483048119946,0.6091648391701107
2025-11-22 09:00:00,26449.11,9,5,11,326,1,0.3393200752104478,0.6469915105497411
2025-11-22 10:00:00,27806.37,10,5,11,326,1,0.40145796927212785,0.6801924650472172
2025-11-22 11:00:00,28287.18,11,5,11,326,1,0.423470347772781,0.6919539189557768
2025-11-22 12:00:00,28469.79,12,5,11,326,1,0.43183057413663417,0.6964208790819016
2025-11-22 13:00:00,28925.93,13,5,11,326,1,0.45271351402825016,0.7075788616235508
2025-11-22 14:00:00,28508.19,14,5,11,326,1,0.43358859775183567,0.6973602102732009
2025-11-22 15:00:00,27881.56,15,5,11,326,1,0.4049003076999146,0.682031744012681
2025-11-22 16:00:00,27580.5,16,5,11,326,1,0.39111721942927413,0.6746672896258942
2025-11-22 17:00:00,27273.99,17,5,11,326,1,0.3770846199944971,0.6671695187028424
2025-11-22 18:00:00,28003.39,18,5,11,326,1,0.4104779123103314,0.6850119189875771
2025-11-22 19:00:00,27636.75,19,5,11,326,1,0.3936924493343546,0.6760432630506492
2025-11-22 20:00:00,27384.81,20,5,11,326,1,0.38215816627149296,0.6698803698127331
2025-11-22 21:00:00,27186.96,21,5,11,326,1,0.3731002242853565,0.6650406126200613
2025-11-22 22:00:00,26375.16,22,5,11,326,1,0.33593450629523536,0.6451825641539964
2025-11-22 23:00:00,25350.57,23,5,11,326,1,0.2890268652561885,0.620119299953645
2025-11-23 00:00:00,24494.24,0,6,11,327,1,0.24982248081854322,0.5991719697701696
2025-11-23 01:00:00,23679.9,1,6,11,327,1,0.21254047689137484,0.5792517884596803
2025-11-23 02:00:00,23087.78,2,6,11,327,1,0.185432118999886,0.564767497183841
2025-11-23 03:00:00,22676.21,3,6,11,327,1,0.1665896768303933,0.5546997748295933
2025-11-23 04:00:00,22445.75,4,6,11,327,1,0.15603878822728504,0.5490623199768102
2025-11-23 05:00:00,22610.86,5,6,11,327,1,0.1635978319540021,0.5531011994819002
2025-11-23 06:00:00,22556.42,6,6,11,327,1,0.16110546722453392,0.5517695018242349
2025-11-23 07:00:00,22774.95,7,6,11,327,1,0.17111017817844038,0.5571151280022211
2025-11-23 08:00:00,23977.08,8,6,11,327,1,0.22614593152589593,0.5865213312573462
2025-11-23 09:00:00,25120.65,9,6,11,327,1,0.278500698860169,0.6144950544457396
2025-11-23 10:00:00,26271.91,10,6,11,327,1,0.33120752873613213,0.6426568884898906
2025-11-23 11:00:00,27617.55,11,6,11,327,1,0.39281343752675374,0.6755735974549996
2025-11-23 12:00:00,28037.5,12,6,11,327,1,0.41203953172477226,0.6858463092723486
2025-11-23 13:00:00,28167.02,13,6,11,327,1,0.41796919887687933,0.6890145951030023
2025-11-23 14:00:00,27634.99,14,6,11,327,1,0.39361187325199126,0.6760002103710481
2025-11-23 15:00:00,26618.9,15,6,11,327,1,0.34709337806526763,0.6511448710437706
2025-11-23 16:00:00,26439.2,16,6,11,327,1,0.3388663769285039,0.6467490946094865
2025-11-23 17:00:00,26800.02,17,6,11,327,1,0.35538538945030174,0.655575383162733
2025-11-23 18:00:00,27556.45,18,6,11,327,1,0.3900161655765242,0.6740789845438434
2025-11-23 19:00:00,27737.13,19,6,11,327,1,0.39828803294096754,0.6784987334929055
2025-11-23 20:00:00,27557.78,20,6,11,327,1,0.3900770554569465,0.674111518671042
2025-11-23 21:00:00,27356.66,21,6,11,327,1,0.38086940677232817,0.6691917715566111
2025-11-23 22:00:00,26606.52,22,6,11,327,1,0.346526598576825,0.6508420345815756
2025-11-23 23:00:00,25353.79,23,6,11,327,1,0.28917428286142155,0.6201980667879154
2025-11-24 00:00:00,24341.06,0,0,11,328,0,0.2428096147410281,0.5954249189398767
2025-11-24 01:00:00,23618.51,1,0,11,328,0,0.20972992820030112,0.5777500816410898
2025-11-24 02:00:00,23714.37,2,0,11,328,0,0.21411857777720802,0.5800949849743702
2025-11-24 03:00:00,23604.54,3,0,11,328,0,0.20909035554654168,0.5774083509967551
2025-11-24 04:00:00,23511.61,4,0,11,328,0,0.20483584683402387,0.5751351205903109
2025-11-24 05:00:00,23471.6,5,0,11,328,0,0.20300411441620564,0.5741564059818762
2025-11-24 06:00:00,24082.12,6,0,11,328,0,0.23095485862331183,0.5890907934535465
2025-11-24 07:00:00,24769.17,7,0,11,328,0,0.2624092889572768,0.6058972386353768
2025-11-24 08:00:00,27265.25,8,0,11,328,0,0.37668448649457875,0.6669557230098226
2025-11-24 09:00:00,29255.0,9,0,11,328,0,0.4677789523369582,0.7156284896214911
2025-11-24 10:00:00,29810.35,10,0,11,328,0,0.49320391105316136,0.7292133223581615
2025-11-24 11:00:00,30943.29,11,0,11,328,0,0.5450720171627056,0.7569270171464635
2025-11-24 12:00:00,31328.05,12,0,11,328,0,0.5626870475321056,0.7663389199892857
2025-11-24 13:00:00,31580.23,13,0,11,328,0,0.5742323182425624,0.7725076840471475
2025-11-24 14:00:00,31454.95,14,0,11,328,0,0.5684967661979672,0.7694431160355332
2025-11-24 15:00:00,31271.79,15,0,11,328,0,0.5601113598083755,0.764962701947033
2025-11-24 16:00:00,31418.94,16,0,11,328,0,0.5668481612400659,0.7685622484261921
2025-11-24 17:00:00,30737.43,17,0,11,328,0,0.5356473624380858,0.7518913213381067
2025-11-24 18:00:00,30707.29,18,0,11,328,0,0.5342674970276124,0.7511540441999357
2025-11-24 19:00:00,30071.32,19,0,11,328,0,0.5051516043567854,0.7355971051965318
2025-11-24 20:00:00,29389.84,20,0,11,328,0,0.47395217901075465,0.7189269119609395
2025-11-24 21:00:00,28745.95,21,0,11,328,0,0.4444736939692923,0.7031762358993301
2025-11-24 22:00:00,27767.21,22,0,11,328,0,0.39966515143954207,0.67923454292609
2025-11-24 23:00:00,26181.1,23,0,11,328,0,0.32705007757737015,0.640435516992966
2025-11-25 00:00:00,25536.87,0,1,11,329,0,0.2975560267018149,0.6246765239364337
2025-11-25 01:00:00,24871.47,1,1,11,329,0,0.2670927737446499,0.608399675637198
2025-11-25 02:00:00,24674.26,2,1,11,329,0,0.2580641321521001,0.6035755739643812
2025-11-25 03:00:00,24342.45,3,1,11,329,0,0.24287325153334918,0.5954589207720618
2025-11-25 04:00:00,24451.5,4,1,11,329,0,0.2478657639093318,0.5981264745848535
2025-11-25 05:00:00,24611.28,5,1,11,329,0,0.2551807902957096,0.602034972963651
2025-11-25 06:00:00,24114.88,6,1,11,329,0,0.2324546725200308,0.5898921603761239
2025-11-25 07:00:00,24682.9,7,1,11,329,0,0.2584596874655206,0.6037869234824237
2025-11-25 08:00:00,26398.08,8,1,11,329,0,0.33698382664055887,0.6457432274588034
2025-11-25 09:00:00,28453.23,9,1,11,329,0,0.4310724264525784,0.6960157925056537
2025-11-25 10:00:00,29326.88,10,1,11,329,0,0.47106975279166374,0.7173868001952047
2025-11-25 11:00:00,30240.8,11,1,11,329,0,0.5129107148334615,0.7397428825481315
2025-11-25 12:00:00,29626.05,12,1,11,329,0,0.48476631333749337,0.7247050218749197
2025-11-25 13:00:00,30016.6,13,1,11,329,0,0.5026464207051231,0.73425855824893
2025-11-25 14:00:00,29999.67,14,1,11,329,0,0.5018713337310251,0.733844420825266
2025-11-25 15:00:00,30046.33,15,1,11,329,0,0.504007515550955,0.734985806069694
2025-11-25 16:00:00,29909.91,16,1,11,329,0,0.4977619535304914,0.7316487341656036
2025-11-25 17:00:00,29559.81,17,1,11,329,0,0.4817337226012707,0.7230846755699282
2025-11-25 18:00:00,29550.69,18,1,11,329,0,0.4813161919926602,0.7228615844119946
2025-11-25 19:00:00,29017.45,19,1,11,329,0,0.4569034703111473,0.7098176009628144
2025-11-25 20:00:00,28427.55,20,1,11,329,0,0.42989674815991236,0.6953876147714722
2025-11-25 21:00:00,28014.97,21,1,11,329,0,0.41100806630679076,0.6852951860499533
2025-11-25 22:00:00,27081.85,22,1,11,329,0,0.3682880924573919,0.6624694381013768
2025-11-25 23:00:00,25689.7,23,1,11,329,0,0.30455286912658736,0.6284150131543059
2025-11-26 00:00:00,24414.42,0,2,11,330,0,0.2461681723559027,0.597219432903255
2025-11-26 01:00:00,24363.66,1,2,11,330,0,0.24384428488955814,0.595977754484756
2025-11-26 02:00:00,24135.93,2,2,11,330,0,0.23341838077784308,0.5904070802088544
2025-11-26 03:00:00,23970.28,3,2,11,330,0,0.2258346148440372,0.5863549913588868
2025-11-26 04:00:00,23790.94,4,2,11,330,0,0.217624095178666,0.5819680211545212
2025-11-26 05:00:00,24211.37,5,2,11,330,0,0.2368721646718745,0.5922524746117614
2025-11-26 06:00:00,24230.61,6,2,11,330,0,0.23775300775407454,0.5927231186774021
2025-11-26 07:00:00,24318.21,7,2,11,330,0,0.24176349912625308,0.594865967957554
2025-11-26 08:00:00,26405.24,8,2,11,330,0,0.33731162479381,0.6459183735871811
2025-11-26 09:00:00,28144.07,9,2,11,330,0,0.41691850507560646,0.6884531979457023
2025-11-26 10:00:00,28999.23,10,2,11,330,0,0.4560693247312261,0.7093719078819427
2025-11-26 11:00:00,29786.29,11,2,11,330,0,0.49210239938176176,0.728624772658613
2025-11-26 12:00:00,29890.63,12,2,11,330,0,0.49687927917369235,0.731177111629972
2025-11-26 13:00:00,29607.63,13,2,11,330,0,0.4839230113845764,0.7242544364440933
2025-11-26 14:00:00,29942.37,14,2,11,330,0,0.49924803286771646,0.7324427625632488
2025-11-26 15:00:00,30207.24,15,2,11,330,0,0.5113742754447594,0.7389219462257355
2025-11-26 16:00:00,30142.54,16,2,11,330,0,0.5084121887806047,0.737339271015395
2025-11-26 17:00:00,29683.32,17,2,11,330,0,0.4873882407448526,0.7261059462844437
2025-11-26 18:00:00,29730.44,18,2,11,330,0,0.48954548222267286,0.7272585839337673
2025-11-26 19:00:00,29215.25,19,2,11,330,0,0.46595912320403465,0.7146561350679975
2025-11-26 20:00:00,28796.44,20,2,11,330,0,0.44678522033209245,0.7044113096453902
2025-11-26 21:00:00,28290.5,21,2,11,330,0,0.4236223435645119,0.6920351319650245
2025-11-26 22:00:00,27411.4,22,2,11,330,0,0.3833755060612901,0.6705308077392084
2025-11-26 23:00:00,25928.91,23,2,11,330,0,0.3155043490482637,0.6342665083176064
2025-11-27 00:00:00,25043.18,0,3,11,331,0,0.2749539777802297,0.6126000026907925
2025-11-27 01:00:00,24933.51,1,3,11,331,0,0.26993308064795984,0.6099172825931412
2025-11-27 02:00:00,24642.45,2,3,11,331,0,0.2566078110271116,0.6027974457040887
2025-11-27 03:00:00,24633.59,3,3,11,331,0,0.2562021837033958,0.6025807146010961
2025-11-27 04:00:00,24561.69,4,3,11,331,0,0.2529104676113907,0.600821914792387
2025-11-27 05:00:00,24624.71,5,3,11,331,0,0.25579564074238037,0.6023634942631081
2025-11-27 06:00:00,24862.31,6,3,11,331,0,0.26667341186144033,0.6081756060092735
2025-11-27 07:00:00,25484.37,7,3,11,331,0,0.29515247879040646,0.623392282073329
2025-11-27 08:00:00,27152.93,8,3,11,331,0,0.3715422674201141,0.6642081792752718
2025-11-27 09:00:00,28677.01,9,3,11,331,0,0.4413174921976256,0.7014898428699503
2025-11-27 10:00:00,29325.1,10,3,11,331,0,0.4709882610720006,0.717343258280608
2025-11-27 11:00:00,30199.12,11,3,11,331,0,0.5110025267011281,0.7387233168175752
2025-11-27 12:00:00,29911.64,12,3,11,331,0,0.4978411561569054,0.7316910529927115
2025-11-27 13:00:00,29505.23,13,3,11,331,0,0.4792349484107054,0.7217495532672947
2025-11-27 14:00:00,30000.99,14,3,11,331,0,0.5019317657927977,0.7338767103349669
2025-11-27 15:00:00,29477.02,15,3,11,331,0,0.477943441999642,0.7210594873061865
2025-11-27 16:00:00,29542.79,16,3,11,331,0,0.48095451525932453,0.7226683365887845
2025-11-27 17:00:00,29395.61,17,3,11,331,0,0.4742163403716847,0.7190680562571321
2025-11-27 18:00:00,29656.6,18,3,11,331,0,0.4861649493126081,0.7254523283304978
2025-11-27 19:00:00,29146.21,19,3,11,331,0,0.4627983432458701,0.7129672958636404
2025-11-27 20:00:00,28683.39,20,3,11,331,0,0.441609580496193,0.7016459088335048
2025-11-27 21:00:00,28267.11,21,3,11,331,0,0.42255150574264827,0.6914629716378242
2025-11-27 22:00:00,27206.04,22,3,11,331,0,0.37397374226915986,0.6655073428057382
2025-11-27 23:00:00,25735.86,23,3,11,331,0,0.30666616001402763,0.6295441675238471
2025-11-28 00:00:00,24562.02,0,4,11,332,0,0.2529255756268339,0.6008299871698123
2025-11-28 01:00:00,24358.41,1,4,11,332,0,0.2436039300984173,0.5958493302984456
2025-11-28 02:00:00,24050.3,2,4,11,332,0,0.22949807967967345,0.5883124205757562
2025-11-28 03:00:00,24446.64,3,4,11,332,0,0.2476432640455328,0.5980075904809546
2025-11-28 04:00:00,24126.18,4,4,11,332,0,0.23297200759429582,0.5901685781485635
2025-11-28 05:00:00,24395.33,5,4,11,332,0,0.24529419655344975,0.5967524581000804
2025-11-28 06:00:00,24578.64,6,4,11,332,0,0.2536864702227883,0.6012365414510465
2025-11-28 07:00:00,25122.26,7,4,11,332,0,0.2785744076627854,0.6145344378628748
2025-11-28 08:00:00,26664.0,8,4,11,332,0,0.34915814017582986,0.652248095958552
2025-11-28 09:00:00,28292.95,9,4,11,332,0,0.423734509133711,0.6920950632519695
2025-11-28 10:00:00,28803.81,10,4,11,332,0,0.4471226326769893,0.7045915927412204
2025-11-28 11:00:00,29613.45,11,4,11,332,0,0.4841894618387554,0.7243968038277746
2025-11-28 12:00:00,28425.0,12,4,11,332,0,0.42978000440421543,0.69532523730955
2025-11-28 13:00:00,29635.05,13,4,11,332,0,0.4851783501223062,0.7249251776228804
2025-11-28 14:00:00,29693.54,14,4,11,332,0,0.48785613140494016,0.726355945367128
2025-11-28 15:00:00,29270.95,15,4,11,332,0,0.4685091730833766,0.7160186545303772
2025-11-28 16:00:00,29281.6,16,4,11,332,0,0.4689967499454051,0.7162791721654641
2025-11-28 17:00:00,29137.92,17,4,11,332,0,0.46241881158519244,0.7127645079580187
2025-11-28 18:00:00,29208.7,18,4,11,332,0,0.4656592519884209,0.7144959106069816
2025-11-28 19:00:00,28582.34,19,4,11,332,0,0.43698332304004406,0.6991740490189003
2025-11-28 20:00:00,28147.48,20,4,11,332,0,0.41707462123518557,0.6885366125124296
2025-11-28 21:00:00,27620.11,21,4,11,332,0,0.3929306391011006,0.6756362195344195
2025-11-28 22:00:00,27162.01,22,4,11,332,0,0.37195796675412524,0.6644302919632143
2025-11-28 23:00:00,25954.21,23,4,11,332,0,0.3166626302322377,0.634885390586874
2025-11-29 00:00:00,24636.78,0,5,11,333,1,0.2563482278526794,0.6026587475828733
2025-11-29 01:00:00,24163.38,1,5,11,333,1,0.2346750929715224,0.5910785552401349
2025-11-29 02:00:00,23698.04,2,5,11,333,1,0.21337095992209765,0.5796955246005702
2025-11-29 03:00:00,23147.88,3,5,11,333,1,0.18818360908513648,0.5662376483452238
2025-11-29 04:00:00,23541.96,4,5,11,333,1,0.20622532643614278,0.5758775346959343
2025-11-29 05:00:00,23628.55,5,5,11,333,1,0.2101895781246924,0.577995677608815
2025-11-29 06:00:00,23762.92,6,5,11,333,1,0.21634128732194854,0.5812826029258699
2025-11-29 07:00:00,23668.11,7,5,11,333,1,0.21200070870326992,0.5789633844298516
2025-11-29 08:00:00,24270.64,8,5,11,333,1,0.23958565580919217,0.5937023225208322
2025-11-29 09:00:00,25536.42,9,5,11,333,1,0.2975354248625742,0.6246655161490355
2025-11-29 10:00:00,27195.44,10,5,11,333,1,0.37348845450038015,0.6652480482581399
2025-11-29 11:00:00,28203.87,11,5,11,333,1,0.4196562606013631,0.6899160105821529
2025-11-29 12:00:00,28112.09,12,5,11,333,1,0.4154544010335714,0.6876709111879482
2025-11-29 13:00:00,27797.8,13,5,11,333,1,0.401065618689256,0.679982827851659
2025-11-29 14:00:00,27064.46,14,5,11,333,1,0.3674919458254035,0.6620440482728169
2025-11-29 15:00:00,27128.39,15,5,11,333,1,0.3704187804535243,0.6636078879358319
2025-11-29 16:00:00,27294.77,16,5,11,333,1,0.378035967148765,0.6676778338631341
2025-11-29 17:00:00,27537.38,17,5,11,333,1,0.3891431054113707,0.6736124989756642
2025-11-29 18:00:00,27974.53,18,5,11,333,1,0.40915664768703147,0.6843059528891161
2025-11-29 19:00:00,27742.71,19,5,11,333,1,0.39854349574755144,0.6786352300566412
2025-11-29 20:00:00,27361.73,20,5,11,333,1,0.3811015208277727,0.6693157926279625
2025-11-29 21:00:00,27289.87,21,5,11,333,1,0.3778116360103668,0.6675579712892442
2025-11-29 22:00:00,26595.35,22,5,11,333,1,0.34601521514500716,0.6505687968366065
2025-11-29 23:00:00,25470.15,23,5,11,333,1,0.2945014606704022,0.6230444359915509
2025-11-30 00:00:00,24306.82,0,6,11,334,1,0.24124204368413993,0.5945873486276346
2025-11-30 01:00:00,23339.33,1,6,11,334,1,0.19694854713540594,0.5709208503393457
2025-11-30 02:00:00,22605.83,2,6,11,334,1,0.16336754917315674,0.5529781568805399
2025-11-30 03:00:00,22392.39,3,6,11,334,1,0.15359586791199445,0.5477570410089003
2025-11-30 04:00:00,22478.98,4,6,11,334,1,0.15756011960054409,0.549875183921781
2025-11-30 05:00:00,22819.85,5,6,11,334,1,0.17316578391600673,0.5582134605670478
2025-11-30 06:00:00,22459.25,6,6,11,334,1,0.15665684340450434,0.5493925535987515
2025-11-30 07:00:00,22385.69,7,6,11,334,1,0.15328912941663372,0.5475931472854184
2025-11-30 08:00:00,23628.56,8,6,11,334,1,0.2101900359433423,0.5779959222263128
2025-11-30 09:00:00,25061.46,9,6,11,334,1,0.27579087027204957,0.6130471634766506
2025-11-30 10:00:00,26397.03,10,6,11,334,1,0.3369357556823306,0.6457175426215412
2025-11-30 11:00:00,27238.91,11,6,11,334,1,0.3754785921710264,0.6663114005207906
2025-11-30 12:00:00,27870.53,12,6,11,334,1,0.40439533372919384,0.6817619309126801
2025-11-30 13:00:00,27578.93,13,6,11,334,1,0.3910453419012568,0.6746288846787499
2025-11-30 14:00:00,26884.23,14,6,11,334,1,0.35924068030020084,0.6576353071111529
2025-11-30 15:00:00,26110.44,15,6,11,334,1,0.3238151309979393,0.6387070497539759
2025-11-30 16:00:00,25753.45,16,6,11,334,1,0.3074714630190119,0.6299744497023616
2025-11-30 17:00:00,26682.04,17,6,11,334,1,0.3499840450200548,0.6526893859244646
2025-11-30 18:00:00,27371.66,18,6,11,334,1,0.3815561347470163,0.6695586978032125
2025-11-30 19:00:00,27259.16,19,6,11,334,1,0.3764056749368554,0.6668067509537025
2025-11-30 20:00:00,27410.46,20,6,11,334,1,0.3833324711082095,0.6705078136944214
2025-11-30 21:00:00,27243.58,21,6,11,334,1,0.3756923934804794,0.6664256368922326
2025-11-30 22:00:00,26311.75,22,6,11,334,1,0.33303147823690377,0.6436314446008637
2025-11-30 23:00:00,25076.67,23,6,11,334,1,0.27648721243838326,0.6134192266907044
2025-12-01 00:00:00,24215.99,0,0,12,335,0,0.23708367688807855,0.5923654878957146
2025-12-01 01:00:00,23531.29,1,0,12,335,0,0.2057368339368147,0.5756165278258519
2025-12-01 02:00:00,23359.06,2,0,12,335,0,0.1978518233314457,0.5714034806623752
2025-12-01 03:00:00,23540.47,3,0,12,335,0,0.20615711145732382,0.575841086688772
2025-12-01 04:00:00,23596.9,4,0,12,335,0,0.20874058209810056,0.5772214632284862
2025-12-01 05:00:00,24048.42,5,0,12,335,0,0.22941200977351248,0.5882664324861822
2025-12-01 06:00:00,24296.68,6,0,12,335,0,0.2407778155732508,0.5943393064849322
2025-12-01 07:00:00,25071.46,7,0,12,335,0,0.2762486889218416,0.6132917809743849
2025-12-01 08:00:00,27138.43,8,0,12,335,0,0.37087843037791557,0.6638534839035571
2025-12-01 09:00:00,28696.73,9,0,12,335,0,0.44222031057501565,0.7019722285754822
2025-12-01 10:00:00,29768.43,10,0,12,335,0,0.4912847352732331,0.7281878858076597
2025-12-01 11:00:00,30387.24,11,0,12,335,0,0.5196150111410169,0.7433250611849517
2025-12-01 12:00:00,30679.23,12,0,12,335,0,0.5329828578962958,0.7504676475012934
2025-12-01 13:00:00,31525.67,13,0,12,335,0,0.5717344596892967,0.7711730509795095
2025-12-01 14:00:00,31247.09,14,0,12,335,0,0.558980547743389,0.7643584967276295
2025-12-01 15:00:00,30800.76,15,0,12,335,0,0.5385467279472189,0.7534404839512574
2025-12-01 16:00:00,30883.1,16,0,12,335,0,0.5423164067096069,0.7554546644276011
2025-12-01 17:00:00,30273.1,17,0,12,335,0,0.51438946907229,0.7405329970658131
2025-12-01 18:00:00,30473.61,18,0,12,335,0,0.5235691908192711,0.7454378225128822
2025-12-01 19:00:00,29760.25,19,0,12,335,0,0.49091023961770314,0.7279877886945131
2025-12-01 20:00:00,29216.47,20,0,12,335,0,0.46601497707930933,0.7146859784027211
2025-12-01 21:00:00,28680.5,21,0,12,335,0,0.4414772709064031,0.7015752143766596
2025-12-01 22:00:00,27870.09,22,0,12,335,0,0.40437518970860303,0.6817511677427798
2025-12-01 23:00:00,26218.41,23,0,12,335,0,0.32875819895974445,0.6413481848770124
2025-12-02 00:00:00,24899.76,0,1,12,336,0,0.26838794270491156,0.609091698538288
2025-12-02 01:00:00,24625.39,1,1,12,336,0,0.2558267724105663,0.6023801282529541
2025-12-02 02:00:00,24572.79,2,1,12,336,0,0.25341864631266,0.601093440214872
2025-12-02 03:00:00,24532.83,3,1,12,336,0,0.2515892029880909,0.600115948693926
2025-12-02 04:00:00,24745.41,4,1,12,336,0,0.26132151184537084,0.6053160274607603
2025-12-02 05:00:00,24831.8,5,1,12,336,0,0.2652766071609246,0.6074292780236863
2025-12-02 06:00:00,25181.92,6,1,12,336,0,0.28130575372744493,0.6159938258543571
2025-12-02 07:00:00,25585.74,7,1,12,336,0,0.2997933864433489,0.6258719696478608
2025-12-02 08:00:00,27789.98,8,1,12,336,0,0.4007076045051186,0.6797915369684309
2025-12-02 09:00:00,29217.23,9,1,12,336,0,0.4660497712966935,0.7147045693325489
2025-12-02 10:00:00,30043.72,10,1,12,336,0,0.5038880248833593,0.7349219609027854
2025-12-02 11:00:00,31056.84,11,1,12,336,0,0.5502705479310946,0.7597046488332356
2025-12-02 12:00:00,31239.89,12,1,12,336,0,0.5586509183155387,0.7641823721292608
2025-12-02 13:00:00,31602.75,13,1,12,336,0,0.5752633258418941,0.7730585626520451
2025-12-02 14:00:00,31419.2,14,1,12,336,0,0.5668600645249605,0.7685686084811333
2025-12-02 15:00:00,31273.34,15,1,12,336,0,0.5601823216990932,0.7650006176591817
2025-12-02 16:00:00,31196.18,16,1,12,336,0,0.5566497929972976,0.7631131490466644
2025-12-02 17:00:00,30135.38,17,1,12,336,0,0.5080843906273536,0.7371641248870173
2025-12-02 18:00:00,30296.75,18,1,12,336,0,0.5154722101790483,0.7411115174479546
2025-12-02 19:00:00,29629.23,19,1,12,336,0,0.48491189966812726,0.7247828102391992
2025-12-02 20:00:00,29183.96,20,1,12,336,0,0.4645266086488352,0.7138907269175871
2025-12-02 21:00:00,28469.62,21,1,12,336,0,0.43182279121958766,0.69641672058444
2025-12-02 22:00:00,27661.12,22,1,12,336,0,0.39480815338389785,0.6766393958926276
2025-12-02 23:00:00,25989.2,23,1,12,336,0,0.3182645376878602,0.6357413072114462
2025-12-03 00:00:00,24817.67,0,2,12,337,0,0.26462970940876834,0.6070836334993878
2025-12-03 01:00:00,24616.21,1,2,12,337,0,0.2554064948900571,0.602155569390034
2025-12-03 02:00:00,24583.47,2,2,12,337,0,0.25390759663063794,0.6013546917024521
2025-12-03 03:00:00,24641.13,3,2,12,337,0,0.2565473789653391,0.6027651561943878
2025-12-03 04:00:00,24487.53,4,2,12,337,0,0.24951528450453261,0.5990078314291899
2025-12-03 05:00:00,24546.08,5,2,12,337,0,0.2521958126990654,0.6004400668784239
2025-12-03 06:00:00,24805.23,6,2,12,337,0,0.2640601830084271,0.6067793293322065
2025-12-03 07:00:00,25426.03,7,2,12,337,0,0.29248156478751947,0.6219651835915474
2025-12-03 08:00:00,27266.21,8,2,12,337,0,0.37672843708495873,0.666979206289605
2025-12-03 09:00:00,28644.18,9,2,12,337,0,0.4398144735703583,0.7006867636248888
2025-12-03 10:00:00,29435.72,10,2,12,337,0,0.47605265097600075,0.7200492170405441
2025-12-03 11:00:00,29780.65,11,2,12,337,0,0.49184418966327903,0.728486808389891
2025-12-03 12:00:00,29973.56,12,2,12,337,0,0.5006759692364181,0.7332057245386819
2025-12-03 13:00:00,30243.33,13,2,12,337,0,0.5130265429518591,0.7398047707750584
2025-12-03 14:00:00,30481.24,14,2,12,337,0,0.5239185064490625,0.7456244656636534
2025-12-03 15:00:00,30382.76,15,2,12,337,0,0.51940990838591,0.7432154725459666
2025-12-03 16:00:00,29892.55,16,2,12,337,0,0.4969671803544523,0.7312240781895369
2025-12-03 17:00:00,29448.51,17,2,12,337,0,0.47663820102908466,0.7203620828201461
2025-12-03 18:00:00,29321.73,18,2,12,337,0,0.4708339761870207,0.7172608221838715
2025-12-03 19:00:00,28841.71,19,2,12,337,0,0.44885776535970123,0.705518693057633
2025-12-03 20:00:00,28442.58,20,2,12,337,0,0.43058484959055,0.6957552748705668
2025-12-03 21:00:00,27902.6,21,2,12,337,0,0.405863558139077,0.6825464192279137
2025-12-03 22:00:00,26988.53,22,2,12,337,0,0.3640157288175322,0.660186667612521
2025-12-03 23:00:00,25632.01,23,2,12,337,0,0.30191171333593675,0.6270038148098771
2025-12-04 00:00:00,24432.08,0,3,12,338,0,0.24697668009143564,0.5976514274042537
2025-12-04 01:00:00,24132.41,1,3,12,338,0,0.23325722861311626,0.590320974849652
2025-12-04 02:00:00,24216.17,2,3,12,338,0,0.23709191762377466,0.5923698910106738
2025-12-04 03:00:00,23896.99,3,3,12,338,0,0.22247926195971116,0.5845621897179928
2025-12-04 04:00:00,23922.32,4,3,12,338,0,0.2236389165996344,0.5851818058397535
2025-12-04 05:00:00,24197.54,5,3,12,338,0,0.23623900147921212,0.591914168612395
2025-12-04 06:00:00,24506.0,6,3,12,338,0,0.25036087555069864,0.5994596399475051
2025-12-04 07:00:00,24557.26,7,3,12,338,0,0.25270765394953276,0.6007135492408907
2025-12-04 08:00:00,26148.18,8,3,12,338,0,0.3255429385822547,0.6396302361904249
2025-12-04 09:00:00,28097.78,9,3,12,338,0,0.41479926254571886,0.6873208635486905
2025-12-04 10:00:00,29240.06,10,3,12,338,0,0.4670949712741689,0.7152630310798762
2025-12-04 11:00:00,29639.74,11,3,12,338,0,0.4853930670690588,0.7250399032293179
2025-12-04 12:00:00,29263.29,12,3,12,338,0,0.4681584839976359,0.7158312775271128
2025-12-04 13:00:00,30301.09,13,3,12,338,0,0.5156709034730581,0.7412176814419712
2025-12-04 14:00:00,30879.74,14,3,12,338,0,0.542162579643277,0.7553724729483625
2025-12-04 15:00:00,30248.12,15,3,12,338,0,0.5132458380851094,0.7399219425564729
2025-12-04 16:00:00,29885.04,16,3,12,338,0,0.4966233585484585,0.7310403704487386
2025-12-04 17:00:00,29403.97,17,3,12,338,0,0.4745990767629109,0.7192725564852379
2025-12-04 18:00:00,29518.58,18,3,12,338,0,0.47984613630817796,0.7220761176267699
2025-12-04 19:00:00,28988.03,19,3,12,338,0,0.45555656784345894,0.7090979362844803
2025-12-04 20:00:00,28621.0,20,3,12,338,0,0.4387532499401402,0.7001197402651409
2025-12-04 21:00:00,28220.37,21,3,12,338,0,0.42041166137352,0.6903196294534144
2025-12-04 22:00:00,27461.56,22,3,12,338,0,0.38567192440864717,0.6717578091078433
2025-12-04 23:00:00,26011.42,23,3,12,338,0,0.3192818107276981,0.6362848472914115
2025-12-05 00:00:00,24790.93,0,4,12,339,0,0.26340550233922444,0.6064295263104464
2025-12-05 01:00:00,24587.49,1,4,12,339,0,0.25409163972785437,0.6014530279365413
2025-12-05 02:00:00,24545.03,2,4,12,339,0,0.2521477417408371,0.6004143820411617
2025-12-05 03:00:00,24390.85,3,4,12,339,0,0.24508909379834276,0.5966428694610953
2025-12-05 04:00:00,24145.05,4,4,12,339,0,0.2338359113864534,0.590630171366788
2025-12-05 05:00:00,24019.85,5,4,12,339,0,0.22810402189105652,0.5875675602951554
2025-12-05 06:00:00,24329.3,6,4,12,339,0,0.24227122000887252,0.5951372487625411
2025-12-05 07:00:00,25004.14,7,4,12,339,0,0.27316665377144134,0.611645015979638
2025-12-05 08:00:00,26743.81,8,4,12,339,0,0.3528119908198205,0.6542003882079689
2025-12-05 09:00:00,28315.23,9,4,12,339,0,0.4247545290854477,0.6926400710369213
2025-12-05 10:00:00,29334.93,10,4,12,339,0,0.4714382968047463,0.7175837172808808
2025-12-05 11:00:00,29935.63,11,4,12,339,0,0.49893946309775666,0.7322778903697761
2025-12-05 12:00:00,29925.53,12,4,12,339,0,0.4984770662614666,0.7320308266970644
2025-12-05 13:00:00,30565.89,13,4,12,339,0,0.5277939413195524,0.7476951527819736
2025-12-05 14:00:00,30441.2,14,4,12,339,0,0.522085400575295,0.7446450172027255
2025-12-05 15:00:00,29900.11,15,4,12,339,0,0.49731329125369517,0.731409009017824
2025-12-05 16:00:00,29753.83,16,4,12,339,0,0.4906163200445367,0.7278307442609677
2025-12-05 17:00:00,29182.21,17,4,12,339,0,0.4644464903851216,0.7138479188554836
2025-12-05 18:00:00,29205.88,18,4,12,339,0,0.4655301471291795,0.7144269284726206
2025-12-05 19:00:00,28591.4,19,4,12,339,0,0.4373981067367557,0.6993956724718476
2025-12-05 20:00:00,28125.75,20,4,12,339,0,0.4160797813091874,0.6880050586898531
2025-12-05 21:00:00,27760.64,21,4,12,339,0,0.39936436458662866,0.6790738292300786
2025-12-05 22:00:00,27098.77,22,4,12,339,0,0.3690627216128402,0.6628833309075431
2025-12-05 23:00:00,25943.46,23,4,12,339,0,0.31617047518371116,0.6346224267768097
2025-12-06 00:00:00,24677.89,0,5,12,340,1,0.2582303203219747,0.6036643701160588
2025-12-06 01:00:00,24309.85,1,5,12,340,1,0.2413807627350269,0.5946614677294481
2025-12-06 02:00:00,23631.4,2,5,12,340,1,0.21032005643988325,0.5780653935956693
2025-12-06 03:00:00,23084.84,3,5,12,340,1,0.18529752031684718,0.5646955796395072
2025-12-06 04:00:00,22856.85,4,5,12,340,1,0.17485971292023744,0.5591185453086644
2025-12-06 05:00:00,22965.11,5,5,12,340,1,0.1798160576228866,0.5617667743391352
2025-12-06 06:00:00,23152.56,6,5,12,340,1,0.1883978682132392,0.5663521293341635
2025-12-06 07:00:00,23389.77,7,5,12,340,1,0.19925778440495714,0.5721547009979171
2025-12-06 08:00:00,23777.48,8,5,12,340,1,0.2170078712760459,0.5816387660025709
2025-12-06 09:00:00,25457.74,9,5,12,340,1,0.2939333077260103,0.6227408656768627
2025-12-06 10:00:00,26569.26,10,5,12,340,1,0.3448207662876996,0.6499305897850178
2025-12-06 11:00:00,27478.95,11,5,12,340,1,0.3864680710406356,0.6721831989364031
2025-12-06 12:00:00,27958.33,12,5,12,340,1,0.40841498147436844,0.6839096725427867
2025-12-06 13:00:00,27954.27,13,5,12,340,1,0.4082291071025528,0.6838103578387066
2025-12-06 14:00:00,27811.46,14,5,12,340,1,0.401690998964872,0.680316975353564
2025-12-06 15:00:00,27621.13,15,5,12,340,1,0.3929773366033794,0.6756611705191884
2025-12-06 16:00:00,26851.45,16,5,12,340,1,0.3577399507661824,0.6568334509535801
2025-12-06 17:00:00,26984.21,17,5,12,340,1,0.36381795116082205,0.6600809928534997
2025-12-06 18:00:00,27467.71,18,5,12,340,1,0.3859534828782692,0.6719082488689498
2025-12-06 19:00:00,27407.82,19,5,12,340,1,0.38321160698466444,0.6704432346750195
2025-12-06 20:00:00,27194.6,20,5,12,340,1,0.3734499977337976,0.6652275003883302
2025-12-06 21:00:00,26992.87,21,5,12,340,1,0.364214422111542,0.6602928316065376
2025-12-06 22:00:00,26706.57,22,5,12,340,1,0.35110707416799475,0.6532894326464066
2025-12-06 23:00:00,25284.33,23,5,12,340,1,0.2859942745199658,0.6184989536486535
2025-12-07 00:00:00,24350.49,0,6,12,341,1,0.24324133772778206,0.5956555932402401
2025-12-07 01:00:00,23440.4,1,6,12,341,1,0.20157572022885448,0.5733931993889455
2025-12-07 02:00:00,23014.97,2,6,12,341,1,0.18209874141074994,0.5629864371828381
2025-12-07 03:00:00,22698.23,3,6,12,341,1,0.16759779349723547,0.5552384225596041
2025-12-07 04:00:00,22306.21,4,6,12,341,1,0.1496503867880863,0.5456489274134267
2025-12-07 05:00:00,22234.39,5,6,12,341,1,0.14636233324527956,0.5438920845446995
2025-12-07 06:00:00,22530.23,6,6,12,341,1,0.1599064401807285,0.551128848597669
2025-12-07 07:00:00,22236.01,7,6,12,341,1,0.14643649986654583,0.5439317125793325
2025-12-07 08:00:00,23530.39,8,6,12,341,1,0.20569563025833335,0.5755945122510558
2025-12-07 09:00:00,24928.89,9,6,12,341,1,0.26972156843175593,0.609804269309188
2025-12-07 10:00:00,26262.63,10,6,12,341,1,0.3307826730291251,0.6424298834519933
2025-12-07 11:00:00,27222.03,11,6,12,341,1,0.3747057942901773,0.6658984861846152
2025-12-07 12:00:00,27739.65,12,6,12,341,1,0.39840340324071516,0.6785603771023345
2025-12-07 13:00:00,27364.81,13,6,12,341,1,0.3812425289719088,0.6693911348172646
2025-12-07 14:00:00,27233.18,14,6,12,341,1,0.37521626208469555,0.6661712346945889
2025-12-07 15:00:00,26856.6,15,6,12,341,1,0.3579757273708253,0.6569594289649132
2025-12-07 16:00:00,26229.97,16,6,12,341,1,0.3292874373189042,0.6416309627043932
2025-12-07 17:00:00,26175.71,17,6,12,341,1,0.32680331332513224,0.6403036681616873
2025-12-07 18:00:00,27286.69,18,6,12,341,1,0.37766604967973294,0.6674801829249648
2025-12-07 19:00:00,26929.51,19,6,12,341,1,0.36131368314645934,0.6587429351408935
2025-12-07 20:00:00,26941.29,20,6,12,341,1,0.3618529935159145,0.6590310945532245
2025-12-07 21:00:00,27189.85,21,6,12,341,1,0.3732325338751464,0.6651113070769065
2025-12-07 22:00:00,26288.3,22,6,12,341,1,0.3319578935031413,0.6430578165686769
2025-12-07 23:00:00,24878.9,23,6,12,341,1,0.26743293300144544,0.6085814264380146
2025-12-08 00:00:00,23820.07,0,0,12,342,0,0.21895772090551038,0.582680591925421
2025-12-08 01:00:00,23471.35,1,0,12,342,0,0.20299266894996085,0.5741502905444329
2025-12-08 02:00:00,23397.97,2,0,12,342,0,0.19963319569778668,0.5723552873460591
2025-12-08 03:00:00,23028.19,3,0,12,342,0,0.18270397766577495,0.5633098215148428
2025-12-08 04:00:00,22789.58,4,0,12,342,0,0.17177996686308625,0.5574730034014064
2025-12-08 05:00:00,22948.85,5,0,12,342,0,0.17907164449832458,0.5613690262878194
2025-12-08 06:00:00,23644.0,6,0,12,342,0,0.2108969079386212,0.5783736116428144
2025-12-08 07:00:00,24238.91,7,0,12,342,0,0.23813299723340192,0.5929261512005215
2025-12-08 08:00:00,26255.9,8,0,12,342,0,0.3304745610778151,0.6422652558760181
2025-12-08 09:00:00,28425.45,9,0,12,342,0,0.4298006062434561,0.695336245096948
2025-12-08 10:00:00,29105.42,10,0,12,342,0,0.46093090097336814,0.7119695010903824
2025-12-08 11:00:00,29527.93,11,0,12,342,0,0.48027419674573346,0.7223048349871515
2025-12-08 12:00:00,29737.11,12,0,12,342,0,0.4898508472620843,0.7274217438047561
2025-12-08 13:00:00,30032.97,13,0,12,342,0,0.5033958698348329,0.7346589970927211
2025-12-08 14:00:00,29861.78,14,0,12,342,0,0.49555847236904205,0.7304713901490087
2025-12-08 15:00:00,30041.92,15,0,12,342,0,0.5038056175263966,0.7348779297531931
2025-12-08 16:00:00,29936.34,16,0,12,342,0,0.4989719682218919,0.7322952582121152
2025-12-08 17:00:00,29527.9,17,0,12,342,0,0.48027282328978416,0.7223041011346583
2025-12-08 18:00:00,29556.36,18,0,12,342,0,0.4815757751670924,0.7230002825332099
2025-12-08 19:00:00,28962.5,19,0,12,342,0,0.4543877568305398,0.7084734278127649
2025-12-08 20:00:00,28580.32,20,0,12,342,0,0.436890843672786,0.6991246362843581
2025-12-08 21:00:00,27989.82,21,0,12,342,0,0.4098566524025636,0.6846799730431518
2025-12-08 22:00:00,27238.75,22,0,12,342,0,0.37547126707262973,0.6663074866408268
2025-12-08 23:00:00,25708.26,23,0,12,342,0,0.3054025805406014,0.6288690232301006
2025-12-09 00:00:00,24401.09,0,1,12,343,0,0.24555790009572992,0.5968933577787753
2025-12-09 01:00:00,24090.41,1,1,12,343,0,0.2313343902839895,0.5892935813591682
2025-12-09 02:00:00,24244.73,2,1,12,343,0,0.2383994476875809,0.5930685185842028
2025-12-09 03:00:00,24449.38,3,1,12,343,0,0.2477687063555759,0.5980746156753338
2025-12-09 04:00:00,24149.2,4,1,12,343,0,0.2340259061261172,0.5907316876283477
2025-12-09 05:00:00,24473.64,5,1,12,343,0,0.24887937439997143,0.5986680577248371
2025-12-09 06:00:00,24759.13,6,1,12,343,0,0.26194963903288565,0.6056516426676517
2025-12-09 07:00:00,25402.87,7,1,12,343,0,0.291421256794601,0.621398649466795
2025-12-09 08:00:00,27046.37,8,1,12,343,0,0.3666637518879296,0.6616015352194158
2025-12-09 09:00:00,28668.96,9,1,12,343,0,0.440948948184543,0.7012929257842743
2025-12-09 10:00:00,29346.97,10,1,12,343,0,0.47198951045909604,0.7178782367481529
2025-12-09 11:00:00,29821.28,11,1,12,343,0,0.49370430683738414,0.7294806892831851
2025-12-09 12:00:00,29676.09,12,1,12,343,0,0.487057237861053,0.7259290878335818
2025-12-09 13:00:00,30428.69,13,1,12,343,0,0.521512669444405,0.7443390007130599
2025-12-09 14:00:00,30394.81,14,1,12,343,0,0.5199615798589095,0.7435102366307365
2025-12-09 15:00:00,30362.04,15,1,12,343,0,0.5184613081435409,0.7427086250906614
2025-12-09 16:00:00,30454.84,16,1,12,343,0,0.5227098652136113,0.744978675469635
2025-12-09 17:00:00,29984.41,17,1,12,343,0,0.5011727024714424,0.7334711345237236
2025-12-09 18:00:00,30089.01,18,1,12,343,0,0.5059614855482675,0.7360298335500236
2025-12-09 19:00:00,29419.04,19,1,12,343,0,0.47528900946814756,0.7196411950543234
2025-12-09 20:00:00,29082.79,20,1,12,343,0,0.4598948573688888,0.71141593169301
2025-12-09 21:00:00,28522.14,21,1,12,343,0,0.43422725476829566,0.6977014516825403
2025-12-09 22:00:00,27515.07,22,1,12,343,0,0.3881217120036845,0.6730667573382191
2025-12-09 23:00:00,26257.51,23,1,12,343,0,0.33054826988043146,0.6423046392931532
2025-12-10 00:00:00,25171.99,0,2,12,344,0,0.28085113980820153,0.6157509206791071
2025-12-10 01:00:00,24656.9,1,2,12,344,0,0.25726935897606124,0.6031509179883147
2025-12-10 02:00:00,24603.91,2,2,12,344,0,0.2548433779508129,0.6018546898678209
2025-12-10 03:00:00,24754.9,3,2,12,344,0,0.2617559817440236,0.6055481694661101
2025-12-10 04:00:00,24800.61,4,2,12,344,0,0.2638486707922232,0.6066663160482533
2025-12-10 05:00:00,24888.67,5,2,12,344,0,0.26788022182229215,0.6088204177333009
2025-12-10 06:00:00,25283.29,6,2,12,344,0,0.2859466613803874,0.6184735134288891
2025-12-10 07:00:00,26169.43,7,2,12,344,0,0.3265158032130629,0.6401500483731102
2025-12-10 08:00:00,27036.87,8,2,12,344,0,0.36622882417062713,0.6613691485965683
2025-12-10 09:00:00,29085.05,9,2,12,344,0,0.4599983243837417,0.7114712152474978
2025-12-10 10:00:00,29569.84,10,2,12,344,0,0.4821929147070121,0.7233300269201556
2025-12-10 11:00:00,30468.16,11,2,12,344,0,0.5233196796551344,0.745304505976617
2025-12-10 12:00:00,30265.88,12,2,12,344,0,0.5140589240071402,0.740356383232449
2025-12-10 13:00:00,30648.03,13,2,12,344,0,0.5315544637089444,0.7497044409083625
2025-12-10 14:00:00,31014.69,14,2,12,344,0,0.5483408423222209,0.7586735860802859
2025-12-10 15:00:00,30952.18,15,2,12,344,0,0.5454790179423707,0.7571444821019492
2025-12-10 16:00:00,30881.77,16,2,12,344,0,0.5422555168291847,0.7554221303004025
2025-12-10 17:00:00,30079.81,17,2,12,344,0,0.505540292390459,0.7358047854521081
2025-12-10 18:00:00,30112.75,18,2,12,344,0,0.5070483470228739,0.7366105554896447
2025-12-10 19:00:00,29275.27,19,2,12,344,0,0.4687069507400868,0.7161243292893984
2025-12-10 20:00:00,29147.93,20,2,12,344,0,0.46287708805363437,0.7130093700732507
2025-12-10 21:00:00,28654.66,21,2,12,344,0,0.44029426751534034,0.7009431227625142
2025-12-10 22:00:00,27746.49,22,2,12,344,0,0.398716551197173,0.6787276954707847
2025-12-10 23:00:00,26386.11,23,2,12,344,0,0.33643581771675773,0.6454504203140154
2025-12-11 00:00:00,25780.26,0,3,12,345,0,0.30869887481910435,0.6306302692137871
2025-12-11 01:00:00,25421.89,1,3,12,345,0,0.2922920278665056,0.6218639119474855
2025-12-11 02:00:00,24918.38,2,3,12,345,0,0.2692404010308245,0.6095471763190693
2025-12-11 03:00:00,24450.38,3,3,12,345,0,0.24781448822055513,0.5980990774251073
2025-12-11 04:00:00,24450.68,4,3,12,345,0,0.24782822278004885,0.5981064159500393
2025-12-11 05:00:00,24672.13,5,3,12,345,0,0.2579666167796945,0.6035234704373639
2025-12-11 06:00:00,24745.51,6,3,12,345,0,0.2613260900318687,0.6053184736357375
2025-12-11 07:00:00,25553.21,7,3,12,345,0,0.2983041023755752,0.6250762289277314
2025-12-11 08:00:00,27181.62,8,3,12,345,0,0.37285574912636754,0.6649099868762712
2025-12-11 09:00:00,28650.15,9,3,12,345,0,0.4400877913042842,0.7008328002710362
2025-12-11 10:00:00,29399.11,10,3,12,345,0,0.4743765768991119,0.7191536723813391
2025-12-11 11:00:00,30761.27,11,3,12,345,0,0.5367388020991901,0.752474489452705
2025-12-11 12:00:00,30906.89,12,3,12,345,0,0.5434055572774623,0.7560366094547109
2025-12-11 13:00:00,31123.92,13,3,12,345,0,0.5533415954338998,0.7613455430080368
2025-12-11 14:00:00,31153.97,14,3,12,345,0,0.5547173404765252,0.7620806185887282
2025-12-11 15:00:00,30448.69,15,3,12,345,0,0.5224283067439891,0.7448282357085284
2025-12-11 16:00:00,30433.07,16,3,12,345,0,0.521713194013014,0.7444461431770676
2025-12-11 17:00:00,29723.16,17,3,12,345,0,0.4892121902456243,0.7270805023954168
2025-12-11 18:00:00,29786.76,18,3,12,345,0,0.49212391685830187,0.7286362696810065
2025-12-11 19:00:00,29195.94,19,3,12,345,0,0.4650750753912861,0.7141837786798727
2025-12-11 20:00:00,28721.97,20,3,12,345,0,0.4433758448470909,0.7025896431397635
2025-12-11 21:00:00,28384.31,21,3,12,345,0,0.4279171403182115,0.6943298887112694
2025-12-11 22:00:00,27496.56,22,3,12,345,0,0.38727428968291944,0.6726139703499131
2025-12-11 23:00:00,25947.98,23,3,12,345,0,0.3163774092134172,0.6347329938857856
2025-12-12 00:00:00,25026.07,0,4,12,346,0,0.2741706500704354,0.6121814621521692
2025-12-12 01:00:00,24325.47,1,4,12,346,0,0.24209587546600225,0.595043560260909
2025-12-12 02:00:00,24449.48,2,4,12,346,0,0.24777328454207379,0.5980770618503112
2025-12-12 03:00:00,24412.98,3,4,12,346,0,0.2461022464703327,0.5971842079835813
2025-12-12 04:00:00,24162.35,4,4,12,346,0,0.2346279376505937,0.5910533596378682
2025-12-12 05:00:00,24221.83,5,4,12,346,0,0.23735104297955714,0.5925083445143915
2025-12-12 06:00:00,24448.04,6,4,12,346,0,0.24770735865650378,0.5980418369306375
2025-12-12 07:00:00,24860.67,7,4,12,346,0,0.26659832960287433,0.608135488739645
2025-12-12 08:00:00,26752.22,8,4,12,346,0,0.3531970163042956,0.6544061115235634
2025-12-12 09:00:00,28407.88,9,4,12,346,0,0.42899621887577144,0.6949064521534289
2025-12-12 10:00:00,29556.14,10,4,12,346,0,0.4815657031567969,0.7229949009482597
2025-12-12 11:00:00,30172.42,11,4,12,346,0,0.5097801509061832,0.7380701880986248
2025-12-12 12:00:00,30056.65,12,4,12,346,0,0.5044799843975405,0.7352382513273557
2025-12-12 13:00:00,30543.37,13,4,12,346,0,0.5267629337202205,0.7471442741770761
2025-12-12 14:00:00,30362.38,14,4,12,346,0,0.5184768739776338,0.7427169420855844
2025-12-12 15:00:00,30075.17,15,4,12,346,0,0.5053278645369552,0.7356912829331594
2025-12-12 16:00:00,30044.46,16,4,12,346,0,0.5039219034634438,0.7349400625976176
2025-12-12 17:00:00,29491.56,17,4,12,346,0,0.4786091103164397,0.7214151611478921
2025-12-12 18:00:00,29455.12,18,4,12,346,0,0.4769408191565973,0.7205237749861485
2025-12-12 19:00:00,28851.75,19,4,12,346,0,0.4493174152840925,0.7057642890253583
2025-12-12 20:00:00,28358.51,20,4,12,346,0,0.4267359682017478,0.693698775567115
2025-12-12 21:00:00,27906.13,21,4,12,346,0,0.4060251681224537,0.682632769204614
2025-12-12 22:00:00,27307.71,22,4,12,346,0,0.3786283844815959,0.6679943689052021
2025-12-12 23:00:00,26127.89,23,4,12,346,0,0.32461402454182653,0.6391339072875222
2025-12-13 00:00:00,24858.81,0,5,12,347,1,0.26651317533401314,0.6080899898850665
2025-12-13 01:00:00,24348.26,1,5,12,347,1,0.24313924416887828,0.5956010435382453
2025-12-13 02:00:00,23845.34,2,5,12,347,1,0.22011462863353498,0.5832987403421954
2025-12-13 03:00:00,23396.56,3,5,12,347,1,0.199568643268166,0.5723207962788787
2025-12-13 04:00:00,23006.74,4,5,12,347,1,0.18172195666197108,0.5627851169822029
2025-12-13 05:00:00,23108.51,5,5,12,347,1,0.18638117706090496,0.5652745892566441
2025-12-13 06:00:00,23368.29,6,5,12,347,1,0.19827438994520377,0.5716292626127839
2025-12-13 07:00:00,23136.01,7,5,12,347,1,0.18764017834783317,0.5659472873754132
2025-12-13 08:00:00,24520.42,8,5,12,347,1,0.25102105004369873,0.5998123783792377
2025-12-13 09:00:00,26153.14,9,5,12,347,1,0.32577001663255156,0.6397515664693011
2025-12-13 10:00:00,27095.81,10,5,12,347,1,0.3689272072925018,0.6628109241282139
2025-12-13 11:00:00,28098.67,11,5,12,347,1,0.41484000840555035,0.6873426345059888
2025-12-13 12:00:00,28332.47,12,5,12,347,1,0.42554380843768935,0.6930617916030152
2025-12-13 13:00:00,28484.83,13,5,12,347,1,0.4325191333859215,0.696788783798494
2025-12-13 14:00:00,28422.21,14,5,12,347,1,0.4296522730009234,0.6952569890276821
2025-12-13 15:00:00,27858.33,15,5,12,347,1,0.4038367949764476,0.6814634975654443
2025-12-13 16:00:00,27215.3,16,5,12,347,1,0.3743976823388673,0.6657338586086401
2025-12-13 17:00:00,27561.78,17,5,12,347,1,0.3902601829168633,0.6742093656701357
2025-12-13 18:00:00,27798.84,18,5,12,347,1,0.40111323182883446,0.6800082680714234
2025-12-13 19:00:00,27403.12,19,5,12,347,1,0.38299643221926216,0.6703282644510844
2025-12-13 20:00:00,27148.71,20,5,12,347,1,0.3713490679499018,0.6641049506912279
2025-12-13 21:00:00,26764.3,21,5,12,347,1,0.3537500612332444,0.6547016094608263
2025-12-13 22:00:00,26278.88,22,5,12,347,1,0.33152662833503727,0.6428273868858113
2025-12-13 23:00:00,25246.48,23,5,12,347,1,0.28426143093050266,0.6175730764197294
2025-12-14 00:00:00,23950.55,0,6,12,348,1,0.22493133864799744,0.5858723610358573
2025-12-14 01:00:00,23144.23,1,6,12,348,1,0.18801650527796232,0.5661483629585508
2025-12-14 02:00:00,22478.79,2,6,12,348,1,0.1575514210461981,0.5498705361893241
2025-12-14 03:00:00,21759.9,3,6,12,348,1,0.12463929613129518,0.5322852288947081
2025-12-14 04:00:00,21703.8,4,6,12,348,1,0.1220709335059615,0.530912924732419
2025-12-14 05:00:00,21756.92,5,6,12,348,1,0.12450286617365698,0.5322123328803832
2025-12-14 06:00:00,22006.72,6,6,12,348,1,0.13593917604546332,0.5383228779737843
2025-12-14 07:00:00,22184.44,7,6,12,348,1,0.14407552908956808,0.5426702201435171
2025-12-14 08:00:00,22578.88,8,6,12,348,1,0.16213372791196706,0.5523189127241461
2025-12-14 09:00:00,23922.1,9,6,12,348,1,0.22362884458933893,0.5851764242548033
2025-12-14 10:00:00,25587.54,10,6,12,348,1,0.2998757938003115,0.625916000797453
2025-12-14 11:00:00,26354.76,11,6,12,348,1,0.33500055624965946,0.6446835444586186
2025-12-14 12:00:00,26113.77,12,6,12,348,1,0.32396758460832015,0.6387885073807215
2025-12-14 13:00:00,26248.76,13,6,12,348,1,0.3301476785618634,0.6420905989826358
2025-12-14 14:00:00,25841.43,14,6,12,348,1,0.3114993514998826,0.6321265944474274
2025-12-14 15:00:00,25504.63,15,6,12,348,1,0.2960800193748853,0.6238878771237385
2025-12-14 16:00:00,25581.55,16,6,12,348,1,0.2996015604290859,0.6257694749163102
2025-12-14 17:00:00,25610.73,17,6,12,348,1,0.30093747524917924,0.6264832687746987
2025-12-14 18:00:00,26706.83,18,6,12,348,1,0.3511189774528894,0.6532957927013477
2025-12-14 19:00:00,26364.82,19,6,12,348,1,0.33546112181135035,0.6449296296613393
2025-12-14 20:00:00,26652.88,20,6,12,348,1,0.3486490458372611,0.6519760813010715
2025-12-14 21:00:00,26451.43,21,6,12,348,1,0.3394262891371996,0.6470482618092155
2025-12-14 22:00:00,25931.06,22,6,12,348,1,0.3156027800579691,0.6343191010796193
2025-12-14 23:00:00,24669.75,23,6,12,348,1,0.257857655941044,0.6034652514729031
2025-12-15 00:00:00,23537.84,0,0,12,349,0,0.20603670515242847,0.5757767522868679
2025-12-15 01:00:00,22964.4,1,0,12,349,0,0.17978355249875141,0.5617494064967962
2025-12-15 02:00:00,22787.43,2,0,12,349,0,0.1716815358533809,0.5574204106393934
2025-12-15 03:00:00,22603.41,3,0,12,349,0,0.16325675705990697,0.5529189594460882
2025-12-15 04:00:00,22258.93,4,0,12,349,0,0.14748582021186937,0.5444923758841393
2025-12-15 05:00:00,22584.5,5,0,12,349,0,0.16239102199315017,0.5524563877578726
2025-12-15 06:00:00,22873.8,6,0,12,349,0,0.17563571553163504,0.559533171967324
2025-12-15 07:00:00,23545.57,7,0,12,349,0,0.20639059896871773,0.5759658416126163
2025-12-15 08:00:00,25320.71,8,0,12,349,0,0.2876598187679093,0.6193888721054105
2025-12-15 09:00:00,27525.83,9,0,12,349,0,0.3886143248708609,0.6733299657657812
2025-12-15 10:00:00,28103.96,10,0,12,349,0,0.4150821944712904,0.6874720371622902
2025-12-15 11:00:00,29457.0,11,0,12,349,0,0.47702688906275825,0.7205697630757225
2025-12-15 12:00:00,29103.39,12,0,12,349,0,0.4608379637874604,0.7119198437383424
2025-12-15 13:00:00,29575.29,13,0,12,349,0,0.48244242587114883,0.7234633434564208
2025-12-15 14:00:00,29672.66,14,0,12,349,0,0.4869002060641743,0.7258451840318589
2025-12-15 15:00:00,29510.66,15,0,12,349,0,0.47948354393754256,0.7218823805685645
2025-12-15 16:00:00,29595.7,16,0,12,349,0,0.48337683373537443,0.7239626077692963
2025-12-15 17:00:00,29262.99,17,0,12,349,0,0.46814474943814216,0.7158239390021808
2025-12-15 18:00:00,29529.2,18,0,12,349,0,0.4803323397142571,0.7223359014093637
2025-12-15 19:00:00,28984.23,19,0,12,349,0,0.45538259675653797,0.7090049816353413
2025-12-15 20:00:00,28744.23,20,0,12,349,0,0.444394949161528,0.7031341616897198
2025-12-15 21:00:00,28111.98,21,0,12,349,0,0.41544936502842367,0.687668220395473
2025-12-15 22:00:00,27405.88,22,0,12,349,0,0.38312279016660483,0.6703957788804591
2025-12-15 23:00:00,26026.14,23,0,12,349,0,0.3199557197801921,0.6366449242480764
2025-12-16 00:00:00,24771.57,0,1,12,350,0,0.26251916543322695,0.605955946834833
2025-12-16 01:00:00,24660.1,1,1,12,350,0,0.25741586094399455,0.6032291955875895
2025-12-16 02:00:00,24813.73,2,1,12,350,0,0.26444932886075034,0.6069872542052805
2025-12-16 03:00:00,24335.96,3,1,12,350,0,0.24257612722963404,0.5953001640160321
2025-12-16 04:00:00,24901.82,4,1,12,350,0,0.2684822533467688,0.6091420897428214
2025-12-16 05:00:00,24886.32,5,1,12,350,0,0.2677726344395911,0.6087629326213333
2025-12-16 06:00:00,25162.75,6,1,12,350,0,0.2804281153757936,0.6155248941112006
2025-12-16 07:00:00,25095.02,7,1,12,350,0,0.27732730966075186,0.6138680997990467
2025-12-16 08:00:00,26205.31,8,1,12,350,0,0.32815845652851694,0.6410277359549806
2025-12-16 09:00:00,28305.85,9,1,12,350,0,0.4243250951919427,0.6924106198240466
2025-12-16 10:00:00,28928.08,10,1,12,350,0,0.4528119450379555,0.7076314543855636
2025-12-16 11:00:00,29688.97,11,1,12,350,0,0.4876469082819852,0.7262441551706635
2025-12-16 12:00:00,29567.34,12,1,12,350,0,0.48207846004456406,0.723268872545722
2025-12-16 13:00:00,30367.84,13,1,12,350,0,0.5187268429604202,0.7428505032393472
2025-12-16 14:00:00,30407.9,14,1,12,350,0,0.5205608644714873,0.7438304409352705
2025-12-16 15:00:00,29982.72,15,1,12,350,0,0.5010953311196276,0.7334297941666066
2025-12-16 16:00:00,29979.07,16,1,12,350,0,0.5009282273124535,0.7333405087799335
2025-12-16 17:00:00,29782.27,17,1,12,350,0,0.4919183562845453,0.7285264364245239
2025-12-16 18:00:00,29884.5,18,1,12,350,0,0.49659863634136975,0.7310271611038609
2025-12-16 19:00:00,29345.43,19,1,12,350,0,0.471919006387028,0.7178405656535017
2025-12-16 20:00:00,28947.3,20,1,12,350,0,0.4536918724828558,0.7081016092162088
2025-12-16 21:00:00,28393.26,21,1,12,350,0,0.42832688800977525,0.6945488213717415
2025-12-16 22:00:00,27785.15,22,1,12,350,0,0.4004864780972691,0.6796733867170253
2025-12-16 23:00:00,26266.54,23,1,12,350,0,0.3309616801211938,0.6425255288936073
2025-12-17 00:00:00,25172.93,0,2,12,351,0,0.2808941747612819,0.6157739147238941
2025-12-17 01:00:00,24722.54,1,2,12,351,0,0.2602744805932964,0.6047565872434421
2025-12-17 02:00:00,24578.04,2,2,12,351,0,0.25365900110380085,0.6012218644011825
2025-12-17 03:00:00,24522.71,3,2,12,351,0,0.2511258905145012,0.599868395786219
2025-12-17 04:00:00,24280.42,4,2,12,351,0,0.2400334024486888,0.5939415584336163
2025-12-17 05:00:00,24288.7,5,2,12,351,0,0.24041247629071674,0.5941441017217403
2025-12-17 06:00:00,24492.79,6,2,12,351,0,0.24975609711432334,0.5991365002329981
2025-12-17 07:00:00,24992.11,7,2,12,351,0,0.27261589793574154,0.6113507411298638
2025-12-17 08:00:00,26796.63,8,2,12,351,0,0.3552301889280223,0.6554924578310011
2025-12-17 09:00:00,28502.94,9,2,12,351,0,0.43334824296069485,0.6972317860868905
2025-12-17 10:00:00,29162.34,10,2,12,351,0,0.46353680472798475,0.7133618638874857
2025-12-17 11:00:00,30271.68,11,2,12,351,0,0.5143244588240196,0.7404982613811348
2025-12-17 12:00:00,30875.37,12,2,12,351,0,0.5419625128933176,0.7552655751018525
2025-12-17 13:00:00,31112.96,13,2,12,351,0,0.5528398261937277,0.7610774422305201
2025-12-17 14:00:00,31035.54,14,2,12,351,0,0.5492953942070375,0.7591836135630617
2025-12-17 15:00:00,30525.86,15,2,12,351,0,0.5259612932644347,0.7467159489385435
2025-12-17 16:00:00,30444.62,16,2,12,351,0,0.5222419745535237,0.7447286763869506
2025-12-17 17:00:00,29669.33,17,2,12,351,0,0.4867477524537936,0.7257637264051136
2025-12-17 18:00:00,29988.25,18,2,12,351,0,0.5013485048329626,0.7335650676428536
2025-12-17 19:00:00,29360.66,19,2,12,351,0,0.47261626419066133,0.718213118102551
2025-12-17 20:00:00,28839.82,20,2,12,351,0,0.4487712376348905,0.7054724603505613
2025-12-17 21:00:00,28319.37,21,2,12,351,0,0.4249440660064616,0.6927413426809833
2025-12-17 22:00:00,27475.68,22,2,12,351,0,0.38631836434215355,0.672103209014644
2025-12-17 23:00:00,26149.09,23,2,12,351,0,0.3255846000793858,0.6396524963827187
2025-12-18 00:00:00,24791.76,0,3,12,352,0,0.2634435012871571,0.6064498295627584
2025-12-18 01:00:00,24371.82,1,3,12,352,0,0.24421786490778846,0.5961773623629072
2025-12-18 02:00:00,24460.56,2,3,12,352,0,0.24828054760604348,0.5983480980378008
2025-12-18 03:00:00,24197.84,3,3,12,352,0,0.23625273603870586,0.591921507137327
2025-12-18 04:00:00,24375.74,4,3,12,352,0,0.24439732981850706,0.596273252422019
2025-12-18 05:00:00,24435.48,5,3,12,352,0,0.24713233843236485,0.5977345973534832
2025-12-18 06:00:00,24687.19,6,3,12,352,0,0.2586560916662813,0.6038918643889516
2025-12-18 07:00:00,25301.69,7,3,12,352,0,0.2867890476960047,0.61892360962472
2025-12-18 08:00:00,26714.87,8,3,12,352,0,0.35148706364732213,0.653492465169526
2025-12-18 09:00:00,28526.95,9,3,12,352,0,0.4344474655388457,0.6978191126989505
2025-12-18 10:00:00,29350.77,10,3,12,352,0,0.47216348154601695,0.7179711913972918
2025-12-18 11:00:00,29438.25,11,3,12,352,0,0.4761684790943981,0.7201111052674709
2025-12-18 12:00:00,30715.6,12,3,12,352,0,0.5346479443255896,0.7513573213405528
2025-12-18 13:00:00,30835.77,13,3,12,352,0,0.5401495510401411,0.754296889810825
2025-12-18 14:00:00,30664.92,14,3,12,352,0,0.5323277194084433,0.7501175998620356
2025-12-18 15:00:00,30040.37,15,3,12,352,0,0.5037346556356789,0.7348400140410443
2025-12-18 16:00:00,29986.43,16,3,12,352,0,0.5012651818387004,0.7335205472582659
2025-12-18 17:00:00,29766.92,17,3,12,352,0,0.49121560465711434,0.7281509485655018
2025-12-18 18:00:00,29940.99,18,3,12,352,0,0.49918485389404527,0.7324090053485616
2025-12-18 19:00:00,29493.07,19,3,12,352,0,0.4786782409325583,0.7214520983900499
2025-12-18 20:00:00,28986.95,20,3,12,352,0,0.45550712342928146,0.7090715175947251
2025-12-18 21:00:00,28406.7,21,3,12,352,0,0.42894219627509594,0.6948775872886963
2025-12-18 22:00:00,27635.82,22,3,12,352,0,0.3936498721999239,0.6760205136233599
2025-12-18 23:00:00,26274.34,23,3,12,352,0,0.3313187786680316,0.64271633054184
2025-12-19 00:00:00,25193.96,0,4,12,353,0,0.28185696738179467,0.6162883453216291
2025-12-19 01:00:00,25214.01,1,4,12,353,0,0.2827748937746277,0.6167788034045862
2025-12-19 02:00:00,25148.31,2,4,12,353,0,0.2797670252454939,0.6151716664444724
2025-12-19 03:00:00,24916.04,3,4,12,353,0,0.2691332714667732,0.6094899358245994
2025-12-19 04:00:00,24661.0,4,4,12,353,0,0.2574570646224759,0.6032512111623857
2025-12-19 05:00:00,24568.16,5,4,12,353,0,0.2532066762778062,0.600980182313421
2025-12-19 06:00:00,25083.56,6,4,12,353,0,0.27680264948809014,0.6135877681466433
2025-12-19 07:00:00,25623.47,7,4,12,353,0,0.30152073620901443,0.6267949114668121
2025-12-19 08:00:00,27186.54,8,4,12,353,0,0.37308099590206534,0.6650303386851565
2025-12-19 09:00:00,29046.57,9,4,12,353,0,0.4582366382193418,0.7105299271162165
2025-12-19 10:00:00,29784.08,10,4,12,353,0,0.49200122146015773,0.7285707121916138
2025-12-19 11:00:00,30279.11,11,4,12,353,0,0.5146646180808151,0.7406800121819513
2025-12-19 12:00:00,30711.79,12,4,12,353,0,0.5344735154200189,0.751264122073916
2025-12-19 13:00:00,30175.33,13,4,12,353,0,0.5099133761332729,0.7381413717904656
2025-12-19 14:00:00,30559.79,14,4,12,353,0,0.5275146719431792,0.7475459361083557
2025-12-19 15:00:00,30222.96,15,4,12,353,0,0.5120939663622325,0.7393064849321737
2025-12-19 16:00:00,30153.85,16,4,12,353,0,0.5089299816735193,0.7376159334053324
2025-12-19 17:00:00,29977.14,17,4,12,353,0,0.5008398683130435,0.7332932976028708
2025-12-19 18:00:00,29889.66,18,4,12,353,0,0.49683487076466243,0.7311533837326918
2025-12-19 19:00:00,29373.05,19,4,12,353,0,0.4731835014977537,0.7185161991822436
2025-12-19 20:00:00,28820.22,20,4,12,353,0,0.4478739130812981,0.7049930100550023
2025-12-19 21:00:00,28308.41,21,4,12,353,0,0.42444229676628953,0.6924732419034666
2025-12-19 22:00:00,27613.4,22,4,12,353,0,0.39262344278709016,0.6754720811934398
2025-12-19 23:00:00,26798.52,23,4,12,353,0,0.35531671665283293,0.6555386905380729
2025-12-20 00:00:00,26301.11,0,5,12,354,1,0.33254435919352504,0.6433711715832745
2025-12-20 01:00:00,25977.14,1,5,12,354,1,0.3177124083962109,0.6354462985091787
2025-12-20 02:00:00,25293.82,2,5,12,354,1,0.2864287444186184,0.6187310956540032
2025-12-20 03:00:00,24857.06,3,5,12,354,1,0.2664330570702995,0.608047181822963
2025-12-20 04:00:00,24876.87,4,5,12,354,1,0.2673399958155375,0.6085317690859744
2025-12-20 05:00:00,24846.28,5,5,12,354,1,0.26593952856582354,0.6077834841604054
2025-12-20 06:00:00,24902.66,6,5,12,354,1,0.2685207101133513,0.609162637612631
2025-12-20 07:00:00,24509.2,7,5,12,354,1,0.2505073775186321,0.59953791754678
2025-12-20 08:00:00,25089.42,8,5,12,354,1,0.27707093121686815,0.6137311140003155
2025-12-20 09:00:00,26144.34,9,5,12,354,1,0.32536713622073454,0.6395363030712949
2025-12-20 10:00:00,26499.36,10,5,12,354,1,0.341620613925653,0.6482207134758556
2025-12-20 11:00:00,27230.66,11,5,12,354,1,0.37510089178494793,0.6661095910851599
2025-12-20 12:00:00,27010.37,12,5,12,354,1,0.3650156047486781,0.6607209122275725
2025-12-20 13:00:00,28018.76,13,5,12,354,1,0.4111815795750618,0.6853878960815946
2025-12-20 14:00:00,27074.76,14,5,12,354,1,0.36796349903468933,0.6622960042954832
2025-12-20 15:00:00,27272.03,15,5,12,354,1,0.37699488753913774,0.6671215736732864
2025-12-20 16:00:00,27760.97,16,5,12,354,1,0.39937947260207185,0.6790819016075039
2025-12-20 17:00:00,27732.98,17,5,12,354,1,0.39809803820130374,0.6783972172313457
2025-12-20 18:00:00,28283.46,18,5,12,354,1,0.42330003923505827,0.6918629212466196
2025-12-20 19:00:00,28036.14,19,5,12,354,1,0.4119772683884005,0.6858130412926566
2025-12-20 20:00:00,27791.93,20,5,12,354,1,0.4007968791418281,0.679839237380489
2025-12-20 21:00:00,27676.33,21,5,12,354,1,0.3955044955502317,0.6770114591066814
2025-12-20 22:00:00,26964.26,22,5,12,354,1,0.3629046029544868,0.65959298094552
2025-12-20 23:00:00,25701.07,23,5,12,354,1,0.30507340893140095,0.6286931432492298
2025-12-21 00:00:00,24242.01,0,6,12,355,1,0.2382749210148374,0.5930019826248191
2025-12-21 01:00:00,23770.28,1,6,12,355,1,0.21667824184819556,0.5814626414042022
2025-12-21 02:00:00,22738.87,2,6,12,355,1,0.16945836848999046,0.556232548070396
2025-12-21 03:00:00,22342.94,3,6,12,355,1,0.15133195468877259,0.5465474074826046
2025-12-21 04:00:00,22128.43,4,6,12,355,1,0.1415112868320827,0.5413001175387077
2025-12-21 05:00:00,22005.14,5,6,12,355,1,0.1358668406987961,0.5382842284091423
2025-12-21 06:00:00,22331.87,6,6,12,355,1,0.15082514944345277,0.5462766159126128
2025-12-21 07:00:00,22303.02,7,6,12,355,1,0.14950434263880266,0.5455708944316496
2025-12-21 08:00:00,23432.65,8,6,12,355,1,0.20122091077526563,0.5732036208282015
2025-12-21 09:00:00,24624.69,9,6,12,355,1,0.2557947251050808,0.6023630050281126
2025-12-21 10:00:00,25952.03,10,6,12,355,1,0.31656282576658296,0.6348320639723679
2025-12-21 11:00:00,26679.71,11,6,12,355,1,0.3498773732746532,0.6526323900474924
2025-12-21 12:00:00,26987.29,12,6,12,355,1,0.3639589593049581,0.6601563350428019
2025-12-21 13:00:00,26876.93,13,6,12,355,1,0.35890647268585263,0.657456736337807
2025-12-21 14:00:00,26686.48,14,6,12,355,1,0.35018731650056245,0.6527979960934586
2025-12-21 15:00:00,26279.41,15,6,12,355,1,0.33155089272347615,0.6428403516131912
2025-12-21 16:00:00,26139.64,16,6,12,355,1,0.3251519614553322,0.6394213328473599
2025-12-21 17:00:00,25999.16,17,6,12,355,1,0.3187205250630531,0.6359849462391894
2025-12-21 18:00:00,26766.45,18,6,12,355,1,0.35384849224294973,0.6547542022228392
2025-12-21 19:00:00,26527.84,19,6,12,355,1,0.3429244814402609,0.6489173841094027
2025-12-21 20:00:00,26663.3,20,6,12,355,1,0.34912609287034435,0.6522309727337106
2025-12-21 21:00:00,26527.38,21,6,12,355,1,0.3429034217823705,0.648906131704507
2025-12-21 22:00:00,25866.91,22,6,12,355,1,0.3126658734195528,0.6327498798316542
2025-12-21 23:00:00,24303.09,23,6,12,355,1,0.2410712773277675,0.5944961063009798
2025-12-22 00:00:00,23363.82,0,0,12,356,0,0.19806974500874663,0.5715199185912967
2025-12-22 01:00:00,22786.27,1,0,12,356,0,0.171628428890005,0.5573920350096563
2025-12-22 02:00:00,22531.94,2,0,12,356,0,0.1599847271698429,0.5511706781897815
2025-12-22 03:00:00,22949.35,3,0,12,356,0,0.1790945354308142,0.561381257162706
2025-12-22 04:00:00,22810.51,4,0,12,356,0,0.17273818129710092,0.557984987824164
2025-12-22 05:00:00,23002.99,5,0,12,356,0,0.18155027466829907,0.5626933854205526
2025-12-22 06:00:00,22835.5,6,0,12,356,0,0.17388227010293142,0.5585962869510018
2025-12-22 07:00:00,23715.28,7,0,12,356,0,0.2141602392743391,0.580117245166664
2025-12-22 08:00:00,25762.91,8,0,12,356,0,0.30790455946171513,0.6302058578552182
2025-12-22 09:00:00,27302.23,9,0,12,356,0,0.37837749986150987,0.6678603185164438
2025-12-22 10:00:00,28264.83,10,0,12,356,0,0.4224471230904957,0.6914071988483408
2025-12-22 11:00:00,29573.08,11,0,12,356,0,0.4823412479495448,0.7234092829894215
2025-12-22 12:00:00,29627.94,12,0,12,356,0,0.48485284106230403,0.7247512545819914
2025-12-22 13:00:00,30019.98,13,0,12,356,0,0.5028011634087528,0.7343412389631643
2025-12-22 14:00:00,29627.4,14,0,12,356,0,0.4848281188552154,0.7247380452371138
2025-12-22 15:00:00,29490.77,15,0,12,356,0,0.4785729426431061,0.721395836365571
2025-12-22 16:00:00,29664.41,16,0,12,356,0,0.4865225056780958,0.7256433745962282
2025-12-22 17:00:00,29256.66,17,0,12,356,0,0.46785495023282364,0.715669096126115
2025-12-22 18:00:00,29406.58,18,0,12,356,0,0.47471856743050667,0.7193364016521466
2025-12-22 19:00:00,28896.46,19,0,12,356,0,0.45136432246731284,0.706857973857728
2025-12-22 20:00:00,28433.46,20,0,12,356,0,0.4301673189819395,0.6955321837126331
2025-12-22 21:00:00,28018.76,21,0,12,356,0,0.4111815795750618,0.6853878960815946
2025-12-22 22:00:00,27082.28,22,0,12,356,0,0.368307778659333,0.6624799566537793
2025-12-22 23:00:00,25741.82,23,0,12,356,0,0.30693901992930367,0.6296899595524967
2025-12-23 00:00:00,24597.96,0,1,12,357,0,0.2545709758541866,0.6017091424566691
2025-12-23 01:00:00,24344.73,1,1,12,357,0,0.24297763418550172,0.5955146935615451
2025-12-23 02:00:00,24517.4,2,1,12,357,0,0.2508827888114617,0.5997385038949221
2025-12-23 03:00:00,23975.8,3,1,12,357,0,0.22608733073872245,0.5864900202176362
2025-12-23 04:00:00,24102.99,4,1,12,357,0,0.23191032614542803,0.5896013101713179
2025-12-23 05:00:00,24080.73,5,1,12,357,0,0.23089122183099076,0.5890567916213615
2025-12-23 06:00:00,23945.03,6,1,12,357,0,0.22467862275331218,0.5857373321771079
2025-12-23 07:00:00,24485.18,7,1,12,357,0,0.24940769712183153,0.5989503463172224
2025-12-23 08:00:00,26309.15,8,1,12,357,0,0.3329124453879579,0.6435678440514528
2025-12-23 09:00:00,28324.98,9,1,12,357,0,0.425200902268995,0.6928785730972122
2025-12-23 10:00:00,29173.92,10,1,12,357,0,0.4640669587244439,0.7136451309498619
2025-12-23 11:00:00,30073.54,11,1,12,357,0,0.5052532400970393,0.7356514102810288
2025-12-23 12:00:00,30343.91,12,1,12,357,0,0.5176312829314678,0.7422651335672692
2025-12-23 13:00:00,30970.43,13,1,12,357,0,0.5463145369782413,0.7575909090353142
2025-12-23 14:00:00,30823.29,14,1,12,357,0,0.5395781933652006,0.7539916071736528
2025-12-23 15:00:00,30337.99,15,1,12,357,0,0.5173602542907909,0.7421203200086105
2025-12-23 16:00:00,30391.59,16,1,12,357,0,0.5198141622536764,0.743431469796466
2025-12-23 17:00:00,29958.12,17,1,12,357,0,0.49996909724113897,0.7328280351221803
2025-12-23 18:00:00,30157.85,18,1,12,357,0,0.5091131091334362,0.737713780404426
2025-12-23 19:00:00,29118.41,19,1,12,357,0,0.46152560739944815,0.7122872592199392
2025-12-23 20:00:00,29089.95,20,1,12,357,0,0.4602226555221399,0.7115910778213876
2025-12-23 21:00:00,28675.71,21,1,12,357,0,0.4412579757731527,0.7014580425952448
2025-12-23 22:00:00,27718.1,22,1,12,357,0,0.3974168040504131,0.6780332263947172
2025-12-23 23:00:00,26392.87,23,1,12,357,0,0.33674530312401707,0.6456157817424838
2025-12-24 00:00:00,25277.55,0,2,12,358,0,0.28568387347540664,0.6183331029851896
2025-12-24 01:00:00,24854.22,1,2,12,358,0,0.26630303657375853,0.6079777104536065
2025-12-24 02:00:00,24855.67,2,2,12,358,0,0.2663694202779783,0.6080131799907779
2025-12-24 03:00:00,24398.92,3,2,12,358,0,0.24545855344872494,0.5968402757817669
2025-12-24 04:00:00,24213.72,4,2,12,358,0,0.23697975205457572,0.592309959723729
2025-12-24 05:00:00,24419.39,5,2,12,358,0,0.24639570822484938,0.5973410077996288
2025-12-24 06:00:00,24966.08,6,2,12,358,0,0.2714241959903328,0.6107140017832616
2025-12-24 07:00:00,25029.41,7,2,12,358,0,0.27432356149946596,0.6122631643964124
2025-12-24 08:00:00,27290.57,8,2,12,358,0,0.3778436833158523,0.6675750945140857
2025-12-24 09:00:00,28937.91,9,2,12,358,0,0.45326198077070107,0.7078719133858363
2025-12-24 10:00:00,29698.74,10,2,12,358,0,0.4880941971028321,0.7264831464659499
2025-12-24 11:00:00,30426.07,11,2,12,358,0,0.5213927209581595,0.7442749109286536
2025-12-24 12:00:00,31050.41,12,2,12,358,0,0.5499761705392783,0.7595473597821926
2025-12-24 13:00:00,31669.32,13,2,12,358,0,0.57831102459356,0.7746869813344618
2025-12-24 14:00:00,31331.33,14,2,12,358,0,0.5628372120492375,0.7664191545285426
2025-12-24 15:00:00,30389.04,15,2,12,358,0,0.5196974184979795,0.7433690923345437
2025-12-24 16:00:00,30498.5,16,2,12,358,0,0.5247087014386035,0.7460466754647427
2025-12-24 17:00:00,29666.65,17,2,12,358,0,0.4866250570556493,0.7256981689157207
2025-12-24 18:00:00,29577.09,18,2,12,358,0,0.48252483322811135,0.7235073746060129
2025-12-24 19:00:00,28931.33,19,2,12,358,0,0.45296073609913795,0.7077109550723273
2025-12-24 20:00:00,28316.79,20,2,12,358,0,0.42482594879481533,0.6926782313665679
2025-12-24 21:00:00,27885.75,21,2,12,358,0,0.4050921337141774,0.6821342387442316
2025-12-24 22:00:00,27176.79,22,2,12,358,0,0.37263462271851805,0.6647918366248656
2025-12-24 23:00:00,26039.57,23,2,12,358,0,0.32057057022686286,0.6369734455475334
2025-12-25 00:00:00,24798.37,0,3,12,359,0,0.2637461194146697,0.6066115217287608
2025-12-25 01:00:00,24369.61,1,3,12,359,0,0.24411668698618447,0.5961233018959079
2025-12-25 02:00:00,23461.92,2,3,12,359,0,0.2025609459632069,0.5739196162440695
2025-12-25 03:00:00,23314.26,3,3,12,359,0,0.19580079578037704,0.5703075942725259
2025-12-25 04:00:00,23108.56,4,3,12,359,0,0.18638346615415405,0.5652758123441328
2025-12-25 05:00:00,23043.17,5,3,12,359,0,0.1833897900031635,0.5636762585264486
2025-12-25 06:00:00,23181.94,6,3,12,359,0,0.18974293940632822,0.5670708155425065
2025-12-25 07:00:00,23732.53,7,3,12,359,0,0.21494997644523045,0.5805392103502555
2025-12-25 08:00:00,24587.98,8,3,12,359,0,0.2541140728416941,0.6014650141939303
2025-12-25 09:00:00,26169.55,9,3,12,359,0,0.32652129703686034,0.6401529837830829
2025-12-25 10:00:00,26774.83,10,3,12,359,0,0.3542321442714756,0.6549591916859405
2025-12-25 11:00:00,28149.6,11,3,12,359,0,0.4171716787889414,0.6885884714219492
2025-12-25 12:00:00,28481.85,12,3,12,359,0,0.43238270342828333,0.696715887784169
2025-12-25 13:00:00,28715.57,13,3,12,359,0,0.4430828409112239,0.7024330879412135
2025-12-25 14:00:00,28704.48,14,3,12,359,0,0.4425751200286045,0.7021618071362262
2025-12-25 15:00:00,28195.95,15,3,12,359,0,0.41929366823072783,0.6897222735239474
2025-12-25 16:00:00,26983.51,16,3,12,359,0,0.36378590385533655,0.6600638696286584
2025-12-25 17:00:00,27255.65,17,3,12,359,0,0.37624498059077843,0.6667208902119978
2025-12-25 18:00:00,28042.63,18,3,12,359,0,0.41227439269211563,0.6859717980486862
2025-12-25 19:00:00,27469.13,19,3,12,359,0,0.38601849312653974,0.6719429845536281
2025-12-25 20:00:00,27701.24,20,3,12,359,0,0.3966449218068638,0.6776208012935373
2025-12-25 21:00:00,27689.65,21,3,12,359,0,0.3961143099917548,0.6773372896136634
2025-12-25 22:00:00,26816.03,22,3,12,359,0,0.35611835710861883,0.6559670157766054
2025-12-25 23:00:00,25271.11,23,3,12,359,0,0.2853890382649406,0.6181755693166487
2025-12-26 00:00:00,24047.59,0,4,12,360,0,0.22937401082557984,0.5882461292338702
2025-12-26 01:00:00,23470.21,1,4,12,360,0,0.20294047762388456,0.5741224041496912
2025-12-26 02:00:00,23652.97,2,4,12,360,0,0.21130757126748476,0.5785930335382821
2025-12-26 03:00:00,23597.59,3,4,12,360,0,0.20877217158493616,0.5772383418358299
2025-12-26 04:00:00,23582.71,4,4,12,360,0,0.2080909374340455,0.5768743509992013
2025-12-26 05:00:00,23746.89,5,4,12,360,0,0.2156074040263319,0.5808904810770019
2025-12-26 06:00:00,24157.69,6,4,12,360,0,0.23441459415979057,0.5909393678839241
2025-12-26 07:00:00,24505.48,7,4,12,360,0,0.2503370689809094,0.5994469198376229
2025-12-26 08:00:00,25514.91,8,4,12,360,0,0.29655065694687155,0.6241393439114093
2025-12-26 09:00:00,27393.49,9,4,12,360,0,0.3825555528595125,0.6700926978007664
2025-12-26 10:00:00,27582.25,10,4,12,360,0,0.39119733769298776,0.6747100976879977
2025-12-26 11:00:00,28113.91,11,4,12,360,0,0.41553772402783357,0.6877154315725358
2025-12-26 12:00:00,27555.38,12,4,12,360,0,0.3899671789809965,0.6740528104715858
2025-12-26 13:00:00,27466.16,13,4,12,360,0,0.38588252098755144,0.671870333156801
2025-12-26 14:00:00,28561.91,14,4,12,360,0,0.4360479995385188,0.6986742954710293
2025-12-26 15:00:00,28110.46,15,4,12,360,0,0.4153797765936552,0.6876310385358174
2025-12-26 16:00:00,28123.12,16,4,12,360,0,0.41595937500429203,0.687940724287949
2025-12-26 17:00:00,28291.85,17,4,12,360,0,0.4236841490822338,0.6920681553272187
2025-12-26 18:00:00,28662.12,18,4,12,360,0,0.4406358002280852,0.701125607415824
2025-12-26 19:00:00,28107.98,19,4,12,360,0,0.41526623756850684,0.6875703733963794
2025-12-26 20:00:00,27826.34,20,4,12,360,0,0.40237223311576265,0.6806809661901926
2025-12-26 21:00:00,27465.57,21,4,12,360,0,0.3858555096872137,0.6718559007244347
2025-12-26 22:00:00,27141.71,22,4,12,360,0,0.37102859489504736,0.6639337184428139
2025-12-26 23:00:00,25863.57,23,4,12,360,0,0.31251296199052225,0.632668177587411
2025-12-27 00:00:00,24493.16,0,5,12,361,1,0.2497730364043656,0.5991455510804143
2025-12-27 01:00:00,23953.42,1,5,12,361,1,0.2250627326004877,0.5859425662577069
2025-12-27 02:00:00,23042.71,2,5,12,361,1,0.1833687303452731,0.5636650061215528
2025-12-27 03:00:00,22917.02,3,5,12,361,1,0.17761440773603648,0.5605904087925313
2025-12-27 04:00:00,22391.33,4,5,12,361,1,0.1535473391351166,0.5477311115541406
2025-12-27 05:00:00,22474.45,5,5,12,361,1,0.15735272775218834,0.5497643721953075
2025-12-27 06:00:00,22635.09,6,5,12,361,1,0.16470712654244832,0.5536939076789101
2025-12-27 07:00:00,22922.52,7,5,12,361,1,0.17786620799342212,0.5607249484162852
2025-12-27 08:00:00,23774.92,8,5,12,361,1,0.21689066970169907,0.5815761439231509
2025-12-27 09:00:00,24495.02,9,5,12,361,1,0.24985819067322695,0.5991910499349928
2025-12-27 10:00:00,26281.89,10,5,12,361,1,0.3316644317486246,0.6429010167526293
2025-12-27 11:00:00,27689.73,11,5,12,361,1,0.396117972540953,0.6773392465536452
2025-12-27 12:00:00,28210.51,12,5,12,361,1,0.41996025218482497,0.6900784366006484
2025-12-27 13:00:00,28226.96,13,5,12,361,1,0.420713363863733,0.6904808323844213
2025-12-27 14:00:00,28247.87,14,5,12,361,1,0.4216706626604482,0.6909923275721835
2025-12-27 15:00:00,28216.33,15,5,12,361,1,0.42022670263900413,0.6902208039843298
2025-12-27 16:00:00,27505.8,16,5,12,361,1,0.38769731411532726,0.6728399969178195
2025-12-27 17:00:00,26608.51,17,5,12,361,1,0.3466177044881335,0.6508907134636247
2025-12-27 18:00:00,27194.59,18,5,12,361,1,0.3734495399151479,0.6652272557708325
2025-12-27 19:00:00,27098.6,19,5,12,361,1,0.36905493869579364,0.6628791724100817
2025-12-27 20:00:00,27074.57,20,5,12,361,1,0.36795480048034335,0.6622913565630263
2025-12-27 21:00:00,26844.33,21,5,12,361,1,0.35741398388753054,0.6566592832951934
2025-12-27 22:00:00,26265.29,22,5,12,361,1,0.3309044527899698,0.6424949517063905
2025-12-27 23:00:00,25392.72,23,5,12,361,1,0.29095657086506216,0.6211503627065947
2025-12-28 00:00:00,23909.56,0,6,12,362,1,0.22305474000249978,0.5848696739126447
2025-12-28 01:00:00,22949.36,1,6,12,362,1,0.17909499324946407,0.5613815017802039
2025-12-28 02:00:00,22183.18,2,6,12,362,1,0.14401784393969436,0.5426393983388026
2025-12-28 03:00:00,21840.42,3,6,12,362,1,0.12832565189942086,0.534254888986464
2025-12-28 04:00:00,21889.96,4,6,12,362,1,0.13059368549049089,0.5354667240702394
2025-12-28 05:00:00,21703.27,5,6,12,362,1,0.12204666911752257,0.5308999600050391
2025-12-28 06:00:00,21717.91,6,6,12,362,1,0.12271691562081816,0.531258080021722
2025-12-28 07:00:00,21858.63,7,6,12,362,1,0.12915933966069237,0.5347003374498381
2025-12-28 08:00:00,22474.82,8,6,12,362,1,0.1573696670422306,0.5497734230427237
2025-12-28 09:00:00,23288.08,9,6,12,362,1,0.19460222655522152,0.5696671856634578
2025-12-28 10:00:00,24561.03,10,6,12,362,1,0.2528802515805044,0.6008057700375365
2025-12-28 11:00:00,25701.93,11,6,12,362,1,0.3051127813352831,0.6287141803540349
2025-12-28 12:00:00,26665.42,12,6,12,362,1,0.34922315042410024,0.6522828316432302
2025-12-28 13:00:00,26482.3,13,6,12,362,1,0.3408395753091077,0.647803396024721
2025-12-28 14:00:00,26139.31,14,6,12,362,1,0.3251368534398892,0.6394132604699346
2025-12-28 15:00:00,25440.29,15,6,12,362,1,0.29313441418212305,0.6223140081433165
2025-12-28 16:00:00,25651.84,16,6,12,362,1,0.3028195677184745,0.6274888913078841
2025-12-28 17:00:00,25794.13,17,6,12,362,1,0.3093338692863661,0.6309695536831446
2025-12-28 18:00:00,26628.06,18,6,12,362,1,0.34751273994847715,0.6513689406716952
2025-12-28 19:00:00,26494.34,19,6,12,362,1,0.34139078896345737,0.648097915491993
2025-12-28 20:00:00,26831.93,20,6,12,362,1,0.3568462887617883,0.6563559575980029
2025-12-28 21:00:00,26803.74,21,6,12,362,1,0.35555569798802444,0.6556663808718901
2025-12-28 22:00:00,25922.67,22,6,12,362,1,0.31521867021079336,0.6341138669990203
2025-12-28 23:00:00,24758.02,23,6,12,362,1,0.2618988211627587,0.6056244901254032
2025-12-29 00:00:00,23557.59,0,0,12,363,0,0.20694089698576784,0.5762598718448929
2025-12-29 01:00:00,22804.28,1,0,12,363,0,0.17245296027828047,0.5578325911230756
2025-12-29 02:00:00,22864.77,2,0,12,363,0,0.17522230529087285,0.55931228236687
2025-12-29 03:00:00,22561.09,3,0,12,363,0,0.1613192685339869,0.5518837381956768
2025-12-29 04:00:00,22209.44,4,0,12,363,0,0.1452200757140483,0.5432817638878527
2025-12-29 05:00:00,22729.88,5,0,12,363,0,0.16904678952382748,0.556012636939933
2025-12-29 06:00:00,22815.9,6,0,12,363,0,0.172984945549339,0.5581168366554429
2025-12-29 07:00:00,23549.36,7,0,12,363,0,0.20656411223698898,0.5760585516442577
2025-12-29 08:00:00,25603.04,8,0,12,363,0,0.3005854127074892,0.6262951579189411
2025-12-29 09:00:00,27057.36,9,0,12,363,0,0.3671668945840512,0.6618703698494257
2025-12-29 10:00:00,27754.82,10,0,12,363,0,0.39909791413244966,0.6789314618463973
2025-12-29 11:00:00,28763.01,11,0,12,363,0,0.4452547325858375,0.7035935533504647
2025-12-29 12:00:00,29081.31,12,0,12,363,0,0.4598271002087196,0.7113797283033453
2025-12-29 13:00:00,29427.27,13,0,12,363,0,0.4756657942169264,0.7198425152549587
2025-12-29 14:00:00,29508.92,14,0,12,363,0,0.47940388349247864,0.7218398171239586
2025-12-29 15:00:00,29090.12,15,0,12,363,0,0.4602304384391863,0.711595236318849
2025-12-29 16:00:00,29156.78,16,0,12,363,0,0.4632822575587003,0.7132258565587455
2025-12-29 17:00:00,28690.79,17,0,12,363,0,0.4419483662970392,0.7018269257818281
2025-12-29 18:00:00,28983.14,18,0,12,363,0,0.4553326945237106,0.7089783183280883
2025-12-29 19:00:00,28571.65,19,0,12,363,0,0.4364939149034164,0.6989125529138225
2025-12-29 20:00:00,28214.27,20,0,12,363,0,0.4201323919971469,0.6901704127797965
2025-12-29 21:00:00,27729.38,21,0,12,363,0,0.3979332234873787,0.6783091549321615
2025-12-29 22:00:00,26888.08,22,0,12,363,0,0.3594169404803709,0.6577294848477807
2025-12-29 23:00:00,25576.69,23,0,12,363,0,0.29937906056528696,0.6256505908124114
2025-12-30 00:00:00,24090.56,0,1,12,364,0,0.23134125756373647,0.5892972506216342
2025-12-30 01:00:00,23881.38,1,1,12,364,0,0.22176460704738568,0.5841803418040296
2025-12-30 02:00:00,23654.0,2,1,12,364,0,0.21135472658841328,0.5786182291405486
2025-12-30 03:00:00,23458.16,3,1,12,364,0,0.20238880615088514,0.5738276400649215
2025-12-30 04:00:00,23135.54,4,1,12,364,0,0.18761866087129306,0.5659357903530198
2025-12-30 05:00:00,23189.74,5,1,12,364,0,0.19010003795316618,0.5672616171907393
2025-12-30 06:00:00,23648.25,6,1,12,364,0,0.21109148086478283,0.5784775740793514
2025-12-30 07:00:00,24059.69,7,1,12,364,0,0.2299279713918282,0.5885421164061286
2025-12-30 08:00:00,26087.03,8,1,12,364,0,0.3227433775387761,0.63813440019178
2025-12-30 09:00:00,27640.96,9,1,12,364,0,0.393885190985917,0.6761462470171954
2025-12-30 10:00:00,28174.06,10,1,12,364,0,0.41829150320633296,0.6891868058214072
2025-12-30 11:00:00,29035.01,11,1,12,364,0,0.4577073998601821,0.7102471492888357
2025-12-30 12:00:00,29602.42,12,1,12,364,0,0.4836844878680346,0.7241269907277736
2025-12-30 13:00:00,29893.26,13,1,12,364,0,0.4969996854785875,0.731241446031876
2025-12-30 14:00:00,30047.85,14,1,12,364,0,0.5040771039857234,0.7350229879293495
2025-12-30 15:00:00,29416.47,15,1,12,364,0,0.475171350075151,0.7195783283574058
2025-12-30 16:00:00,29376.89,16,1,12,364,0,0.47335930385927383,0.7186101323013736
2025-12-30 17:00:00,28852.97,17,1,12,364,0,0.4493732691593672,0.7057941323600818
2025-12-30 18:00:00,28994.72,18,1,12,364,0,0.45586284852016995,0.7092615853904646
2025-12-30 19:00:00,28402.79,19,1,12,364,0,0.42876318918302725,0.6947819418470823
2025-12-30 20:00:00,28110.65,20,1,12,364,0,0.4153884751480014,0.6876356862682744
2025-12-30 21:00:00,27829.27,21,1,12,364,0,0.40250637398015177,0.6807526391170287
2025-12-30 22:00:00,26829.43,22,1,12,364,0,0.3567318340993403,0.6562948032235694
2025-12-30 23:00:00,25427.01,23,1,12,364,0,0.2925264310151991,0.6219891561063253
2025-12-31 00:00:00,24152.01,0,2,12,365,0,0.23415455316670866,0.590800425145211
2025-12-31 01:00:00,23757.93,1,2,12,365,0,0.2161128358157024,0.5811605387945005
2025-12-31 02:00:00,23545.88,2,2,12,365,0,0.20640479134686135,0.5759734247550462
2025-12-31 03:00:00,23241.39,3,2,12,365,0,0.1924646712793422,0.5685250665665366
2025-12-31 04:00:00,22991.42,4,2,12,365,0,0.18102057849048947,0.5624103629756739
2025-12-31 05:00:00,22989.36,5,2,12,365,0,0.1809262678486324,0.5623599717711407
2025-12-31 06:00:00,23223.18,6,2,12,365,0,0.19163098351807084,0.5680796181031625
2025-12-31 07:00:00,23737.06,7,2,12,365,0,0.21515736829358637,0.5806500220767292
2025-12-31 08:00:00,25538.22,8,2,12,365,0,0.2976178322195369,0.6247095472986278
2025-12-31 09:00:00,27134.27,9,2,12,365,0,0.3706879778196021,0.6637517230244997
2025-12-31 10:00:00,28238.72,10,2,12,365,0,0.4212517585958886,0.6907685025617567
2025-12-31 11:00:00,29581.37,11,2,12,365,0,0.4827207796102223,0.7236120708950431
2025-12-31 12:00:00,29549.75,12,2,12,365,0,0.4812731570395798,0.7228385903672075
2025-12-31 13:00:00,29254.8,13,2,12,365,0,0.4677697959639623,0.7156235972715363
2025-12-31 14:00:00,29762.0,14,2,12,365,0,0.4909903578814167,0.7280305967566165
2025-12-31 15:00:00,29569.36,15,2,12,365,0,0.4821709394118221,0.7233182852802643
2025-12-31 16:00:00,28866.83,16,2,12,365,0,0.45000780580797906,0.7061331722119415
2025-12-31 17:00:00,28365.92,17,2,12,365,0,0.4270752118212437,0.6938800371329361
2025-12-31 18:00:00,28298.89,18,2,12,365,0,0.42400645341168747,0.6922403660456236
2025-12-31 19:00:00,27807.95,19,2,12,365,0,0.4015303046187951,0.6802311146118593
2025-12-31 20:00:00,27203.97,20,2,12,365,0,0.3738789738086529,0.6654567069837073
2025-12-31 21:00:00,26743.41,21,2,12,365,0,0.3527936780738288,0.6541906035080595
2025-12-31 22:00:00,26050.93,22,2,12,365,0,0.32109065221302674,0.6372513310249596
2025-12-31 23:00:00,25052.57,23,2,12,365,0,0.2753838694923844,0.6128296985211649
