comp_id,comp_type,label,pmax_mw,for_rate,mttr_hr,lam_per_hr,mu_per_hr,hf
GEN_1_1,generator,Bus1_Gen1,9999.0,0.03,72.0,0.000429553264604811,0.013888888888888888,1.0
GEN_2_1,generator,Bus2_Gen1,9999.0,0.03,72.0,0.000429553264604811,0.013888888888888888,1.0
GEN_3_1,generator,Bus3_Gen1,9999.0,0.03,72.0,0.000429553264604811,0.013888888888888888,1.0
GEN_103_3,generator,Bus103_Gen3,485.0,0.004396,6.53,0.00067622,0.15313936,1.0
GEN_104_4,generator,Bus104_Gen4,485.0,0.004396,6.53,0.00067622,0.15313936,1.0
GEN_211_1,generator,Bus211_Gen1,752.0,0.001,120.0,8.34e-06,0.00833333,1.0
GEN_212_2,generator,Bus212_Gen2,752.0,0.001,120.0,8.34e-06,0.00833333,1.0
GEN_213_3,generator,Bus213_Gen3,752.0,0.001,120.0,8.34e-06,0.00833333,1.0
GEN_301_1,generator,Bus301_Gen1,151.5,0.093874,295.0,0.00035119,0.00338983,1.0
GEN_302_2,generator,Bus302_Gen2,151.5,0.093874,295.0,0.00035119,0.00338983,1.0
GEN_304_S,generator,Bus304_GenS,270.7,0.001,72.0,1.39e-05,0.01388889,1.0
GEN_305_1,generator,Bus305_Gen1,151.5,0.093874,295.0,0.00035119,0.00338983,1.0
GEN_306_2,generator,Bus306_Gen2,151.5,0.093874,295.0,0.00035119,0.00338983,1.0
GEN_308_S,generator,Bus308_GenS,270.7,0.001,72.0,1.39e-05,0.01388889,1.0
GEN_309_1,generator,Bus309_Gen1,233.4,0.001,72.0,1.39e-05,0.01388889,1.0
GEN_310_2,generator,Bus310_Gen2,233.4,0.001,72.0,1.39e-05,0.01388889,1.0
GEN_311_S,generator,Bus311_GenS,241.25,0.001,72.0,1.39e-05,0.01388889,1.0
GEN_312_1,generator,Bus312_Gen1,233.4,0.001,72.0,1.39e-05,0.01388889,1.0
GEN_313_2,generator,Bus313_Gen2,233.4,0.001,72.0,1.39e-05,0.01388889,1.0
GEN_314_S,generator,Bus314_GenS,241.25,0.001,72.0,1.39e-05,0.01388889,1.0
GEN_315_1,generator,Bus315_Gen1,233.4,0.001,72.0,1.39e-05,0.01388889,1.0
GEN_316_2,generator,Bus316_Gen2,233.4,0.001,72.0,1.39e-05,0.01388889,1.0
GEN_317_S,generator,Bus317_GenS,241.25,0.001,72.0,1.39e-05,0.01388889,1.0
GEN_318_1,generator,Bus318_Gen1,233.4,0.001,72.0,1.39e-05,0.01388889,1.0
GEN_319_2,generator,Bus319_Gen2,233.4,0.001,72.0,1.39e-05,0.01388889,1.0
GEN_320_S,generator,Bus320_GenS,241.25,0.001,72.0,1.39e-05,0.01388889,1.0
GEN_321_1,generator,Bus321_Gen1,327.25,0.001,72.0,1.39e-05,0.01388889,1.0
GEN_322_2,generator,Bus322_Gen2,327.25,0.001,72.0,1.39e-05,0.01388889,1.0
GEN_323_S,generator,Bus323_GenS,326.0,0.001,72.0,1.39e-05,0.01388889,1.0
GEN_324_1,generator,Bus324_Gen1,366.4,0.001,72.0,1.39e-05,0.01388889,1.0
GEN_325_2,generator,Bus325_Gen2,366.4,0.001,72.0,1.39e-05,0.01388889,1.0
GEN_326_S,generator,Bus326_GenS,390.8,0.001,72.0,1.39e-05,0.01388889,1.0
GEN_327_1,generator,Bus327_Gen1,366.4,0.001,72.0,1.39e-05,0.01388889,1.0
GEN_328_2,generator,Bus328_Gen2,366.4,0.001,72.0,1.39e-05,0.01388889,1.0
GEN_329_S,generator,Bus329_GenS,390.8,0.001,72.0,1.39e-05,0.01388889,1.0
GEN_411_1,generator,Bus411_Gen1,61.2,0.001,48.0,2.085e-05,0.02083333,1.0
GEN_451_1,generator,Bus451_Gen1,40.0,0.03,72.0,0.000429553264604811,0.013888888888888888,1.0
GEN_452_2,generator,Bus452_Gen2,29.75,0.006565,49.38,0.00013381,0.02024975,1.0
GEN_531_1,generator,Bus531_Gen1,537.9,0.001,3.95,0.00025342,0.25316456,1.0
GEN_532_2,generator,Bus532_Gen2,537.9,0.001,3.95,0.00025342,0.25316456,1.0
GEN_533_3,generator,Bus533_Gen3,537.9,0.001,3.95,0.00025342,0.25316456,1.0
GEN_534_4,generator,Bus534_Gen4,537.9,0.001,3.95,0.00025342,0.25316456,1.0
GEN_535_5,generator,Bus535_Gen5,525.0,0.001,2.45,0.00040857,0.40816327,1.0
GEN_536_6,generator,Bus536_Gen6,525.0,0.001,2.45,0.00040857,0.40816327,1.0
GEN_537_7,generator,Bus537_Gen7,525.0,0.001,2.45,0.00040857,0.40816327,1.0
GEN_538_8,generator,Bus538_Gen8,525.0,0.001,2.45,0.00040857,0.40816327,1.0
GEN_539_9,generator,Bus539_Gen9,525.0,0.001,2.45,0.00040857,0.40816327,1.0
GEN_541_A,generator,Bus541_GenA,525.0,0.001,2.45,0.00040857,0.40816327,1.0
GEN_542_1,generator,Bus542_Gen1,69.7,0.03,72.0,0.000429553264604811,0.013888888888888888,1.0
GEN_544_1,generator,Bus544_Gen1,69.7,0.03,72.0,0.000429553264604811,0.013888888888888888,1.0
GEN_551_1,generator,Bus551_Gen1,456.5,0.020315,23.4,0.00088604,0.04272896,1.0
GEN_552_2,generator,Bus552_Gen2,456.5,0.020315,23.4,0.00088604,0.04272896,1.0
GEN_553_S,generator,Bus553_GenS,456.0,0.020315,23.4,0.00088604,0.04272896,1.0
GEN_554_1,generator,Bus554_Gen1,456.5,0.020315,23.4,0.00088604,0.04272896,1.0
GEN_555_2,generator,Bus555_Gen2,456.5,0.020315,23.4,0.00088604,0.04272896,1.0
GEN_556_S,generator,Bus556_GenS,456.0,0.020315,23.4,0.00088604,0.04272896,1.0
GEN_590_1,generator,Bus590_Gen1,335.75,0.001,72.0,1.39e-05,0.01388889,1.0
GEN_591_2,generator,Bus591_Gen2,335.75,0.001,72.0,1.39e-05,0.01388889,1.0
GEN_592_S,generator,Bus592_GenS,319.6,0.001,72.0,1.39e-05,0.01388889,1.0
GEN_593_1,generator,Bus593_Gen1,335.75,0.001,72.0,1.39e-05,0.01388889,1.0
GEN_594_2,generator,Bus594_Gen2,335.75,0.001,72.0,1.39e-05,0.01388889,1.0
GEN_595_S,generator,Bus595_GenS,319.6,0.001,72.0,1.39e-05,0.01388889,1.0
GEN_596_1,generator,Bus596_Gen1,335.75,0.001,72.0,1.39e-05,0.01388889,1.0
GEN_597_2,generator,Bus597_Gen2,335.75,0.001,72.0,1.39e-05,0.01388889,1.0
GEN_598_S,generator,Bus598_GenS,319.6,0.001,72.0,1.39e-05,0.01388889,1.0
GEN_625_1,generator,Bus625_Gen1,103.0,0.001,1.37,0.00073244,0.73170732,1.0
GEN_626_2,generator,Bus626_Gen2,103.0,0.001,1.37,0.00073244,0.73170732,1.0
GEN_627_S,generator,Bus627_GenS,108.8,0.001,1.37,0.00073244,0.73170732,1.0
GEN_691_1,generator,Bus691_Gen1,37.856,0.03,72.0,0.000429553264604811,0.013888888888888888,1.0
GEN_692_2,generator,Bus692_Gen2,37.856,0.03,72.0,0.000429553264604811,0.013888888888888888,1.0
GEN_693_3,generator,Bus693_Gen3,37.856,0.03,72.0,0.000429553264604811,0.013888888888888888,1.0
GEN_701_1,generator,Bus701_Gen1,240.0,0.001,72.0,1.39e-05,0.01388889,1.0
GEN_702_2,generator,Bus702_Gen2,240.0,0.001,72.0,1.39e-05,0.01388889,1.0
GEN_703_3,generator,Bus703_Gen3,240.0,0.001,72.0,1.39e-05,0.01388889,1.0
GEN_704_4,generator,Bus704_Gen4,240.0,0.001,72.0,1.39e-05,0.01388889,1.0
GEN_711_1,generator,Bus711_Gen1,240.8,0.001,72.0,1.39e-05,0.01388889,1.0
GEN_712_2,generator,Bus712_Gen2,240.8,0.001,72.0,1.39e-05,0.01388889,1.0
GEN_713_3,generator,Bus713_Gen3,240.8,0.001,72.0,1.39e-05,0.01388889,1.0
GEN_714_4,generator,Bus714_Gen4,240.8,0.001,72.0,1.39e-05,0.01388889,1.0
GEN_715_5,generator,Bus715_Gen5,240.8,0.001,72.0,1.39e-05,0.01388889,1.0
GEN_716_6,generator,Bus716_Gen6,240.8,0.001,72.0,1.39e-05,0.01388889,1.0
GEN_801_1,generator,Bus801_Gen1,25.0,0.03,72.0,0.000429553264604811,0.013888888888888888,1.0
GEN_802_2,generator,Bus802_Gen2,25.0,0.03,72.0,0.000429553264604811,0.013888888888888888,1.0
GEN_803_3,generator,Bus803_Gen3,25.0,0.03,72.0,0.000429553264604811,0.013888888888888888,1.0
GEN_804_4,generator,Bus804_Gen4,25.0,0.03,72.0,0.000429553264604811,0.013888888888888888,1.0
GEN_805_5,generator,Bus805_Gen5,100.0,0.001,1.37,0.00073244,0.73170732,1.0
GEN_825_1,generator,Bus825_Gen1,33.75,0.006565,49.38,0.00013381,0.02024975,1.0
GEN_826_2,generator,Bus826_Gen2,33.75,0.006565,49.38,0.00013381,0.02024975,1.0
GEN_827_3,generator,Bus827_Gen3,33.75,0.006565,49.38,0.00013381,0.02024975,1.0
GEN_828_4,generator,Bus828_Gen4,33.75,0.006565,49.38,0.00013381,0.02024975,1.0
GEN_831_1,generator,Bus831_Gen1,94.5,0.001,1.37,0.00073244,0.73170732,1.0
GEN_832_2,generator,Bus832_Gen2,94.5,0.001,1.37,0.00073244,0.73170732,1.0
GEN_833_3,generator,Bus833_Gen3,94.5,0.001,1.37,0.00073244,0.73170732,1.0
GEN_834_4,generator,Bus834_Gen4,94.5,0.001,1.37,0.00073244,0.73170732,1.0
GEN_841_1,generator,Bus841_Gen1,66.7,0.001,48.0,2.085e-05,0.02083333,1.0
GEN_842_2,generator,Bus842_Gen2,66.7,0.001,48.0,2.085e-05,0.02083333,1.0
GEN_843_3,generator,Bus843_Gen3,66.7,0.001,48.0,2.085e-05,0.02083333,1.0
GEN_851_1,generator,Bus851_Gen1,21.75,0.03,72.0,0.000429553264604811,0.013888888888888888,1.0
GEN_852_1,generator,Bus852_Gen1,21.75,0.03,72.0,0.000429553264604811,0.013888888888888888,1.0
GEN_861_1,generator,Bus861_Gen1,21.0,0.03,72.0,0.000429553264604811,0.013888888888888888,1.0
GEN_862_1,generator,Bus862_Gen1,21.0,0.03,72.0,0.000429553264604811,0.013888888888888888,1.0
GEN_863_1,generator,Bus863_Gen1,21.0,0.03,72.0,0.000429553264604811,0.013888888888888888,1.0
GEN_864_1,generator,Bus864_Gen1,21.0,0.03,72.0,0.000429553264604811,0.013888888888888888,1.0
GEN_865_1,generator,Bus865_Gen1,21.0,0.03,72.0,0.000429553264604811,0.013888888888888888,1.0
GEN_874_4,generator,Bus874_Gen4,20.84,0.03,72.0,0.000429553264604811,0.013888888888888888,1.0
GEN_876_1,generator,Bus876_Gen1,18.975,0.03,72.0,0.000429553264604811,0.013888888888888888,1.0
GEN_877_2,generator,Bus877_Gen2,2.785,0.001,48.0,2.085e-05,0.02083333,1.0
GEN_881_1,generator,Bus881_Gen1,40.0,0.03,72.0,0.000429553264604811,0.013888888888888888,1.0
GEN_882_2,generator,Bus882_Gen2,40.0,0.03,72.0,0.000429553264604811,0.013888888888888888,1.0
GEN_891_1,generator,Bus891_Gen1,66.75,0.001,48.0,2.085e-05,0.02083333,1.0
GEN_892_1,generator,Bus892_Gen1,66.75,0.001,48.0,2.085e-05,0.02083333,1.0
GEN_1007_1,generator,Bus1007_Gen1,79.0,0.001,1.37,0.00073244,0.73170732,1.0
GEN_1008_1,generator,Bus1008_Gen1,79.0,0.001,1.37,0.00073244,0.73170732,1.0
GEN_1031_1,generator,Bus1031_Gen1,7.99,0.001,48.0,2.085e-05,0.02083333,1.0
GEN_1032_2,generator,Bus1032_Gen2,7.99,0.001,48.0,2.085e-05,0.02083333,1.0
GEN_1033_3,generator,Bus1033_Gen3,7.99,0.001,48.0,2.085e-05,0.02083333,1.0
GEN_1034_4,generator,Bus1034_Gen4,7.99,0.001,48.0,2.085e-05,0.02083333,1.0
GEN_1035_5,generator,Bus1035_Gen5,9.87,0.001,48.0,2.085e-05,0.02083333,1.0
GEN_1036_6,generator,Bus1036_Gen6,9.87,0.001,48.0,2.085e-05,0.02083333,1.0
GEN_1037_7,generator,Bus1037_Gen7,9.87,0.001,48.0,2.085e-05,0.02083333,1.0
GEN_1038_8,generator,Bus1038_Gen8,9.87,0.001,48.0,2.085e-05,0.02083333,1.0
GEN_1039_9,generator,Bus1039_Gen9,9.87,0.001,48.0,2.085e-05,0.02083333,1.0
GEN_1040_10,generator,Bus1040_Gen10,9.87,0.001,48.0,2.085e-05,0.02083333,1.0
GEN_1041_11,generator,Bus1041_Gen11,9.87,0.001,48.0,2.085e-05,0.02083333,1.0
GEN_1042_12,generator,Bus1042_Gen12,9.87,0.001,48.0,2.085e-05,0.02083333,1.0
GEN_1060_1,generator,Bus1060_Gen1,456.5,0.020315,23.4,0.00088604,0.04272896,1.0
GEN_1061_2,generator,Bus1061_Gen2,456.5,0.020315,23.4,0.00088604,0.04272896,1.0
GEN_1062_S,generator,Bus1062_GenS,456.5,0.020315,23.4,0.00088604,0.04272896,1.0
GEN_1063_1,generator,Bus1063_Gen1,456.5,0.020315,23.4,0.00088604,0.04272896,1.0
GEN_1064_2,generator,Bus1064_Gen2,456.5,0.020315,23.4,0.00088604,0.04272896,1.0
GEN_1065_S,generator,Bus1065_GenS,456.5,0.020315,23.4,0.00088604,0.04272896,1.0
GEN_1066_1,generator,Bus1066_Gen1,456.5,0.020315,23.4,0.00088604,0.04272896,1.0
GEN_1067_2,generator,Bus1067_Gen2,456.5,0.020315,23.4,0.00088604,0.04272896,1.0
GEN_1077_1,generator,Bus1077_Gen1,92.8,0.001,1.37,0.00073244,0.73170732,1.0
GEN_1079_S,generator,Bus1079_GenS,158.7,0.093874,295.0,0.00035119,0.00338983,1.0
GEN_1083_3,generator,Bus1083_Gen3,537.1,0.001,3.95,0.00025342,0.25316456,1.0
GEN_1084_4,generator,Bus1084_Gen4,537.1,0.001,3.95,0.00025342,0.25316456,1.0
GEN_1087_1,generator,Bus1087_Gen1,92.8,0.001,1.37,0.00073244,0.73170732,1.0
GEN_1089_S,generator,Bus1089_GenS,158.7,0.093874,295.0,0.00035119,0.00338983,1.0
GEN_1091_1,generator,Bus1091_Gen1,92.8,0.001,1.37,0.00073244,0.73170732,1.0
GEN_1093_S,generator,Bus1093_GenS,158.7,0.093874,295.0,0.00035119,0.00338983,1.0
GEN_1094_1,generator,Bus1094_Gen1,92.8,0.001,1.37,0.00073244,0.73170732,1.0
GEN_1096_S,generator,Bus1096_GenS,158.7,0.093874,295.0,0.00035119,0.00338983,1.0
GEN_1097_1,generator,Bus1097_Gen1,92.8,0.001,1.37,0.00073244,0.73170732,1.0
GEN_1099_S,generator,Bus1099_GenS,158.7,0.093874,295.0,0.00035119,0.00338983,1.0
GEN_1101_1,generator,Bus1101_Gen1,752.0,0.001,120.0,8.34e-06,0.00833333,1.0
GEN_1102_2,generator,Bus1102_Gen2,752.0,0.001,120.0,8.34e-06,0.00833333,1.0
GEN_1106_6,generator,Bus1106_Gen6,536.0,0.001,3.95,0.00025342,0.25316456,1.0
GEN_1201_1,generator,Bus1201_Gen1,94.2,0.001,1.37,0.00073244,0.73170732,1.0
GEN_1202_2,generator,Bus1202_Gen2,94.2,0.001,1.37,0.00073244,0.73170732,1.0
GEN_1203_S,generator,Bus1203_GenS,109.0,0.001,1.37,0.00073244,0.73170732,1.0
GEN_1204_1,generator,Bus1204_Gen1,94.2,0.001,1.37,0.00073244,0.73170732,1.0
GEN_1205_2,generator,Bus1205_Gen2,94.2,0.001,1.37,0.00073244,0.73170732,1.0
GEN_1206_S,generator,Bus1206_GenS,109.0,0.001,1.37,0.00073244,0.73170732,1.0
GEN_1211_1,generator,Bus1211_Gen1,86.5,0.001,1.37,0.00073244,0.73170732,1.0
GEN_1212_2,generator,Bus1212_Gen2,86.5,0.001,1.37,0.00073244,0.73170732,1.0
GEN_1213_S,generator,Bus1213_GenS,100.0,0.001,1.37,0.00073244,0.73170732,1.0
GEN_1214_1,generator,Bus1214_Gen1,248.0,0.001,72.0,1.39e-05,0.01388889,1.0
GEN_1401_G,generator,Bus1401_GenG,97.2,0.001,1.37,0.00073244,0.73170732,1.0
GEN_10513_1,generator,Bus10513_Gen1,2.0,0.202734,591.98,0.00042955,0.00168924,1.0
GEN_10652_1,generator,Bus10652_Gen1,7.8,0.001,48.0,2.085e-05,0.02083333,1.0
GEN_13142_1,generator,Bus13142_Gen1,2.68,0.001,48.0,2.085e-05,0.02083333,1.0
GEN_13352_1,generator,Bus13352_Gen1,30.0,0.006565,49.38,0.00013381,0.02024975,1.0
GEN_13372_1,generator,Bus13372_Gen1,75.9,0.001,1.37,0.00073244,0.73170732,1.0
GEN_13422_1,generator,Bus13422_Gen1,39.1,0.03,72.0,0.000429553264604811,0.013888888888888888,1.0
GEN_13532_1,generator,Bus13532_Gen1,9.2,0.001,48.0,2.085e-05,0.02083333,1.0
GEN_13694_1,generator,Bus13694_Gen1,2.4,0.001,48.0,2.085e-05,0.02083333,1.0
GEN_13702_1,generator,Bus13702_Gen1,48.3,0.001,48.0,2.085e-05,0.02083333,1.0
GEN_13923_1,generator,Bus13923_Gen1,4.5,0.001,48.0,2.085e-05,0.02083333,1.0
GEN_15024_1,generator,Bus15024_Gen1,6.9,0.001,48.0,2.085e-05,0.02083333,1.0
GEN_20233_1,generator,Bus20233_Gen1,1.69,0.001,48.0,2.085e-05,0.02083333,1.0
GEN_20513_1,generator,Bus20513_Gen1,22.068,0.03,72.0,0.000429553264604811,0.013888888888888888,1.0
GEN_20652_1,generator,Bus20652_Gen1,79.116,0.001,1.37,0.00073244,0.73170732,1.0
GEN_20805_1,generator,Bus20805_Gen1,1.135,0.001,48.0,2.085e-05,0.02083333,1.0
GEN_20822_1,generator,Bus20822_Gen1,0.017,0.03,72.0,0.000429553264604811,0.013888888888888888,1.0
GEN_20853_1,generator,Bus20853_Gen1,12.493,0.001,48.0,2.085e-05,0.02083333,1.0
GEN_20872_1,generator,Bus20872_Gen1,0.755,0.163078,437.99,0.00044488,0.00228316,1.0
GEN_21085_1,generator,Bus21085_Gen1,15.532,0.03,72.0,0.000429553264604811,0.013888888888888888,1.0
GEN_21123_1,generator,Bus21123_Gen1,14.952,0.03,72.0,0.000429553264604811,0.013888888888888888,1.0
GEN_21583_1,generator,Bus21583_Gen1,2.292,0.001,48.0,2.085e-05,0.02083333,1.0
GEN_21593_1,generator,Bus21593_Gen1,2.292,0.001,48.0,2.085e-05,0.02083333,1.0
GEN_21663_1,generator,Bus21663_Gen1,3.286,0.001,48.0,2.085e-05,0.02083333,1.0
GEN_21752_1,generator,Bus21752_Gen1,20.678,0.03,72.0,0.000429553264604811,0.013888888888888888,1.0
GEN_22003_1,generator,Bus22003_Gen1,16.094,0.03,72.0,0.000429553264604811,0.013888888888888888,1.0
GEN_22133_1,generator,Bus22133_Gen1,12.39,0.001,48.0,2.085e-05,0.02083333,1.0
GEN_22143_1,generator,Bus22143_Gen1,12.39,0.001,48.0,2.085e-05,0.02083333,1.0
GEN_22162_1,generator,Bus22162_Gen1,114.59,0.001,1.37,0.00073244,0.73170732,1.0
GEN_22173_1,generator,Bus22173_Gen1,2.961,0.001,48.0,2.085e-05,0.02083333,1.0
GEN_22183_1,generator,Bus22183_Gen1,2.961,0.001,48.0,2.085e-05,0.02083333,1.0
GEN_22202_1,generator,Bus22202_Gen1,57.216,0.001,48.0,2.085e-05,0.02083333,1.0
GEN_22303_1,generator,Bus22303_Gen1,40.452,0.03,72.0,0.000429553264604811,0.013888888888888888,1.0
GEN_22322_1,generator,Bus22322_Gen1,367.935,0.001,72.0,1.39e-05,0.01388889,1.0
GEN_22332_1,generator,Bus22332_Gen1,9999.0,0.03,72.0,0.000429553264604811,0.013888888888888888,1.0
GEN_22353_1,generator,Bus22353_Gen1,27.898,0.006565,49.38,0.00013381,0.02024975,1.0
GEN_22402_1,generator,Bus22402_Gen1,163.353,0.093874,295.0,0.00035119,0.00338983,1.0
GEN_22603_1,generator,Bus22603_Gen1,23.53,0.03,72.0,0.000429553264604811,0.013888888888888888,1.0
GEN_22613_1,generator,Bus22613_Gen1,23.53,0.03,72.0,0.000429553264604811,0.013888888888888888,1.0
GEN_22672_1,generator,Bus22672_Gen1,93.489,0.001,1.37,0.00073244,0.73170732,1.0
GEN_22753_1,generator,Bus22753_Gen1,7.956,0.001,48.0,2.085e-05,0.02083333,1.0
GEN_22763_1,generator,Bus22763_Gen1,7.956,0.001,48.0,2.085e-05,0.02083333,1.0
GEN_22802_1,generator,Bus22802_Gen1,17.941,0.03,72.0,0.000429553264604811,0.013888888888888888,1.0
GEN_22812_1,generator,Bus22812_Gen1,17.941,0.03,72.0,0.000429553264604811,0.013888888888888888,1.0
GEN_22862_1,generator,Bus22862_Gen1,33.122,0.006565,49.38,0.00013381,0.02024975,1.0
GEN_22902_1,generator,Bus22902_Gen1,50.394,0.001,48.0,2.085e-05,0.02083333,1.0
GEN_22932_1,generator,Bus22932_Gen1,207.726,0.015414,127.32,0.00012297,0.00785443,1.0
GEN_22952_1,generator,Bus22952_Gen1,202.384,0.001,72.0,1.39e-05,0.01388889,1.0
GEN_23002_1,generator,Bus23002_Gen1,14.219,0.03,72.0,0.000429553264604811,0.013888888888888888,1.0
GEN_23102_1,generator,Bus23102_Gen1,69.47,0.03,72.0,0.000429553264604811,0.013888888888888888,1.0
GEN_23122_1,generator,Bus23122_Gen1,1.65,0.001,48.0,2.085e-05,0.02083333,1.0
GEN_23132_1,generator,Bus23132_Gen1,10.11,0.001,48.0,2.085e-05,0.02083333,1.0
GEN_23142_1,generator,Bus23142_Gen1,32.688,0.006565,49.38,0.00013381,0.02024975,1.0
GEN_23162_1,generator,Bus23162_Gen1,18.883,0.03,72.0,0.000429553264604811,0.013888888888888888,1.0
GEN_23182_1,generator,Bus23182_Gen1,5.779,0.03,72.0,0.000429553264604811,0.013888888888888888,1.0
GEN_23222_1,generator,Bus23222_Gen1,20.4,0.03,72.0,0.000429553264604811,0.013888888888888888,1.0
GEN_23232_1,generator,Bus23232_Gen1,0.569,0.001,48.0,2.085e-05,0.02083333,1.0
GEN_23242_1,generator,Bus23242_Gen1,11.352,0.001,48.0,2.085e-05,0.02083333,1.0
GEN_23282_1,generator,Bus23282_Gen1,18.478,0.03,72.0,0.000429553264604811,0.013888888888888888,1.0
GEN_23292_1,generator,Bus23292_Gen1,14.007,0.03,72.0,0.000429553264604811,0.013888888888888888,1.0
GEN_23302_1,generator,Bus23302_Gen1,9.646,0.001,48.0,2.085e-05,0.02083333,1.0
GEN_23322_1,generator,Bus23322_Gen1,61.919,0.001,48.0,2.085e-05,0.02083333,1.0
GEN_23342_1,generator,Bus23342_Gen1,41.361,0.03,72.0,0.000429553264604811,0.013888888888888888,1.0
GEN_23352_1,generator,Bus23352_Gen1,41.361,0.03,72.0,0.000429553264604811,0.013888888888888888,1.0
GEN_23362_1,generator,Bus23362_Gen1,36.601,0.006565,49.38,0.00013381,0.02024975,1.0
GEN_23364_1,generator,Bus23364_Gen1,36.601,0.006565,49.38,0.00013381,0.02024975,1.0
GEN_23372_1,generator,Bus23372_Gen1,60.69,0.001,48.0,2.085e-05,0.02083333,1.0
GEN_23374_1,generator,Bus23374_Gen1,60.69,0.001,48.0,2.085e-05,0.02083333,1.0
GEN_23392_1,generator,Bus23392_Gen1,18.982,0.03,72.0,0.000429553264604811,0.013888888888888888,1.0
GEN_23394_1,generator,Bus23394_Gen1,18.982,0.03,72.0,0.000429553264604811,0.013888888888888888,1.0
GEN_23412_1,generator,Bus23412_Gen1,113.2,0.001,1.37,0.00073244,0.73170732,1.0
GEN_23422_1,generator,Bus23422_Gen1,61.993,0.001,48.0,2.085e-05,0.02083333,1.0
GEN_23442_1,generator,Bus23442_Gen1,1.154,0.001,48.0,2.085e-05,0.02083333,1.0
GEN_23452_1,generator,Bus23452_Gen1,48.051,0.001,48.0,2.085e-05,0.02083333,1.0
GEN_23462_1,generator,Bus23462_Gen1,47.834,0.001,48.0,2.085e-05,0.02083333,1.0
GEN_23472_1,generator,Bus23472_Gen1,16.088,0.03,72.0,0.000429553264604811,0.013888888888888888,1.0
GEN_23482_1,generator,Bus23482_Gen1,87.243,0.001,1.37,0.00073244,0.73170732,1.0
GEN_23522_1,generator,Bus23522_Gen1,25.994,0.006565,49.38,0.00013381,0.02024975,1.0
GEN_23532_1,generator,Bus23532_Gen1,79.352,0.001,1.37,0.00073244,0.73170732,1.0
GEN_23552_1,generator,Bus23552_Gen1,145.519,0.093874,295.0,0.00035119,0.00338983,1.0
GEN_23662_1,generator,Bus23662_Gen1,651.194,0.001,120.0,8.34e-06,0.00833333,1.0
GEN_23672_1,generator,Bus23672_Gen1,314.746,0.001,72.0,1.39e-05,0.01388889,1.0
GEN_23682_1,generator,Bus23682_Gen1,1251.946,0.03,72.0,0.000429553264604811,0.013888888888888888,1.0
GEN_23694_1,generator,Bus23694_Gen1,63.219,0.001,48.0,2.085e-05,0.02083333,1.0
GEN_23702_1,generator,Bus23702_Gen1,906.472,0.001,120.0,8.34e-06,0.00833333,1.0
GEN_23722_1,generator,Bus23722_Gen1,149.068,0.093874,295.0,0.00035119,0.00338983,1.0
GEN_23732_1,generator,Bus23732_Gen1,48.879,0.001,48.0,2.085e-05,0.02083333,1.0
GEN_23762_1,generator,Bus23762_Gen1,82.928,0.001,1.37,0.00073244,0.73170732,1.0
GEN_23792_1,generator,Bus23792_Gen1,238.039,0.001,72.0,1.39e-05,0.01388889,1.0
GEN_23812_1,generator,Bus23812_Gen1,28.749,0.006565,49.38,0.00013381,0.02024975,1.0
GEN_23882_1,generator,Bus23882_Gen1,25.907,0.006565,49.38,0.00013381,0.02024975,1.0
GEN_23892_1,generator,Bus23892_Gen1,79.664,0.001,1.37,0.00073244,0.73170732,1.0
GEN_23922_1,generator,Bus23922_Gen1,81.562,0.001,1.37,0.00073244,0.73170732,1.0
GEN_23932_1,generator,Bus23932_Gen1,254.995,0.001,72.0,1.39e-05,0.01388889,1.0
GEN_23942_1,generator,Bus23942_Gen1,17.947,0.03,72.0,0.000429553264604811,0.013888888888888888,1.0
GEN_23952_1,generator,Bus23952_Gen1,95.377,0.001,1.37,0.00073244,0.73170732,1.0
GEN_23972_1,generator,Bus23972_Gen1,41.383,0.03,72.0,0.000429553264604811,0.013888888888888888,1.0
GEN_24002_1,generator,Bus24002_Gen1,2.91,0.001,48.0,2.085e-05,0.02083333,1.0
GEN_24012_1,generator,Bus24012_Gen1,81.798,0.001,1.37,0.00073244,0.73170732,1.0
GEN_24026_1,generator,Bus24026_Gen1,12.907,0.001,48.0,2.085e-05,0.02083333,1.0
GEN_24028_1,generator,Bus24028_Gen1,7.163,0.001,48.0,2.085e-05,0.02083333,1.0
GEN_24030_1,generator,Bus24030_Gen1,12.959,0.001,48.0,2.085e-05,0.02083333,1.0
GEN_24048_1,generator,Bus24048_Gen1,24.19,0.03,72.0,0.000429553264604811,0.013888888888888888,1.0
GEN_24108_1,generator,Bus24108_Gen1,1.237,0.001,48.0,2.085e-05,0.02083333,1.0
GEN_24110_1,generator,Bus24110_Gen1,4.754,0.001,48.0,2.085e-05,0.02083333,1.0
GEN_24112_1,generator,Bus24112_Gen1,1.908,0.001,48.0,2.085e-05,0.02083333,1.0
GEN_24114_1,generator,Bus24114_Gen1,1.918,0.001,48.0,2.085e-05,0.02083333,1.0
GEN_24116_1,generator,Bus24116_Gen1,2.533,0.001,48.0,2.085e-05,0.02083333,1.0
GEN_24118_1,generator,Bus24118_Gen1,0.216,0.03,72.0,0.000429553264604811,0.013888888888888888,1.0
GEN_24128_1,generator,Bus24128_Gen1,0.456,0.001,48.0,2.085e-05,0.02083333,1.0
GEN_24140_1,generator,Bus24140_Gen1,2.358,0.001,48.0,2.085e-05,0.02083333,1.0
GEN_24144_1,generator,Bus24144_Gen1,4.317,0.001,48.0,2.085e-05,0.02083333,1.0
GEN_24148_1,generator,Bus24148_Gen1,1.47,0.001,48.0,2.085e-05,0.02083333,1.0
GEN_24162_1,generator,Bus24162_Gen1,2.878,0.001,48.0,2.085e-05,0.02083333,1.0
GEN_24204_1,generator,Bus24204_Gen1,1.439,0.001,48.0,2.085e-05,0.02083333,1.0
GEN_24208_1,generator,Bus24208_Gen1,1.724,0.001,48.0,2.085e-05,0.02083333,1.0
GEN_24214_1,generator,Bus24214_Gen1,2.577,0.001,48.0,2.085e-05,0.02083333,1.0
GEN_24256_1,generator,Bus24256_Gen1,5.625,0.03,72.0,0.000429553264604811,0.013888888888888888,1.0
GEN_24258_1,generator,Bus24258_Gen1,1.515,0.001,48.0,2.085e-05,0.02083333,1.0
GEN_24260_1,generator,Bus24260_Gen1,1.766,0.001,48.0,2.085e-05,0.02083333,1.0
GEN_24264_1,generator,Bus24264_Gen1,1.398,0.001,48.0,2.085e-05,0.02083333,1.0
GEN_24266_1,generator,Bus24266_Gen1,0.014,0.03,72.0,0.000429553264604811,0.013888888888888888,1.0
GEN_24270_1,generator,Bus24270_Gen1,0.62,0.001,48.0,2.085e-05,0.02083333,1.0
GEN_24276_1,generator,Bus24276_Gen1,2.013,0.202734,591.98,0.00042955,0.00168924,1.0
GEN_24302_1,generator,Bus24302_Gen1,1.248,0.001,48.0,2.085e-05,0.02083333,1.0
GEN_24306_1,generator,Bus24306_Gen1,1.258,0.001,48.0,2.085e-05,0.02083333,1.0
GEN_24308_1,generator,Bus24308_Gen1,0.611,0.001,48.0,2.085e-05,0.02083333,1.0
GEN_24310_1,generator,Bus24310_Gen1,0.994,0.163078,437.99,0.00044488,0.00228316,1.0
GEN_24314_1,generator,Bus24314_Gen1,2.451,0.001,48.0,2.085e-05,0.02083333,1.0
GEN_24352_1,generator,Bus24352_Gen1,2.888,0.001,48.0,2.085e-05,0.02083333,1.0
GEN_24354_1,generator,Bus24354_Gen1,2.191,0.001,48.0,2.085e-05,0.02083333,1.0
GEN_24358_1,generator,Bus24358_Gen1,2.343,0.001,48.0,2.085e-05,0.02083333,1.0
GEN_24360_1,generator,Bus24360_Gen1,1.463,0.001,48.0,2.085e-05,0.02083333,1.0
GEN_24362_1,generator,Bus24362_Gen1,0.923,0.163078,437.99,0.00044488,0.00228316,1.0
GEN_24402_1,generator,Bus24402_Gen1,1.145,0.001,48.0,2.085e-05,0.02083333,1.0
GEN_24404_1,generator,Bus24404_Gen1,1.416,0.001,48.0,2.085e-05,0.02083333,1.0
GEN_24410_1,generator,Bus24410_Gen1,0.334,0.001,48.0,2.085e-05,0.02083333,1.0
GEN_24412_1,generator,Bus24412_Gen1,2.682,0.001,48.0,2.085e-05,0.02083333,1.0
GEN_24426_1,generator,Bus24426_Gen1,0.753,0.163078,437.99,0.00044488,0.00228316,1.0
GEN_24438_1,generator,Bus24438_Gen1,1.441,0.001,48.0,2.085e-05,0.02083333,1.0
GEN_24506_1,generator,Bus24506_Gen1,2.003,0.202734,591.98,0.00042955,0.00168924,1.0
GEN_24508_1,generator,Bus24508_Gen1,2.451,0.001,48.0,2.085e-05,0.02083333,1.0
GEN_24514_1,generator,Bus24514_Gen1,2.952,0.001,48.0,2.085e-05,0.02083333,1.0
GEN_24528_1,generator,Bus24528_Gen1,1.666,0.001,48.0,2.085e-05,0.02083333,1.0
GEN_24552_1,generator,Bus24552_Gen1,5.927,0.03,72.0,0.000429553264604811,0.013888888888888888,1.0
GEN_24554_1,generator,Bus24554_Gen1,5.927,0.03,72.0,0.000429553264604811,0.013888888888888888,1.0
GEN_24558_1,generator,Bus24558_Gen1,4.535,0.001,48.0,2.085e-05,0.02083333,1.0
GEN_24560_1,generator,Bus24560_Gen1,0.62,0.001,48.0,2.085e-05,0.02083333,1.0
GEN_24564_1,generator,Bus24564_Gen1,3.064,0.001,48.0,2.085e-05,0.02083333,1.0
GEN_24568_1,generator,Bus24568_Gen1,2.823,0.001,48.0,2.085e-05,0.02083333,1.0
GEN_24574_1,generator,Bus24574_Gen1,1.502,0.001,48.0,2.085e-05,0.02083333,1.0
GEN_24576_1,generator,Bus24576_Gen1,3.395,0.001,48.0,2.085e-05,0.02083333,1.0
GEN_24584_1,generator,Bus24584_Gen1,3.46,0.001,48.0,2.085e-05,0.02083333,1.0
GEN_24602_1,generator,Bus24602_Gen1,5.106,0.03,72.0,0.000429553264604811,0.013888888888888888,1.0
GEN_24604_1,generator,Bus24604_Gen1,10.194,0.001,48.0,2.085e-05,0.02083333,1.0
GEN_24608_1,generator,Bus24608_Gen1,5.51,0.03,72.0,0.000429553264604811,0.013888888888888888,1.0
GEN_24612_1,generator,Bus24612_Gen1,19.081,0.03,72.0,0.000429553264604811,0.013888888888888888,1.0
GEN_24614_1,generator,Bus24614_Gen1,2.028,0.202734,591.98,0.00042955,0.00168924,1.0
GEN_24618_1,generator,Bus24618_Gen1,1.852,0.001,48.0,2.085e-05,0.02083333,1.0
GEN_24626_1,generator,Bus24626_Gen1,2.133,0.001,48.0,2.085e-05,0.02083333,1.0
GEN_24628_1,generator,Bus24628_Gen1,1.796,0.001,48.0,2.085e-05,0.02083333,1.0
GEN_24630_1,generator,Bus24630_Gen1,3.625,0.001,48.0,2.085e-05,0.02083333,1.0
GEN_24636_1,generator,Bus24636_Gen1,20.606,0.03,72.0,0.000429553264604811,0.013888888888888888,1.0
GEN_24638_1,generator,Bus24638_Gen1,2.234,0.001,48.0,2.085e-05,0.02083333,1.0
GEN_24640_1,generator,Bus24640_Gen1,22.143,0.03,72.0,0.000429553264604811,0.013888888888888888,1.0
GEN_24650_1,generator,Bus24650_Gen1,5.235,0.03,72.0,0.000429553264604811,0.013888888888888888,1.0
GEN_24652_1,generator,Bus24652_Gen1,4.739,0.001,48.0,2.085e-05,0.02083333,1.0
GEN_24702_1,generator,Bus24702_Gen1,12.922,0.001,48.0,2.085e-05,0.02083333,1.0
GEN_24704_1,generator,Bus24704_Gen1,13.384,0.001,48.0,2.085e-05,0.02083333,1.0
GEN_24706_1,generator,Bus24706_Gen1,6.825,0.001,48.0,2.085e-05,0.02083333,1.0
GEN_24710_1,generator,Bus24710_Gen1,25.698,0.006565,49.38,0.00013381,0.02024975,1.0
GEN_24712_1,generator,Bus24712_Gen1,11.554,0.001,48.0,2.085e-05,0.02083333,1.0
GEN_24714_1,generator,Bus24714_Gen1,2.518,0.001,48.0,2.085e-05,0.02083333,1.0
GEN_24716_1,generator,Bus24716_Gen1,11.566,0.001,48.0,2.085e-05,0.02083333,1.0
GEN_24752_1,generator,Bus24752_Gen1,45.285,0.001,48.0,2.085e-05,0.02083333,1.0
GEN_24754_1,generator,Bus24754_Gen1,28.331,0.006565,49.38,0.00013381,0.02024975,1.0
GEN_24756_1,generator,Bus24756_Gen1,30.014,0.006565,49.38,0.00013381,0.02024975,1.0
GEN_24758_1,generator,Bus24758_Gen1,28.705,0.006565,49.38,0.00013381,0.02024975,1.0
GEN_24760_1,generator,Bus24760_Gen1,35.4,0.006565,49.38,0.00013381,0.02024975,1.0
GEN_24764_1,generator,Bus24764_Gen1,37.778,0.03,72.0,0.000429553264604811,0.013888888888888888,1.0
GEN_24802_1,generator,Bus24802_Gen1,27.371,0.006565,49.38,0.00013381,0.02024975,1.0
GEN_24806_1,generator,Bus24806_Gen1,18.149,0.03,72.0,0.000429553264604811,0.013888888888888888,1.0
GEN_24812_1,generator,Bus24812_Gen1,10.968,0.001,48.0,2.085e-05,0.02083333,1.0
GEN_24814_1,generator,Bus24814_Gen1,13.819,0.001,48.0,2.085e-05,0.02083333,1.0
GEN_24816_1,generator,Bus24816_Gen1,14.936,0.03,72.0,0.000429553264604811,0.013888888888888888,1.0
GEN_24818_1,generator,Bus24818_Gen1,27.872,0.006565,49.38,0.00013381,0.02024975,1.0
GEN_24820_1,generator,Bus24820_Gen1,21.374,0.03,72.0,0.000429553264604811,0.013888888888888888,1.0
GEN_24822_1,generator,Bus24822_Gen1,9.967,0.001,48.0,2.085e-05,0.02083333,1.0
GEN_24824_1,generator,Bus24824_Gen1,1.633,0.001,48.0,2.085e-05,0.02083333,1.0
GEN_24840_1,generator,Bus24840_Gen1,39.09,0.03,72.0,0.000429553264604811,0.013888888888888888,1.0
GEN_24902_1,generator,Bus24902_Gen1,8.816,0.001,48.0,2.085e-05,0.02083333,1.0
GEN_24904_1,generator,Bus24904_Gen1,7.886,0.001,48.0,2.085e-05,0.02083333,1.0
GEN_24908_1,generator,Bus24908_Gen1,8.342,0.001,48.0,2.085e-05,0.02083333,1.0
GEN_24910_1,generator,Bus24910_Gen1,7.462,0.001,48.0,2.085e-05,0.02083333,1.0
GEN_24922_1,generator,Bus24922_Gen1,5.464,0.03,72.0,0.000429553264604811,0.013888888888888888,1.0
GEN_24990_1,generator,Bus24990_Gen1,2.638,0.001,48.0,2.085e-05,0.02083333,1.0
GEN_24992_1,generator,Bus24992_Gen1,1.491,0.001,48.0,2.085e-05,0.02083333,1.0
GEN_24994_1,generator,Bus24994_Gen1,3.43,0.001,48.0,2.085e-05,0.02083333,1.0
GEN_24996_1,generator,Bus24996_Gen1,6.869,0.001,48.0,2.085e-05,0.02083333,1.0
GEN_25000_1,generator,Bus25000_Gen1,2.721,0.001,48.0,2.085e-05,0.02083333,1.0
GEN_25004_1,generator,Bus25004_Gen1,1.637,0.001,48.0,2.085e-05,0.02083333,1.0
GEN_25006_1,generator,Bus25006_Gen1,4.657,0.001,48.0,2.085e-05,0.02083333,1.0
GEN_25014_1,generator,Bus25014_Gen1,7.019,0.001,48.0,2.085e-05,0.02083333,1.0
GEN_25018_1,generator,Bus25018_Gen1,2.809,0.001,48.0,2.085e-05,0.02083333,1.0
GEN_25022_1,generator,Bus25022_Gen1,4.184,0.001,48.0,2.085e-05,0.02083333,1.0
GEN_25024_1,generator,Bus25024_Gen1,7.249,0.001,48.0,2.085e-05,0.02083333,1.0
GEN_25026_1,generator,Bus25026_Gen1,10.717,0.001,48.0,2.085e-05,0.02083333,1.0
GEN_25028_1,generator,Bus25028_Gen1,13.736,0.001,48.0,2.085e-05,0.02083333,1.0
GEN_25056_1,generator,Bus25056_Gen1,3.92,0.001,48.0,2.085e-05,0.02083333,1.0
GEN_25080_1,generator,Bus25080_Gen1,8.66,0.001,48.0,2.085e-05,0.02083333,1.0
GEN_25092_1,generator,Bus25092_Gen1,1.451,0.001,48.0,2.085e-05,0.02083333,1.0
GEN_25098_1,generator,Bus25098_Gen1,3.116,0.001,48.0,2.085e-05,0.02083333,1.0
GEN_25108_1,generator,Bus25108_Gen1,4.72,0.001,48.0,2.085e-05,0.02083333,1.0
GEN_25502_1,generator,Bus25502_Gen1,10.253,0.001,48.0,2.085e-05,0.02083333,1.0
GEN_25504_1,generator,Bus25504_Gen1,11.344,0.001,48.0,2.085e-05,0.02083333,1.0
GEN_25506_1,generator,Bus25506_Gen1,11.136,0.001,48.0,2.085e-05,0.02083333,1.0
GEN_25522_1,generator,Bus25522_Gen1,17.554,0.03,72.0,0.000429553264604811,0.013888888888888888,1.0
GEN_25524_1,generator,Bus25524_Gen1,11.962,0.001,48.0,2.085e-05,0.02083333,1.0
GEN_25526_1,generator,Bus25526_Gen1,3.978,0.001,48.0,2.085e-05,0.02083333,1.0
GEN_25530_1,generator,Bus25530_Gen1,16.762,0.03,72.0,0.000429553264604811,0.013888888888888888,1.0
GEN_25538_1,generator,Bus25538_Gen1,7.405,0.001,48.0,2.085e-05,0.02083333,1.0
GEN_25542_1,generator,Bus25542_Gen1,14.259,0.03,72.0,0.000429553264604811,0.013888888888888888,1.0
GEN_25546_1,generator,Bus25546_Gen1,7.01,0.001,48.0,2.085e-05,0.02083333,1.0
GEN_25602_1,generator,Bus25602_Gen1,9.772,0.001,48.0,2.085e-05,0.02083333,1.0
GEN_25604_1,generator,Bus25604_Gen1,7.77,0.001,48.0,2.085e-05,0.02083333,1.0
GEN_25606_1,generator,Bus25606_Gen1,4.831,0.03,72.0,0.000429553264604811,0.013888888888888888,1.0
GEN_25610_1,generator,Bus25610_Gen1,11.59,0.001,48.0,2.085e-05,0.02083333,1.0
GEN_25612_1,generator,Bus25612_Gen1,21.004,0.03,72.0,0.000429553264604811,0.013888888888888888,1.0
GEN_25616_1,generator,Bus25616_Gen1,3.408,0.001,48.0,2.085e-05,0.02083333,1.0
GEN_25618_1,generator,Bus25618_Gen1,0.504,0.001,48.0,2.085e-05,0.02083333,1.0
GEN_25626_1,generator,Bus25626_Gen1,7.448,0.001,48.0,2.085e-05,0.02083333,1.0
GEN_25628_1,generator,Bus25628_Gen1,9.662,0.001,48.0,2.085e-05,0.02083333,1.0
GEN_25638_1,generator,Bus25638_Gen1,19.673,0.03,72.0,0.000429553264604811,0.013888888888888888,1.0
GEN_25644_1,generator,Bus25644_Gen1,4.264,0.001,48.0,2.085e-05,0.02083333,1.0
GEN_25648_1,generator,Bus25648_Gen1,10.301,0.001,48.0,2.085e-05,0.02083333,1.0
GEN_25652_1,generator,Bus25652_Gen1,7.96,0.001,48.0,2.085e-05,0.02083333,1.0
GEN_25654_1,generator,Bus25654_Gen1,26.731,0.006565,49.38,0.00013381,0.02024975,1.0
GEN_25656_1,generator,Bus25656_Gen1,13.134,0.001,48.0,2.085e-05,0.02083333,1.0
GEN_25658_1,generator,Bus25658_Gen1,9.009,0.001,48.0,2.085e-05,0.02083333,1.0
GEN_25660_1,generator,Bus25660_Gen1,4.277,0.001,48.0,2.085e-05,0.02083333,1.0
GEN_25664_1,generator,Bus25664_Gen1,4.899,0.03,72.0,0.000429553264604811,0.013888888888888888,1.0
GEN_25666_1,generator,Bus25666_Gen1,5.678,0.03,72.0,0.000429553264604811,0.013888888888888888,1.0
GEN_25668_1,generator,Bus25668_Gen1,6.839,0.001,48.0,2.085e-05,0.02083333,1.0
GEN_25670_1,generator,Bus25670_Gen1,11.953,0.001,48.0,2.085e-05,0.02083333,1.0
GEN_25672_1,generator,Bus25672_Gen1,1.901,0.001,48.0,2.085e-05,0.02083333,1.0
GEN_25682_1,generator,Bus25682_Gen1,24.603,0.03,72.0,0.000429553264604811,0.013888888888888888,1.0
GEN_25684_1,generator,Bus25684_Gen1,57.716,0.001,48.0,2.085e-05,0.02083333,1.0
GEN_25686_1,generator,Bus25686_Gen1,25.155,0.006565,49.38,0.00013381,0.02024975,1.0
GEN_25694_1,generator,Bus25694_Gen1,7.25,0.001,48.0,2.085e-05,0.02083333,1.0
GEN_25778_1,generator,Bus25778_Gen1,15.297,0.03,72.0,0.000429553264604811,0.013888888888888888,1.0
GEN_25788_1,generator,Bus25788_Gen1,14.649,0.03,72.0,0.000429553264604811,0.013888888888888888,1.0
GEN_25790_1,generator,Bus25790_Gen1,28.597,0.006565,49.38,0.00013381,0.02024975,1.0
GEN_25802_1,generator,Bus25802_Gen1,70.062,0.03,72.0,0.000429553264604811,0.013888888888888888,1.0
GEN_25810_1,generator,Bus25810_Gen1,75.608,0.001,1.37,0.00073244,0.73170732,1.0
GEN_25812_1,generator,Bus25812_Gen1,116.45,0.001,1.37,0.00073244,0.73170732,1.0
GEN_25818_1,generator,Bus25818_Gen1,90.378,0.001,1.37,0.00073244,0.73170732,1.0
GEN_25820_1,generator,Bus25820_Gen1,38.211,0.03,72.0,0.000429553264604811,0.013888888888888888,1.0
GEN_25842_1,generator,Bus25842_Gen1,90.723,0.001,1.37,0.00073244,0.73170732,1.0
GEN_25852_1,generator,Bus25852_Gen1,11.967,0.001,48.0,2.085e-05,0.02083333,1.0
GEN_25854_1,generator,Bus25854_Gen1,23.651,0.03,72.0,0.000429553264604811,0.013888888888888888,1.0
GEN_25856_1,generator,Bus25856_Gen1,35.247,0.006565,49.38,0.00013381,0.02024975,1.0
GEN_25864_1,generator,Bus25864_Gen1,9.479,0.001,48.0,2.085e-05,0.02083333,1.0
GEN_25902_1,generator,Bus25902_Gen1,21.027,0.03,72.0,0.000429553264604811,0.013888888888888888,1.0
GEN_25904_1,generator,Bus25904_Gen1,7.494,0.001,48.0,2.085e-05,0.02083333,1.0
GEN_25906_1,generator,Bus25906_Gen1,17.4,0.03,72.0,0.000429553264604811,0.013888888888888888,1.0
GEN_25910_1,generator,Bus25910_Gen1,27.551,0.006565,49.38,0.00013381,0.02024975,1.0
GEN_25914_1,generator,Bus25914_Gen1,34.752,0.006565,49.38,0.00013381,0.02024975,1.0
GEN_25916_1,generator,Bus25916_Gen1,30.773,0.006565,49.38,0.00013381,0.02024975,1.0
GEN_25942_1,generator,Bus25942_Gen1,57.297,0.001,48.0,2.085e-05,0.02083333,1.0
GEN_25944_1,generator,Bus25944_Gen1,118.032,0.001,1.37,0.00073244,0.73170732,1.0
GEN_25956_1,generator,Bus25956_Gen1,77.906,0.001,1.37,0.00073244,0.73170732,1.0
GEN_25976_1,generator,Bus25976_Gen1,41.719,0.03,72.0,0.000429553264604811,0.013888888888888888,1.0
GEN_25978_1,generator,Bus25978_Gen1,52.283,0.001,48.0,2.085e-05,0.02083333,1.0
GEN_25980_1,generator,Bus25980_Gen1,25.338,0.006565,49.38,0.00013381,0.02024975,1.0
GEN_25984_1,generator,Bus25984_Gen1,54.312,0.001,48.0,2.085e-05,0.02083333,1.0
GEN_25996_1,generator,Bus25996_Gen1,28.789,0.006565,49.38,0.00013381,0.02024975,1.0
GEN_25998_1,generator,Bus25998_Gen1,37.027,0.006565,49.38,0.00013381,0.02024975,1.0
GEN_26004_1,generator,Bus26004_Gen1,8.757,0.001,48.0,2.085e-05,0.02083333,1.0
GEN_26010_1,generator,Bus26010_Gen1,34.457,0.006565,49.38,0.00013381,0.02024975,1.0
GEN_26012_1,generator,Bus26012_Gen1,28.958,0.006565,49.38,0.00013381,0.02024975,1.0
GEN_26018_1,generator,Bus26018_Gen1,84.677,0.001,1.37,0.00073244,0.73170732,1.0
GEN_26024_1,generator,Bus26024_Gen1,13.087,0.001,48.0,2.085e-05,0.02083333,1.0
GEN_26034_1,generator,Bus26034_Gen1,28.877,0.006565,49.38,0.00013381,0.02024975,1.0
GEN_26040_1,generator,Bus26040_Gen1,64.669,0.001,48.0,2.085e-05,0.02083333,1.0
GEN_26044_1,generator,Bus26044_Gen1,32.313,0.006565,49.38,0.00013381,0.02024975,1.0
GEN_26056_1,generator,Bus26056_Gen1,14.872,0.03,72.0,0.000429553264604811,0.013888888888888888,1.0
GEN_26060_1,generator,Bus26060_Gen1,14.253,0.03,72.0,0.000429553264604811,0.013888888888888888,1.0
GEN_26064_1,generator,Bus26064_Gen1,29.993,0.006565,49.38,0.00013381,0.02024975,1.0
GEN_26068_1,generator,Bus26068_Gen1,6.091,0.03,72.0,0.000429553264604811,0.013888888888888888,1.0
GEN_26072_1,generator,Bus26072_Gen1,26.101,0.006565,49.38,0.00013381,0.02024975,1.0
GEN_26074_1,generator,Bus26074_Gen1,29.991,0.006565,49.38,0.00013381,0.02024975,1.0
GEN_26076_1,generator,Bus26076_Gen1,60.687,0.001,48.0,2.085e-05,0.02083333,1.0
GEN_26080_1,generator,Bus26080_Gen1,12.771,0.001,48.0,2.085e-05,0.02083333,1.0
GEN_26084_1,generator,Bus26084_Gen1,66.664,0.001,48.0,2.085e-05,0.02083333,1.0
GEN_26086_1,generator,Bus26086_Gen1,46.18,0.001,48.0,2.085e-05,0.02083333,1.0
GEN_26096_1,generator,Bus26096_Gen1,10.922,0.001,48.0,2.085e-05,0.02083333,1.0
GEN_26098_1,generator,Bus26098_Gen1,10.922,0.001,48.0,2.085e-05,0.02083333,1.0
GEN_26106_1,generator,Bus26106_Gen1,35.859,0.006565,49.38,0.00013381,0.02024975,1.0
GEN_26108_1,generator,Bus26108_Gen1,23.571,0.03,72.0,0.000429553264604811,0.013888888888888888,1.0
GEN_26110_1,generator,Bus26110_Gen1,14.064,0.03,72.0,0.000429553264604811,0.013888888888888888,1.0
GEN_26112_1,generator,Bus26112_Gen1,39.696,0.03,72.0,0.000429553264604811,0.013888888888888888,1.0
GEN_26116_1,generator,Bus26116_Gen1,44.998,0.03,72.0,0.000429553264604811,0.013888888888888888,1.0
GEN_26120_1,generator,Bus26120_Gen1,22.135,0.03,72.0,0.000429553264604811,0.013888888888888888,1.0
GEN_26126_1,generator,Bus26126_Gen1,40.059,0.03,72.0,0.000429553264604811,0.013888888888888888,1.0
GEN_26128_1,generator,Bus26128_Gen1,79.123,0.001,1.37,0.00073244,0.73170732,1.0
GEN_26130_1,generator,Bus26130_Gen1,18.235,0.03,72.0,0.000429553264604811,0.013888888888888888,1.0
GEN_26140_1,generator,Bus26140_Gen1,57.304,0.001,48.0,2.085e-05,0.02083333,1.0
GEN_26162_1,generator,Bus26162_Gen1,32.164,0.006565,49.38,0.00013381,0.02024975,1.0
GEN_26166_1,generator,Bus26166_Gen1,0.918,0.163078,437.99,0.00044488,0.00228316,1.0
GEN_26170_1,generator,Bus26170_Gen1,1.682,0.001,48.0,2.085e-05,0.02083333,1.0
GEN_26204_1,generator,Bus26204_Gen1,41.725,0.03,72.0,0.000429553264604811,0.013888888888888888,1.0
GEN_26208_1,generator,Bus26208_Gen1,10.235,0.001,48.0,2.085e-05,0.02083333,1.0
GEN_26218_1,generator,Bus26218_Gen1,26.126,0.006565,49.38,0.00013381,0.02024975,1.0
GEN_26220_1,generator,Bus26220_Gen1,12.641,0.001,48.0,2.085e-05,0.02083333,1.0
GEN_26224_1,generator,Bus26224_Gen1,29.2,0.006565,49.38,0.00013381,0.02024975,1.0
GEN_26228_1,generator,Bus26228_Gen1,28.412,0.006565,49.38,0.00013381,0.02024975,1.0
GEN_26234_1,generator,Bus26234_Gen1,10.007,0.001,48.0,2.085e-05,0.02083333,1.0
GEN_26236_1,generator,Bus26236_Gen1,3.815,0.001,48.0,2.085e-05,0.02083333,1.0
GEN_26302_1,generator,Bus26302_Gen1,3.605,0.001,48.0,2.085e-05,0.02083333,1.0
GEN_26306_1,generator,Bus26306_Gen1,7.969,0.001,48.0,2.085e-05,0.02083333,1.0
GEN_26310_1,generator,Bus26310_Gen1,21.764,0.03,72.0,0.000429553264604811,0.013888888888888888,1.0
GEN_26312_1,generator,Bus26312_Gen1,4.393,0.001,48.0,2.085e-05,0.02083333,1.0
GEN_26318_1,generator,Bus26318_Gen1,8.749,0.001,48.0,2.085e-05,0.02083333,1.0
GEN_26320_1,generator,Bus26320_Gen1,6.334,0.03,72.0,0.000429553264604811,0.013888888888888888,1.0
GEN_26322_1,generator,Bus26322_Gen1,6.898,0.001,48.0,2.085e-05,0.02083333,1.0
GEN_26330_1,generator,Bus26330_Gen1,1.18,0.001,48.0,2.085e-05,0.02083333,1.0
GEN_26354_1,generator,Bus26354_Gen1,8.967,0.001,48.0,2.085e-05,0.02083333,1.0
GEN_26362_1,generator,Bus26362_Gen1,7.961,0.001,48.0,2.085e-05,0.02083333,1.0
GEN_26368_1,generator,Bus26368_Gen1,7.741,0.001,48.0,2.085e-05,0.02083333,1.0
GEN_26370_1,generator,Bus26370_Gen1,20.347,0.03,72.0,0.000429553264604811,0.013888888888888888,1.0
GEN_26372_1,generator,Bus26372_Gen1,1.152,0.001,48.0,2.085e-05,0.02083333,1.0
GEN_26408_1,generator,Bus26408_Gen1,31.854,0.006565,49.38,0.00013381,0.02024975,1.0
GEN_26410_1,generator,Bus26410_Gen1,6.06,0.03,72.0,0.000429553264604811,0.013888888888888888,1.0
GEN_26452_1,generator,Bus26452_Gen1,19.844,0.03,72.0,0.000429553264604811,0.013888888888888888,1.0
GEN_26456_1,generator,Bus26456_Gen1,22.784,0.03,72.0,0.000429553264604811,0.013888888888888888,1.0
GEN_26458_1,generator,Bus26458_Gen1,61.257,0.001,48.0,2.085e-05,0.02083333,1.0
GEN_26512_1,generator,Bus26512_Gen1,54.565,0.001,48.0,2.085e-05,0.02083333,1.0
GEN_26514_1,generator,Bus26514_Gen1,35.785,0.006565,49.38,0.00013381,0.02024975,1.0
GEN_26522_1,generator,Bus26522_Gen1,70.139,0.03,72.0,0.000429553264604811,0.013888888888888888,1.0
GEN_27002_1,generator,Bus27002_Gen1,10.861,0.001,48.0,2.085e-05,0.02083333,1.0
GEN_27004_1,generator,Bus27004_Gen1,2.61,0.001,48.0,2.085e-05,0.02083333,1.0
GEN_27006_1,generator,Bus27006_Gen1,0.931,0.163078,437.99,0.00044488,0.00228316,1.0
GEN_27012_1,generator,Bus27012_Gen1,9.288,0.001,48.0,2.085e-05,0.02083333,1.0
GEN_27014_1,generator,Bus27014_Gen1,6.714,0.001,48.0,2.085e-05,0.02083333,1.0
GEN_27020_1,generator,Bus27020_Gen1,10.275,0.001,48.0,2.085e-05,0.02083333,1.0
GEN_27022_1,generator,Bus27022_Gen1,5.278,0.03,72.0,0.000429553264604811,0.013888888888888888,1.0
GEN_27024_1,generator,Bus27024_Gen1,6.289,0.03,72.0,0.000429553264604811,0.013888888888888888,1.0
GEN_27030_1,generator,Bus27030_Gen1,8.557,0.001,48.0,2.085e-05,0.02083333,1.0
GEN_27032_1,generator,Bus27032_Gen1,5.588,0.03,72.0,0.000429553264604811,0.013888888888888888,1.0
GEN_60180_1,generator,Bus60180_Gen1,60.0,0.001,48.0,2.085e-05,0.02083333,1.0
GEN_60200_1,generator,Bus60200_Gen1,60.0,0.001,48.0,2.085e-05,0.02083333,1.0
GEN_65000_1,generator,Bus65000_Gen1,21.6,0.03,72.0,0.000429553264604811,0.013888888888888888,1.0
LINE_10_30_2,line,Line_10_30_2,0.0,0.00027389756231169547,24.0,1.1415525114155251e-05,0.041666666666666664,1.0
LINE_10_1550_W,line,Line_10_1550_W,0.0,0.00027389756231169547,24.0,1.1415525114155251e-05,0.041666666666666664,1.0
LINE_10_1750_R,line,Line_10_1750_R,0.0,0.00027389756231169547,24.0,1.1415525114155251e-05,0.041666666666666664,1.0
LINE_10_1750_W,line,Line_10_1750_W,0.0,0.00027389756231169547,24.0,1.1415525114155251e-05,0.041666666666666664,1.0
LINE_30_100_1,line,Line_30_100_1,0.0,0.00027389756231169547,24.0,1.1415525114155251e-05,0.041666666666666664,1.0
LINE_30_1550_2,line,Line_30_1550_2,0.0,0.00027389756231169547,24.0,1.1415525114155251e-05,0.041666666666666664,1.0
LINE_30_1550_4,line,Line_30_1550_4,0.0,0.00027389756231169547,24.0,1.1415525114155251e-05,0.041666666666666664,1.0
LINE_51_4127_1,line,Line_51_4127_1,0.0,0.00027389756231169547,24.0,1.1415525114155251e-05,0.041666666666666664,1.0
LINE_51_7511_M,line,Line_51_7511_M,0.0,0.00027389756231169547,24.0,1.1415525114155251e-05,0.041666666666666664,1.0
LINE_100_1550_1,line,Line_100_1550_1,0.0,0.00027389756231169547,24.0,1.1415525114155251e-05,0.041666666666666664,1.0
LINE_100_1650_R,line,Line_100_1650_R,0.0,0.00027389756231169547,24.0,1.1415525114155251e-05,0.041666666666666664,1.0
LINE_100_1650_W,line,Line_100_1650_W,0.0,0.00027389756231169547,24.0,1.1415525114155251e-05,0.041666666666666664,1.0
LINE_210_1750_1,line,Line_210_1750_1,0.0,0.00027389756231169547,24.0,1.1415525114155251e-05,0.041666666666666664,1.0
LINE_210_1750_2,line,Line_210_1750_2,0.0,0.00027389756231169547,24.0,1.1415525114155251e-05,0.041666666666666664,1.0
LINE_220_230_@1,line,Line_220_230_@1,0.0,0.00027389756231169547,24.0,1.1415525114155251e-05,0.041666666666666664,1.0
LINE_220_230_@2,line,Line_220_230_@2,0.0,0.00027389756231169547,24.0,1.1415525114155251e-05,0.041666666666666664,1.0
LINE_220_295_3,line,Line_220_295_3,0.0,0.00027389756231169547,24.0,1.1415525114155251e-05,0.041666666666666664,1.0
LINE_220_295_4,line,Line_220_295_4,0.0,0.00027389756231169547,24.0,1.1415525114155251e-05,0.041666666666666664,1.0
LINE_220_3291_1,line,Line_220_3291_1,0.0,0.00027389756231169547,24.0,1.1415525114155251e-05,0.041666666666666664,1.0
LINE_220_3291_2,line,Line_220_3291_2,0.0,0.00027389756231169547,24.0,1.1415525114155251e-05,0.041666666666666664,1.0
LINE_230_294_1,line,Line_230_294_1,0.0,0.00027389756231169547,24.0,1.1415525114155251e-05,0.041666666666666664,1.0
LINE_230_294_2,line,Line_230_294_2,0.0,0.00027389756231169547,24.0,1.1415525114155251e-05,0.041666666666666664,1.0
LINE_230_3281_M,line,Line_230_3281_M,0.0,0.00027389756231169547,24.0,1.1415525114155251e-05,0.041666666666666664,1.0
LINE_230_3281_O,line,Line_230_3281_O,0.0,0.00027389756231169547,24.0,1.1415525114155251e-05,0.041666666666666664,1.0
LINE_230_4611_R,line,Line_230_4611_R,0.0,0.00027389756231169547,24.0,1.1415525114155251e-05,0.041666666666666664,1.0
LINE_230_4611_W,line,Line_230_4611_W,0.0,0.00027389756231169547,24.0,1.1415525114155251e-05,0.041666666666666664,1.0
LINE_230_40000_1,line,Line_230_40000_1,0.0,0.00027389756231169547,24.0,1.1415525114155251e-05,0.041666666666666664,1.0
LINE_233_20233_1,line,Line_233_20233_1,0.0,0.00027389756231169547,24.0,1.1415525114155251e-05,0.041666666666666664,1.0
LINE_291_292_@1,line,Line_291_292_@1,0.0,0.00027389756231169547,24.0,1.1415525114155251e-05,0.041666666666666664,1.0
LINE_291_292_@2,line,Line_291_292_@2,0.0,0.00027389756231169547,24.0,1.1415525114155251e-05,0.041666666666666664,1.0
LINE_291_294_@1,line,Line_291_294_@1,0.0,0.00027389756231169547,24.0,1.1415525114155251e-05,0.041666666666666664,1.0
LINE_291_294_@2,line,Line_291_294_@2,0.0,0.00027389756231169547,24.0,1.1415525114155251e-05,0.041666666666666664,1.0
LINE_291_4759_R,line,Line_291_4759_R,0.0,0.00027389756231169547,24.0,1.1415525114155251e-05,0.041666666666666664,1.0
LINE_291_4759_W,line,Line_291_4759_W,0.0,0.00027389756231169547,24.0,1.1415525114155251e-05,0.041666666666666664,1.0
LINE_291_7635_1,line,Line_291_7635_1,0.0,0.00027389756231169547,24.0,1.1415525114155251e-05,0.041666666666666664,1.0
LINE_291_91851_1,line,Line_291_91851_1,0.0,0.00027389756231169547,24.0,1.1415525114155251e-05,0.041666666666666664,1.0
LINE_291_91852_1,line,Line_291_91852_1,0.0,0.00027389756231169547,24.0,1.1415525114155251e-05,0.041666666666666664,1.0
LINE_291_91853_1,line,Line_291_91853_1,0.0,0.00027389756231169547,24.0,1.1415525114155251e-05,0.041666666666666664,1.0
LINE_292_293_@1,line,Line_292_293_@1,0.0,0.00027389756231169547,24.0,1.1415525114155251e-05,0.041666666666666664,1.0
LINE_292_293_@2,line,Line_292_293_@2,0.0,0.00027389756231169547,24.0,1.1415525114155251e-05,0.041666666666666664,1.0
LINE_292_3341_R,line,Line_292_3341_R,0.0,0.00027389756231169547,24.0,1.1415525114155251e-05,0.041666666666666664,1.0
LINE_292_3341_W,line,Line_292_3341_W,0.0,0.00027389756231169547,24.0,1.1415525114155251e-05,0.041666666666666664,1.0
LINE_292_4705_1,line,Line_292_4705_1,0.0,0.00027389756231169547,24.0,1.1415525114155251e-05,0.041666666666666664,1.0
LINE_292_40030_1,line,Line_292_40030_1,0.0,0.00027389756231169547,24.0,1.1415525114155251e-05,0.041666666666666664,1.0
LINE_292_91861_1,line,Line_292_91861_1,0.0,0.00027389756231169547,24.0,1.1415525114155251e-05,0.041666666666666664,1.0
LINE_292_91862_1,line,Line_292_91862_1,0.0,0.00027389756231169547,24.0,1.1415525114155251e-05,0.041666666666666664,1.0
LINE_292_91863_1,line,Line_292_91863_1,0.0,0.00027389756231169547,24.0,1.1415525114155251e-05,0.041666666666666664,1.0
LINE_293_3371_1,line,Line_293_3371_1,0.0,0.00027389756231169547,24.0,1.1415525114155251e-05,0.041666666666666664,1.0
LINE_293_3371_2,line,Line_293_3371_2,0.0,0.00027389756231169547,24.0,1.1415525114155251e-05,0.041666666666666664,1.0
LINE_293_4757_1,line,Line_293_4757_1,0.0,0.00027389756231169547,24.0,1.1415525114155251e-05,0.041666666666666664,1.0
LINE_293_4757_2,line,Line_293_4757_2,0.0,0.00027389756231169547,24.0,1.1415525114155251e-05,0.041666666666666664,1.0
LINE_294_295_@1,line,Line_294_295_@1,0.0,0.00027389756231169547,24.0,1.1415525114155251e-05,0.041666666666666664,1.0
LINE_294_295_@2,line,Line_294_295_@2,0.0,0.00027389756231169547,24.0,1.1415525114155251e-05,0.041666666666666664,1.0
LINE_300_2030_1,line,Line_300_2030_1,0.0,0.00027389756231169547,24.0,1.1415525114155251e-05,0.041666666666666664,1.0
LINE_300_2030_2,line,Line_300_2030_2,0.0,0.00027389756231169547,24.0,1.1415525114155251e-05,0.041666666666666664,1.0
LINE_410_1501_W,line,Line_410_1501_W,0.0,0.00027389756231169547,24.0,1.1415525114155251e-05,0.041666666666666664,1.0
LINE_410_4001_W,line,Line_410_4001_W,0.0,0.00027389756231169547,24.0,1.1415525114155251e-05,0.041666666666666664,1.0
LINE_450_7501_O,line,Line_450_7501_O,0.0,0.00027389756231169547,24.0,1.1415525114155251e-05,0.041666666666666664,1.0
LINE_450_7502_M,line,Line_450_7502_M,0.0,0.00027389756231169547,24.0,1.1415525114155251e-05,0.041666666666666664,1.0
LINE_511_521_@1,line,Line_511_521_@1,0.0,0.00027389756231169547,24.0,1.1415525114155251e-05,0.041666666666666664,1.0
LINE_511_521_@2,line,Line_511_521_@2,0.0,0.00027389756231169547,24.0,1.1415525114155251e-05,0.041666666666666664,1.0
LINE_511_5683_1,line,Line_511_5683_1,0.0,0.00027389756231169547,24.0,1.1415525114155251e-05,0.041666666666666664,1.0
LINE_511_5789_1,line,Line_511_5789_1,0.0,0.00027389756231169547,24.0,1.1415525114155251e-05,0.041666666666666664,1.0
LINE_511_7686_R,line,Line_511_7686_R,0.0,0.00027389756231169547,24.0,1.1415525114155251e-05,0.041666666666666664,1.0
LINE_511_7687_W,line,Line_511_7687_W,0.0,0.00027389756231169547,24.0,1.1415525114155251e-05,0.041666666666666664,1.0
LINE_511_7709_1,line,Line_511_7709_1,0.0,0.00027389756231169547,24.0,1.1415525114155251e-05,0.041666666666666664,1.0
LINE_511_7710_1,line,Line_511_7710_1,0.0,0.00027389756231169547,24.0,1.1415525114155251e-05,0.041666666666666664,1.0
LINE_511_8400_1,line,Line_511_8400_1,0.0,0.00027389756231169547,24.0,1.1415525114155251e-05,0.041666666666666664,1.0
LINE_511_8400_2,line,Line_511_8400_2,0.0,0.00027389756231169547,24.0,1.1415525114155251e-05,0.041666666666666664,1.0
LINE_511_8403_1,line,Line_511_8403_1,0.0,0.00027389756231169547,24.0,1.1415525114155251e-05,0.041666666666666664,1.0
LINE_513_10513_1,line,Line_513_10513_1,0.0,0.00027389756231169547,24.0,1.1415525114155251e-05,0.041666666666666664,1.0
LINE_513_20513_1,line,Line_513_20513_1,0.0,0.00027389756231169547,24.0,1.1415525114155251e-05,0.041666666666666664,1.0
LINE_521_8410_1,line,Line_521_8410_1,0.0,0.00027389756231169547,24.0,1.1415525114155251e-05,0.041666666666666664,1.0
LINE_521_8410_2,line,Line_521_8410_2,0.0,0.00027389756231169547,24.0,1.1415525114155251e-05,0.041666666666666664,1.0
LINE_530_540_@1,line,Line_530_540_@1,0.0,0.00027389756231169547,24.0,1.1415525114155251e-05,0.041666666666666664,1.0
LINE_530_540_@2,line,Line_530_540_@2,0.0,0.00027389756231169547,24.0,1.1415525114155251e-05,0.041666666666666664,1.0
LINE_530_2130_R,line,Line_530_2130_R,0.0,0.00027389756231169547,24.0,1.1415525114155251e-05,0.041666666666666664,1.0
LINE_530_2150_N,line,Line_530_2150_N,0.0,0.00027389756231169547,24.0,1.1415525114155251e-05,0.041666666666666664,1.0
LINE_530_2150_S,line,Line_530_2150_S,0.0,0.00027389756231169547,24.0,1.1415525114155251e-05,0.041666666666666664,1.0
LINE_530_2170_W,line,Line_530_2170_W,0.0,0.00027389756231169547,24.0,1.1415525114155251e-05,0.041666666666666664,1.0
LINE_530_90530_1,line,Line_530_90530_1,0.0,0.00027389756231169547,24.0,1.1415525114155251e-05,0.041666666666666664,1.0
LINE_530_90540_1,line,Line_530_90540_1,0.0,0.00027389756231169547,24.0,1.1415525114155251e-05,0.041666666666666664,1.0
LINE_540_550_@1,line,Line_540_550_@1,0.0,0.00027389756231169547,24.0,1.1415525114155251e-05,0.041666666666666664,1.0
LINE_540_550_@2,line,Line_540_550_@2,0.0,0.00027389756231169547,24.0,1.1415525114155251e-05,0.041666666666666664,1.0
LINE_540_2350_1,line,Line_540_2350_1,0.0,0.00027389756231169547,24.0,1.1415525114155251e-05,0.041666666666666664,1.0
LINE_540_2480_1,line,Line_540_2480_1,0.0,0.00027389756231169547,24.0,1.1415525114155251e-05,0.041666666666666664,1.0
LINE_550_2300_1,line,Line_550_2300_1,0.0,0.00027389756231169547,24.0,1.1415525114155251e-05,0.041666666666666664,1.0
LINE_550_2350_2,line,Line_550_2350_2,0.0,0.00027389756231169547,24.0,1.1415525114155251e-05,0.041666666666666664,1.0
LINE_600_601_@1,line,Line_600_601_@1,0.0,0.00027389756231169547,24.0,1.1415525114155251e-05,0.041666666666666664,1.0
LINE_600_610_@1,line,Line_600_610_@1,0.0,0.00027389756231169547,24.0,1.1415525114155251e-05,0.041666666666666664,1.0
LINE_600_3411_2,line,Line_600_3411_2,0.0,0.00027389756231169547,24.0,1.1415525114155251e-05,0.041666666666666664,1.0
LINE_600_8310_1,line,Line_600_8310_1,0.0,0.00027389756231169547,24.0,1.1415525114155251e-05,0.041666666666666664,1.0
LINE_601_628_@1,line,Line_601_628_@1,0.0,0.00027389756231169547,24.0,1.1415525114155251e-05,0.041666666666666664,1.0
LINE_601_3411_1,line,Line_601_3411_1,0.0,0.00027389756231169547,24.0,1.1415525114155251e-05,0.041666666666666664,1.0
LINE_610_611_@1,line,Line_610_611_@1,0.0,0.00027389756231169547,24.0,1.1415525114155251e-05,0.041666666666666664,1.0
LINE_610_7653_1,line,Line_610_7653_1,0.0,0.00027389756231169547,24.0,1.1415525114155251e-05,0.041666666666666664,1.0
LINE_611_620_@1,line,Line_611_620_@1,0.0,0.00027389756231169547,24.0,1.1415525114155251e-05,0.041666666666666664,1.0
LINE_611_7652_1,line,Line_611_7652_1,0.0,0.00027389756231169547,24.0,1.1415525114155251e-05,0.041666666666666664,1.0
LINE_620_628_@1,line,Line_620_628_@1,0.0,0.00027389756231169547,24.0,1.1415525114155251e-05,0.041666666666666664,1.0
LINE_620_3461_W,line,Line_620_3461_W,0.0,0.00027389756231169547,24.0,1.1415525114155251e-05,0.041666666666666664,1.0
LINE_628_5027_1,line,Line_628_5027_1,0.0,0.00027389756231169547,24.0,1.1415525114155251e-05,0.041666666666666664,1.0
LINE_650_660_@1,line,Line_650_660_@1,0.0,0.00027389756231169547,24.0,1.1415525114155251e-05,0.041666666666666664,1.0
LINE_650_660_@2,line,Line_650_660_@2,0.0,0.00027389756231169547,24.0,1.1415525114155251e-05,0.041666666666666664,1.0
LINE_650_2060_R,line,Line_650_2060_R,0.0,0.00027389756231169547,24.0,1.1415525114155251e-05,0.041666666666666664,1.0
LINE_650_2060_W,line,Line_650_2060_W,0.0,0.00027389756231169547,24.0,1.1415525114155251e-05,0.041666666666666664,1.0
LINE_652_10652_1,line,Line_652_10652_1,0.0,0.00027389756231169547,24.0,1.1415525114155251e-05,0.041666666666666664,1.0
LINE_652_20652_1,line,Line_652_20652_1,0.0,0.00027389756231169547,24.0,1.1415525114155251e-05,0.041666666666666664,1.0
LINE_691_697_1,line,Line_691_697_1,0.0,0.00027389756231169547,24.0,1.1415525114155251e-05,0.041666666666666664,1.0
LINE_692_697_2,line,Line_692_697_2,0.0,0.00027389756231169547,24.0,1.1415525114155251e-05,0.041666666666666664,1.0
LINE_693_697_3,line,Line_693_697_3,0.0,0.00027389756231169547,24.0,1.1415525114155251e-05,0.041666666666666664,1.0
LINE_700_2480_1,line,Line_700_2480_1,0.0,0.00027389756231169547,24.0,1.1415525114155251e-05,0.041666666666666664,1.0
LINE_700_2480_2,line,Line_700_2480_2,0.0,0.00027389756231169547,24.0,1.1415525114155251e-05,0.041666666666666664,1.0
LINE_700_2480_3,line,Line_700_2480_3,0.0,0.00027389756231169547,24.0,1.1415525114155251e-05,0.041666666666666664,1.0
LINE_700_3000_1,line,Line_700_3000_1,0.0,0.00027389756231169547,24.0,1.1415525114155251e-05,0.041666666666666664,1.0
LINE_710_720_@1,line,Line_710_720_@1,0.0,0.00027389756231169547,24.0,1.1415525114155251e-05,0.041666666666666664,1.0
LINE_710_720_@2,line,Line_710_720_@2,0.0,0.00027389756231169547,24.0,1.1415525114155251e-05,0.041666666666666664,1.0
LINE_710_2490_3,line,Line_710_2490_3,0.0,0.00027389756231169547,24.0,1.1415525114155251e-05,0.041666666666666664,1.0
LINE_710_3000_1,line,Line_710_3000_1,0.0,0.00027389756231169547,24.0,1.1415525114155251e-05,0.041666666666666664,1.0
LINE_720_2490_1,line,Line_720_2490_1,0.0,0.00027389756231169547,24.0,1.1415525114155251e-05,0.041666666666666664,1.0
LINE_720_2490_2,line,Line_720_2490_2,0.0,0.00027389756231169547,24.0,1.1415525114155251e-05,0.041666666666666664,1.0
LINE_800_820_N,line,Line_800_820_N,0.0,0.00027389756231169547,24.0,1.1415525114155251e-05,0.041666666666666664,1.0
LINE_800_820_S,line,Line_800_820_S,0.0,0.00027389756231169547,24.0,1.1415525114155251e-05,0.041666666666666664,1.0
LINE_800_840_N,line,Line_800_840_N,0.0,0.00027389756231169547,24.0,1.1415525114155251e-05,0.041666666666666664,1.0
LINE_800_840_S,line,Line_800_840_S,0.0,0.00027389756231169547,24.0,1.1415525114155251e-05,0.041666666666666664,1.0
LINE_800_5525_1,line,Line_800_5525_1,0.0,0.00027389756231169547,24.0,1.1415525114155251e-05,0.041666666666666664,1.0
LINE_800_5609_N,line,Line_800_5609_N,0.0,0.00027389756231169547,24.0,1.1415525114155251e-05,0.041666666666666664,1.0
LINE_800_5609_S,line,Line_800_5609_S,0.0,0.00027389756231169547,24.0,1.1415525114155251e-05,0.041666666666666664,1.0
LINE_800_7668_1,line,Line_800_7668_1,0.0,0.00027389756231169547,24.0,1.1415525114155251e-05,0.041666666666666664,1.0
LINE_805_20805_1,line,Line_805_20805_1,0.0,0.00027389756231169547,24.0,1.1415525114155251e-05,0.041666666666666664,1.0
LINE_822_20822_1,line,Line_822_20822_1,0.0,0.00027389756231169547,24.0,1.1415525114155251e-05,0.041666666666666664,1.0
LINE_830_7661_2,line,Line_830_7661_2,0.0,0.00027389756231169547,24.0,1.1415525114155251e-05,0.041666666666666664,1.0
LINE_830_7664_1,line,Line_830_7664_1,0.0,0.00027389756231169547,24.0,1.1415525114155251e-05,0.041666666666666664,1.0
LINE_834_20834_1,line,Line_834_20834_1,0.0,0.00027389756231169547,24.0,1.1415525114155251e-05,0.041666666666666664,1.0
LINE_844_20844_1,line,Line_844_20844_1,0.0,0.00027389756231169547,24.0,1.1415525114155251e-05,0.041666666666666664,1.0
LINE_850_860_M,line,Line_850_860_M,0.0,0.00027389756231169547,24.0,1.1415525114155251e-05,0.041666666666666664,1.0
LINE_850_860_O,line,Line_850_860_O,0.0,0.00027389756231169547,24.0,1.1415525114155251e-05,0.041666666666666664,1.0
LINE_850_870_1,line,Line_850_870_1,0.0,0.00027389756231169547,24.0,1.1415525114155251e-05,0.041666666666666664,1.0
LINE_850_2201_O,line,Line_850_2201_O,0.0,0.00027389756231169547,24.0,1.1415525114155251e-05,0.041666666666666664,1.0
LINE_850_3481_1,line,Line_850_3481_1,0.0,0.00027389756231169547,24.0,1.1415525114155251e-05,0.041666666666666664,1.0
LINE_850_5647_1,line,Line_850_5647_1,0.0,0.00027389756231169547,24.0,1.1415525114155251e-05,0.041666666666666664,1.0
LINE_850_6009_M,line,Line_850_6009_M,0.0,0.00027389756231169547,24.0,1.1415525114155251e-05,0.041666666666666664,1.0
LINE_850_6009_O,line,Line_850_6009_O,0.0,0.00027389756231169547,24.0,1.1415525114155251e-05,0.041666666666666664,1.0
LINE_853_20853_1,line,Line_853_20853_1,0.0,0.00027389756231169547,24.0,1.1415525114155251e-05,0.041666666666666664,1.0
LINE_870_875_1,line,Line_870_875_1,0.0,0.00027389756231169547,24.0,1.1415525114155251e-05,0.041666666666666664,1.0
LINE_872_20872_1,line,Line_872_20872_1,0.0,0.00027389756231169547,24.0,1.1415525114155251e-05,0.041666666666666664,1.0
LINE_875_3481_1,line,Line_875_3481_1,0.0,0.00027389756231169547,24.0,1.1415525114155251e-05,0.041666666666666664,1.0
LINE_880_7654_1,line,Line_880_7654_1,0.0,0.00027389756231169547,24.0,1.1415525114155251e-05,0.041666666666666664,1.0
LINE_880_7655_1,line,Line_880_7655_1,0.0,0.00027389756231169547,24.0,1.1415525114155251e-05,0.041666666666666664,1.0
LINE_883_20883_1,line,Line_883_20883_1,0.0,0.00027389756231169547,24.0,1.1415525114155251e-05,0.041666666666666664,1.0
LINE_890_5525_1,line,Line_890_5525_1,0.0,0.00027389756231169547,24.0,1.1415525114155251e-05,0.041666666666666664,1.0
LINE_890_7669_1,line,Line_890_7669_1,0.0,0.00027389756231169547,24.0,1.1415525114155251e-05,0.041666666666666664,1.0
LINE_1000_2930_1,line,Line_1000_2930_1,0.0,0.00027389756231169547,24.0,1.1415525114155251e-05,0.041666666666666664,1.0
LINE_1000_2950_1,line,Line_1000_2950_1,0.0,0.00027389756231169547,24.0,1.1415525114155251e-05,0.041666666666666664,1.0
LINE_1000_2950_2,line,Line_1000_2950_2,0.0,0.00027389756231169547,24.0,1.1415525114155251e-05,0.041666666666666664,1.0
LINE_1000_2950_3,line,Line_1000_2950_3,0.0,0.00027389756231169547,24.0,1.1415525114155251e-05,0.041666666666666664,1.0
LINE_1020_3921_1,line,Line_1020_3921_1,0.0,0.00027389756231169547,24.0,1.1415525114155251e-05,0.041666666666666664,1.0
LINE_1020_3941_1,line,Line_1020_3941_1,0.0,0.00027389756231169547,24.0,1.1415525114155251e-05,0.041666666666666664,1.0
LINE_1030_1043_1,line,Line_1030_1043_1,0.0,0.00027389756231169547,24.0,1.1415525114155251e-05,0.041666666666666664,1.0
LINE_1030_3692_R,line,Line_1030_3692_R,0.0,0.00027389756231169547,24.0,1.1415525114155251e-05,0.041666666666666664,1.0
LINE_1030_3692_W,line,Line_1030_3692_W,0.0,0.00027389756231169547,24.0,1.1415525114155251e-05,0.041666666666666664,1.0
LINE_1050_1090_1,line,Line_1050_1090_1,0.0,0.00027389756231169547,24.0,1.1415525114155251e-05,0.041666666666666664,1.0
LINE_1050_2660_1,line,Line_1050_2660_1,0.0,0.00027389756231169547,24.0,1.1415525114155251e-05,0.041666666666666664,1.0
LINE_1050_2680_R,line,Line_1050_2680_R,0.0,0.00027389756231169547,24.0,1.1415525114155251e-05,0.041666666666666664,1.0
LINE_1051_6111_1,line,Line_1051_6111_1,0.0,0.00027389756231169547,24.0,1.1415525114155251e-05,0.041666666666666664,1.0
LINE_1051_6111_2,line,Line_1051_6111_2,0.0,0.00027389756231169547,24.0,1.1415525114155251e-05,0.041666666666666664,1.0
LINE_1070_1080_@1,line,Line_1070_1080_@1,0.0,0.00027389756231169547,24.0,1.1415525114155251e-05,0.041666666666666664,1.0
LINE_1070_1080_@2,line,Line_1070_1080_@2,0.0,0.00027389756231169547,24.0,1.1415525114155251e-05,0.041666666666666664,1.0
LINE_1070_2650_1,line,Line_1070_2650_1,0.0,0.00027389756231169547,24.0,1.1415525114155251e-05,0.041666666666666664,1.0
LINE_1080_1090_1,line,Line_1080_1090_1,0.0,0.00027389756231169547,24.0,1.1415525114155251e-05,0.041666666666666664,1.0
LINE_1080_2690_1,line,Line_1080_2690_1,0.0,0.00027389756231169547,24.0,1.1415525114155251e-05,0.041666666666666664,1.0
LINE_1085_21085_1,line,Line_1085_21085_1,0.0,0.00027389756231169547,24.0,1.1415525114155251e-05,0.041666666666666664,1.0
LINE_1090_2670_W,line,Line_1090_2670_W,0.0,0.00027389756231169547,24.0,1.1415525114155251e-05,0.041666666666666664,1.0
LINE_1100_1110_@1,line,Line_1100_1110_@1,0.0,0.00027389756231169547,24.0,1.1415525114155251e-05,0.041666666666666664,1.0
LINE_1100_1110_@2,line,Line_1100_1110_@2,0.0,0.00027389756231169547,24.0,1.1415525114155251e-05,0.041666666666666664,1.0
LINE_1100_1120_@1,line,Line_1100_1120_@1,0.0,0.00027389756231169547,24.0,1.1415525114155251e-05,0.041666666666666664,1.0
LINE_1100_1120_@2,line,Line_1100_1120_@2,0.0,0.00027389756231169547,24.0,1.1415525114155251e-05,0.041666666666666664,1.0
LINE_1100_2901_1,line,Line_1100_2901_1,0.0,0.00027389756231169547,24.0,1.1415525114155251e-05,0.041666666666666664,1.0
LINE_1100_2901_2,line,Line_1100_2901_2,0.0,0.00027389756231169547,24.0,1.1415525114155251e-05,0.041666666666666664,1.0
LINE_1100_3901_4,line,Line_1100_3901_4,0.0,0.00027389756231169547,24.0,1.1415525114155251e-05,0.041666666666666664,1.0
LINE_1110_3891_1,line,Line_1110_3891_1,0.0,0.00027389756231169547,24.0,1.1415525114155251e-05,0.041666666666666664,1.0
LINE_1110_3891_2,line,Line_1110_3891_2,0.0,0.00027389756231169547,24.0,1.1415525114155251e-05,0.041666666666666664,1.0
LINE_1110_7886_3,line,Line_1110_7886_3,0.0,0.00027389756231169547,24.0,1.1415525114155251e-05,0.041666666666666664,1.0
LINE_1110_8717_1,line,Line_1110_8717_1,0.0,0.00027389756231169547,24.0,1.1415525114155251e-05,0.041666666666666664,1.0
LINE_1110_8719_1,line,Line_1110_8719_1,0.0,0.00027389756231169547,24.0,1.1415525114155251e-05,0.041666666666666664,1.0
LINE_1120_3881_1,line,Line_1120_3881_1,0.0,0.00027389756231169547,24.0,1.1415525114155251e-05,0.041666666666666664,1.0
LINE_1120_3881_2,line,Line_1120_3881_2,0.0,0.00027389756231169547,24.0,1.1415525114155251e-05,0.041666666666666664,1.0
LINE_1120_9906_R,line,Line_1120_9906_R,0.0,0.00027389756231169547,24.0,1.1415525114155251e-05,0.041666666666666664,1.0
LINE_1120_9906_W,line,Line_1120_9906_W,0.0,0.00027389756231169547,24.0,1.1415525114155251e-05,0.041666666666666664,1.0
LINE_1123_21123_1,line,Line_1123_21123_1,0.0,0.00027389756231169547,24.0,1.1415525114155251e-05,0.041666666666666664,1.0
LINE_1130_1140_@1,line,Line_1130_1140_@1,0.0,0.00027389756231169547,24.0,1.1415525114155251e-05,0.041666666666666664,1.0
LINE_1130_1140_@2,line,Line_1130_1140_@2,0.0,0.00027389756231169547,24.0,1.1415525114155251e-05,0.041666666666666664,1.0
LINE_1130_2920_1,line,Line_1130_2920_1,0.0,0.00027389756231169547,24.0,1.1415525114155251e-05,0.041666666666666664,1.0
LINE_1140_2920_2,line,Line_1140_2920_2,0.0,0.00027389756231169547,24.0,1.1415525114155251e-05,0.041666666666666664,1.0
LINE_1200_1210_@1,line,Line_1200_1210_@1,0.0,0.00027389756231169547,24.0,1.1415525114155251e-05,0.041666666666666664,1.0
LINE_1200_1210_@2,line,Line_1200_1210_@2,0.0,0.00027389756231169547,24.0,1.1415525114155251e-05,0.041666666666666664,1.0
LINE_1200_2851_1,line,Line_1200_2851_1,0.0,0.00027389756231169547,24.0,1.1415525114155251e-05,0.041666666666666664,1.0
LINE_1200_6361_1,line,Line_1200_6361_1,0.0,0.00027389756231169547,24.0,1.1415525114155251e-05,0.041666666666666664,1.0
LINE_1200_6367_1,line,Line_1200_6367_1,0.0,0.00027389756231169547,24.0,1.1415525114155251e-05,0.041666666666666664,1.0
LINE_1200_6371_1,line,Line_1200_6371_1,0.0,0.00027389756231169547,24.0,1.1415525114155251e-05,0.041666666666666664,1.0
LINE_1210_6317_1,line,Line_1210_6317_1,0.0,0.00027389756231169547,24.0,1.1415525114155251e-05,0.041666666666666664,1.0
LINE_1210_6319_1,line,Line_1210_6319_1,0.0,0.00027389756231169547,24.0,1.1415525114155251e-05,0.041666666666666664,1.0
LINE_1210_6319_2,line,Line_1210_6319_2,0.0,0.00027389756231169547,24.0,1.1415525114155251e-05,0.041666666666666664,1.0
LINE_1210_6319_3,line,Line_1210_6319_3,0.0,0.00027389756231169547,24.0,1.1415525114155251e-05,0.041666666666666664,1.0
LINE_1400_1498_1,line,Line_1400_1498_1,0.0,0.00027389756231169547,24.0,1.1415525114155251e-05,0.041666666666666664,1.0
LINE_1400_3952_1,line,Line_1400_3952_1,0.0,0.00027389756231169547,24.0,1.1415525114155251e-05,0.041666666666666664,1.0
LINE_1497_1498_1,line,Line_1497_1498_1,0.0,0.00027389756231169547,24.0,1.1415525114155251e-05,0.041666666666666664,1.0
LINE_1498_3952_1,line,Line_1498_3952_1,0.0,0.00027389756231169547,24.0,1.1415525114155251e-05,0.041666666666666664,1.0
LINE_1500_1650_1,line,Line_1500_1650_1,0.0,0.00027389756231169547,24.0,1.1415525114155251e-05,0.041666666666666664,1.0
LINE_1500_1650_2,line,Line_1500_1650_2,0.0,0.00027389756231169547,24.0,1.1415525114155251e-05,0.041666666666666664,1.0
LINE_1500_9120_R,line,Line_1500_9120_R,0.0,0.00027389756231169547,24.0,1.1415525114155251e-05,0.041666666666666664,1.0
LINE_1500_9120_W,line,Line_1500_9120_W,0.0,0.00027389756231169547,24.0,1.1415525114155251e-05,0.041666666666666664,1.0
LINE_1501_3101_M,line,Line_1501_3101_M,0.0,0.00027389756231169547,24.0,1.1415525114155251e-05,0.041666666666666664,1.0
LINE_1501_3101_O,line,Line_1501_3101_O,0.0,0.00027389756231169547,24.0,1.1415525114155251e-05,0.041666666666666664,1.0
LINE_1501_4015_1,line,Line_1501_4015_1,0.0,0.00027389756231169547,24.0,1.1415525114155251e-05,0.041666666666666664,1.0
LINE_1501_4047_R,line,Line_1501_4047_R,0.0,0.00027389756231169547,24.0,1.1415525114155251e-05,0.041666666666666664,1.0
LINE_1501_4047_W,line,Line_1501_4047_W,0.0,0.00027389756231169547,24.0,1.1415525114155251e-05,0.041666666666666664,1.0
LINE_1550_1700_R,line,Line_1550_1700_R,0.0,0.00027389756231169547,24.0,1.1415525114155251e-05,0.041666666666666664,1.0
LINE_1550_1700_W,line,Line_1550_1700_W,0.0,0.00027389756231169547,24.0,1.1415525114155251e-05,0.041666666666666664,1.0
LINE_1551_3131_1,line,Line_1551_3131_1,0.0,0.00027389756231169547,24.0,1.1415525114155251e-05,0.041666666666666664,1.0
LINE_1551_3131_2,line,Line_1551_3131_2,0.0,0.00027389756231169547,24.0,1.1415525114155251e-05,0.041666666666666664,1.0
LINE_1551_3131_3,line,Line_1551_3131_3,0.0,0.00027389756231169547,24.0,1.1415525114155251e-05,0.041666666666666664,1.0
LINE_1551_3131_4,line,Line_1551_3131_4,0.0,0.00027389756231169547,24.0,1.1415525114155251e-05,0.041666666666666664,1.0
LINE_1551_3141_M,line,Line_1551_3141_M,0.0,0.00027389756231169547,24.0,1.1415525114155251e-05,0.041666666666666664,1.0
LINE_1551_3141_O,line,Line_1551_3141_O,0.0,0.00027389756231169547,24.0,1.1415525114155251e-05,0.041666666666666664,1.0
LINE_1551_4109_R,line,Line_1551_4109_R,0.0,0.00027389756231169547,24.0,1.1415525114155251e-05,0.041666666666666664,1.0
LINE_1551_4109_W,line,Line_1551_4109_W,0.0,0.00027389756231169547,24.0,1.1415525114155251e-05,0.041666666666666664,1.0
LINE_1551_7530_1,line,Line_1551_7530_1,0.0,0.00027389756231169547,24.0,1.1415525114155251e-05,0.041666666666666664,1.0
LINE_1551_7534_O,line,Line_1551_7534_O,0.0,0.00027389756231169547,24.0,1.1415525114155251e-05,0.041666666666666664,1.0
LINE_1570_1610_R,line,Line_1570_1610_R,0.0,0.00027389756231169547,24.0,1.1415525114155251e-05,0.041666666666666664,1.0
LINE_1570_1610_W,line,Line_1570_1610_W,0.0,0.00027389756231169547,24.0,1.1415525114155251e-05,0.041666666666666664,1.0
LINE_1571_3121_1,line,Line_1571_3121_1,0.0,0.00027389756231169547,24.0,1.1415525114155251e-05,0.041666666666666664,1.0
LINE_1571_3121_2,line,Line_1571_3121_2,0.0,0.00027389756231169547,24.0,1.1415525114155251e-05,0.041666666666666664,1.0
LINE_1571_4143_1,line,Line_1571_4143_1,0.0,0.00027389756231169547,24.0,1.1415525114155251e-05,0.041666666666666664,1.0
LINE_1571_4143_2,line,Line_1571_4143_2,0.0,0.00027389756231169547,24.0,1.1415525114155251e-05,0.041666666666666664,1.0
LINE_1580_1750_1,line,Line_1580_1750_1,0.0,0.00027389756231169547,24.0,1.1415525114155251e-05,0.041666666666666664,1.0
LINE_1580_1750_2,line,Line_1580_1750_2,0.0,0.00027389756231169547,24.0,1.1415525114155251e-05,0.041666666666666664,1.0
LINE_1581_1591_@1,line,Line_1581_1591_@1,0.0,0.00027389756231169547,24.0,1.1415525114155251e-05,0.041666666666666664,1.0
LINE_1581_1591_@2,line,Line_1581_1591_@2,0.0,0.00027389756231169547,24.0,1.1415525114155251e-05,0.041666666666666664,1.0
LINE_1581_4161_1,line,Line_1581_4161_1,0.0,0.00027389756231169547,24.0,1.1415525114155251e-05,0.041666666666666664,1.0
LINE_1581_4161_2,line,Line_1581_4161_2,0.0,0.00027389756231169547,24.0,1.1415525114155251e-05,0.041666666666666664,1.0
LINE_1581_8060_1,line,Line_1581_8060_1,0.0,0.00027389756231169547,24.0,1.1415525114155251e-05,0.041666666666666664,1.0
LINE_1581_8060_2,line,Line_1581_8060_2,0.0,0.00027389756231169547,24.0,1.1415525114155251e-05,0.041666666666666664,1.0
LINE_1583_21583_1,line,Line_1583_21583_1,0.0,0.00027389756231169547,24.0,1.1415525114155251e-05,0.041666666666666664,1.0
LINE_1591_4207_1,line,Line_1591_4207_1,0.0,0.00027389756231169547,24.0,1.1415525114155251e-05,0.041666666666666664,1.0
LINE_1591_4213_1,line,Line_1591_4213_1,0.0,0.00027389756231169547,24.0,1.1415525114155251e-05,0.041666666666666664,1.0
LINE_1593_21593_1,line,Line_1593_21593_1,0.0,0.00027389756231169547,24.0,1.1415525114155251e-05,0.041666666666666664,1.0
LINE_1601_1611_2,line,Line_1601_1611_2,0.0,0.00027389756231169547,24.0,1.1415525114155251e-05,0.041666666666666664,1.0
LINE_1601_1621_1,line,Line_1601_1621_1,0.0,0.00027389756231169547,24.0,1.1415525114155251e-05,0.041666666666666664,1.0
LINE_1610_1650_1,line,Line_1610_1650_1,0.0,0.00027389756231169547,24.0,1.1415525114155251e-05,0.041666666666666664,1.0
LINE_1610_1650_2,line,Line_1610_1650_2,0.0,0.00027389756231169547,24.0,1.1415525114155251e-05,0.041666666666666664,1.0
LINE_1611_1621_@1,line,Line_1611_1621_@1,0.0,0.00027389756231169547,24.0,1.1415525114155251e-05,0.041666666666666664,1.0
LINE_1611_1621_@2,line,Line_1611_1621_@2,0.0,0.00027389756231169547,24.0,1.1415525114155251e-05,0.041666666666666664,1.0
LINE_1611_4307_2,line,Line_1611_4307_2,0.0,0.00027389756231169547,24.0,1.1415525114155251e-05,0.041666666666666664,1.0
LINE_1611_4409_1,line,Line_1611_4409_1,0.0,0.00027389756231169547,24.0,1.1415525114155251e-05,0.041666666666666664,1.0
LINE_1611_8101_1,line,Line_1611_8101_1,0.0,0.00027389756231169547,24.0,1.1415525114155251e-05,0.041666666666666664,1.0
LINE_1611_8101_2,line,Line_1611_8101_2,0.0,0.00027389756231169547,24.0,1.1415525114155251e-05,0.041666666666666664,1.0
LINE_1621_4307_1,line,Line_1621_4307_1,0.0,0.00027389756231169547,24.0,1.1415525114155251e-05,0.041666666666666664,1.0
LINE_1621_4311_1,line,Line_1621_4311_1,0.0,0.00027389756231169547,24.0,1.1415525114155251e-05,0.041666666666666664,1.0
LINE_1621_4425_1,line,Line_1621_4425_1,0.0,0.00027389756231169547,24.0,1.1415525114155251e-05,0.041666666666666664,1.0
LINE_1621_4425_R,line,Line_1621_4425_R,0.0,0.00027389756231169547,24.0,1.1415525114155251e-05,0.041666666666666664,1.0
LINE_1621_7500_1,line,Line_1621_7500_1,0.0,0.00027389756231169547,24.0,1.1415525114155251e-05,0.041666666666666664,1.0
LINE_1621_7585_1,line,Line_1621_7585_1,0.0,0.00027389756231169547,24.0,1.1415525114155251e-05,0.041666666666666664,1.0
LINE_1650_1700_R,line,Line_1650_1700_R,0.0,0.00027389756231169547,24.0,1.1415525114155251e-05,0.041666666666666664,1.0
LINE_1650_1700_W,line,Line_1650_1700_W,0.0,0.00027389756231169547,24.0,1.1415525114155251e-05,0.041666666666666664,1.0
LINE_1650_1910_R,line,Line_1650_1910_R,0.0,0.00027389756231169547,24.0,1.1415525114155251e-05,0.041666666666666664,1.0
LINE_1650_1910_W,line,Line_1650_1910_W,0.0,0.00027389756231169547,24.0,1.1415525114155251e-05,0.041666666666666664,1.0
LINE_1651_1661_@1,line,Line_1651_1661_@1,0.0,0.00027389756231169547,24.0,1.1415525114155251e-05,0.041666666666666664,1.0
LINE_1651_1661_@2,line,Line_1651_1661_@2,0.0,0.00027389756231169547,24.0,1.1415525114155251e-05,0.041666666666666664,1.0
LINE_1651_7569_O,line,Line_1651_7569_O,0.0,0.00027389756231169547,24.0,1.1415525114155251e-05,0.041666666666666664,1.0
LINE_1651_7570_M,line,Line_1651_7570_M,0.0,0.00027389756231169547,24.0,1.1415525114155251e-05,0.041666666666666664,1.0
LINE_1651_7574_2,line,Line_1651_7574_2,0.0,0.00027389756231169547,24.0,1.1415525114155251e-05,0.041666666666666664,1.0
LINE_1661_3211_R,line,Line_1661_3211_R,0.0,0.00027389756231169547,24.0,1.1415525114155251e-05,0.041666666666666664,1.0
LINE_1661_4437_1,line,Line_1661_4437_1,0.0,0.00027389756231169547,24.0,1.1415525114155251e-05,0.041666666666666664,1.0
LINE_1661_4437_2,line,Line_1661_4437_2,0.0,0.00027389756231169547,24.0,1.1415525114155251e-05,0.041666666666666664,1.0
LINE_1661_8140_R,line,Line_1661_8140_R,0.0,0.00027389756231169547,24.0,1.1415525114155251e-05,0.041666666666666664,1.0
LINE_1661_8140_W,line,Line_1661_8140_W,0.0,0.00027389756231169547,24.0,1.1415525114155251e-05,0.041666666666666664,1.0
LINE_1663_21663_1,line,Line_1663_21663_1,0.0,0.00027389756231169547,24.0,1.1415525114155251e-05,0.041666666666666664,1.0
LINE_1700_1910_R,line,Line_1700_1910_R,0.0,0.00027389756231169547,24.0,1.1415525114155251e-05,0.041666666666666664,1.0
LINE_1700_1910_W,line,Line_1700_1910_W,0.0,0.00027389756231169547,24.0,1.1415525114155251e-05,0.041666666666666664,1.0
LINE_1701_1711_@1,line,Line_1701_1711_@1,0.0,0.00027389756231169547,24.0,1.1415525114155251e-05,0.041666666666666664,1.0
LINE_1701_1711_@2,line,Line_1701_1711_@2,0.0,0.00027389756231169547,24.0,1.1415525114155251e-05,0.041666666666666664,1.0
LINE_1701_3181_1,line,Line_1701_3181_1,0.0,0.00027389756231169547,24.0,1.1415525114155251e-05,0.041666666666666664,1.0
LINE_1701_3181_2,line,Line_1701_3181_2,0.0,0.00027389756231169547,24.0,1.1415525114155251e-05,0.041666666666666664,1.0
LINE_1701_4557_M,line,Line_1701_4557_M,0.0,0.00027389756231169547,24.0,1.1415525114155251e-05,0.041666666666666664,1.0
LINE_1701_4557_O,line,Line_1701_4557_O,0.0,0.00027389756231169547,24.0,1.1415525114155251e-05,0.041666666666666664,1.0
LINE_1701_7563_R,line,Line_1701_7563_R,0.0,0.00027389756231169547,24.0,1.1415525114155251e-05,0.041666666666666664,1.0
LINE_1701_7564_W,line,Line_1701_7564_W,0.0,0.00027389756231169547,24.0,1.1415525114155251e-05,0.041666666666666664,1.0
LINE_1711_3191_3,line,Line_1711_3191_3,0.0,0.00027389756231169547,24.0,1.1415525114155251e-05,0.041666666666666664,1.0
LINE_1711_3191_4,line,Line_1711_3191_4,0.0,0.00027389756231169547,24.0,1.1415525114155251e-05,0.041666666666666664,1.0
LINE_1711_4551_1,line,Line_1711_4551_1,0.0,0.00027389756231169547,24.0,1.1415525114155251e-05,0.041666666666666664,1.0
LINE_1711_4551_2,line,Line_1711_4551_2,0.0,0.00027389756231169547,24.0,1.1415525114155251e-05,0.041666666666666664,1.0
LINE_1711_4559_1,line,Line_1711_4559_1,0.0,0.00027389756231169547,24.0,1.1415525114155251e-05,0.041666666666666664,1.0
LINE_1711_4903_O,line,Line_1711_4903_O,0.0,0.00027389756231169547,24.0,1.1415525114155251e-05,0.041666666666666664,1.0
LINE_1750_1900_R,line,Line_1750_1900_R,0.0,0.00027389756231169547,24.0,1.1415525114155251e-05,0.041666666666666664,1.0
LINE_1750_1900_W,line,Line_1750_1900_W,0.0,0.00027389756231169547,24.0,1.1415525114155251e-05,0.041666666666666664,1.0
LINE_1750_9160_1,line,Line_1750_9160_1,0.0,0.00027389756231169547,24.0,1.1415525114155251e-05,0.041666666666666664,1.0
LINE_1750_9160_2,line,Line_1750_9160_2,0.0,0.00027389756231169547,24.0,1.1415525114155251e-05,0.041666666666666664,1.0
LINE_1751_1761_@1,line,Line_1751_1761_@1,0.0,0.00027389756231169547,24.0,1.1415525114155251e-05,0.041666666666666664,1.0
LINE_1751_1761_@2,line,Line_1751_1761_@2,0.0,0.00027389756231169547,24.0,1.1415525114155251e-05,0.041666666666666664,1.0
LINE_1751_4603_R,line,Line_1751_4603_R,0.0,0.00027389756231169547,24.0,1.1415525114155251e-05,0.041666666666666664,1.0
LINE_1751_4603_W,line,Line_1751_4603_W,0.0,0.00027389756231169547,24.0,1.1415525114155251e-05,0.041666666666666664,1.0
LINE_1751_4611_M,line,Line_1751_4611_M,0.0,0.00027389756231169547,24.0,1.1415525114155251e-05,0.041666666666666664,1.0
LINE_1751_4611_O,line,Line_1751_4611_O,0.0,0.00027389756231169547,24.0,1.1415525114155251e-05,0.041666666666666664,1.0
LINE_1751_4901_1,line,Line_1751_4901_1,0.0,0.00027389756231169547,24.0,1.1415525114155251e-05,0.041666666666666664,1.0
LINE_1751_4901_2,line,Line_1751_4901_2,0.0,0.00027389756231169547,24.0,1.1415525114155251e-05,0.041666666666666664,1.0
LINE_1751_7604_1,line,Line_1751_7604_1,0.0,0.00027389756231169547,24.0,1.1415525114155251e-05,0.041666666666666664,1.0
LINE_1751_7605_2,line,Line_1751_7605_2,0.0,0.00027389756231169547,24.0,1.1415525114155251e-05,0.041666666666666664,1.0
LINE_1752_21752_1,line,Line_1752_21752_1,0.0,0.00027389756231169547,24.0,1.1415525114155251e-05,0.041666666666666664,1.0
LINE_1761_1781_@1,line,Line_1761_1781_@1,0.0,0.00027389756231169547,24.0,1.1415525114155251e-05,0.041666666666666664,1.0
LINE_1761_1781_@2,line,Line_1761_1781_@2,0.0,0.00027389756231169547,24.0,1.1415525114155251e-05,0.041666666666666664,1.0
LINE_1761_3281_M,line,Line_1761_3281_M,0.0,0.00027389756231169547,24.0,1.1415525114155251e-05,0.041666666666666664,1.0
LINE_1761_3301_1,line,Line_1761_3301_1,0.0,0.00027389756231169547,24.0,1.1415525114155251e-05,0.041666666666666664,1.0
LINE_1761_3301_3,line,Line_1761_3301_3,0.0,0.00027389756231169547,24.0,1.1415525114155251e-05,0.041666666666666664,1.0
LINE_1761_4635_R,line,Line_1761_4635_R,0.0,0.00027389756231169547,24.0,1.1415525114155251e-05,0.041666666666666664,1.0
LINE_1761_4635_W,line,Line_1761_4635_W,0.0,0.00027389756231169547,24.0,1.1415525114155251e-05,0.041666666666666664,1.0
LINE_1761_7584_O,line,Line_1761_7584_O,0.0,0.00027389756231169547,24.0,1.1415525114155251e-05,0.041666666666666664,1.0
LINE_1781_3301_4,line,Line_1781_3301_4,0.0,0.00027389756231169547,24.0,1.1415525114155251e-05,0.041666666666666664,1.0
LINE_1781_4607_2,line,Line_1781_4607_2,0.0,0.00027389756231169547,24.0,1.1415525114155251e-05,0.041666666666666664,1.0
LINE_1891_1901_1,line,Line_1891_1901_1,0.0,0.00027389756231169547,24.0,1.1415525114155251e-05,0.041666666666666664,1.0
LINE_1891_1901_2,line,Line_1891_1901_2,0.0,0.00027389756231169547,24.0,1.1415525114155251e-05,0.041666666666666664,1.0
LINE_1900_1910_1,line,Line_1900_1910_1,0.0,0.00027389756231169547,24.0,1.1415525114155251e-05,0.041666666666666664,1.0
LINE_1900_2000_1,line,Line_1900_2000_1,0.0,0.00027389756231169547,24.0,1.1415525114155251e-05,0.041666666666666664,1.0
LINE_1900_2100_M,line,Line_1900_2100_M,0.0,0.00027389756231169547,24.0,1.1415525114155251e-05,0.041666666666666664,1.0
LINE_1900_2100_O,line,Line_1900_2100_O,0.0,0.00027389756231169547,24.0,1.1415525114155251e-05,0.041666666666666664,1.0
LINE_1901_1911_1,line,Line_1901_1911_1,0.0,0.00027389756231169547,24.0,1.1415525114155251e-05,0.041666666666666664,1.0
LINE_1901_3361_1,line,Line_1901_3361_1,0.0,0.00027389756231169547,24.0,1.1415525114155251e-05,0.041666666666666664,1.0
LINE_1901_3361_2,line,Line_1901_3361_2,0.0,0.00027389756231169547,24.0,1.1415525114155251e-05,0.041666666666666664,1.0
LINE_1901_4805_R,line,Line_1901_4805_R,0.0,0.00027389756231169547,24.0,1.1415525114155251e-05,0.041666666666666664,1.0
LINE_1901_4805_W,line,Line_1901_4805_W,0.0,0.00027389756231169547,24.0,1.1415525114155251e-05,0.041666666666666664,1.0
LINE_1901_4811_1,line,Line_1901_4811_1,0.0,0.00027389756231169547,24.0,1.1415525114155251e-05,0.041666666666666664,1.0
LINE_1901_4819_1,line,Line_1901_4819_1,0.0,0.00027389756231169547,24.0,1.1415525114155251e-05,0.041666666666666664,1.0
LINE_1901_4819_2,line,Line_1901_4819_2,0.0,0.00027389756231169547,24.0,1.1415525114155251e-05,0.041666666666666664,1.0
LINE_1901_7502_M,line,Line_1901_7502_M,0.0,0.00027389756231169547,24.0,1.1415525114155251e-05,0.041666666666666664,1.0
LINE_1901_8260_1,line,Line_1901_8260_1,0.0,0.00027389756231169547,24.0,1.1415525114155251e-05,0.041666666666666664,1.0
LINE_1910_1930_1,line,Line_1910_1930_1,0.0,0.00027389756231169547,24.0,1.1415525114155251e-05,0.041666666666666664,1.0
LINE_1910_1930_2,line,Line_1910_1930_2,0.0,0.00027389756231169547,24.0,1.1415525114155251e-05,0.041666666666666664,1.0
LINE_1910_2000_2,line,Line_1910_2000_2,0.0,0.00027389756231169547,24.0,1.1415525114155251e-05,0.041666666666666664,1.0
LINE_1910_2030_R,line,Line_1910_2030_R,0.0,0.00027389756231169547,24.0,1.1415525114155251e-05,0.041666666666666664,1.0
LINE_1910_2030_W,line,Line_1910_2030_W,0.0,0.00027389756231169547,24.0,1.1415525114155251e-05,0.041666666666666664,1.0
LINE_1911_3371_1,line,Line_1911_3371_1,0.0,0.00027389756231169547,24.0,1.1415525114155251e-05,0.041666666666666664,1.0
LINE_1911_3371_2,line,Line_1911_3371_2,0.0,0.00027389756231169547,24.0,1.1415525114155251e-05,0.041666666666666664,1.0
LINE_1911_7627_R,line,Line_1911_7627_R,0.0,0.00027389756231169547,24.0,1.1415525114155251e-05,0.041666666666666664,1.0
LINE_1911_7628_W,line,Line_1911_7628_W,0.0,0.00027389756231169547,24.0,1.1415525114155251e-05,0.041666666666666664,1.0
LINE_1911_7630_R,line,Line_1911_7630_R,0.0,0.00027389756231169547,24.0,1.1415525114155251e-05,0.041666666666666664,1.0
LINE_1911_7639_W,line,Line_1911_7639_W,0.0,0.00027389756231169547,24.0,1.1415525114155251e-05,0.041666666666666664,1.0
LINE_1911_9110_R,line,Line_1911_9110_R,0.0,0.00027389756231169547,24.0,1.1415525114155251e-05,0.041666666666666664,1.0
LINE_1911_9110_W,line,Line_1911_9110_W,0.0,0.00027389756231169547,24.0,1.1415525114155251e-05,0.041666666666666664,1.0
LINE_1930_2000_N,line,Line_1930_2000_N,0.0,0.00027389756231169547,24.0,1.1415525114155251e-05,0.041666666666666664,1.0
LINE_1930_2000_S,line,Line_1930_2000_S,0.0,0.00027389756231169547,24.0,1.1415525114155251e-05,0.041666666666666664,1.0
LINE_1931_1941_@1,line,Line_1931_1941_@1,0.0,0.00027389756231169547,24.0,1.1415525114155251e-05,0.041666666666666664,1.0
LINE_1931_1941_@2,line,Line_1931_1941_@2,0.0,0.00027389756231169547,24.0,1.1415525114155251e-05,0.041666666666666664,1.0
LINE_1931_2001_R,line,Line_1931_2001_R,0.0,0.00027389756231169547,24.0,1.1415525114155251e-05,0.041666666666666664,1.0
LINE_1931_2001_W,line,Line_1931_2001_W,0.0,0.00027389756231169547,24.0,1.1415525114155251e-05,0.041666666666666664,1.0
LINE_1931_5003_1,line,Line_1931_5003_1,0.0,0.00027389756231169547,24.0,1.1415525114155251e-05,0.041666666666666664,1.0
LINE_1931_5003_2,line,Line_1931_5003_2,0.0,0.00027389756231169547,24.0,1.1415525114155251e-05,0.041666666666666664,1.0
LINE_1931_5003_3,line,Line_1931_5003_3,0.0,0.00027389756231169547,24.0,1.1415525114155251e-05,0.041666666666666664,1.0
LINE_1931_5003_4,line,Line_1931_5003_4,0.0,0.00027389756231169547,24.0,1.1415525114155251e-05,0.041666666666666664,1.0
LINE_1931_7656_M,line,Line_1931_7656_M,0.0,0.00027389756231169547,24.0,1.1415525114155251e-05,0.041666666666666664,1.0
LINE_1931_7657_O,line,Line_1931_7657_O,0.0,0.00027389756231169547,24.0,1.1415525114155251e-05,0.041666666666666664,1.0
LINE_1931_8353_R,line,Line_1931_8353_R,0.0,0.00027389756231169547,24.0,1.1415525114155251e-05,0.041666666666666664,1.0
LINE_1931_8355_W,line,Line_1931_8355_W,0.0,0.00027389756231169547,24.0,1.1415525114155251e-05,0.041666666666666664,1.0
LINE_1941_5005_1,line,Line_1941_5005_1,0.0,0.00027389756231169547,24.0,1.1415525114155251e-05,0.041666666666666664,1.0
LINE_1941_5005_2,line,Line_1941_5005_2,0.0,0.00027389756231169547,24.0,1.1415525114155251e-05,0.041666666666666664,1.0
LINE_1941_5017_1,line,Line_1941_5017_1,0.0,0.00027389756231169547,24.0,1.1415525114155251e-05,0.041666666666666664,1.0
LINE_1941_5017_2,line,Line_1941_5017_2,0.0,0.00027389756231169547,24.0,1.1415525114155251e-05,0.041666666666666664,1.0
LINE_1941_8305_R,line,Line_1941_8305_R,0.0,0.00027389756231169547,24.0,1.1415525114155251e-05,0.041666666666666664,1.0
LINE_1941_8312_1,line,Line_1941_8312_1,0.0,0.00027389756231169547,24.0,1.1415525114155251e-05,0.041666666666666664,1.0
LINE_1941_8323_1,line,Line_1941_8323_1,0.0,0.00027389756231169547,24.0,1.1415525114155251e-05,0.041666666666666664,1.0
LINE_1941_8340_1,line,Line_1941_8340_1,0.0,0.00027389756231169547,24.0,1.1415525114155251e-05,0.041666666666666664,1.0
LINE_2000_2060_R,line,Line_2000_2060_R,0.0,0.00027389756231169547,24.0,1.1415525114155251e-05,0.041666666666666664,1.0
LINE_2000_2060_W,line,Line_2000_2060_W,0.0,0.00027389756231169547,24.0,1.1415525114155251e-05,0.041666666666666664,1.0
LINE_2000_3070_W,line,Line_2000_3070_W,0.0,0.00027389756231169547,24.0,1.1415525114155251e-05,0.041666666666666664,1.0
LINE_2000_3071_R,line,Line_2000_3071_R,0.0,0.00027389756231169547,24.0,1.1415525114155251e-05,0.041666666666666664,1.0
LINE_2001_3421_R,line,Line_2001_3421_R,0.0,0.00027389756231169547,24.0,1.1415525114155251e-05,0.041666666666666664,1.0
LINE_2001_3421_W,line,Line_2001_3421_W,0.0,0.00027389756231169547,24.0,1.1415525114155251e-05,0.041666666666666664,1.0
LINE_2001_5021_R,line,Line_2001_5021_R,0.0,0.00027389756231169547,24.0,1.1415525114155251e-05,0.041666666666666664,1.0
LINE_2001_5021_W,line,Line_2001_5021_W,0.0,0.00027389756231169547,24.0,1.1415525114155251e-05,0.041666666666666664,1.0
LINE_2001_7654_1,line,Line_2001_7654_1,0.0,0.00027389756231169547,24.0,1.1415525114155251e-05,0.041666666666666664,1.0
LINE_2001_7655_1,line,Line_2001_7655_1,0.0,0.00027389756231169547,24.0,1.1415525114155251e-05,0.041666666666666664,1.0
LINE_2001_8324_1,line,Line_2001_8324_1,0.0,0.00027389756231169547,24.0,1.1415525114155251e-05,0.041666666666666664,1.0
LINE_2001_8354_1,line,Line_2001_8354_1,0.0,0.00027389756231169547,24.0,1.1415525114155251e-05,0.041666666666666664,1.0
LINE_2003_22003_1,line,Line_2003_22003_1,0.0,0.00027389756231169547,24.0,1.1415525114155251e-05,0.041666666666666664,1.0
LINE_2031_2041_@1,line,Line_2031_2041_@1,0.0,0.00027389756231169547,24.0,1.1415525114155251e-05,0.041666666666666664,1.0
LINE_2031_2041_@2,line,Line_2031_2041_@2,0.0,0.00027389756231169547,24.0,1.1415525114155251e-05,0.041666666666666664,1.0
LINE_2031_4995_1,line,Line_2031_4995_1,0.0,0.00027389756231169547,24.0,1.1415525114155251e-05,0.041666666666666664,1.0
LINE_2032_22032_1,line,Line_2032_22032_1,0.0,0.00027389756231169547,24.0,1.1415525114155251e-05,0.041666666666666664,1.0
LINE_2041_4815_1,line,Line_2041_4815_1,0.0,0.00027389756231169547,24.0,1.1415525114155251e-05,0.041666666666666664,1.0
LINE_2041_4821_1,line,Line_2041_4821_1,0.0,0.00027389756231169547,24.0,1.1415525114155251e-05,0.041666666666666664,1.0
LINE_2041_4821_2,line,Line_2041_4821_2,0.0,0.00027389756231169547,24.0,1.1415525114155251e-05,0.041666666666666664,1.0
LINE_2041_4839_1,line,Line_2041_4839_1,0.0,0.00027389756231169547,24.0,1.1415525114155251e-05,0.041666666666666664,1.0
LINE_2041_8245_1,line,Line_2041_8245_1,0.0,0.00027389756231169547,24.0,1.1415525114155251e-05,0.041666666666666664,1.0
LINE_2042_22042_1,line,Line_2042_22042_1,0.0,0.00027389756231169547,24.0,1.1415525114155251e-05,0.041666666666666664,1.0
LINE_2060_2130_R,line,Line_2060_2130_R,0.0,0.00027389756231169547,24.0,1.1415525114155251e-05,0.041666666666666664,1.0
LINE_2060_2130_W,line,Line_2060_2130_W,0.0,0.00027389756231169547,24.0,1.1415525114155251e-05,0.041666666666666664,1.0
LINE_2100_2660_M,line,Line_2100_2660_M,0.0,0.00027389756231169547,24.0,1.1415525114155251e-05,0.041666666666666664,1.0
LINE_2100_2660_O,line,Line_2100_2660_O,0.0,0.00027389756231169547,24.0,1.1415525114155251e-05,0.041666666666666664,1.0
LINE_2130_2170_W,line,Line_2130_2170_W,0.0,0.00027389756231169547,24.0,1.1415525114155251e-05,0.041666666666666664,1.0
LINE_2131_2141_@1,line,Line_2131_2141_@1,0.0,0.00027389756231169547,24.0,1.1415525114155251e-05,0.041666666666666664,1.0
LINE_2131_2141_@2,line,Line_2131_2141_@2,0.0,0.00027389756231169547,24.0,1.1415525114155251e-05,0.041666666666666664,1.0
LINE_2131_5541_1,line,Line_2131_5541_1,0.0,0.00027389756231169547,24.0,1.1415525114155251e-05,0.041666666666666664,1.0
LINE_2131_5541_2,line,Line_2131_5541_2,0.0,0.00027389756231169547,24.0,1.1415525114155251e-05,0.041666666666666664,1.0
LINE_2131_5681_R,line,Line_2131_5681_R,0.0,0.00027389756231169547,24.0,1.1415525114155251e-05,0.041666666666666664,1.0
LINE_2131_5681_W,line,Line_2131_5681_W,0.0,0.00027389756231169547,24.0,1.1415525114155251e-05,0.041666666666666664,1.0
LINE_2131_7662_1,line,Line_2131_7662_1,0.0,0.00027389756231169547,24.0,1.1415525114155251e-05,0.041666666666666664,1.0
LINE_2131_7663_1,line,Line_2131_7663_1,0.0,0.00027389756231169547,24.0,1.1415525114155251e-05,0.041666666666666664,1.0
LINE_2133_22133_1,line,Line_2133_22133_1,0.0,0.00027389756231169547,24.0,1.1415525114155251e-05,0.041666666666666664,1.0
LINE_2141_8326_R,line,Line_2141_8326_R,0.0,0.00027389756231169547,24.0,1.1415525114155251e-05,0.041666666666666664,1.0
LINE_2141_8327_W,line,Line_2141_8327_W,0.0,0.00027389756231169547,24.0,1.1415525114155251e-05,0.041666666666666664,1.0
LINE_2141_8334_1,line,Line_2141_8334_1,0.0,0.00027389756231169547,24.0,1.1415525114155251e-05,0.041666666666666664,1.0
LINE_2141_8338_1,line,Line_2141_8338_1,0.0,0.00027389756231169547,24.0,1.1415525114155251e-05,0.041666666666666664,1.0
LINE_2141_8365_R,line,Line_2141_8365_R,0.0,0.00027389756231169547,24.0,1.1415525114155251e-05,0.041666666666666664,1.0
LINE_2141_8365_W,line,Line_2141_8365_W,0.0,0.00027389756231169547,24.0,1.1415525114155251e-05,0.041666666666666664,1.0
LINE_2143_22143_1,line,Line_2143_22143_1,0.0,0.00027389756231169547,24.0,1.1415525114155251e-05,0.041666666666666664,1.0
LINE_2150_2170_N,line,Line_2150_2170_N,0.0,0.00027389756231169547,24.0,1.1415525114155251e-05,0.041666666666666664,1.0
LINE_2150_2170_S,line,Line_2150_2170_S,0.0,0.00027389756231169547,24.0,1.1415525114155251e-05,0.041666666666666664,1.0
LINE_2150_3068_1,line,Line_2150_3068_1,0.0,0.00027389756231169547,24.0,1.1415525114155251e-05,0.041666666666666664,1.0
LINE_2150_3069_2,line,Line_2150_3069_2,0.0,0.00027389756231169547,24.0,1.1415525114155251e-05,0.041666666666666664,1.0
LINE_2151_2161_@1,line,Line_2151_2161_@1,0.0,0.00027389756231169547,24.0,1.1415525114155251e-05,0.041666666666666664,1.0
LINE_2151_2161_@2,line,Line_2151_2161_@2,0.0,0.00027389756231169547,24.0,1.1415525114155251e-05,0.041666666666666664,1.0
LINE_2151_2171_R,line,Line_2151_2171_R,0.0,0.00027389756231169547,24.0,1.1415525114155251e-05,0.041666666666666664,1.0
LINE_2151_2171_W,line,Line_2151_2171_W,0.0,0.00027389756231169547,24.0,1.1415525114155251e-05,0.041666666666666664,1.0
LINE_2151_5657_R,line,Line_2151_5657_R,0.0,0.00027389756231169547,24.0,1.1415525114155251e-05,0.041666666666666664,1.0
LINE_2151_5657_W,line,Line_2151_5657_W,0.0,0.00027389756231169547,24.0,1.1415525114155251e-05,0.041666666666666664,1.0
LINE_2151_5685_1,line,Line_2151_5685_1,0.0,0.00027389756231169547,24.0,1.1415525114155251e-05,0.041666666666666664,1.0
LINE_2151_5685_2,line,Line_2151_5685_2,0.0,0.00027389756231169547,24.0,1.1415525114155251e-05,0.041666666666666664,1.0
LINE_2151_5822_R,line,Line_2151_5822_R,0.0,0.00027389756231169547,24.0,1.1415525114155251e-05,0.041666666666666664,1.0
LINE_2151_5822_W,line,Line_2151_5822_W,0.0,0.00027389756231169547,24.0,1.1415525114155251e-05,0.041666666666666664,1.0
LINE_2161_5545_1,line,Line_2161_5545_1,0.0,0.00027389756231169547,24.0,1.1415525114155251e-05,0.041666666666666664,1.0
LINE_2161_5545_2,line,Line_2161_5545_2,0.0,0.00027389756231169547,24.0,1.1415525114155251e-05,0.041666666666666664,1.0
LINE_2161_7686_R,line,Line_2161_7686_R,0.0,0.00027389756231169547,24.0,1.1415525114155251e-05,0.041666666666666664,1.0
LINE_2161_7687_W,line,Line_2161_7687_W,0.0,0.00027389756231169547,24.0,1.1415525114155251e-05,0.041666666666666664,1.0
LINE_2161_7688_R,line,Line_2161_7688_R,0.0,0.00027389756231169547,24.0,1.1415525114155251e-05,0.041666666666666664,1.0
LINE_2161_7689_W,line,Line_2161_7689_W,0.0,0.00027389756231169547,24.0,1.1415525114155251e-05,0.041666666666666664,1.0
LINE_2162_22162_1,line,Line_2162_22162_1,0.0,0.00027389756231169547,24.0,1.1415525114155251e-05,0.041666666666666664,1.0
LINE_2171_2181_@1,line,Line_2171_2181_@1,0.0,0.00027389756231169547,24.0,1.1415525114155251e-05,0.041666666666666664,1.0
LINE_2171_2181_@2,line,Line_2171_2181_@2,0.0,0.00027389756231169547,24.0,1.1415525114155251e-05,0.041666666666666664,1.0
LINE_2171_5653_R,line,Line_2171_5653_R,0.0,0.00027389756231169547,24.0,1.1415525114155251e-05,0.041666666666666664,1.0
LINE_2171_5653_W,line,Line_2171_5653_W,0.0,0.00027389756231169547,24.0,1.1415525114155251e-05,0.041666666666666664,1.0
LINE_2171_8373_W,line,Line_2171_8373_W,0.0,0.00027389756231169547,24.0,1.1415525114155251e-05,0.041666666666666664,1.0
LINE_2171_8376_1,line,Line_2171_8376_1,0.0,0.00027389756231169547,24.0,1.1415525114155251e-05,0.041666666666666664,1.0
LINE_2173_22173_1,line,Line_2173_22173_1,0.0,0.00027389756231169547,24.0,1.1415525114155251e-05,0.041666666666666664,1.0
LINE_2181_5777_R,line,Line_2181_5777_R,0.0,0.00027389756231169547,24.0,1.1415525114155251e-05,0.041666666666666664,1.0
LINE_2181_5777_W,line,Line_2181_5777_W,0.0,0.00027389756231169547,24.0,1.1415525114155251e-05,0.041666666666666664,1.0
LINE_2181_8368_1,line,Line_2181_8368_1,0.0,0.00027389756231169547,24.0,1.1415525114155251e-05,0.041666666666666664,1.0
LINE_2181_8368_2,line,Line_2181_8368_2,0.0,0.00027389756231169547,24.0,1.1415525114155251e-05,0.041666666666666664,1.0
LINE_2181_8371_1,line,Line_2181_8371_1,0.0,0.00027389756231169547,24.0,1.1415525114155251e-05,0.041666666666666664,1.0
LINE_2181_8372_1,line,Line_2181_8372_1,0.0,0.00027389756231169547,24.0,1.1415525114155251e-05,0.041666666666666664,1.0
LINE_2181_8379_1,line,Line_2181_8379_1,0.0,0.00027389756231169547,24.0,1.1415525114155251e-05,0.041666666666666664,1.0
LINE_2181_8380_1,line,Line_2181_8380_1,0.0,0.00027389756231169547,24.0,1.1415525114155251e-05,0.041666666666666664,1.0
LINE_2183_22183_1,line,Line_2183_22183_1,0.0,0.00027389756231169547,24.0,1.1415525114155251e-05,0.041666666666666664,1.0
LINE_2200_3068_1,line,Line_2200_3068_1,0.0,0.00027389756231169547,24.0,1.1415525114155251e-05,0.041666666666666664,1.0
LINE_2200_3069_2,line,Line_2200_3069_2,0.0,0.00027389756231169547,24.0,1.1415525114155251e-05,0.041666666666666664,1.0
LINE_2200_3070_W,line,Line_2200_3070_W,0.0,0.00027389756231169547,24.0,1.1415525114155251e-05,0.041666666666666664,1.0
LINE_2200_3071_R,line,Line_2200_3071_R,0.0,0.00027389756231169547,24.0,1.1415525114155251e-05,0.041666666666666664,1.0
LINE_2201_5601_M,line,Line_2201_5601_M,0.0,0.00027389756231169547,24.0,1.1415525114155251e-05,0.041666666666666664,1.0
LINE_2201_5601_O,line,Line_2201_5601_O,0.0,0.00027389756231169547,24.0,1.1415525114155251e-05,0.041666666666666664,1.0
LINE_2201_5607_N,line,Line_2201_5607_N,0.0,0.00027389756231169547,24.0,1.1415525114155251e-05,0.041666666666666664,1.0
LINE_2201_5607_S,line,Line_2201_5607_S,0.0,0.00027389756231169547,24.0,1.1415525114155251e-05,0.041666666666666664,1.0
LINE_2201_5647_1,line,Line_2201_5647_1,0.0,0.00027389756231169547,24.0,1.1415525114155251e-05,0.041666666666666664,1.0
LINE_2201_5787_1,line,Line_2201_5787_1,0.0,0.00027389756231169547,24.0,1.1415525114155251e-05,0.041666666666666664,1.0
LINE_2201_5787_2,line,Line_2201_5787_2,0.0,0.00027389756231169547,24.0,1.1415525114155251e-05,0.041666666666666664,1.0
LINE_2201_7666_N,line,Line_2201_7666_N,0.0,0.00027389756231169547,24.0,1.1415525114155251e-05,0.041666666666666664,1.0
LINE_2201_7667_S,line,Line_2201_7667_S,0.0,0.00027389756231169547,24.0,1.1415525114155251e-05,0.041666666666666664,1.0
LINE_2202_22202_1,line,Line_2202_22202_1,0.0,0.00027389756231169547,24.0,1.1415525114155251e-05,0.041666666666666664,1.0
LINE_2300_2350_1,line,Line_2300_2350_1,0.0,0.00027389756231169547,24.0,1.1415525114155251e-05,0.041666666666666664,1.0
LINE_2300_2370_1,line,Line_2300_2370_1,0.0,0.00027389756231169547,24.0,1.1415525114155251e-05,0.041666666666666664,1.0
LINE_2300_2370_2,line,Line_2300_2370_2,0.0,0.00027389756231169547,24.0,1.1415525114155251e-05,0.041666666666666664,1.0
LINE_2301_2311_@1,line,Line_2301_2311_@1,0.0,0.00027389756231169547,24.0,1.1415525114155251e-05,0.041666666666666664,1.0
LINE_2301_2311_@2,line,Line_2301_2311_@2,0.0,0.00027389756231169547,24.0,1.1415525114155251e-05,0.041666666666666664,1.0
LINE_2301_5801_1,line,Line_2301_5801_1,0.0,0.00027389756231169547,24.0,1.1415525114155251e-05,0.041666666666666664,1.0
LINE_2301_5801_2,line,Line_2301_5801_2,0.0,0.00027389756231169547,24.0,1.1415525114155251e-05,0.041666666666666664,1.0
LINE_2301_5809_W,line,Line_2301_5809_W,0.0,0.00027389756231169547,24.0,1.1415525114155251e-05,0.041666666666666664,1.0
LINE_2301_5819_R,line,Line_2301_5819_R,0.0,0.00027389756231169547,24.0,1.1415525114155251e-05,0.041666666666666664,1.0
LINE_2301_7711_1,line,Line_2301_7711_1,0.0,0.00027389756231169547,24.0,1.1415525114155251e-05,0.041666666666666664,1.0
LINE_2301_7712_1,line,Line_2301_7712_1,0.0,0.00027389756231169547,24.0,1.1415525114155251e-05,0.041666666666666664,1.0
LINE_2301_9240_R,line,Line_2301_9240_R,0.0,0.00027389756231169547,24.0,1.1415525114155251e-05,0.041666666666666664,1.0
LINE_2301_9240_W,line,Line_2301_9240_W,0.0,0.00027389756231169547,24.0,1.1415525114155251e-05,0.041666666666666664,1.0
LINE_2301_41530_1,line,Line_2301_41530_1,0.0,0.00027389756231169547,24.0,1.1415525114155251e-05,0.041666666666666664,1.0
LINE_2301_50500_R,line,Line_2301_50500_R,0.0,0.00027389756231169547,24.0,1.1415525114155251e-05,0.041666666666666664,1.0
LINE_2301_50500_W,line,Line_2301_50500_W,0.0,0.00027389756231169547,24.0,1.1415525114155251e-05,0.041666666666666664,1.0
LINE_2301_50560_1,line,Line_2301_50560_1,0.0,0.00027389756231169547,24.0,1.1415525114155251e-05,0.041666666666666664,1.0
LINE_2303_22303_1,line,Line_2303_22303_1,0.0,0.00027389756231169547,24.0,1.1415525114155251e-05,0.041666666666666664,1.0
LINE_2311_7715_1,line,Line_2311_7715_1,0.0,0.00027389756231169547,24.0,1.1415525114155251e-05,0.041666666666666664,1.0
LINE_2311_9230_1,line,Line_2311_9230_1,0.0,0.00027389756231169547,24.0,1.1415525114155251e-05,0.041666666666666664,1.0
LINE_2311_9230_2,line,Line_2311_9230_2,0.0,0.00027389756231169547,24.0,1.1415525114155251e-05,0.041666666666666664,1.0
LINE_2311_41590_1,line,Line_2311_41590_1,0.0,0.00027389756231169547,24.0,1.1415525114155251e-05,0.041666666666666664,1.0
LINE_2320_2400_N,line,Line_2320_2400_N,0.0,0.00027389756231169547,24.0,1.1415525114155251e-05,0.041666666666666664,1.0
LINE_2320_2400_S,line,Line_2320_2400_S,0.0,0.00027389756231169547,24.0,1.1415525114155251e-05,0.041666666666666664,1.0
LINE_2321_2331_@1,line,Line_2321_2331_@1,0.0,0.00027389756231169547,24.0,1.1415525114155251e-05,0.041666666666666664,1.0
LINE_2321_2331_@2,line,Line_2321_2331_@2,0.0,0.00027389756231169547,24.0,1.1415525114155251e-05,0.041666666666666664,1.0
LINE_2321_3066_@1,line,Line_2321_3066_@1,0.0,0.00027389756231169547,24.0,1.1415525114155251e-05,0.041666666666666664,1.0
LINE_2321_5824_1,line,Line_2321_5824_1,0.0,0.00027389756231169547,24.0,1.1415525114155251e-05,0.041666666666666664,1.0
LINE_2321_5824_2,line,Line_2321_5824_2,0.0,0.00027389756231169547,24.0,1.1415525114155251e-05,0.041666666666666664,1.0
LINE_2321_5841_1,line,Line_2321_5841_1,0.0,0.00027389756231169547,24.0,1.1415525114155251e-05,0.041666666666666664,1.0
LINE_2321_5841_2,line,Line_2321_5841_2,0.0,0.00027389756231169547,24.0,1.1415525114155251e-05,0.041666666666666664,1.0
LINE_2321_5845_1,line,Line_2321_5845_1,0.0,0.00027389756231169547,24.0,1.1415525114155251e-05,0.041666666666666664,1.0
LINE_2321_5845_2,line,Line_2321_5845_2,0.0,0.00027389756231169547,24.0,1.1415525114155251e-05,0.041666666666666664,1.0
LINE_2322_2332_@1,line,Line_2322_2332_@1,0.0,0.00027389756231169547,24.0,1.1415525114155251e-05,0.041666666666666664,1.0
LINE_2322_22322_1,line,Line_2322_22322_1,0.0,0.00027389756231169547,24.0,1.1415525114155251e-05,0.041666666666666664,1.0
LINE_2331_3066_@1,line,Line_2331_3066_@1,0.0,0.00027389756231169547,24.0,1.1415525114155251e-05,0.041666666666666664,1.0
LINE_2331_5824_1,line,Line_2331_5824_1,0.0,0.00027389756231169547,24.0,1.1415525114155251e-05,0.041666666666666664,1.0
LINE_2331_5824_4,line,Line_2331_5824_4,0.0,0.00027389756231169547,24.0,1.1415525114155251e-05,0.041666666666666664,1.0
LINE_2331_5824_5,line,Line_2331_5824_5,0.0,0.00027389756231169547,24.0,1.1415525114155251e-05,0.041666666666666664,1.0
LINE_2331_8450_R,line,Line_2331_8450_R,0.0,0.00027389756231169547,24.0,1.1415525114155251e-05,0.041666666666666664,1.0
LINE_2331_8450_W,line,Line_2331_8450_W,0.0,0.00027389756231169547,24.0,1.1415525114155251e-05,0.041666666666666664,1.0
LINE_2332_22332_1,line,Line_2332_22332_1,0.0,0.00027389756231169547,24.0,1.1415525114155251e-05,0.041666666666666664,1.0
LINE_2350_2400_1,line,Line_2350_2400_1,0.0,0.00027389756231169547,24.0,1.1415525114155251e-05,0.041666666666666664,1.0
LINE_2350_2400_2,line,Line_2350_2400_2,0.0,0.00027389756231169547,24.0,1.1415525114155251e-05,0.041666666666666664,1.0
LINE_2350_2490_1,line,Line_2350_2490_1,0.0,0.00027389756231169547,24.0,1.1415525114155251e-05,0.041666666666666664,1.0
LINE_2351_7750_R,line,Line_2351_7750_R,0.0,0.00027389756231169547,24.0,1.1415525114155251e-05,0.041666666666666664,1.0
LINE_2351_7751_W,line,Line_2351_7751_W,0.0,0.00027389756231169547,24.0,1.1415525114155251e-05,0.041666666666666664,1.0
LINE_2351_8440_1,line,Line_2351_8440_1,0.0,0.00027389756231169547,24.0,1.1415525114155251e-05,0.041666666666666664,1.0
LINE_2353_22353_1,line,Line_2353_22353_1,0.0,0.00027389756231169547,24.0,1.1415525114155251e-05,0.041666666666666664,1.0
LINE_2370_32460_1,line,Line_2370_32460_1,0.0,0.00027389756231169547,24.0,1.1415525114155251e-05,0.041666666666666664,1.0
LINE_2370_32490_R,line,Line_2370_32490_R,0.0,0.00027389756231169547,24.0,1.1415525114155251e-05,0.041666666666666664,1.0
LINE_2370_32491_W,line,Line_2370_32491_W,0.0,0.00027389756231169547,24.0,1.1415525114155251e-05,0.041666666666666664,1.0
LINE_2371_5821_R,line,Line_2371_5821_R,0.0,0.00027389756231169547,24.0,1.1415525114155251e-05,0.041666666666666664,1.0
LINE_2371_5821_W,line,Line_2371_5821_W,0.0,0.00027389756231169547,24.0,1.1415525114155251e-05,0.041666666666666664,1.0
LINE_2371_32370_1,line,Line_2371_32370_1,0.0,0.00027389756231169547,24.0,1.1415525114155251e-05,0.041666666666666664,1.0
LINE_2371_32400_1,line,Line_2371_32400_1,0.0,0.00027389756231169547,24.0,1.1415525114155251e-05,0.041666666666666664,1.0
LINE_2371_32412_1,line,Line_2371_32412_1,0.0,0.00027389756231169547,24.0,1.1415525114155251e-05,0.041666666666666664,1.0
LINE_2400_2490_1,line,Line_2400_2490_1,0.0,0.00027389756231169547,24.0,1.1415525114155251e-05,0.041666666666666664,1.0
LINE_2400_2490_2,line,Line_2400_2490_2,0.0,0.00027389756231169547,24.0,1.1415525114155251e-05,0.041666666666666664,1.0
LINE_2401_5905_1,line,Line_2401_5905_1,0.0,0.00027389756231169547,24.0,1.1415525114155251e-05,0.041666666666666664,1.0
LINE_2401_5905_2,line,Line_2401_5905_2,0.0,0.00027389756231169547,24.0,1.1415525114155251e-05,0.041666666666666664,1.0
LINE_2401_5909_1,line,Line_2401_5909_1,0.0,0.00027389756231169547,24.0,1.1415525114155251e-05,0.041666666666666664,1.0
LINE_2401_5909_2,line,Line_2401_5909_2,0.0,0.00027389756231169547,24.0,1.1415525114155251e-05,0.041666666666666664,1.0
LINE_2401_5915_R,line,Line_2401_5915_R,0.0,0.00027389756231169547,24.0,1.1415525114155251e-05,0.041666666666666664,1.0
LINE_2401_5915_W,line,Line_2401_5915_W,0.0,0.00027389756231169547,24.0,1.1415525114155251e-05,0.041666666666666664,1.0
LINE_2402_22402_1,line,Line_2402_22402_1,0.0,0.00027389756231169547,24.0,1.1415525114155251e-05,0.041666666666666664,1.0
LINE_2480_2490_@1,line,Line_2480_2490_@1,0.0,0.00027389756231169547,24.0,1.1415525114155251e-05,0.041666666666666664,1.0
LINE_2480_2500_1,line,Line_2480_2500_1,0.0,0.00027389756231169547,24.0,1.1415525114155251e-05,0.041666666666666664,1.0
LINE_2480_2500_2,line,Line_2480_2500_2,0.0,0.00027389756231169547,24.0,1.1415525114155251e-05,0.041666666666666664,1.0
LINE_2480_3068_1,line,Line_2480_3068_1,0.0,0.00027389756231169547,24.0,1.1415525114155251e-05,0.041666666666666664,1.0
LINE_2480_3069_2,line,Line_2480_3069_2,0.0,0.00027389756231169547,24.0,1.1415525114155251e-05,0.041666666666666664,1.0
LINE_2480_9760_R,line,Line_2480_9760_R,0.0,0.00027389756231169547,24.0,1.1415525114155251e-05,0.041666666666666664,1.0
LINE_2480_9760_W,line,Line_2480_9760_W,0.0,0.00027389756231169547,24.0,1.1415525114155251e-05,0.041666666666666664,1.0
LINE_2490_2500_3,line,Line_2490_2500_3,0.0,0.00027389756231169547,24.0,1.1415525114155251e-05,0.041666666666666664,1.0
LINE_2490_2930_1,line,Line_2490_2930_1,0.0,0.00027389756231169547,24.0,1.1415525114155251e-05,0.041666666666666664,1.0
LINE_2490_3070_W,line,Line_2490_3070_W,0.0,0.00027389756231169547,24.0,1.1415525114155251e-05,0.041666666666666664,1.0
LINE_2490_3071_R,line,Line_2490_3071_R,0.0,0.00027389756231169547,24.0,1.1415525114155251e-05,0.041666666666666664,1.0
LINE_2500_2600_1,line,Line_2500_2600_1,0.0,0.00027389756231169547,24.0,1.1415525114155251e-05,0.041666666666666664,1.0
LINE_2500_2600_2,line,Line_2500_2600_2,0.0,0.00027389756231169547,24.0,1.1415525114155251e-05,0.041666666666666664,1.0
LINE_2500_2930_1,line,Line_2500_2930_1,0.0,0.00027389756231169547,24.0,1.1415525114155251e-05,0.041666666666666664,1.0
LINE_2500_9300_1,line,Line_2500_9300_1,0.0,0.00027389756231169547,24.0,1.1415525114155251e-05,0.041666666666666664,1.0
LINE_2500_9300_2,line,Line_2500_9300_2,0.0,0.00027389756231169547,24.0,1.1415525114155251e-05,0.041666666666666664,1.0
LINE_2501_2511_@1,line,Line_2501_2511_@1,0.0,0.00027389756231169547,24.0,1.1415525114155251e-05,0.041666666666666664,1.0
LINE_2501_2511_@2,line,Line_2501_2511_@2,0.0,0.00027389756231169547,24.0,1.1415525114155251e-05,0.041666666666666664,1.0
LINE_2501_3075_3,line,Line_2501_3075_3,0.0,0.00027389756231169547,24.0,1.1415525114155251e-05,0.041666666666666664,1.0
LINE_2501_3661_M,line,Line_2501_3661_M,0.0,0.00027389756231169547,24.0,1.1415525114155251e-05,0.041666666666666664,1.0
LINE_2501_3661_O,line,Line_2501_3661_O,0.0,0.00027389756231169547,24.0,1.1415525114155251e-05,0.041666666666666664,1.0
LINE_2501_3661_W,line,Line_2501_3661_W,0.0,0.00027389756231169547,24.0,1.1415525114155251e-05,0.041666666666666664,1.0
LINE_2501_3701_N,line,Line_2501_3701_N,0.0,0.00027389756231169547,24.0,1.1415525114155251e-05,0.041666666666666664,1.0
LINE_2501_3701_S,line,Line_2501_3701_S,0.0,0.00027389756231169547,24.0,1.1415525114155251e-05,0.041666666666666664,1.0
LINE_2501_6009_R,line,Line_2501_6009_R,0.0,0.00027389756231169547,24.0,1.1415525114155251e-05,0.041666666666666664,1.0
LINE_2501_9800_1,line,Line_2501_9800_1,0.0,0.00027389756231169547,24.0,1.1415525114155251e-05,0.041666666666666664,1.0
LINE_2501_9800_2,line,Line_2501_9800_2,0.0,0.00027389756231169547,24.0,1.1415525114155251e-05,0.041666666666666664,1.0
LINE_2511_3075_3,line,Line_2511_3075_3,0.0,0.00027389756231169547,24.0,1.1415525114155251e-05,0.041666666666666664,1.0
LINE_2511_3671_M,line,Line_2511_3671_M,0.0,0.00027389756231169547,24.0,1.1415525114155251e-05,0.041666666666666664,1.0
LINE_2511_3671_N,line,Line_2511_3671_N,0.0,0.00027389756231169547,24.0,1.1415525114155251e-05,0.041666666666666664,1.0
LINE_2511_3671_O,line,Line_2511_3671_O,0.0,0.00027389756231169547,24.0,1.1415525114155251e-05,0.041666666666666664,1.0
LINE_2511_3671_S,line,Line_2511_3671_S,0.0,0.00027389756231169547,24.0,1.1415525114155251e-05,0.041666666666666664,1.0
LINE_2511_6017_M,line,Line_2511_6017_M,0.0,0.00027389756231169547,24.0,1.1415525114155251e-05,0.041666666666666664,1.0
LINE_2511_6017_O,line,Line_2511_6017_O,0.0,0.00027389756231169547,24.0,1.1415525114155251e-05,0.041666666666666664,1.0
LINE_2511_7801_1,line,Line_2511_7801_1,0.0,0.00027389756231169547,24.0,1.1415525114155251e-05,0.041666666666666664,1.0
LINE_2511_7802_2,line,Line_2511_7802_2,0.0,0.00027389756231169547,24.0,1.1415525114155251e-05,0.041666666666666664,1.0
LINE_2600_2650_1,line,Line_2600_2650_1,0.0,0.00027389756231169547,24.0,1.1415525114155251e-05,0.041666666666666664,1.0
LINE_2600_2650_2,line,Line_2600_2650_2,0.0,0.00027389756231169547,24.0,1.1415525114155251e-05,0.041666666666666664,1.0
LINE_2601_2611_@1,line,Line_2601_2611_@1,0.0,0.00027389756231169547,24.0,1.1415525114155251e-05,0.041666666666666664,1.0
LINE_2601_2611_@2,line,Line_2601_2611_@2,0.0,0.00027389756231169547,24.0,1.1415525114155251e-05,0.041666666666666664,1.0
LINE_2601_6073_2,line,Line_2601_6073_2,0.0,0.00027389756231169547,24.0,1.1415525114155251e-05,0.041666666666666664,1.0
LINE_2601_6075_R,line,Line_2601_6075_R,0.0,0.00027389756231169547,24.0,1.1415525114155251e-05,0.041666666666666664,1.0
LINE_2601_6075_W,line,Line_2601_6075_W,0.0,0.00027389756231169547,24.0,1.1415525114155251e-05,0.041666666666666664,1.0
LINE_2601_7798_2,line,Line_2601_7798_2,0.0,0.00027389756231169547,24.0,1.1415525114155251e-05,0.041666666666666664,1.0
LINE_2601_8526_1,line,Line_2601_8526_1,0.0,0.00027389756231169547,24.0,1.1415525114155251e-05,0.041666666666666664,1.0
LINE_2601_8528_1,line,Line_2601_8528_1,0.0,0.00027389756231169547,24.0,1.1415525114155251e-05,0.041666666666666664,1.0
LINE_2601_8530_1,line,Line_2601_8530_1,0.0,0.00027389756231169547,24.0,1.1415525114155251e-05,0.041666666666666664,1.0
LINE_2601_8541_1,line,Line_2601_8541_1,0.0,0.00027389756231169547,24.0,1.1415525114155251e-05,0.041666666666666664,1.0
LINE_2601_8555_W,line,Line_2601_8555_W,0.0,0.00027389756231169547,24.0,1.1415525114155251e-05,0.041666666666666664,1.0
LINE_2603_22603_1,line,Line_2603_22603_1,0.0,0.00027389756231169547,24.0,1.1415525114155251e-05,0.041666666666666664,1.0
LINE_2611_2621_@1,line,Line_2611_2621_@1,0.0,0.00027389756231169547,24.0,1.1415525114155251e-05,0.041666666666666664,1.0
LINE_2611_2621_@2,line,Line_2611_2621_@2,0.0,0.00027389756231169547,24.0,1.1415525114155251e-05,0.041666666666666664,1.0
LINE_2611_6095_2,line,Line_2611_6095_2,0.0,0.00027389756231169547,24.0,1.1415525114155251e-05,0.041666666666666664,1.0
LINE_2611_6095_3,line,Line_2611_6095_3,0.0,0.00027389756231169547,24.0,1.1415525114155251e-05,0.041666666666666664,1.0
LINE_2611_8532_R,line,Line_2611_8532_R,0.0,0.00027389756231169547,24.0,1.1415525114155251e-05,0.041666666666666664,1.0
LINE_2611_8567_1,line,Line_2611_8567_1,0.0,0.00027389756231169547,24.0,1.1415525114155251e-05,0.041666666666666664,1.0
LINE_2613_22613_1,line,Line_2613_22613_1,0.0,0.00027389756231169547,24.0,1.1415525114155251e-05,0.041666666666666664,1.0
LINE_2621_6082_1,line,Line_2621_6082_1,0.0,0.00027389756231169547,24.0,1.1415525114155251e-05,0.041666666666666664,1.0
LINE_2621_6082_2,line,Line_2621_6082_2,0.0,0.00027389756231169547,24.0,1.1415525114155251e-05,0.041666666666666664,1.0
LINE_2621_8534_1,line,Line_2621_8534_1,0.0,0.00027389756231169547,24.0,1.1415525114155251e-05,0.041666666666666664,1.0
LINE_2621_8535_1,line,Line_2621_8535_1,0.0,0.00027389756231169547,24.0,1.1415525114155251e-05,0.041666666666666664,1.0
LINE_2621_8537_1,line,Line_2621_8537_1,0.0,0.00027389756231169547,24.0,1.1415525114155251e-05,0.041666666666666664,1.0
LINE_2621_8544_1,line,Line_2621_8544_1,0.0,0.00027389756231169547,24.0,1.1415525114155251e-05,0.041666666666666664,1.0
LINE_2621_8544_2,line,Line_2621_8544_2,0.0,0.00027389756231169547,24.0,1.1415525114155251e-05,0.041666666666666664,1.0
LINE_2621_8546_1,line,Line_2621_8546_1,0.0,0.00027389756231169547,24.0,1.1415525114155251e-05,0.041666666666666664,1.0
LINE_2621_8546_2,line,Line_2621_8546_2,0.0,0.00027389756231169547,24.0,1.1415525114155251e-05,0.041666666666666664,1.0
LINE_2621_8583_1,line,Line_2621_8583_1,0.0,0.00027389756231169547,24.0,1.1415525114155251e-05,0.041666666666666664,1.0
LINE_2650_2680_R,line,Line_2650_2680_R,0.0,0.00027389756231169547,24.0,1.1415525114155251e-05,0.041666666666666664,1.0
LINE_2650_2930_R,line,Line_2650_2930_R,0.0,0.00027389756231169547,24.0,1.1415525114155251e-05,0.041666666666666664,1.0
LINE_2650_2930_W,line,Line_2650_2930_W,0.0,0.00027389756231169547,24.0,1.1415525114155251e-05,0.041666666666666664,1.0
LINE_2651_2661_@1,line,Line_2651_2661_@1,0.0,0.00027389756231169547,24.0,1.1415525114155251e-05,0.041666666666666664,1.0
LINE_2651_2661_@2,line,Line_2651_2661_@2,0.0,0.00027389756231169547,24.0,1.1415525114155251e-05,0.041666666666666664,1.0
LINE_2651_3721_1,line,Line_2651_3721_1,0.0,0.00027389756231169547,24.0,1.1415525114155251e-05,0.041666666666666664,1.0
LINE_2651_3721_2,line,Line_2651_3721_2,0.0,0.00027389756231169547,24.0,1.1415525114155251e-05,0.041666666666666664,1.0
LINE_2651_3761_M,line,Line_2651_3761_M,0.0,0.00027389756231169547,24.0,1.1415525114155251e-05,0.041666666666666664,1.0
LINE_2651_3761_O,line,Line_2651_3761_O,0.0,0.00027389756231169547,24.0,1.1415525114155251e-05,0.041666666666666664,1.0
LINE_2651_7827_3,line,Line_2651_7827_3,0.0,0.00027389756231169547,24.0,1.1415525114155251e-05,0.041666666666666664,1.0
LINE_2651_7828_4,line,Line_2651_7828_4,0.0,0.00027389756231169547,24.0,1.1415525114155251e-05,0.041666666666666664,1.0
LINE_2660_2670_W,line,Line_2660_2670_W,0.0,0.00027389756231169547,24.0,1.1415525114155251e-05,0.041666666666666664,1.0
LINE_2660_2750_M,line,Line_2660_2750_M,0.0,0.00027389756231169547,24.0,1.1415525114155251e-05,0.041666666666666664,1.0
LINE_2660_2750_O,line,Line_2660_2750_O,0.0,0.00027389756231169547,24.0,1.1415525114155251e-05,0.041666666666666664,1.0
LINE_2661_3791_2,line,Line_2661_3791_2,0.0,0.00027389756231169547,24.0,1.1415525114155251e-05,0.041666666666666664,1.0
LINE_2661_3791_3,line,Line_2661_3791_3,0.0,0.00027389756231169547,24.0,1.1415525114155251e-05,0.041666666666666664,1.0
LINE_2661_6139_1,line,Line_2661_6139_1,0.0,0.00027389756231169547,24.0,1.1415525114155251e-05,0.041666666666666664,1.0
LINE_2661_7839_1,line,Line_2661_7839_1,0.0,0.00027389756231169547,24.0,1.1415525114155251e-05,0.041666666666666664,1.0
LINE_2661_65200_1,line,Line_2661_65200_1,0.0,0.00027389756231169547,24.0,1.1415525114155251e-05,0.041666666666666664,1.0
LINE_2670_2680_@1,line,Line_2670_2680_@1,0.0,0.00027389756231169547,24.0,1.1415525114155251e-05,0.041666666666666664,1.0
LINE_2670_2680_@2,line,Line_2670_2680_@2,0.0,0.00027389756231169547,24.0,1.1415525114155251e-05,0.041666666666666664,1.0
LINE_2671_2681_@1,line,Line_2671_2681_@1,0.0,0.00027389756231169547,24.0,1.1415525114155251e-05,0.041666666666666664,1.0
LINE_2671_2681_@2,line,Line_2671_2681_@2,0.0,0.00027389756231169547,24.0,1.1415525114155251e-05,0.041666666666666664,1.0
LINE_2671_6111_1,line,Line_2671_6111_1,0.0,0.00027389756231169547,24.0,1.1415525114155251e-05,0.041666666666666664,1.0
LINE_2671_6111_2,line,Line_2671_6111_2,0.0,0.00027389756231169547,24.0,1.1415525114155251e-05,0.041666666666666664,1.0
LINE_2672_22672_1,line,Line_2672_22672_1,0.0,0.00027389756231169547,24.0,1.1415525114155251e-05,0.041666666666666664,1.0
LINE_2681_6127_1,line,Line_2681_6127_1,0.0,0.00027389756231169547,24.0,1.1415525114155251e-05,0.041666666666666664,1.0
LINE_2681_6127_2,line,Line_2681_6127_2,0.0,0.00027389756231169547,24.0,1.1415525114155251e-05,0.041666666666666664,1.0
LINE_2681_6129_R,line,Line_2681_6129_R,0.0,0.00027389756231169547,24.0,1.1415525114155251e-05,0.041666666666666664,1.0
LINE_2681_6129_W,line,Line_2681_6129_W,0.0,0.00027389756231169547,24.0,1.1415525114155251e-05,0.041666666666666664,1.0
LINE_2681_8572_R,line,Line_2681_8572_R,0.0,0.00027389756231169547,24.0,1.1415525114155251e-05,0.041666666666666664,1.0
LINE_2681_8573_W,line,Line_2681_8573_W,0.0,0.00027389756231169547,24.0,1.1415525114155251e-05,0.041666666666666664,1.0
LINE_2681_8576_R,line,Line_2681_8576_R,0.0,0.00027389756231169547,24.0,1.1415525114155251e-05,0.041666666666666664,1.0
LINE_2681_8576_W,line,Line_2681_8576_W,0.0,0.00027389756231169547,24.0,1.1415525114155251e-05,0.041666666666666664,1.0
LINE_2750_2900_R,line,Line_2750_2900_R,0.0,0.00027389756231169547,24.0,1.1415525114155251e-05,0.041666666666666664,1.0
LINE_2750_2900_W,line,Line_2750_2900_W,0.0,0.00027389756231169547,24.0,1.1415525114155251e-05,0.041666666666666664,1.0
LINE_2751_2761_@1,line,Line_2751_2761_@1,0.0,0.00027389756231169547,24.0,1.1415525114155251e-05,0.041666666666666664,1.0
LINE_2751_2761_@2,line,Line_2751_2761_@2,0.0,0.00027389756231169547,24.0,1.1415525114155251e-05,0.041666666666666664,1.0
LINE_2751_3791_1,line,Line_2751_3791_1,0.0,0.00027389756231169547,24.0,1.1415525114155251e-05,0.041666666666666664,1.0
LINE_2751_3811_3,line,Line_2751_3811_3,0.0,0.00027389756231169547,24.0,1.1415525114155251e-05,0.041666666666666664,1.0
LINE_2751_3811_4,line,Line_2751_3811_4,0.0,0.00027389756231169547,24.0,1.1415525114155251e-05,0.041666666666666664,1.0
LINE_2751_6233_R,line,Line_2751_6233_R,0.0,0.00027389756231169547,24.0,1.1415525114155251e-05,0.041666666666666664,1.0
LINE_2751_6233_W,line,Line_2751_6233_W,0.0,0.00027389756231169547,24.0,1.1415525114155251e-05,0.041666666666666664,1.0
LINE_2751_9860_1,line,Line_2751_9860_1,0.0,0.00027389756231169547,24.0,1.1415525114155251e-05,0.041666666666666664,1.0
LINE_2753_22753_1,line,Line_2753_22753_1,0.0,0.00027389756231169547,24.0,1.1415525114155251e-05,0.041666666666666664,1.0
LINE_2761_3811_1,line,Line_2761_3811_1,0.0,0.00027389756231169547,24.0,1.1415525114155251e-05,0.041666666666666664,1.0
LINE_2761_3811_2,line,Line_2761_3811_2,0.0,0.00027389756231169547,24.0,1.1415525114155251e-05,0.041666666666666664,1.0
LINE_2761_7853_M,line,Line_2761_7853_M,0.0,0.00027389756231169547,24.0,1.1415525114155251e-05,0.041666666666666664,1.0
LINE_2761_7854_O,line,Line_2761_7854_O,0.0,0.00027389756231169547,24.0,1.1415525114155251e-05,0.041666666666666664,1.0
LINE_2761_8601_1,line,Line_2761_8601_1,0.0,0.00027389756231169547,24.0,1.1415525114155251e-05,0.041666666666666664,1.0
LINE_2761_8617_1,line,Line_2761_8617_1,0.0,0.00027389756231169547,24.0,1.1415525114155251e-05,0.041666666666666664,1.0
LINE_2761_8618_1,line,Line_2761_8618_1,0.0,0.00027389756231169547,24.0,1.1415525114155251e-05,0.041666666666666664,1.0
LINE_2761_53800_1,line,Line_2761_53800_1,0.0,0.00027389756231169547,24.0,1.1415525114155251e-05,0.041666666666666664,1.0
LINE_2763_22763_1,line,Line_2763_22763_1,0.0,0.00027389756231169547,24.0,1.1415525114155251e-05,0.041666666666666664,1.0
LINE_2800_2850_R,line,Line_2800_2850_R,0.0,0.00027389756231169547,24.0,1.1415525114155251e-05,0.041666666666666664,1.0
LINE_2800_2850_W,line,Line_2800_2850_W,0.0,0.00027389756231169547,24.0,1.1415525114155251e-05,0.041666666666666664,1.0
LINE_2800_2920_1,line,Line_2800_2920_1,0.0,0.00027389756231169547,24.0,1.1415525114155251e-05,0.041666666666666664,1.0
LINE_2800_2920_2,line,Line_2800_2920_2,0.0,0.00027389756231169547,24.0,1.1415525114155251e-05,0.041666666666666664,1.0
LINE_2801_2811_@1,line,Line_2801_2811_@1,0.0,0.00027389756231169547,24.0,1.1415525114155251e-05,0.041666666666666664,1.0
LINE_2801_2811_@2,line,Line_2801_2811_@2,0.0,0.00027389756231169547,24.0,1.1415525114155251e-05,0.041666666666666664,1.0
LINE_2801_6301_M,line,Line_2801_6301_M,0.0,0.00027389756231169547,24.0,1.1415525114155251e-05,0.041666666666666664,1.0
LINE_2801_6301_O,line,Line_2801_6301_O,0.0,0.00027389756231169547,24.0,1.1415525114155251e-05,0.041666666666666664,1.0
LINE_2801_6309_1,line,Line_2801_6309_1,0.0,0.00027389756231169547,24.0,1.1415525114155251e-05,0.041666666666666664,1.0
LINE_2801_6309_2,line,Line_2801_6309_2,0.0,0.00027389756231169547,24.0,1.1415525114155251e-05,0.041666666666666664,1.0
LINE_2801_8621_R,line,Line_2801_8621_R,0.0,0.00027389756231169547,24.0,1.1415525114155251e-05,0.041666666666666664,1.0
LINE_2801_8621_W,line,Line_2801_8621_W,0.0,0.00027389756231169547,24.0,1.1415525114155251e-05,0.041666666666666664,1.0
LINE_2802_2812_@1,line,Line_2802_2812_@1,0.0,0.00027389756231169547,24.0,1.1415525114155251e-05,0.041666666666666664,1.0
LINE_2802_22802_1,line,Line_2802_22802_1,0.0,0.00027389756231169547,24.0,1.1415525114155251e-05,0.041666666666666664,1.0
LINE_2811_6305_1,line,Line_2811_6305_1,0.0,0.00027389756231169547,24.0,1.1415525114155251e-05,0.041666666666666664,1.0
LINE_2811_6305_2,line,Line_2811_6305_2,0.0,0.00027389756231169547,24.0,1.1415525114155251e-05,0.041666666666666664,1.0
LINE_2811_6311_R,line,Line_2811_6311_R,0.0,0.00027389756231169547,24.0,1.1415525114155251e-05,0.041666666666666664,1.0
LINE_2811_6311_W,line,Line_2811_6311_W,0.0,0.00027389756231169547,24.0,1.1415525114155251e-05,0.041666666666666664,1.0
LINE_2812_22812_1,line,Line_2812_22812_1,0.0,0.00027389756231169547,24.0,1.1415525114155251e-05,0.041666666666666664,1.0
LINE_2850_2870_R,line,Line_2850_2870_R,0.0,0.00027389756231169547,24.0,1.1415525114155251e-05,0.041666666666666664,1.0
LINE_2850_2870_W,line,Line_2850_2870_W,0.0,0.00027389756231169547,24.0,1.1415525114155251e-05,0.041666666666666664,1.0
LINE_2851_2861_@1,line,Line_2851_2861_@1,0.0,0.00027389756231169547,24.0,1.1415525114155251e-05,0.041666666666666664,1.0
LINE_2851_2861_@2,line,Line_2851_2861_@2,0.0,0.00027389756231169547,24.0,1.1415525114155251e-05,0.041666666666666664,1.0
LINE_2851_6353_1,line,Line_2851_6353_1,0.0,0.00027389756231169547,24.0,1.1415525114155251e-05,0.041666666666666664,1.0
LINE_2851_6353_2,line,Line_2851_6353_2,0.0,0.00027389756231169547,24.0,1.1415525114155251e-05,0.041666666666666664,1.0
LINE_2851_6361_1,line,Line_2851_6361_1,0.0,0.00027389756231169547,24.0,1.1415525114155251e-05,0.041666666666666664,1.0
LINE_2851_6367_1,line,Line_2851_6367_1,0.0,0.00027389756231169547,24.0,1.1415525114155251e-05,0.041666666666666664,1.0
LINE_2851_6371_1,line,Line_2851_6371_1,0.0,0.00027389756231169547,24.0,1.1415525114155251e-05,0.041666666666666664,1.0
LINE_2853_22853_1,line,Line_2853_22853_1,0.0,0.00027389756231169547,24.0,1.1415525114155251e-05,0.041666666666666664,1.0
LINE_2861_6369_1,line,Line_2861_6369_1,0.0,0.00027389756231169547,24.0,1.1415525114155251e-05,0.041666666666666664,1.0
LINE_2861_6369_2,line,Line_2861_6369_2,0.0,0.00027389756231169547,24.0,1.1415525114155251e-05,0.041666666666666664,1.0
LINE_2861_6409_1,line,Line_2861_6409_1,0.0,0.00027389756231169547,24.0,1.1415525114155251e-05,0.041666666666666664,1.0
LINE_2861_6409_2,line,Line_2861_6409_2,0.0,0.00027389756231169547,24.0,1.1415525114155251e-05,0.041666666666666664,1.0
LINE_2862_22862_1,line,Line_2862_22862_1,0.0,0.00027389756231169547,24.0,1.1415525114155251e-05,0.041666666666666664,1.0
LINE_2870_3080_1,line,Line_2870_3080_1,0.0,0.00027389756231169547,24.0,1.1415525114155251e-05,0.041666666666666664,1.0
LINE_2870_3081_2,line,Line_2870_3081_2,0.0,0.00027389756231169547,24.0,1.1415525114155251e-05,0.041666666666666664,1.0
LINE_2871_2881_@1,line,Line_2871_2881_@1,0.0,0.00027389756231169547,24.0,1.1415525114155251e-05,0.041666666666666664,1.0
LINE_2871_2881_@2,line,Line_2871_2881_@2,0.0,0.00027389756231169547,24.0,1.1415525114155251e-05,0.041666666666666664,1.0
LINE_2881_6407_1,line,Line_2881_6407_1,0.0,0.00027389756231169547,24.0,1.1415525114155251e-05,0.041666666666666664,1.0
LINE_2881_6407_2,line,Line_2881_6407_2,0.0,0.00027389756231169547,24.0,1.1415525114155251e-05,0.041666666666666664,1.0
LINE_2881_7883_1,line,Line_2881_7883_1,0.0,0.00027389756231169547,24.0,1.1415525114155251e-05,0.041666666666666664,1.0
LINE_2900_2950_R,line,Line_2900_2950_R,0.0,0.00027389756231169547,24.0,1.1415525114155251e-05,0.041666666666666664,1.0
LINE_2900_2950_W,line,Line_2900_2950_W,0.0,0.00027389756231169547,24.0,1.1415525114155251e-05,0.041666666666666664,1.0
LINE_2900_3080_1,line,Line_2900_3080_1,0.0,0.00027389756231169547,24.0,1.1415525114155251e-05,0.041666666666666664,1.0
LINE_2900_3081_2,line,Line_2900_3081_2,0.0,0.00027389756231169547,24.0,1.1415525114155251e-05,0.041666666666666664,1.0
LINE_2901_2911_@1,line,Line_2901_2911_@1,0.0,0.00027389756231169547,24.0,1.1415525114155251e-05,0.041666666666666664,1.0
LINE_2901_2911_@2,line,Line_2901_2911_@2,0.0,0.00027389756231169547,24.0,1.1415525114155251e-05,0.041666666666666664,1.0
LINE_2901_3901_4,line,Line_2901_3901_4,0.0,0.00027389756231169547,24.0,1.1415525114155251e-05,0.041666666666666664,1.0
LINE_2901_7853_M,line,Line_2901_7853_M,0.0,0.00027389756231169547,24.0,1.1415525114155251e-05,0.041666666666666664,1.0
LINE_2901_7854_O,line,Line_2901_7854_O,0.0,0.00027389756231169547,24.0,1.1415525114155251e-05,0.041666666666666664,1.0
LINE_2901_7892_S,line,Line_2901_7892_S,0.0,0.00027389756231169547,24.0,1.1415525114155251e-05,0.041666666666666664,1.0
LINE_2901_7893_N,line,Line_2901_7893_N,0.0,0.00027389756231169547,24.0,1.1415525114155251e-05,0.041666666666666664,1.0
LINE_2902_22902_1,line,Line_2902_22902_1,0.0,0.00027389756231169547,24.0,1.1415525114155251e-05,0.041666666666666664,1.0
LINE_2911_6369_1,line,Line_2911_6369_1,0.0,0.00027389756231169547,24.0,1.1415525114155251e-05,0.041666666666666664,1.0
LINE_2911_6369_2,line,Line_2911_6369_2,0.0,0.00027389756231169547,24.0,1.1415525114155251e-05,0.041666666666666664,1.0
LINE_2911_7883_1,line,Line_2911_7883_1,0.0,0.00027389756231169547,24.0,1.1415525114155251e-05,0.041666666666666664,1.0
LINE_2911_7884_2,line,Line_2911_7884_2,0.0,0.00027389756231169547,24.0,1.1415525114155251e-05,0.041666666666666664,1.0
LINE_2920_3080_1,line,Line_2920_3080_1,0.0,0.00027389756231169547,24.0,1.1415525114155251e-05,0.041666666666666664,1.0
LINE_2920_3081_2,line,Line_2920_3081_2,0.0,0.00027389756231169547,24.0,1.1415525114155251e-05,0.041666666666666664,1.0
LINE_2921_3891_1,line,Line_2921_3891_1,0.0,0.00027389756231169547,24.0,1.1415525114155251e-05,0.041666666666666664,1.0
LINE_2921_3891_2,line,Line_2921_3891_2,0.0,0.00027389756231169547,24.0,1.1415525114155251e-05,0.041666666666666664,1.0
LINE_2921_7883_@2,line,Line_2921_7883_@2,0.0,0.00027389756231169547,24.0,1.1415525114155251e-05,0.041666666666666664,1.0
LINE_2921_7884_@1,line,Line_2921_7884_@1,0.0,0.00027389756231169547,24.0,1.1415525114155251e-05,0.041666666666666664,1.0
LINE_2921_7885_3,line,Line_2921_7885_3,0.0,0.00027389756231169547,24.0,1.1415525114155251e-05,0.041666666666666664,1.0
LINE_2923_22923_1,line,Line_2923_22923_1,0.0,0.00027389756231169547,24.0,1.1415525114155251e-05,0.041666666666666664,1.0
LINE_2930_2950_1,line,Line_2930_2950_1,0.0,0.00027389756231169547,24.0,1.1415525114155251e-05,0.041666666666666664,1.0
LINE_2931_2941_@1,line,Line_2931_2941_@1,0.0,0.00027389756231169547,24.0,1.1415525114155251e-05,0.041666666666666664,1.0
LINE_2931_2941_@2,line,Line_2931_2941_@2,0.0,0.00027389756231169547,24.0,1.1415525114155251e-05,0.041666666666666664,1.0
LINE_2931_6451_1,line,Line_2931_6451_1,0.0,0.00027389756231169547,24.0,1.1415525114155251e-05,0.041666666666666664,1.0
LINE_2931_6451_2,line,Line_2931_6451_2,0.0,0.00027389756231169547,24.0,1.1415525114155251e-05,0.041666666666666664,1.0
LINE_2932_22932_1,line,Line_2932_22932_1,0.0,0.00027389756231169547,24.0,1.1415525114155251e-05,0.041666666666666664,1.0
LINE_2941_6223_R,line,Line_2941_6223_R,0.0,0.00027389756231169547,24.0,1.1415525114155251e-05,0.041666666666666664,1.0
LINE_2941_6223_W,line,Line_2941_6223_W,0.0,0.00027389756231169547,24.0,1.1415525114155251e-05,0.041666666666666664,1.0
LINE_2941_6457_R,line,Line_2941_6457_R,0.0,0.00027389756231169547,24.0,1.1415525114155251e-05,0.041666666666666664,1.0
LINE_2941_6457_W,line,Line_2941_6457_W,0.0,0.00027389756231169547,24.0,1.1415525114155251e-05,0.041666666666666664,1.0
LINE_2951_2961_@1,line,Line_2951_2961_@1,0.0,0.00027389756231169547,24.0,1.1415525114155251e-05,0.041666666666666664,1.0
LINE_2951_2961_@2,line,Line_2951_2961_@2,0.0,0.00027389756231169547,24.0,1.1415525114155251e-05,0.041666666666666664,1.0
LINE_2951_3931_M,line,Line_2951_3931_M,0.0,0.00027389756231169547,24.0,1.1415525114155251e-05,0.041666666666666664,1.0
LINE_2951_3931_O,line,Line_2951_3931_O,0.0,0.00027389756231169547,24.0,1.1415525114155251e-05,0.041666666666666664,1.0
LINE_2951_3931_R,line,Line_2951_3931_R,0.0,0.00027389756231169547,24.0,1.1415525114155251e-05,0.041666666666666664,1.0
LINE_2951_3931_W,line,Line_2951_3931_W,0.0,0.00027389756231169547,24.0,1.1415525114155251e-05,0.041666666666666664,1.0
LINE_2951_3941_M,line,Line_2951_3941_M,0.0,0.00027389756231169547,24.0,1.1415525114155251e-05,0.041666666666666664,1.0
LINE_2951_6513_1,line,Line_2951_6513_1,0.0,0.00027389756231169547,24.0,1.1415525114155251e-05,0.041666666666666664,1.0
LINE_2951_6513_2,line,Line_2951_6513_2,0.0,0.00027389756231169547,24.0,1.1415525114155251e-05,0.041666666666666664,1.0
LINE_2951_7954_O,line,Line_2951_7954_O,0.0,0.00027389756231169547,24.0,1.1415525114155251e-05,0.041666666666666664,1.0
LINE_2951_53640_1,line,Line_2951_53640_1,0.0,0.00027389756231169547,24.0,1.1415525114155251e-05,0.041666666666666664,1.0
LINE_2952_22952_1,line,Line_2952_22952_1,0.0,0.00027389756231169547,24.0,1.1415525114155251e-05,0.041666666666666664,1.0
LINE_2961_6515_1,line,Line_2961_6515_1,0.0,0.00027389756231169547,24.0,1.1415525114155251e-05,0.041666666666666664,1.0
LINE_2961_6515_2,line,Line_2961_6515_2,0.0,0.00027389756231169547,24.0,1.1415525114155251e-05,0.041666666666666664,1.0
LINE_3001_7019_1,line,Line_3001_7019_1,0.0,0.00027389756231169547,24.0,1.1415525114155251e-05,0.041666666666666664,1.0
LINE_3001_7019_2,line,Line_3001_7019_2,0.0,0.00027389756231169547,24.0,1.1415525114155251e-05,0.041666666666666664,1.0
LINE_3001_7952_1,line,Line_3001_7952_1,0.0,0.00027389756231169547,24.0,1.1415525114155251e-05,0.041666666666666664,1.0
LINE_3001_7953_2,line,Line_3001_7953_2,0.0,0.00027389756231169547,24.0,1.1415525114155251e-05,0.041666666666666664,1.0
LINE_3002_23002_1,line,Line_3002_23002_1,0.0,0.00027389756231169547,24.0,1.1415525114155251e-05,0.041666666666666664,1.0
LINE_3101_4011_1,line,Line_3101_4011_1,0.0,0.00027389756231169547,24.0,1.1415525114155251e-05,0.041666666666666664,1.0
LINE_3101_4011_2,line,Line_3101_4011_2,0.0,0.00027389756231169547,24.0,1.1415525114155251e-05,0.041666666666666664,1.0
LINE_3101_4047_M,line,Line_3101_4047_M,0.0,0.00027389756231169547,24.0,1.1415525114155251e-05,0.041666666666666664,1.0
LINE_3101_4047_O,line,Line_3101_4047_O,0.0,0.00027389756231169547,24.0,1.1415525114155251e-05,0.041666666666666664,1.0
LINE_3102_23102_1,line,Line_3102_23102_1,0.0,0.00027389756231169547,24.0,1.1415525114155251e-05,0.041666666666666664,1.0
LINE_3121_4255_1,line,Line_3121_4255_1,0.0,0.00027389756231169547,24.0,1.1415525114155251e-05,0.041666666666666664,1.0
LINE_3121_4265_1,line,Line_3121_4265_1,0.0,0.00027389756231169547,24.0,1.1415525114155251e-05,0.041666666666666664,1.0
LINE_3121_4275_1,line,Line_3121_4275_1,0.0,0.00027389756231169547,24.0,1.1415525114155251e-05,0.041666666666666664,1.0
LINE_3121_7515_R,line,Line_3121_7515_R,0.0,0.00027389756231169547,24.0,1.1415525114155251e-05,0.041666666666666664,1.0
LINE_3121_7516_W,line,Line_3121_7516_W,0.0,0.00027389756231169547,24.0,1.1415525114155251e-05,0.041666666666666664,1.0
LINE_3121_7517_2,line,Line_3121_7517_2,0.0,0.00027389756231169547,24.0,1.1415525114155251e-05,0.041666666666666664,1.0
LINE_3122_23122_1,line,Line_3122_23122_1,0.0,0.00027389756231169547,24.0,1.1415525114155251e-05,0.041666666666666664,1.0
LINE_3131_4111_M,line,Line_3131_4111_M,0.0,0.00027389756231169547,24.0,1.1415525114155251e-05,0.041666666666666664,1.0
LINE_3131_4111_O,line,Line_3131_4111_O,0.0,0.00027389756231169547,24.0,1.1415525114155251e-05,0.041666666666666664,1.0
LINE_3131_4147_1,line,Line_3131_4147_1,0.0,0.00027389756231169547,24.0,1.1415525114155251e-05,0.041666666666666664,1.0
LINE_3131_7511_M,line,Line_3131_7511_M,0.0,0.00027389756231169547,24.0,1.1415525114155251e-05,0.041666666666666664,1.0
LINE_3131_7512_O,line,Line_3131_7512_O,0.0,0.00027389756231169547,24.0,1.1415525114155251e-05,0.041666666666666664,1.0
LINE_3131_7567_O,line,Line_3131_7567_O,0.0,0.00027389756231169547,24.0,1.1415525114155251e-05,0.041666666666666664,1.0
LINE_3131_7568_M,line,Line_3131_7568_M,0.0,0.00027389756231169547,24.0,1.1415525114155251e-05,0.041666666666666664,1.0
LINE_3132_23132_1,line,Line_3132_23132_1,0.0,0.00027389756231169547,24.0,1.1415525114155251e-05,0.041666666666666664,1.0
LINE_3141_7518_M,line,Line_3141_7518_M,0.0,0.00027389756231169547,24.0,1.1415525114155251e-05,0.041666666666666664,1.0
LINE_3141_7519_O,line,Line_3141_7519_O,0.0,0.00027389756231169547,24.0,1.1415525114155251e-05,0.041666666666666664,1.0
LINE_3142_13142_1,line,Line_3142_13142_1,0.0,0.00027389756231169547,24.0,1.1415525114155251e-05,0.041666666666666664,1.0
LINE_3142_23142_1,line,Line_3142_23142_1,0.0,0.00027389756231169547,24.0,1.1415525114155251e-05,0.041666666666666664,1.0
LINE_3161_4213_1,line,Line_3161_4213_1,0.0,0.00027389756231169547,24.0,1.1415525114155251e-05,0.041666666666666664,1.0
LINE_3161_7534_O,line,Line_3161_7534_O,0.0,0.00027389756231169547,24.0,1.1415525114155251e-05,0.041666666666666664,1.0
LINE_3162_23162_1,line,Line_3162_23162_1,0.0,0.00027389756231169547,24.0,1.1415525114155251e-05,0.041666666666666664,1.0
LINE_3181_3191_@1,line,Line_3181_3191_@1,0.0,0.00027389756231169547,24.0,1.1415525114155251e-05,0.041666666666666664,1.0
LINE_3181_3191_@2,line,Line_3181_3191_@2,0.0,0.00027389756231169547,24.0,1.1415525114155251e-05,0.041666666666666664,1.0
LINE_3181_4573_R,line,Line_3181_4573_R,0.0,0.00027389756231169547,24.0,1.1415525114155251e-05,0.041666666666666664,1.0
LINE_3181_4573_W,line,Line_3181_4573_W,0.0,0.00027389756231169547,24.0,1.1415525114155251e-05,0.041666666666666664,1.0
LINE_3181_7619_3,line,Line_3181_7619_3,0.0,0.00027389756231169547,24.0,1.1415525114155251e-05,0.041666666666666664,1.0
LINE_3181_8184_1,line,Line_3181_8184_1,0.0,0.00027389756231169547,24.0,1.1415525114155251e-05,0.041666666666666664,1.0
LINE_3181_8184_2,line,Line_3181_8184_2,0.0,0.00027389756231169547,24.0,1.1415525114155251e-05,0.041666666666666664,1.0
LINE_3182_23182_1,line,Line_3182_23182_1,0.0,0.00027389756231169547,24.0,1.1415525114155251e-05,0.041666666666666664,1.0
LINE_3191_4353_1,line,Line_3191_4353_1,0.0,0.00027389756231169547,24.0,1.1415525114155251e-05,0.041666666666666664,1.0
LINE_3191_4357_1,line,Line_3191_4357_1,0.0,0.00027389756231169547,24.0,1.1415525114155251e-05,0.041666666666666664,1.0
LINE_3191_4575_1,line,Line_3191_4575_1,0.0,0.00027389756231169547,24.0,1.1415525114155251e-05,0.041666666666666664,1.0
LINE_3211_3221_1,line,Line_3211_3221_1,0.0,0.00027389756231169547,24.0,1.1415525114155251e-05,0.041666666666666664,1.0
LINE_3211_3221_2,line,Line_3211_3221_2,0.0,0.00027389756231169547,24.0,1.1415525114155251e-05,0.041666666666666664,1.0
LINE_3211_4351_1,line,Line_3211_4351_1,0.0,0.00027389756231169547,24.0,1.1415525114155251e-05,0.041666666666666664,1.0
LINE_3211_4351_2,line,Line_3211_4351_2,0.0,0.00027389756231169547,24.0,1.1415525114155251e-05,0.041666666666666664,1.0
LINE_3211_7569_O,line,Line_3211_7569_O,0.0,0.00027389756231169547,24.0,1.1415525114155251e-05,0.041666666666666664,1.0
LINE_3211_8141_1,line,Line_3211_8141_1,0.0,0.00027389756231169547,24.0,1.1415525114155251e-05,0.041666666666666664,1.0
LINE_3211_8141_2,line,Line_3211_8141_2,0.0,0.00027389756231169547,24.0,1.1415525114155251e-05,0.041666666666666664,1.0
LINE_3221_4403_1,line,Line_3221_4403_1,0.0,0.00027389756231169547,24.0,1.1415525114155251e-05,0.041666666666666664,1.0
LINE_3221_7571_M,line,Line_3221_7571_M,0.0,0.00027389756231169547,24.0,1.1415525114155251e-05,0.041666666666666664,1.0
LINE_3221_7573_M,line,Line_3221_7573_M,0.0,0.00027389756231169547,24.0,1.1415525114155251e-05,0.041666666666666664,1.0
LINE_3221_7574_2,line,Line_3221_7574_2,0.0,0.00027389756231169547,24.0,1.1415525114155251e-05,0.041666666666666664,1.0
LINE_3222_23222_1,line,Line_3222_23222_1,0.0,0.00027389756231169547,24.0,1.1415525114155251e-05,0.041666666666666664,1.0
LINE_3231_7588_2,line,Line_3231_7588_2,0.0,0.00027389756231169547,24.0,1.1415525114155251e-05,0.041666666666666664,1.0
LINE_3231_7591_W,line,Line_3231_7591_W,0.0,0.00027389756231169547,24.0,1.1415525114155251e-05,0.041666666666666664,1.0
LINE_3231_7592_R,line,Line_3231_7592_R,0.0,0.00027389756231169547,24.0,1.1415525114155251e-05,0.041666666666666664,1.0
LINE_3232_23232_1,line,Line_3232_23232_1,0.0,0.00027389756231169547,24.0,1.1415525114155251e-05,0.041666666666666664,1.0
LINE_3241_3281_M,line,Line_3241_3281_M,0.0,0.00027389756231169547,24.0,1.1415525114155251e-05,0.041666666666666664,1.0
LINE_3241_3281_O,line,Line_3241_3281_O,0.0,0.00027389756231169547,24.0,1.1415525114155251e-05,0.041666666666666664,1.0
LINE_3241_7581_1,line,Line_3241_7581_1,0.0,0.00027389756231169547,24.0,1.1415525114155251e-05,0.041666666666666664,1.0
LINE_3241_7582_1,line,Line_3241_7582_1,0.0,0.00027389756231169547,24.0,1.1415525114155251e-05,0.041666666666666664,1.0
LINE_3241_7589_O,line,Line_3241_7589_O,0.0,0.00027389756231169547,24.0,1.1415525114155251e-05,0.041666666666666664,1.0
LINE_3241_7590_1,line,Line_3241_7590_1,0.0,0.00027389756231169547,24.0,1.1415525114155251e-05,0.041666666666666664,1.0
LINE_3241_7591_W,line,Line_3241_7591_W,0.0,0.00027389756231169547,24.0,1.1415525114155251e-05,0.041666666666666664,1.0
LINE_3241_7592_R,line,Line_3241_7592_R,0.0,0.00027389756231169547,24.0,1.1415525114155251e-05,0.041666666666666664,1.0
LINE_3241_8160_R,line,Line_3241_8160_R,0.0,0.00027389756231169547,24.0,1.1415525114155251e-05,0.041666666666666664,1.0
LINE_3241_8160_W,line,Line_3241_8160_W,0.0,0.00027389756231169547,24.0,1.1415525114155251e-05,0.041666666666666664,1.0
LINE_3242_23242_1,line,Line_3242_23242_1,0.0,0.00027389756231169547,24.0,1.1415525114155251e-05,0.041666666666666664,1.0
LINE_3281_7584_O,line,Line_3281_7584_O,0.0,0.00027389756231169547,24.0,1.1415525114155251e-05,0.041666666666666664,1.0
LINE_3281_7604_1,line,Line_3281_7604_1,0.0,0.00027389756231169547,24.0,1.1415525114155251e-05,0.041666666666666664,1.0
LINE_3281_7605_2,line,Line_3281_7605_2,0.0,0.00027389756231169547,24.0,1.1415525114155251e-05,0.041666666666666664,1.0
LINE_3282_23282_1,line,Line_3282_23282_1,0.0,0.00027389756231169547,24.0,1.1415525114155251e-05,0.041666666666666664,1.0
LINE_3291_4611_M,line,Line_3291_4611_M,0.0,0.00027389756231169547,24.0,1.1415525114155251e-05,0.041666666666666664,1.0
LINE_3291_4611_O,line,Line_3291_4611_O,0.0,0.00027389756231169547,24.0,1.1415525114155251e-05,0.041666666666666664,1.0
LINE_3291_4651_R,line,Line_3291_4651_R,0.0,0.00027389756231169547,24.0,1.1415525114155251e-05,0.041666666666666664,1.0
LINE_3291_4651_W,line,Line_3291_4651_W,0.0,0.00027389756231169547,24.0,1.1415525114155251e-05,0.041666666666666664,1.0
LINE_3292_23292_1,line,Line_3292_23292_1,0.0,0.00027389756231169547,24.0,1.1415525114155251e-05,0.041666666666666664,1.0
LINE_3301_4607_1,line,Line_3301_4607_1,0.0,0.00027389756231169547,24.0,1.1415525114155251e-05,0.041666666666666664,1.0
LINE_3301_4613_1,line,Line_3301_4613_1,0.0,0.00027389756231169547,24.0,1.1415525114155251e-05,0.041666666666666664,1.0
LINE_3301_4627_1,line,Line_3301_4627_1,0.0,0.00027389756231169547,24.0,1.1415525114155251e-05,0.041666666666666664,1.0
LINE_3301_4629_1,line,Line_3301_4629_1,0.0,0.00027389756231169547,24.0,1.1415525114155251e-05,0.041666666666666664,1.0
LINE_3301_7609_1,line,Line_3301_7609_1,0.0,0.00027389756231169547,24.0,1.1415525114155251e-05,0.041666666666666664,1.0
LINE_3301_8203_R,line,Line_3301_8203_R,0.0,0.00027389756231169547,24.0,1.1415525114155251e-05,0.041666666666666664,1.0
LINE_3301_8203_W,line,Line_3301_8203_W,0.0,0.00027389756231169547,24.0,1.1415525114155251e-05,0.041666666666666664,1.0
LINE_3302_23302_1,line,Line_3302_23302_1,0.0,0.00027389756231169547,24.0,1.1415525114155251e-05,0.041666666666666664,1.0
LINE_3321_3331_@1,line,Line_3321_3331_@1,0.0,0.00027389756231169547,24.0,1.1415525114155251e-05,0.041666666666666664,1.0
LINE_3321_3331_@2,line,Line_3321_3331_@2,0.0,0.00027389756231169547,24.0,1.1415525114155251e-05,0.041666666666666664,1.0
LINE_3321_4715_1,line,Line_3321_4715_1,0.0,0.00027389756231169547,24.0,1.1415525114155251e-05,0.041666666666666664,1.0
LINE_3321_4715_2,line,Line_3321_4715_2,0.0,0.00027389756231169547,24.0,1.1415525114155251e-05,0.041666666666666664,1.0
LINE_3321_4907_R,line,Line_3321_4907_R,0.0,0.00027389756231169547,24.0,1.1415525114155251e-05,0.041666666666666664,1.0
LINE_3321_4907_W,line,Line_3321_4907_W,0.0,0.00027389756231169547,24.0,1.1415525114155251e-05,0.041666666666666664,1.0
LINE_3321_9100_1,line,Line_3321_9100_1,0.0,0.00027389756231169547,24.0,1.1415525114155251e-05,0.041666666666666664,1.0
LINE_3321_9100_2,line,Line_3321_9100_2,0.0,0.00027389756231169547,24.0,1.1415525114155251e-05,0.041666666666666664,1.0
LINE_3322_23322_1,line,Line_3322_23322_1,0.0,0.00027389756231169547,24.0,1.1415525114155251e-05,0.041666666666666664,1.0
LINE_3331_4649_R,line,Line_3331_4649_R,0.0,0.00027389756231169547,24.0,1.1415525114155251e-05,0.041666666666666664,1.0
LINE_3331_4649_W,line,Line_3331_4649_W,0.0,0.00027389756231169547,24.0,1.1415525114155251e-05,0.041666666666666664,1.0
LINE_3331_4709_R,line,Line_3331_4709_R,0.0,0.00027389756231169547,24.0,1.1415525114155251e-05,0.041666666666666664,1.0
LINE_3331_4709_W,line,Line_3331_4709_W,0.0,0.00027389756231169547,24.0,1.1415525114155251e-05,0.041666666666666664,1.0
LINE_3331_4713_R,line,Line_3331_4713_R,0.0,0.00027389756231169547,24.0,1.1415525114155251e-05,0.041666666666666664,1.0
LINE_3331_4713_W,line,Line_3331_4713_W,0.0,0.00027389756231169547,24.0,1.1415525114155251e-05,0.041666666666666664,1.0
LINE_3341_4701_1,line,Line_3341_4701_1,0.0,0.00027389756231169547,24.0,1.1415525114155251e-05,0.041666666666666664,1.0
LINE_3341_4755_1,line,Line_3341_4755_1,0.0,0.00027389756231169547,24.0,1.1415525114155251e-05,0.041666666666666664,1.0
LINE_3341_4755_2,line,Line_3341_4755_2,0.0,0.00027389756231169547,24.0,1.1415525114155251e-05,0.041666666666666664,1.0
LINE_3341_7636_1,line,Line_3341_7636_1,0.0,0.00027389756231169547,24.0,1.1415525114155251e-05,0.041666666666666664,1.0
LINE_3342_3352_@1,line,Line_3342_3352_@1,0.0,0.00027389756231169547,24.0,1.1415525114155251e-05,0.041666666666666664,1.0
LINE_3342_23342_1,line,Line_3342_23342_1,0.0,0.00027389756231169547,24.0,1.1415525114155251e-05,0.041666666666666664,1.0
LINE_3352_13352_1,line,Line_3352_13352_1,0.0,0.00027389756231169547,24.0,1.1415525114155251e-05,0.041666666666666664,1.0
LINE_3352_23352_1,line,Line_3352_23352_1,0.0,0.00027389756231169547,24.0,1.1415525114155251e-05,0.041666666666666664,1.0
LINE_3361_4583_R,line,Line_3361_4583_R,0.0,0.00027389756231169547,24.0,1.1415525114155251e-05,0.041666666666666664,1.0
LINE_3361_4583_W,line,Line_3361_4583_W,0.0,0.00027389756231169547,24.0,1.1415525114155251e-05,0.041666666666666664,1.0
LINE_3361_4801_R,line,Line_3361_4801_R,0.0,0.00027389756231169547,24.0,1.1415525114155251e-05,0.041666666666666664,1.0
LINE_3361_4801_W,line,Line_3361_4801_W,0.0,0.00027389756231169547,24.0,1.1415525114155251e-05,0.041666666666666664,1.0
LINE_3361_4813_M,line,Line_3361_4813_M,0.0,0.00027389756231169547,24.0,1.1415525114155251e-05,0.041666666666666664,1.0
LINE_3361_4813_O,line,Line_3361_4813_O,0.0,0.00027389756231169547,24.0,1.1415525114155251e-05,0.041666666666666664,1.0
LINE_3361_4907_M,line,Line_3361_4907_M,0.0,0.00027389756231169547,24.0,1.1415525114155251e-05,0.041666666666666664,1.0
LINE_3361_4907_O,line,Line_3361_4907_O,0.0,0.00027389756231169547,24.0,1.1415525114155251e-05,0.041666666666666664,1.0
LINE_3362_3364_@1,line,Line_3362_3364_@1,0.0,0.00027389756231169547,24.0,1.1415525114155251e-05,0.041666666666666664,1.0
LINE_3362_23362_1,line,Line_3362_23362_1,0.0,0.00027389756231169547,24.0,1.1415525114155251e-05,0.041666666666666664,1.0
LINE_3364_23364_1,line,Line_3364_23364_1,0.0,0.00027389756231169547,24.0,1.1415525114155251e-05,0.041666666666666664,1.0
LINE_3371_4751_1,line,Line_3371_4751_1,0.0,0.00027389756231169547,24.0,1.1415525114155251e-05,0.041666666666666664,1.0
LINE_3371_7630_R,line,Line_3371_7630_R,0.0,0.00027389756231169547,24.0,1.1415525114155251e-05,0.041666666666666664,1.0
LINE_3371_7636_1,line,Line_3371_7636_1,0.0,0.00027389756231169547,24.0,1.1415525114155251e-05,0.041666666666666664,1.0
LINE_3371_7639_W,line,Line_3371_7639_W,0.0,0.00027389756231169547,24.0,1.1415525114155251e-05,0.041666666666666664,1.0
LINE_3372_3374_@1,line,Line_3372_3374_@1,0.0,0.00027389756231169547,24.0,1.1415525114155251e-05,0.041666666666666664,1.0
LINE_3372_13372_1,line,Line_3372_13372_1,0.0,0.00027389756231169547,24.0,1.1415525114155251e-05,0.041666666666666664,1.0
LINE_3372_23372_1,line,Line_3372_23372_1,0.0,0.00027389756231169547,24.0,1.1415525114155251e-05,0.041666666666666664,1.0
LINE_3374_23374_1,line,Line_3374_23374_1,0.0,0.00027389756231169547,24.0,1.1415525114155251e-05,0.041666666666666664,1.0
LINE_3391_3401_@1,line,Line_3391_3401_@1,0.0,0.00027389756231169547,24.0,1.1415525114155251e-05,0.041666666666666664,1.0
LINE_3391_3401_@2,line,Line_3391_3401_@2,0.0,0.00027389756231169547,24.0,1.1415525114155251e-05,0.041666666666666664,1.0
LINE_3391_4993_1,line,Line_3391_4993_1,0.0,0.00027389756231169547,24.0,1.1415525114155251e-05,0.041666666666666664,1.0
LINE_3391_4993_2,line,Line_3391_4993_2,0.0,0.00027389756231169547,24.0,1.1415525114155251e-05,0.041666666666666664,1.0
LINE_3391_4995_R,line,Line_3391_4995_R,0.0,0.00027389756231169547,24.0,1.1415525114155251e-05,0.041666666666666664,1.0
LINE_3391_4995_W,line,Line_3391_4995_W,0.0,0.00027389756231169547,24.0,1.1415525114155251e-05,0.041666666666666664,1.0
LINE_3391_4999_R,line,Line_3391_4999_R,0.0,0.00027389756231169547,24.0,1.1415525114155251e-05,0.041666666666666664,1.0
LINE_3391_4999_W,line,Line_3391_4999_W,0.0,0.00027389756231169547,24.0,1.1415525114155251e-05,0.041666666666666664,1.0
LINE_3392_3394_@1,line,Line_3392_3394_@1,0.0,0.00027389756231169547,24.0,1.1415525114155251e-05,0.041666666666666664,1.0
LINE_3392_23392_1,line,Line_3392_23392_1,0.0,0.00027389756231169547,24.0,1.1415525114155251e-05,0.041666666666666664,1.0
LINE_3394_23394_1,line,Line_3394_23394_1,0.0,0.00027389756231169547,24.0,1.1415525114155251e-05,0.041666666666666664,1.0
LINE_3401_5005_R,line,Line_3401_5005_R,0.0,0.00027389756231169547,24.0,1.1415525114155251e-05,0.041666666666666664,1.0
LINE_3401_5005_W,line,Line_3401_5005_W,0.0,0.00027389756231169547,24.0,1.1415525114155251e-05,0.041666666666666664,1.0
LINE_3401_5017_R,line,Line_3401_5017_R,0.0,0.00027389756231169547,24.0,1.1415525114155251e-05,0.041666666666666664,1.0
LINE_3401_5017_W,line,Line_3401_5017_W,0.0,0.00027389756231169547,24.0,1.1415525114155251e-05,0.041666666666666664,1.0
LINE_3401_5091_M,line,Line_3401_5091_M,0.0,0.00027389756231169547,24.0,1.1415525114155251e-05,0.041666666666666664,1.0
LINE_3401_5091_O,line,Line_3401_5091_O,0.0,0.00027389756231169547,24.0,1.1415525114155251e-05,0.041666666666666664,1.0
LINE_3411_3431_R,line,Line_3411_3431_R,0.0,0.00027389756231169547,24.0,1.1415525114155251e-05,0.041666666666666664,1.0
LINE_3411_3431_W,line,Line_3411_3431_W,0.0,0.00027389756231169547,24.0,1.1415525114155251e-05,0.041666666666666664,1.0
LINE_3411_7650_1,line,Line_3411_7650_1,0.0,0.00027389756231169547,24.0,1.1415525114155251e-05,0.041666666666666664,1.0
LINE_3411_8301_1,line,Line_3411_8301_1,0.0,0.00027389756231169547,24.0,1.1415525114155251e-05,0.041666666666666664,1.0
LINE_3411_8302_1,line,Line_3411_8302_1,0.0,0.00027389756231169547,24.0,1.1415525114155251e-05,0.041666666666666664,1.0
LINE_3411_8302_2,line,Line_3411_8302_2,0.0,0.00027389756231169547,24.0,1.1415525114155251e-05,0.041666666666666664,1.0
LINE_3412_23412_1,line,Line_3412_23412_1,0.0,0.00027389756231169547,24.0,1.1415525114155251e-05,0.041666666666666664,1.0
LINE_3421_3431_@1,line,Line_3421_3431_@1,0.0,0.00027389756231169547,24.0,1.1415525114155251e-05,0.041666666666666664,1.0
LINE_3421_3431_@2,line,Line_3421_3431_@2,0.0,0.00027389756231169547,24.0,1.1415525114155251e-05,0.041666666666666664,1.0
LINE_3421_7656_M,line,Line_3421_7656_M,0.0,0.00027389756231169547,24.0,1.1415525114155251e-05,0.041666666666666664,1.0
LINE_3421_7657_O,line,Line_3421_7657_O,0.0,0.00027389756231169547,24.0,1.1415525114155251e-05,0.041666666666666664,1.0
LINE_3422_13422_1,line,Line_3422_13422_1,0.0,0.00027389756231169547,24.0,1.1415525114155251e-05,0.041666666666666664,1.0
LINE_3422_23422_1,line,Line_3422_23422_1,0.0,0.00027389756231169547,24.0,1.1415525114155251e-05,0.041666666666666664,1.0
LINE_3431_5055_1,line,Line_3431_5055_1,0.0,0.00027389756231169547,24.0,1.1415525114155251e-05,0.041666666666666664,1.0
LINE_3431_5055_2,line,Line_3431_5055_2,0.0,0.00027389756231169547,24.0,1.1415525114155251e-05,0.041666666666666664,1.0
LINE_3431_5079_R,line,Line_3431_5079_R,0.0,0.00027389756231169547,24.0,1.1415525114155251e-05,0.041666666666666664,1.0
LINE_3431_5079_W,line,Line_3431_5079_W,0.0,0.00027389756231169547,24.0,1.1415525114155251e-05,0.041666666666666664,1.0
LINE_3441_5091_R,line,Line_3441_5091_R,0.0,0.00027389756231169547,24.0,1.1415525114155251e-05,0.041666666666666664,1.0
LINE_3441_5091_W,line,Line_3441_5091_W,0.0,0.00027389756231169547,24.0,1.1415525114155251e-05,0.041666666666666664,1.0
LINE_3441_7656_M,line,Line_3441_7656_M,0.0,0.00027389756231169547,24.0,1.1415525114155251e-05,0.041666666666666664,1.0
LINE_3441_7657_O,line,Line_3441_7657_O,0.0,0.00027389756231169547,24.0,1.1415525114155251e-05,0.041666666666666664,1.0
LINE_3442_23442_1,line,Line_3442_23442_1,0.0,0.00027389756231169547,24.0,1.1415525114155251e-05,0.041666666666666664,1.0
LINE_3451_5505_1,line,Line_3451_5505_1,0.0,0.00027389756231169547,24.0,1.1415525114155251e-05,0.041666666666666664,1.0
LINE_3451_5505_2,line,Line_3451_5505_2,0.0,0.00027389756231169547,24.0,1.1415525114155251e-05,0.041666666666666664,1.0
LINE_3451_5505_3,line,Line_3451_5505_3,0.0,0.00027389756231169547,24.0,1.1415525114155251e-05,0.041666666666666664,1.0
LINE_3451_7662_1,line,Line_3451_7662_1,0.0,0.00027389756231169547,24.0,1.1415525114155251e-05,0.041666666666666664,1.0
LINE_3451_7663_1,line,Line_3451_7663_1,0.0,0.00027389756231169547,24.0,1.1415525114155251e-05,0.041666666666666664,1.0
LINE_3452_23452_1,line,Line_3452_23452_1,0.0,0.00027389756231169547,24.0,1.1415525114155251e-05,0.041666666666666664,1.0
LINE_3461_7661_2,line,Line_3461_7661_2,0.0,0.00027389756231169547,24.0,1.1415525114155251e-05,0.041666666666666664,1.0
LINE_3462_23462_1,line,Line_3462_23462_1,0.0,0.00027389756231169547,24.0,1.1415525114155251e-05,0.041666666666666664,1.0
LINE_3471_5013_1,line,Line_3471_5013_1,0.0,0.00027389756231169547,24.0,1.1415525114155251e-05,0.041666666666666664,1.0
LINE_3471_5021_1,line,Line_3471_5021_1,0.0,0.00027389756231169547,24.0,1.1415525114155251e-05,0.041666666666666664,1.0
LINE_3471_5021_2,line,Line_3471_5021_2,0.0,0.00027389756231169547,24.0,1.1415525114155251e-05,0.041666666666666664,1.0
LINE_3471_5023_1,line,Line_3471_5023_1,0.0,0.00027389756231169547,24.0,1.1415525114155251e-05,0.041666666666666664,1.0
LINE_3471_5025_1,line,Line_3471_5025_1,0.0,0.00027389756231169547,24.0,1.1415525114155251e-05,0.041666666666666664,1.0
LINE_3472_23472_1,line,Line_3472_23472_1,0.0,0.00027389756231169547,24.0,1.1415525114155251e-05,0.041666666666666664,1.0
LINE_3481_5913_R,line,Line_3481_5913_R,0.0,0.00027389756231169547,24.0,1.1415525114155251e-05,0.041666666666666664,1.0
LINE_3481_5913_W,line,Line_3481_5913_W,0.0,0.00027389756231169547,24.0,1.1415525114155251e-05,0.041666666666666664,1.0
LINE_3482_23482_1,line,Line_3482_23482_1,0.0,0.00027389756231169547,24.0,1.1415525114155251e-05,0.041666666666666664,1.0
LINE_3521_5651_1,line,Line_3521_5651_1,0.0,0.00027389756231169547,24.0,1.1415525114155251e-05,0.041666666666666664,1.0
LINE_3521_5655_R,line,Line_3521_5655_R,0.0,0.00027389756231169547,24.0,1.1415525114155251e-05,0.041666666666666664,1.0
LINE_3521_5655_W,line,Line_3521_5655_W,0.0,0.00027389756231169547,24.0,1.1415525114155251e-05,0.041666666666666664,1.0
LINE_3521_5665_1,line,Line_3521_5665_1,0.0,0.00027389756231169547,24.0,1.1415525114155251e-05,0.041666666666666664,1.0
LINE_3521_5667_1,line,Line_3521_5667_1,0.0,0.00027389756231169547,24.0,1.1415525114155251e-05,0.041666666666666664,1.0
LINE_3521_5669_1,line,Line_3521_5669_1,0.0,0.00027389756231169547,24.0,1.1415525114155251e-05,0.041666666666666664,1.0
LINE_3521_5671_1,line,Line_3521_5671_1,0.0,0.00027389756231169547,24.0,1.1415525114155251e-05,0.041666666666666664,1.0
LINE_3521_5685_1,line,Line_3521_5685_1,0.0,0.00027389756231169547,24.0,1.1415525114155251e-05,0.041666666666666664,1.0
LINE_3521_5685_2,line,Line_3521_5685_2,0.0,0.00027389756231169547,24.0,1.1415525114155251e-05,0.041666666666666664,1.0
LINE_3522_23522_1,line,Line_3522_23522_1,0.0,0.00027389756231169547,24.0,1.1415525114155251e-05,0.041666666666666664,1.0
LINE_3531_5681_1,line,Line_3531_5681_1,0.0,0.00027389756231169547,24.0,1.1415525114155251e-05,0.041666666666666664,1.0
LINE_3531_5681_2,line,Line_3531_5681_2,0.0,0.00027389756231169547,24.0,1.1415525114155251e-05,0.041666666666666664,1.0
LINE_3531_7688_R,line,Line_3531_7688_R,0.0,0.00027389756231169547,24.0,1.1415525114155251e-05,0.041666666666666664,1.0
LINE_3531_7689_W,line,Line_3531_7689_W,0.0,0.00027389756231169547,24.0,1.1415525114155251e-05,0.041666666666666664,1.0
LINE_3532_13532_1,line,Line_3532_13532_1,0.0,0.00027389756231169547,24.0,1.1415525114155251e-05,0.041666666666666664,1.0
LINE_3532_23532_1,line,Line_3532_23532_1,0.0,0.00027389756231169547,24.0,1.1415525114155251e-05,0.041666666666666664,1.0
LINE_3551_5853_1,line,Line_3551_5853_1,0.0,0.00027389756231169547,24.0,1.1415525114155251e-05,0.041666666666666664,1.0
LINE_3551_5855_1,line,Line_3551_5855_1,0.0,0.00027389756231169547,24.0,1.1415525114155251e-05,0.041666666666666664,1.0
LINE_3551_5855_2,line,Line_3551_5855_2,0.0,0.00027389756231169547,24.0,1.1415525114155251e-05,0.041666666666666664,1.0
LINE_3551_5903_M,line,Line_3551_5903_M,0.0,0.00027389756231169547,24.0,1.1415525114155251e-05,0.041666666666666664,1.0
LINE_3551_5903_O,line,Line_3551_5903_O,0.0,0.00027389756231169547,24.0,1.1415525114155251e-05,0.041666666666666664,1.0
LINE_3551_7720_R,line,Line_3551_7720_R,0.0,0.00027389756231169547,24.0,1.1415525114155251e-05,0.041666666666666664,1.0
LINE_3551_7721_W,line,Line_3551_7721_W,0.0,0.00027389756231169547,24.0,1.1415525114155251e-05,0.041666666666666664,1.0
LINE_3551_7750_R,line,Line_3551_7750_R,0.0,0.00027389756231169547,24.0,1.1415525114155251e-05,0.041666666666666664,1.0
LINE_3552_23552_1,line,Line_3552_23552_1,0.0,0.00027389756231169547,24.0,1.1415525114155251e-05,0.041666666666666664,1.0
LINE_3661_3701_1,line,Line_3661_3701_1,0.0,0.00027389756231169547,24.0,1.1415525114155251e-05,0.041666666666666664,1.0
LINE_3661_5995_1,line,Line_3661_5995_1,0.0,0.00027389756231169547,24.0,1.1415525114155251e-05,0.041666666666666664,1.0
LINE_3661_5995_2,line,Line_3661_5995_2,0.0,0.00027389756231169547,24.0,1.1415525114155251e-05,0.041666666666666664,1.0
LINE_3661_6009_W,line,Line_3661_6009_W,0.0,0.00027389756231169547,24.0,1.1415525114155251e-05,0.041666666666666664,1.0
LINE_3661_6011_1,line,Line_3661_6011_1,0.0,0.00027389756231169547,24.0,1.1415525114155251e-05,0.041666666666666664,1.0
LINE_3661_6033_1,line,Line_3661_6033_1,0.0,0.00027389756231169547,24.0,1.1415525114155251e-05,0.041666666666666664,1.0
LINE_3661_7810_1,line,Line_3661_7810_1,0.0,0.00027389756231169547,24.0,1.1415525114155251e-05,0.041666666666666664,1.0
LINE_3662_23662_1,line,Line_3662_23662_1,0.0,0.00027389756231169547,24.0,1.1415525114155251e-05,0.041666666666666664,1.0
LINE_3671_6023_M,line,Line_3671_6023_M,0.0,0.00027389756231169547,24.0,1.1415525114155251e-05,0.041666666666666664,1.0
LINE_3671_6023_O,line,Line_3671_6023_O,0.0,0.00027389756231169547,24.0,1.1415525114155251e-05,0.041666666666666664,1.0
LINE_3671_7820_R,line,Line_3671_7820_R,0.0,0.00027389756231169547,24.0,1.1415525114155251e-05,0.041666666666666664,1.0
LINE_3671_7821_W,line,Line_3671_7821_W,0.0,0.00027389756231169547,24.0,1.1415525114155251e-05,0.041666666666666664,1.0
LINE_3672_23672_1,line,Line_3672_23672_1,0.0,0.00027389756231169547,24.0,1.1415525114155251e-05,0.041666666666666664,1.0
LINE_3681_5955_1,line,Line_3681_5955_1,0.0,0.00027389756231169547,24.0,1.1415525114155251e-05,0.041666666666666664,1.0
LINE_3681_5955_2,line,Line_3681_5955_2,0.0,0.00027389756231169547,24.0,1.1415525114155251e-05,0.041666666666666664,1.0
LINE_3681_6017_M,line,Line_3681_6017_M,0.0,0.00027389756231169547,24.0,1.1415525114155251e-05,0.041666666666666664,1.0
LINE_3681_6017_O,line,Line_3681_6017_O,0.0,0.00027389756231169547,24.0,1.1415525114155251e-05,0.041666666666666664,1.0
LINE_3681_7818_1,line,Line_3681_7818_1,0.0,0.00027389756231169547,24.0,1.1415525114155251e-05,0.041666666666666664,1.0
LINE_3681_7819_2,line,Line_3681_7819_2,0.0,0.00027389756231169547,24.0,1.1415525114155251e-05,0.041666666666666664,1.0
LINE_3681_7820_R,line,Line_3681_7820_R,0.0,0.00027389756231169547,24.0,1.1415525114155251e-05,0.041666666666666664,1.0
LINE_3681_7821_W,line,Line_3681_7821_W,0.0,0.00027389756231169547,24.0,1.1415525114155251e-05,0.041666666666666664,1.0
LINE_3682_23682_1,line,Line_3682_23682_1,0.0,0.00027389756231169547,24.0,1.1415525114155251e-05,0.041666666666666664,1.0
LINE_3691_7805_1,line,Line_3691_7805_1,0.0,0.00027389756231169547,24.0,1.1415525114155251e-05,0.041666666666666664,1.0
LINE_3691_7806_2,line,Line_3691_7806_2,0.0,0.00027389756231169547,24.0,1.1415525114155251e-05,0.041666666666666664,1.0
LINE_3692_3694_R,line,Line_3692_3694_R,0.0,0.00027389756231169547,24.0,1.1415525114155251e-05,0.041666666666666664,1.0
LINE_3692_3694_W,line,Line_3692_3694_W,0.0,0.00027389756231169547,24.0,1.1415525114155251e-05,0.041666666666666664,1.0
LINE_3694_13694_1,line,Line_3694_13694_1,0.0,0.00027389756231169547,24.0,1.1415525114155251e-05,0.041666666666666664,1.0
LINE_3694_23694_1,line,Line_3694_23694_1,0.0,0.00027389756231169547,24.0,1.1415525114155251e-05,0.041666666666666664,1.0
LINE_3701_5941_1,line,Line_3701_5941_1,0.0,0.00027389756231169547,24.0,1.1415525114155251e-05,0.041666666666666664,1.0
LINE_3701_7790_1,line,Line_3701_7790_1,0.0,0.00027389756231169547,24.0,1.1415525114155251e-05,0.041666666666666664,1.0
LINE_3701_7791_2,line,Line_3701_7791_2,0.0,0.00027389756231169547,24.0,1.1415525114155251e-05,0.041666666666666664,1.0
LINE_3701_7805_1,line,Line_3701_7805_1,0.0,0.00027389756231169547,24.0,1.1415525114155251e-05,0.041666666666666664,1.0
LINE_3701_7806_2,line,Line_3701_7806_2,0.0,0.00027389756231169547,24.0,1.1415525114155251e-05,0.041666666666666664,1.0
LINE_3702_13702_1,line,Line_3702_13702_1,0.0,0.00027389756231169547,24.0,1.1415525114155251e-05,0.041666666666666664,1.0
LINE_3702_23702_1,line,Line_3702_23702_1,0.0,0.00027389756231169547,24.0,1.1415525114155251e-05,0.041666666666666664,1.0
LINE_3711_3721_@1,line,Line_3711_3721_@1,0.0,0.00027389756231169547,24.0,1.1415525114155251e-05,0.041666666666666664,1.0
LINE_3711_3721_@2,line,Line_3711_3721_@2,0.0,0.00027389756231169547,24.0,1.1415525114155251e-05,0.041666666666666664,1.0
LINE_3711_6073_1,line,Line_3711_6073_1,0.0,0.00027389756231169547,24.0,1.1415525114155251e-05,0.041666666666666664,1.0
LINE_3711_6073_2,line,Line_3711_6073_2,0.0,0.00027389756231169547,24.0,1.1415525114155251e-05,0.041666666666666664,1.0
LINE_3711_6073_3,line,Line_3711_6073_3,0.0,0.00027389756231169547,24.0,1.1415525114155251e-05,0.041666666666666664,1.0
LINE_3711_9350_1,line,Line_3711_9350_1,0.0,0.00027389756231169547,24.0,1.1415525114155251e-05,0.041666666666666664,1.0
LINE_3711_9350_2,line,Line_3711_9350_2,0.0,0.00027389756231169547,24.0,1.1415525114155251e-05,0.041666666666666664,1.0
LINE_3711_9350_3,line,Line_3711_9350_3,0.0,0.00027389756231169547,24.0,1.1415525114155251e-05,0.041666666666666664,1.0
LINE_3721_6043_1,line,Line_3721_6043_1,0.0,0.00027389756231169547,24.0,1.1415525114155251e-05,0.041666666666666664,1.0
LINE_3721_6043_2,line,Line_3721_6043_2,0.0,0.00027389756231169547,24.0,1.1415525114155251e-05,0.041666666666666664,1.0
LINE_3721_6063_1,line,Line_3721_6063_1,0.0,0.00027389756231169547,24.0,1.1415525114155251e-05,0.041666666666666664,1.0
LINE_3721_6063_2,line,Line_3721_6063_2,0.0,0.00027389756231169547,24.0,1.1415525114155251e-05,0.041666666666666664,1.0
LINE_3721_7820_R,line,Line_3721_7820_R,0.0,0.00027389756231169547,24.0,1.1415525114155251e-05,0.041666666666666664,1.0
LINE_3721_7821_W,line,Line_3721_7821_W,0.0,0.00027389756231169547,24.0,1.1415525114155251e-05,0.041666666666666664,1.0
LINE_3721_7827_3,line,Line_3721_7827_3,0.0,0.00027389756231169547,24.0,1.1415525114155251e-05,0.041666666666666664,1.0
LINE_3721_7828_4,line,Line_3721_7828_4,0.0,0.00027389756231169547,24.0,1.1415525114155251e-05,0.041666666666666664,1.0
LINE_3721_7830_R,line,Line_3721_7830_R,0.0,0.00027389756231169547,24.0,1.1415525114155251e-05,0.041666666666666664,1.0
LINE_3721_7831_W,line,Line_3721_7831_W,0.0,0.00027389756231169547,24.0,1.1415525114155251e-05,0.041666666666666664,1.0
LINE_3721_9340_R,line,Line_3721_9340_R,0.0,0.00027389756231169547,24.0,1.1415525114155251e-05,0.041666666666666664,1.0
LINE_3721_9340_W,line,Line_3721_9340_W,0.0,0.00027389756231169547,24.0,1.1415525114155251e-05,0.041666666666666664,1.0
LINE_3722_23722_1,line,Line_3722_23722_1,0.0,0.00027389756231169547,24.0,1.1415525114155251e-05,0.041666666666666664,1.0
LINE_3731_6055_1,line,Line_3731_6055_1,0.0,0.00027389756231169547,24.0,1.1415525114155251e-05,0.041666666666666664,1.0
LINE_3731_6055_2,line,Line_3731_6055_2,0.0,0.00027389756231169547,24.0,1.1415525114155251e-05,0.041666666666666664,1.0
LINE_3731_6059_1,line,Line_3731_6059_1,0.0,0.00027389756231169547,24.0,1.1415525114155251e-05,0.041666666666666664,1.0
LINE_3731_6067_R,line,Line_3731_6067_R,0.0,0.00027389756231169547,24.0,1.1415525114155251e-05,0.041666666666666664,1.0
LINE_3731_6067_W,line,Line_3731_6067_W,0.0,0.00027389756231169547,24.0,1.1415525114155251e-05,0.041666666666666664,1.0
LINE_3731_6071_1,line,Line_3731_6071_1,0.0,0.00027389756231169547,24.0,1.1415525114155251e-05,0.041666666666666664,1.0
LINE_3731_6083_1,line,Line_3731_6083_1,0.0,0.00027389756231169547,24.0,1.1415525114155251e-05,0.041666666666666664,1.0
LINE_3731_6083_2,line,Line_3731_6083_2,0.0,0.00027389756231169547,24.0,1.1415525114155251e-05,0.041666666666666664,1.0
LINE_3731_7823_W,line,Line_3731_7823_W,0.0,0.00027389756231169547,24.0,1.1415525114155251e-05,0.041666666666666664,1.0
LINE_3731_7824_R,line,Line_3731_7824_R,0.0,0.00027389756231169547,24.0,1.1415525114155251e-05,0.041666666666666664,1.0
LINE_3732_23732_1,line,Line_3732_23732_1,0.0,0.00027389756231169547,24.0,1.1415525114155251e-05,0.041666666666666664,1.0
LINE_3761_6079_1,line,Line_3761_6079_1,0.0,0.00027389756231169547,24.0,1.1415525114155251e-05,0.041666666666666664,1.0
LINE_3761_6079_2,line,Line_3761_6079_2,0.0,0.00027389756231169547,24.0,1.1415525114155251e-05,0.041666666666666664,1.0
LINE_3761_6107_R,line,Line_3761_6107_R,0.0,0.00027389756231169547,24.0,1.1415525114155251e-05,0.041666666666666664,1.0
LINE_3761_6109_1,line,Line_3761_6109_1,0.0,0.00027389756231169547,24.0,1.1415525114155251e-05,0.041666666666666664,1.0
LINE_3761_7830_R,line,Line_3761_7830_R,0.0,0.00027389756231169547,24.0,1.1415525114155251e-05,0.041666666666666664,1.0
LINE_3762_23762_1,line,Line_3762_23762_1,0.0,0.00027389756231169547,24.0,1.1415525114155251e-05,0.041666666666666664,1.0
LINE_3791_6161_1,line,Line_3791_6161_1,0.0,0.00027389756231169547,24.0,1.1415525114155251e-05,0.041666666666666664,1.0
LINE_3791_6161_2,line,Line_3791_6161_2,0.0,0.00027389756231169547,24.0,1.1415525114155251e-05,0.041666666666666664,1.0
LINE_3791_7838_1,line,Line_3791_7838_1,0.0,0.00027389756231169547,24.0,1.1415525114155251e-05,0.041666666666666664,1.0
LINE_3791_7839_1,line,Line_3791_7839_1,0.0,0.00027389756231169547,24.0,1.1415525114155251e-05,0.041666666666666664,1.0
LINE_3791_8580_R,line,Line_3791_8580_R,0.0,0.00027389756231169547,24.0,1.1415525114155251e-05,0.041666666666666664,1.0
LINE_3791_8580_W,line,Line_3791_8580_W,0.0,0.00027389756231169547,24.0,1.1415525114155251e-05,0.041666666666666664,1.0
LINE_3792_23792_1,line,Line_3792_23792_1,0.0,0.00027389756231169547,24.0,1.1415525114155251e-05,0.041666666666666664,1.0
LINE_3811_6161_R,line,Line_3811_6161_R,0.0,0.00027389756231169547,24.0,1.1415525114155251e-05,0.041666666666666664,1.0
LINE_3811_6161_W,line,Line_3811_6161_W,0.0,0.00027389756231169547,24.0,1.1415525114155251e-05,0.041666666666666664,1.0
LINE_3811_6207_R,line,Line_3811_6207_R,0.0,0.00027389756231169547,24.0,1.1415525114155251e-05,0.041666666666666664,1.0
LINE_3811_6207_W,line,Line_3811_6207_W,0.0,0.00027389756231169547,24.0,1.1415525114155251e-05,0.041666666666666664,1.0
LINE_3811_7845_M,line,Line_3811_7845_M,0.0,0.00027389756231169547,24.0,1.1415525114155251e-05,0.041666666666666664,1.0
LINE_3811_7846_O,line,Line_3811_7846_O,0.0,0.00027389756231169547,24.0,1.1415525114155251e-05,0.041666666666666664,1.0
LINE_3812_23812_1,line,Line_3812_23812_1,0.0,0.00027389756231169547,24.0,1.1415525114155251e-05,0.041666666666666664,1.0
LINE_3881_7890_R,line,Line_3881_7890_R,0.0,0.00027389756231169547,24.0,1.1415525114155251e-05,0.041666666666666664,1.0
LINE_3881_7892_S,line,Line_3881_7892_S,0.0,0.00027389756231169547,24.0,1.1415525114155251e-05,0.041666666666666664,1.0
LINE_3881_7893_N,line,Line_3881_7893_N,0.0,0.00027389756231169547,24.0,1.1415525114155251e-05,0.041666666666666664,1.0
LINE_3881_9902_W,line,Line_3881_9902_W,0.0,0.00027389756231169547,24.0,1.1415525114155251e-05,0.041666666666666664,1.0
LINE_3882_23882_1,line,Line_3882_23882_1,0.0,0.00027389756231169547,24.0,1.1415525114155251e-05,0.041666666666666664,1.0
LINE_3891_7886_3,line,Line_3891_7886_3,0.0,0.00027389756231169547,24.0,1.1415525114155251e-05,0.041666666666666664,1.0
LINE_3891_7887_1,line,Line_3891_7887_1,0.0,0.00027389756231169547,24.0,1.1415525114155251e-05,0.041666666666666664,1.0
LINE_3891_7888_2,line,Line_3891_7888_2,0.0,0.00027389756231169547,24.0,1.1415525114155251e-05,0.041666666666666664,1.0
LINE_3891_9925_1,line,Line_3891_9925_1,0.0,0.00027389756231169547,24.0,1.1415525114155251e-05,0.041666666666666664,1.0
LINE_3891_9925_2,line,Line_3891_9925_2,0.0,0.00027389756231169547,24.0,1.1415525114155251e-05,0.041666666666666664,1.0
LINE_3892_23892_1,line,Line_3892_23892_1,0.0,0.00027389756231169547,24.0,1.1415525114155251e-05,0.041666666666666664,1.0
LINE_3901_7891_1,line,Line_3901_7891_1,0.0,0.00027389756231169547,24.0,1.1415525114155251e-05,0.041666666666666664,1.0
LINE_3901_7894_1,line,Line_3901_7894_1,0.0,0.00027389756231169547,24.0,1.1415525114155251e-05,0.041666666666666664,1.0
LINE_3901_65080_1,line,Line_3901_65080_1,0.0,0.00027389756231169547,24.0,1.1415525114155251e-05,0.041666666666666664,1.0
LINE_3921_3941_1,line,Line_3921_3941_1,0.0,0.00027389756231169547,24.0,1.1415525114155251e-05,0.041666666666666664,1.0
LINE_3922_23922_1,line,Line_3922_23922_1,0.0,0.00027389756231169547,24.0,1.1415525114155251e-05,0.041666666666666664,1.0
LINE_3923_13923_1,line,Line_3923_13923_1,0.0,0.00027389756231169547,24.0,1.1415525114155251e-05,0.041666666666666664,1.0
LINE_3931_6511_1,line,Line_3931_6511_1,0.0,0.00027389756231169547,24.0,1.1415525114155251e-05,0.041666666666666664,1.0
LINE_3931_6511_2,line,Line_3931_6511_2,0.0,0.00027389756231169547,24.0,1.1415525114155251e-05,0.041666666666666664,1.0
LINE_3931_6521_R,line,Line_3931_6521_R,0.0,0.00027389756231169547,24.0,1.1415525114155251e-05,0.041666666666666664,1.0
LINE_3931_6521_W,line,Line_3931_6521_W,0.0,0.00027389756231169547,24.0,1.1415525114155251e-05,0.041666666666666664,1.0
LINE_3932_23932_1,line,Line_3932_23932_1,0.0,0.00027389756231169547,24.0,1.1415525114155251e-05,0.041666666666666664,1.0
LINE_3941_7003_1,line,Line_3941_7003_1,0.0,0.00027389756231169547,24.0,1.1415525114155251e-05,0.041666666666666664,1.0
LINE_3941_7003_2,line,Line_3941_7003_2,0.0,0.00027389756231169547,24.0,1.1415525114155251e-05,0.041666666666666664,1.0
LINE_3941_7954_O,line,Line_3941_7954_O,0.0,0.00027389756231169547,24.0,1.1415525114155251e-05,0.041666666666666664,1.0
LINE_3942_23942_1,line,Line_3942_23942_1,0.0,0.00027389756231169547,24.0,1.1415525114155251e-05,0.041666666666666664,1.0
LINE_3951_7011_R,line,Line_3951_7011_R,0.0,0.00027389756231169547,24.0,1.1415525114155251e-05,0.041666666666666664,1.0
LINE_3951_7011_W,line,Line_3951_7011_W,0.0,0.00027389756231169547,24.0,1.1415525114155251e-05,0.041666666666666664,1.0
LINE_3951_7952_1,line,Line_3951_7952_1,0.0,0.00027389756231169547,24.0,1.1415525114155251e-05,0.041666666666666664,1.0
LINE_3951_7953_2,line,Line_3951_7953_2,0.0,0.00027389756231169547,24.0,1.1415525114155251e-05,0.041666666666666664,1.0
LINE_3952_23952_1,line,Line_3952_23952_1,0.0,0.00027389756231169547,24.0,1.1415525114155251e-05,0.041666666666666664,1.0
LINE_3971_7021_R,line,Line_3971_7021_R,0.0,0.00027389756231169547,24.0,1.1415525114155251e-05,0.041666666666666664,1.0
LINE_3971_7023_1,line,Line_3971_7023_1,0.0,0.00027389756231169547,24.0,1.1415525114155251e-05,0.041666666666666664,1.0
LINE_3971_7023_2,line,Line_3971_7023_2,0.0,0.00027389756231169547,24.0,1.1415525114155251e-05,0.041666666666666664,1.0
LINE_3971_7029_1,line,Line_3971_7029_1,0.0,0.00027389756231169547,24.0,1.1415525114155251e-05,0.041666666666666664,1.0
LINE_3971_7950_1,line,Line_3971_7950_1,0.0,0.00027389756231169547,24.0,1.1415525114155251e-05,0.041666666666666664,1.0
LINE_3971_7951_2,line,Line_3971_7951_2,0.0,0.00027389756231169547,24.0,1.1415525114155251e-05,0.041666666666666664,1.0
LINE_3971_67500_1,line,Line_3971_67500_1,0.0,0.00027389756231169547,24.0,1.1415525114155251e-05,0.041666666666666664,1.0
LINE_3971_67520_1,line,Line_3971_67520_1,0.0,0.00027389756231169547,24.0,1.1415525114155251e-05,0.041666666666666664,1.0
LINE_3972_23972_1,line,Line_3972_23972_1,0.0,0.00027389756231169547,24.0,1.1415525114155251e-05,0.041666666666666664,1.0
LINE_4001_4015_1,line,Line_4001_4015_1,0.0,0.00027389756231169547,24.0,1.1415525114155251e-05,0.041666666666666664,1.0
LINE_4001_7513_W,line,Line_4001_7513_W,0.0,0.00027389756231169547,24.0,1.1415525114155251e-05,0.041666666666666664,1.0
LINE_4001_7514_1,line,Line_4001_7514_1,0.0,0.00027389756231169547,24.0,1.1415525114155251e-05,0.041666666666666664,1.0
LINE_4001_8009_R,line,Line_4001_8009_R,0.0,0.00027389756231169547,24.0,1.1415525114155251e-05,0.041666666666666664,1.0
LINE_4001_8011_R,line,Line_4001_8011_R,0.0,0.00027389756231169547,24.0,1.1415525114155251e-05,0.041666666666666664,1.0
LINE_4001_60000_1,line,Line_4001_60000_1,0.0,0.00027389756231169547,24.0,1.1415525114155251e-05,0.041666666666666664,1.0
LINE_4001_60020_1,line,Line_4001_60020_1,0.0,0.00027389756231169547,24.0,1.1415525114155251e-05,0.041666666666666664,1.0
LINE_4001_60120_1,line,Line_4001_60120_1,0.0,0.00027389756231169547,24.0,1.1415525114155251e-05,0.041666666666666664,1.0
LINE_4002_24002_1,line,Line_4002_24002_1,0.0,0.00027389756231169547,24.0,1.1415525114155251e-05,0.041666666666666664,1.0
LINE_4011_7509_1,line,Line_4011_7509_1,0.0,0.00027389756231169547,24.0,1.1415525114155251e-05,0.041666666666666664,1.0
LINE_4011_9500_1,line,Line_4011_9500_1,0.0,0.00027389756231169547,24.0,1.1415525114155251e-05,0.041666666666666664,1.0
LINE_4011_9500_2,line,Line_4011_9500_2,0.0,0.00027389756231169547,24.0,1.1415525114155251e-05,0.041666666666666664,1.0
LINE_4011_60080_1,line,Line_4011_60080_1,0.0,0.00027389756231169547,24.0,1.1415525114155251e-05,0.041666666666666664,1.0
LINE_4011_60085_2,line,Line_4011_60085_2,0.0,0.00027389756231169547,24.0,1.1415525114155251e-05,0.041666666666666664,1.0
LINE_4012_24012_1,line,Line_4012_24012_1,0.0,0.00027389756231169547,24.0,1.1415525114155251e-05,0.041666666666666664,1.0
LINE_4015_60040_1,line,Line_4015_60040_1,0.0,0.00027389756231169547,24.0,1.1415525114155251e-05,0.041666666666666664,1.0
LINE_4016_24016_1,line,Line_4016_24016_1,0.0,0.00027389756231169547,24.0,1.1415525114155251e-05,0.041666666666666664,1.0
LINE_4025_4029_1,line,Line_4025_4029_1,0.0,0.00027389756231169547,24.0,1.1415525114155251e-05,0.041666666666666664,1.0
LINE_4025_4029_2,line,Line_4025_4029_2,0.0,0.00027389756231169547,24.0,1.1415525114155251e-05,0.041666666666666664,1.0
LINE_4025_4047_M,line,Line_4025_4047_M,0.0,0.00027389756231169547,24.0,1.1415525114155251e-05,0.041666666666666664,1.0
LINE_4025_4047_O,line,Line_4025_4047_O,0.0,0.00027389756231169547,24.0,1.1415525114155251e-05,0.041666666666666664,1.0
LINE_4025_4117_R,line,Line_4025_4117_R,0.0,0.00027389756231169547,24.0,1.1415525114155251e-05,0.041666666666666664,1.0
LINE_4025_4117_W,line,Line_4025_4117_W,0.0,0.00027389756231169547,24.0,1.1415525114155251e-05,0.041666666666666664,1.0
LINE_4026_24026_1,line,Line_4026_24026_1,0.0,0.00027389756231169547,24.0,1.1415525114155251e-05,0.041666666666666664,1.0
LINE_4027_4029_1,line,Line_4027_4029_1,0.0,0.00027389756231169547,24.0,1.1415525114155251e-05,0.041666666666666664,1.0
LINE_4027_4029_2,line,Line_4027_4029_2,0.0,0.00027389756231169547,24.0,1.1415525114155251e-05,0.041666666666666664,1.0
LINE_4028_24028_1,line,Line_4028_24028_1,0.0,0.00027389756231169547,24.0,1.1415525114155251e-05,0.041666666666666664,1.0
LINE_4030_24030_1,line,Line_4030_24030_1,0.0,0.00027389756231169547,24.0,1.1415525114155251e-05,0.041666666666666664,1.0
LINE_4048_24048_1,line,Line_4048_24048_1,0.0,0.00027389756231169547,24.0,1.1415525114155251e-05,0.041666666666666664,1.0
LINE_4107_4203_R,line,Line_4107_4203_R,0.0,0.00027389756231169547,24.0,1.1415525114155251e-05,0.041666666666666664,1.0
LINE_4107_4203_W,line,Line_4107_4203_W,0.0,0.00027389756231169547,24.0,1.1415525114155251e-05,0.041666666666666664,1.0
LINE_4107_7515_R,line,Line_4107_7515_R,0.0,0.00027389756231169547,24.0,1.1415525114155251e-05,0.041666666666666664,1.0
LINE_4107_7516_W,line,Line_4107_7516_W,0.0,0.00027389756231169547,24.0,1.1415525114155251e-05,0.041666666666666664,1.0
LINE_4107_8026_R,line,Line_4107_8026_R,0.0,0.00027389756231169547,24.0,1.1415525114155251e-05,0.041666666666666664,1.0
LINE_4107_8026_W,line,Line_4107_8026_W,0.0,0.00027389756231169547,24.0,1.1415525114155251e-05,0.041666666666666664,1.0
LINE_4108_24108_1,line,Line_4108_24108_1,0.0,0.00027389756231169547,24.0,1.1415525114155251e-05,0.041666666666666664,1.0
LINE_4109_7515_R,line,Line_4109_7515_R,0.0,0.00027389756231169547,24.0,1.1415525114155251e-05,0.041666666666666664,1.0
LINE_4109_7516_W,line,Line_4109_7516_W,0.0,0.00027389756231169547,24.0,1.1415525114155251e-05,0.041666666666666664,1.0
LINE_4110_24110_1,line,Line_4110_24110_1,0.0,0.00027389756231169547,24.0,1.1415525114155251e-05,0.041666666666666664,1.0
LINE_4111_4113_1,line,Line_4111_4113_1,0.0,0.00027389756231169547,24.0,1.1415525114155251e-05,0.041666666666666664,1.0
LINE_4111_4113_2,line,Line_4111_4113_2,0.0,0.00027389756231169547,24.0,1.1415525114155251e-05,0.041666666666666664,1.0
LINE_4112_24112_1,line,Line_4112_24112_1,0.0,0.00027389756231169547,24.0,1.1415525114155251e-05,0.041666666666666664,1.0
LINE_4113_4143_1,line,Line_4113_4143_1,0.0,0.00027389756231169547,24.0,1.1415525114155251e-05,0.041666666666666664,1.0
LINE_4113_4143_2,line,Line_4113_4143_2,0.0,0.00027389756231169547,24.0,1.1415525114155251e-05,0.041666666666666664,1.0
LINE_4113_8028_1,line,Line_4113_8028_1,0.0,0.00027389756231169547,24.0,1.1415525114155251e-05,0.041666666666666664,1.0
LINE_4113_8028_2,line,Line_4113_8028_2,0.0,0.00027389756231169547,24.0,1.1415525114155251e-05,0.041666666666666664,1.0
LINE_4114_24114_1,line,Line_4114_24114_1,0.0,0.00027389756231169547,24.0,1.1415525114155251e-05,0.041666666666666664,1.0
LINE_4115_4147_1,line,Line_4115_4147_1,0.0,0.00027389756231169547,24.0,1.1415525114155251e-05,0.041666666666666664,1.0
LINE_4115_7512_O,line,Line_4115_7512_O,0.0,0.00027389756231169547,24.0,1.1415525114155251e-05,0.041666666666666664,1.0
LINE_4115_7518_M,line,Line_4115_7518_M,0.0,0.00027389756231169547,24.0,1.1415525114155251e-05,0.041666666666666664,1.0
LINE_4116_24116_1,line,Line_4116_24116_1,0.0,0.00027389756231169547,24.0,1.1415525114155251e-05,0.041666666666666664,1.0
LINE_4117_7511_M,line,Line_4117_7511_M,0.0,0.00027389756231169547,24.0,1.1415525114155251e-05,0.041666666666666664,1.0
LINE_4117_7512_O,line,Line_4117_7512_O,0.0,0.00027389756231169547,24.0,1.1415525114155251e-05,0.041666666666666664,1.0
LINE_4117_8002_1,line,Line_4117_8002_1,0.0,0.00027389756231169547,24.0,1.1415525114155251e-05,0.041666666666666664,1.0
LINE_4117_8002_2,line,Line_4117_8002_2,0.0,0.00027389756231169547,24.0,1.1415525114155251e-05,0.041666666666666664,1.0
LINE_4118_24118_1,line,Line_4118_24118_1,0.0,0.00027389756231169547,24.0,1.1415525114155251e-05,0.041666666666666664,1.0
LINE_4127_7519_O,line,Line_4127_7519_O,0.0,0.00027389756231169547,24.0,1.1415525114155251e-05,0.041666666666666664,1.0
LINE_4128_24128_1,line,Line_4128_24128_1,0.0,0.00027389756231169547,24.0,1.1415525114155251e-05,0.041666666666666664,1.0
LINE_4139_7518_M,line,Line_4139_7518_M,0.0,0.00027389756231169547,24.0,1.1415525114155251e-05,0.041666666666666664,1.0
LINE_4139_7519_O,line,Line_4139_7519_O,0.0,0.00027389756231169547,24.0,1.1415525114155251e-05,0.041666666666666664,1.0
LINE_4140_24140_1,line,Line_4140_24140_1,0.0,0.00027389756231169547,24.0,1.1415525114155251e-05,0.041666666666666664,1.0
LINE_4141_7575_1,line,Line_4141_7575_1,0.0,0.00027389756231169547,24.0,1.1415525114155251e-05,0.041666666666666664,1.0
LINE_4141_7576_1,line,Line_4141_7576_1,0.0,0.00027389756231169547,24.0,1.1415525114155251e-05,0.041666666666666664,1.0
LINE_4144_24144_1,line,Line_4144_24144_1,0.0,0.00027389756231169547,24.0,1.1415525114155251e-05,0.041666666666666664,1.0
LINE_4148_24148_1,line,Line_4148_24148_1,0.0,0.00027389756231169547,24.0,1.1415525114155251e-05,0.041666666666666664,1.0
LINE_4162_24162_1,line,Line_4162_24162_1,0.0,0.00027389756231169547,24.0,1.1415525114155251e-05,0.041666666666666664,1.0
LINE_4203_8025_1,line,Line_4203_8025_1,0.0,0.00027389756231169547,24.0,1.1415525114155251e-05,0.041666666666666664,1.0
LINE_4203_8025_2,line,Line_4203_8025_2,0.0,0.00027389756231169547,24.0,1.1415525114155251e-05,0.041666666666666664,1.0
LINE_4204_24204_1,line,Line_4204_24204_1,0.0,0.00027389756231169547,24.0,1.1415525114155251e-05,0.041666666666666664,1.0
LINE_4207_4213_1,line,Line_4207_4213_1,0.0,0.00027389756231169547,24.0,1.1415525114155251e-05,0.041666666666666664,1.0
LINE_4207_7530_1,line,Line_4207_7530_1,0.0,0.00027389756231169547,24.0,1.1415525114155251e-05,0.041666666666666664,1.0
LINE_4207_7590_1,line,Line_4207_7590_1,0.0,0.00027389756231169547,24.0,1.1415525114155251e-05,0.041666666666666664,1.0
LINE_4208_24208_1,line,Line_4208_24208_1,0.0,0.00027389756231169547,24.0,1.1415525114155251e-05,0.041666666666666664,1.0
LINE_4213_7530_1,line,Line_4213_7530_1,0.0,0.00027389756231169547,24.0,1.1415525114155251e-05,0.041666666666666664,1.0
LINE_4214_24214_1,line,Line_4214_24214_1,0.0,0.00027389756231169547,24.0,1.1415525114155251e-05,0.041666666666666664,1.0
LINE_4255_7517_2,line,Line_4255_7517_2,0.0,0.00027389756231169547,24.0,1.1415525114155251e-05,0.041666666666666664,1.0
LINE_4256_24256_1,line,Line_4256_24256_1,0.0,0.00027389756231169547,24.0,1.1415525114155251e-05,0.041666666666666664,1.0
LINE_4257_4259_1,line,Line_4257_4259_1,0.0,0.00027389756231169547,24.0,1.1415525114155251e-05,0.041666666666666664,1.0
LINE_4257_7517_2,line,Line_4257_7517_2,0.0,0.00027389756231169547,24.0,1.1415525114155251e-05,0.041666666666666664,1.0
LINE_4258_24258_1,line,Line_4258_24258_1,0.0,0.00027389756231169547,24.0,1.1415525114155251e-05,0.041666666666666664,1.0
LINE_4259_4263_1,line,Line_4259_4263_1,0.0,0.00027389756231169547,24.0,1.1415525114155251e-05,0.041666666666666664,1.0
LINE_4259_8081_1,line,Line_4259_8081_1,0.0,0.00027389756231169547,24.0,1.1415525114155251e-05,0.041666666666666664,1.0
LINE_4259_8081_2,line,Line_4259_8081_2,0.0,0.00027389756231169547,24.0,1.1415525114155251e-05,0.041666666666666664,1.0
LINE_4260_24260_1,line,Line_4260_24260_1,0.0,0.00027389756231169547,24.0,1.1415525114155251e-05,0.041666666666666664,1.0
LINE_4263_4265_1,line,Line_4263_4265_1,0.0,0.00027389756231169547,24.0,1.1415525114155251e-05,0.041666666666666664,1.0
LINE_4263_4275_1,line,Line_4263_4275_1,0.0,0.00027389756231169547,24.0,1.1415525114155251e-05,0.041666666666666664,1.0
LINE_4264_24264_1,line,Line_4264_24264_1,0.0,0.00027389756231169547,24.0,1.1415525114155251e-05,0.041666666666666664,1.0
LINE_4266_24266_1,line,Line_4266_24266_1,0.0,0.00027389756231169547,24.0,1.1415525114155251e-05,0.041666666666666664,1.0
LINE_4269_4309_1,line,Line_4269_4309_1,0.0,0.00027389756231169547,24.0,1.1415525114155251e-05,0.041666666666666664,1.0
LINE_4269_4425_1,line,Line_4269_4425_1,0.0,0.00027389756231169547,24.0,1.1415525114155251e-05,0.041666666666666664,1.0
LINE_4270_24270_1,line,Line_4270_24270_1,0.0,0.00027389756231169547,24.0,1.1415525114155251e-05,0.041666666666666664,1.0
LINE_4275_8027_R,line,Line_4275_8027_R,0.0,0.00027389756231169547,24.0,1.1415525114155251e-05,0.041666666666666664,1.0
LINE_4275_8027_W,line,Line_4275_8027_W,0.0,0.00027389756231169547,24.0,1.1415525114155251e-05,0.041666666666666664,1.0
LINE_4276_24276_1,line,Line_4276_24276_1,0.0,0.00027389756231169547,24.0,1.1415525114155251e-05,0.041666666666666664,1.0
LINE_4301_7500_1,line,Line_4301_7500_1,0.0,0.00027389756231169547,24.0,1.1415525114155251e-05,0.041666666666666664,1.0
LINE_4301_7586_1,line,Line_4301_7586_1,0.0,0.00027389756231169547,24.0,1.1415525114155251e-05,0.041666666666666664,1.0
LINE_4302_24302_1,line,Line_4302_24302_1,0.0,0.00027389756231169547,24.0,1.1415525114155251e-05,0.041666666666666664,1.0
LINE_4305_7585_1,line,Line_4305_7585_1,0.0,0.00027389756231169547,24.0,1.1415525114155251e-05,0.041666666666666664,1.0
LINE_4305_7586_1,line,Line_4305_7586_1,0.0,0.00027389756231169547,24.0,1.1415525114155251e-05,0.041666666666666664,1.0
LINE_4306_24306_1,line,Line_4306_24306_1,0.0,0.00027389756231169547,24.0,1.1415525114155251e-05,0.041666666666666664,1.0
LINE_4308_24308_1,line,Line_4308_24308_1,0.0,0.00027389756231169547,24.0,1.1415525114155251e-05,0.041666666666666664,1.0
LINE_4309_4425_1,line,Line_4309_4425_1,0.0,0.00027389756231169547,24.0,1.1415525114155251e-05,0.041666666666666664,1.0
LINE_4310_24310_1,line,Line_4310_24310_1,0.0,0.00027389756231169547,24.0,1.1415525114155251e-05,0.041666666666666664,1.0
LINE_4311_4313_@1,line,Line_4311_4313_@1,0.0,0.00027389756231169547,24.0,1.1415525114155251e-05,0.041666666666666664,1.0
LINE_4311_4313_@2,line,Line_4311_4313_@2,0.0,0.00027389756231169547,24.0,1.1415525114155251e-05,0.041666666666666664,1.0
LINE_4311_4409_1,line,Line_4311_4409_1,0.0,0.00027389756231169547,24.0,1.1415525114155251e-05,0.041666666666666664,1.0
LINE_4313_4401_1,line,Line_4313_4401_1,0.0,0.00027389756231169547,24.0,1.1415525114155251e-05,0.041666666666666664,1.0
LINE_4313_7574_2,line,Line_4313_7574_2,0.0,0.00027389756231169547,24.0,1.1415525114155251e-05,0.041666666666666664,1.0
LINE_4314_24314_1,line,Line_4314_24314_1,0.0,0.00027389756231169547,24.0,1.1415525114155251e-05,0.041666666666666664,1.0
LINE_4351_4357_1,line,Line_4351_4357_1,0.0,0.00027389756231169547,24.0,1.1415525114155251e-05,0.041666666666666664,1.0
LINE_4351_7500_1,line,Line_4351_7500_1,0.0,0.00027389756231169547,24.0,1.1415525114155251e-05,0.041666666666666664,1.0
LINE_4352_24352_1,line,Line_4352_24352_1,0.0,0.00027389756231169547,24.0,1.1415525114155251e-05,0.041666666666666664,1.0
LINE_4353_4357_1,line,Line_4353_4357_1,0.0,0.00027389756231169547,24.0,1.1415525114155251e-05,0.041666666666666664,1.0
LINE_4354_24354_1,line,Line_4354_24354_1,0.0,0.00027389756231169547,24.0,1.1415525114155251e-05,0.041666666666666664,1.0
LINE_4358_24358_1,line,Line_4358_24358_1,0.0,0.00027389756231169547,24.0,1.1415525114155251e-05,0.041666666666666664,1.0
LINE_4359_7563_R,line,Line_4359_7563_R,0.0,0.00027389756231169547,24.0,1.1415525114155251e-05,0.041666666666666664,1.0
LINE_4359_7564_W,line,Line_4359_7564_W,0.0,0.00027389756231169547,24.0,1.1415525114155251e-05,0.041666666666666664,1.0
LINE_4360_24360_1,line,Line_4360_24360_1,0.0,0.00027389756231169547,24.0,1.1415525114155251e-05,0.041666666666666664,1.0
LINE_4361_7563_R,line,Line_4361_7563_R,0.0,0.00027389756231169547,24.0,1.1415525114155251e-05,0.041666666666666664,1.0
LINE_4361_7564_W,line,Line_4361_7564_W,0.0,0.00027389756231169547,24.0,1.1415525114155251e-05,0.041666666666666664,1.0
LINE_4362_24362_1,line,Line_4362_24362_1,0.0,0.00027389756231169547,24.0,1.1415525114155251e-05,0.041666666666666664,1.0
LINE_4401_7573_M,line,Line_4401_7573_M,0.0,0.00027389756231169547,24.0,1.1415525114155251e-05,0.041666666666666664,1.0
LINE_4402_24402_1,line,Line_4402_24402_1,0.0,0.00027389756231169547,24.0,1.1415525114155251e-05,0.041666666666666664,1.0
LINE_4403_7572_O,line,Line_4403_7572_O,0.0,0.00027389756231169547,24.0,1.1415525114155251e-05,0.041666666666666664,1.0
LINE_4404_24404_1,line,Line_4404_24404_1,0.0,0.00027389756231169547,24.0,1.1415525114155251e-05,0.041666666666666664,1.0
LINE_4410_24410_1,line,Line_4410_24410_1,0.0,0.00027389756231169547,24.0,1.1415525114155251e-05,0.041666666666666664,1.0
LINE_4411_4437_M,line,Line_4411_4437_M,0.0,0.00027389756231169547,24.0,1.1415525114155251e-05,0.041666666666666664,1.0
LINE_4411_4437_O,line,Line_4411_4437_O,0.0,0.00027389756231169547,24.0,1.1415525114155251e-05,0.041666666666666664,1.0
LINE_4411_7571_M,line,Line_4411_7571_M,0.0,0.00027389756231169547,24.0,1.1415525114155251e-05,0.041666666666666664,1.0
LINE_4411_7572_1,line,Line_4411_7572_1,0.0,0.00027389756231169547,24.0,1.1415525114155251e-05,0.041666666666666664,1.0
LINE_4412_24412_1,line,Line_4412_24412_1,0.0,0.00027389756231169547,24.0,1.1415525114155251e-05,0.041666666666666664,1.0
LINE_4425_8143_R,line,Line_4425_8143_R,0.0,0.00027389756231169547,24.0,1.1415525114155251e-05,0.041666666666666664,1.0
LINE_4425_8143_W,line,Line_4425_8143_W,0.0,0.00027389756231169547,24.0,1.1415525114155251e-05,0.041666666666666664,1.0
LINE_4426_24426_1,line,Line_4426_24426_1,0.0,0.00027389756231169547,24.0,1.1415525114155251e-05,0.041666666666666664,1.0
LINE_4437_8142_R,line,Line_4437_8142_R,0.0,0.00027389756231169547,24.0,1.1415525114155251e-05,0.041666666666666664,1.0
LINE_4437_8142_W,line,Line_4437_8142_W,0.0,0.00027389756231169547,24.0,1.1415525114155251e-05,0.041666666666666664,1.0
LINE_4438_24438_1,line,Line_4438_24438_1,0.0,0.00027389756231169547,24.0,1.1415525114155251e-05,0.041666666666666664,1.0
LINE_4505_4507_R,line,Line_4505_4507_R,0.0,0.00027389756231169547,24.0,1.1415525114155251e-05,0.041666666666666664,1.0
LINE_4505_4507_W,line,Line_4505_4507_W,0.0,0.00027389756231169547,24.0,1.1415525114155251e-05,0.041666666666666664,1.0
LINE_4505_4527_1,line,Line_4505_4527_1,0.0,0.00027389756231169547,24.0,1.1415525114155251e-05,0.041666666666666664,1.0
LINE_4505_4527_2,line,Line_4505_4527_2,0.0,0.00027389756231169547,24.0,1.1415525114155251e-05,0.041666666666666664,1.0
LINE_4506_24506_1,line,Line_4506_24506_1,0.0,0.00027389756231169547,24.0,1.1415525114155251e-05,0.041666666666666664,1.0
LINE_4508_24508_1,line,Line_4508_24508_1,0.0,0.00027389756231169547,24.0,1.1415525114155251e-05,0.041666666666666664,1.0
LINE_4513_7581_1,line,Line_4513_7581_1,0.0,0.00027389756231169547,24.0,1.1415525114155251e-05,0.041666666666666664,1.0
LINE_4513_7582_1,line,Line_4513_7582_1,0.0,0.00027389756231169547,24.0,1.1415525114155251e-05,0.041666666666666664,1.0
LINE_4514_24514_1,line,Line_4514_24514_1,0.0,0.00027389756231169547,24.0,1.1415525114155251e-05,0.041666666666666664,1.0
LINE_4527_4617_1,line,Line_4527_4617_1,0.0,0.00027389756231169547,24.0,1.1415525114155251e-05,0.041666666666666664,1.0
LINE_4527_7581_1,line,Line_4527_7581_1,0.0,0.00027389756231169547,24.0,1.1415525114155251e-05,0.041666666666666664,1.0
LINE_4528_24528_1,line,Line_4528_24528_1,0.0,0.00027389756231169547,24.0,1.1415525114155251e-05,0.041666666666666664,1.0
LINE_4551_4553_1,line,Line_4551_4553_1,0.0,0.00027389756231169547,24.0,1.1415525114155251e-05,0.041666666666666664,1.0
LINE_4551_4553_2,line,Line_4551_4553_2,0.0,0.00027389756231169547,24.0,1.1415525114155251e-05,0.041666666666666664,1.0
LINE_4552_24552_1,line,Line_4552_24552_1,0.0,0.00027389756231169547,24.0,1.1415525114155251e-05,0.041666666666666664,1.0
LINE_4553_4625_1,line,Line_4553_4625_1,0.0,0.00027389756231169547,24.0,1.1415525114155251e-05,0.041666666666666664,1.0
LINE_4553_4625_2,line,Line_4553_4625_2,0.0,0.00027389756231169547,24.0,1.1415525114155251e-05,0.041666666666666664,1.0
LINE_4554_24554_1,line,Line_4554_24554_1,0.0,0.00027389756231169547,24.0,1.1415525114155251e-05,0.041666666666666664,1.0
LINE_4557_7571_1,line,Line_4557_7571_1,0.0,0.00027389756231169547,24.0,1.1415525114155251e-05,0.041666666666666664,1.0
LINE_4557_7572_O,line,Line_4557_7572_O,0.0,0.00027389756231169547,24.0,1.1415525114155251e-05,0.041666666666666664,1.0
LINE_4557_8180_R,line,Line_4557_8180_R,0.0,0.00027389756231169547,24.0,1.1415525114155251e-05,0.041666666666666664,1.0
LINE_4557_8180_W,line,Line_4557_8180_W,0.0,0.00027389756231169547,24.0,1.1415525114155251e-05,0.041666666666666664,1.0
LINE_4558_24558_1,line,Line_4558_24558_1,0.0,0.00027389756231169547,24.0,1.1415525114155251e-05,0.041666666666666664,1.0
LINE_4559_4903_1,line,Line_4559_4903_1,0.0,0.00027389756231169547,24.0,1.1415525114155251e-05,0.041666666666666664,1.0
LINE_4560_24560_1,line,Line_4560_24560_1,0.0,0.00027389756231169547,24.0,1.1415525114155251e-05,0.041666666666666664,1.0
LINE_4563_4583_1,line,Line_4563_4583_1,0.0,0.00027389756231169547,24.0,1.1415525114155251e-05,0.041666666666666664,1.0
LINE_4563_4583_2,line,Line_4563_4583_2,0.0,0.00027389756231169547,24.0,1.1415525114155251e-05,0.041666666666666664,1.0
LINE_4564_24564_1,line,Line_4564_24564_1,0.0,0.00027389756231169547,24.0,1.1415525114155251e-05,0.041666666666666664,1.0
LINE_4567_4573_1,line,Line_4567_4573_1,0.0,0.00027389756231169547,24.0,1.1415525114155251e-05,0.041666666666666664,1.0
LINE_4567_4575_1,line,Line_4567_4575_1,0.0,0.00027389756231169547,24.0,1.1415525114155251e-05,0.041666666666666664,1.0
LINE_4567_4575_2,line,Line_4567_4575_2,0.0,0.00027389756231169547,24.0,1.1415525114155251e-05,0.041666666666666664,1.0
LINE_4567_7619_2,line,Line_4567_7619_2,0.0,0.00027389756231169547,24.0,1.1415525114155251e-05,0.041666666666666664,1.0
LINE_4567_8209_R,line,Line_4567_8209_R,0.0,0.00027389756231169547,24.0,1.1415525114155251e-05,0.041666666666666664,1.0
LINE_4567_8209_W,line,Line_4567_8209_W,0.0,0.00027389756231169547,24.0,1.1415525114155251e-05,0.041666666666666664,1.0
LINE_4568_24568_1,line,Line_4568_24568_1,0.0,0.00027389756231169547,24.0,1.1415525114155251e-05,0.041666666666666664,1.0
LINE_4573_4625_1,line,Line_4573_4625_1,0.0,0.00027389756231169547,24.0,1.1415525114155251e-05,0.041666666666666664,1.0
LINE_4573_7615_1,line,Line_4573_7615_1,0.0,0.00027389756231169547,24.0,1.1415525114155251e-05,0.041666666666666664,1.0
LINE_4573_7616_2,line,Line_4573_7616_2,0.0,0.00027389756231169547,24.0,1.1415525114155251e-05,0.041666666666666664,1.0
LINE_4573_7619_1,line,Line_4573_7619_1,0.0,0.00027389756231169547,24.0,1.1415525114155251e-05,0.041666666666666664,1.0
LINE_4574_24574_1,line,Line_4574_24574_1,0.0,0.00027389756231169547,24.0,1.1415525114155251e-05,0.041666666666666664,1.0
LINE_4576_24576_1,line,Line_4576_24576_1,0.0,0.00027389756231169547,24.0,1.1415525114155251e-05,0.041666666666666664,1.0
LINE_4583_4903_R,line,Line_4583_4903_R,0.0,0.00027389756231169547,24.0,1.1415525114155251e-05,0.041666666666666664,1.0
LINE_4583_4903_W,line,Line_4583_4903_W,0.0,0.00027389756231169547,24.0,1.1415525114155251e-05,0.041666666666666664,1.0
LINE_4584_24584_1,line,Line_4584_24584_1,0.0,0.00027389756231169547,24.0,1.1415525114155251e-05,0.041666666666666664,1.0
LINE_4601_4635_R,line,Line_4601_4635_R,0.0,0.00027389756231169547,24.0,1.1415525114155251e-05,0.041666666666666664,1.0
LINE_4601_4635_W,line,Line_4601_4635_W,0.0,0.00027389756231169547,24.0,1.1415525114155251e-05,0.041666666666666664,1.0
LINE_4601_8206_R,line,Line_4601_8206_R,0.0,0.00027389756231169547,24.0,1.1415525114155251e-05,0.041666666666666664,1.0
LINE_4601_8216_R,line,Line_4601_8216_R,0.0,0.00027389756231169547,24.0,1.1415525114155251e-05,0.041666666666666664,1.0
LINE_4601_8216_W,line,Line_4601_8216_W,0.0,0.00027389756231169547,24.0,1.1415525114155251e-05,0.041666666666666664,1.0
LINE_4601_9610_W,line,Line_4601_9610_W,0.0,0.00027389756231169547,24.0,1.1415525114155251e-05,0.041666666666666664,1.0
LINE_4602_24602_1,line,Line_4602_24602_1,0.0,0.00027389756231169547,24.0,1.1415525114155251e-05,0.041666666666666664,1.0
LINE_4603_8192_1,line,Line_4603_8192_1,0.0,0.00027389756231169547,24.0,1.1415525114155251e-05,0.041666666666666664,1.0
LINE_4603_8195_1,line,Line_4603_8195_1,0.0,0.00027389756231169547,24.0,1.1415525114155251e-05,0.041666666666666664,1.0
LINE_4603_8200_1,line,Line_4603_8200_1,0.0,0.00027389756231169547,24.0,1.1415525114155251e-05,0.041666666666666664,1.0
LINE_4603_8200_2,line,Line_4603_8200_2,0.0,0.00027389756231169547,24.0,1.1415525114155251e-05,0.041666666666666664,1.0
LINE_4604_24604_1,line,Line_4604_24604_1,0.0,0.00027389756231169547,24.0,1.1415525114155251e-05,0.041666666666666664,1.0
LINE_4607_7611_1,line,Line_4607_7611_1,0.0,0.00027389756231169547,24.0,1.1415525114155251e-05,0.041666666666666664,1.0
LINE_4607_7612_2,line,Line_4607_7612_2,0.0,0.00027389756231169547,24.0,1.1415525114155251e-05,0.041666666666666664,1.0
LINE_4608_24608_1,line,Line_4608_24608_1,0.0,0.00027389756231169547,24.0,1.1415525114155251e-05,0.041666666666666664,1.0
LINE_4611_4639_R,line,Line_4611_4639_R,0.0,0.00027389756231169547,24.0,1.1415525114155251e-05,0.041666666666666664,1.0
LINE_4611_4639_W,line,Line_4611_4639_W,0.0,0.00027389756231169547,24.0,1.1415525114155251e-05,0.041666666666666664,1.0
LINE_4612_24612_1,line,Line_4612_24612_1,0.0,0.00027389756231169547,24.0,1.1415525114155251e-05,0.041666666666666664,1.0
LINE_4613_4617_1,line,Line_4613_4617_1,0.0,0.00027389756231169547,24.0,1.1415525114155251e-05,0.041666666666666664,1.0
LINE_4613_4627_1,line,Line_4613_4627_1,0.0,0.00027389756231169547,24.0,1.1415525114155251e-05,0.041666666666666664,1.0
LINE_4613_7582_1,line,Line_4613_7582_1,0.0,0.00027389756231169547,24.0,1.1415525114155251e-05,0.041666666666666664,1.0
LINE_4614_24614_1,line,Line_4614_24614_1,0.0,0.00027389756231169547,24.0,1.1415525114155251e-05,0.041666666666666664,1.0
LINE_4617_7584_O,line,Line_4617_7584_O,0.0,0.00027389756231169547,24.0,1.1415525114155251e-05,0.041666666666666664,1.0
LINE_4617_8181_R,line,Line_4617_8181_R,0.0,0.00027389756231169547,24.0,1.1415525114155251e-05,0.041666666666666664,1.0
LINE_4617_8181_W,line,Line_4617_8181_W,0.0,0.00027389756231169547,24.0,1.1415525114155251e-05,0.041666666666666664,1.0
LINE_4618_24618_1,line,Line_4618_24618_1,0.0,0.00027389756231169547,24.0,1.1415525114155251e-05,0.041666666666666664,1.0
LINE_4626_24626_1,line,Line_4626_24626_1,0.0,0.00027389756231169547,24.0,1.1415525114155251e-05,0.041666666666666664,1.0
LINE_4628_24628_1,line,Line_4628_24628_1,0.0,0.00027389756231169547,24.0,1.1415525114155251e-05,0.041666666666666664,1.0
LINE_4629_7609_1,line,Line_4629_7609_1,0.0,0.00027389756231169547,24.0,1.1415525114155251e-05,0.041666666666666664,1.0
LINE_4629_8193_1,line,Line_4629_8193_1,0.0,0.00027389756231169547,24.0,1.1415525114155251e-05,0.041666666666666664,1.0
LINE_4630_24630_1,line,Line_4630_24630_1,0.0,0.00027389756231169547,24.0,1.1415525114155251e-05,0.041666666666666664,1.0
LINE_4635_8213_1,line,Line_4635_8213_1,0.0,0.00027389756231169547,24.0,1.1415525114155251e-05,0.041666666666666664,1.0
LINE_4635_9612_1,line,Line_4635_9612_1,0.0,0.00027389756231169547,24.0,1.1415525114155251e-05,0.041666666666666664,1.0
LINE_4636_24636_1,line,Line_4636_24636_1,0.0,0.00027389756231169547,24.0,1.1415525114155251e-05,0.041666666666666664,1.0
LINE_4637_7604_1,line,Line_4637_7604_1,0.0,0.00027389756231169547,24.0,1.1415525114155251e-05,0.041666666666666664,1.0
LINE_4637_7605_2,line,Line_4637_7605_2,0.0,0.00027389756231169547,24.0,1.1415525114155251e-05,0.041666666666666664,1.0
LINE_4638_24638_1,line,Line_4638_24638_1,0.0,0.00027389756231169547,24.0,1.1415525114155251e-05,0.041666666666666664,1.0
LINE_4639_4649_R,line,Line_4639_4649_R,0.0,0.00027389756231169547,24.0,1.1415525114155251e-05,0.041666666666666664,1.0
LINE_4639_4649_W,line,Line_4639_4649_W,0.0,0.00027389756231169547,24.0,1.1415525114155251e-05,0.041666666666666664,1.0
LINE_4639_7618_R,line,Line_4639_7618_R,0.0,0.00027389756231169547,24.0,1.1415525114155251e-05,0.041666666666666664,1.0
LINE_4639_7620_1,line,Line_4639_7620_1,0.0,0.00027389756231169547,24.0,1.1415525114155251e-05,0.041666666666666664,1.0
LINE_4639_8190_1,line,Line_4639_8190_1,0.0,0.00027389756231169547,24.0,1.1415525114155251e-05,0.041666666666666664,1.0
LINE_4639_8190_2,line,Line_4639_8190_2,0.0,0.00027389756231169547,24.0,1.1415525114155251e-05,0.041666666666666664,1.0
LINE_4639_8207_1,line,Line_4639_8207_1,0.0,0.00027389756231169547,24.0,1.1415525114155251e-05,0.041666666666666664,1.0
LINE_4639_8208_W,line,Line_4639_8208_W,0.0,0.00027389756231169547,24.0,1.1415525114155251e-05,0.041666666666666664,1.0
LINE_4640_24640_1,line,Line_4640_24640_1,0.0,0.00027389756231169547,24.0,1.1415525114155251e-05,0.041666666666666664,1.0
LINE_4650_24650_1,line,Line_4650_24650_1,0.0,0.00027389756231169547,24.0,1.1415525114155251e-05,0.041666666666666664,1.0
LINE_4651_7617_R,line,Line_4651_7617_R,0.0,0.00027389756231169547,24.0,1.1415525114155251e-05,0.041666666666666664,1.0
LINE_4651_8204_W,line,Line_4651_8204_W,0.0,0.00027389756231169547,24.0,1.1415525114155251e-05,0.041666666666666664,1.0
LINE_4652_24652_1,line,Line_4652_24652_1,0.0,0.00027389756231169547,24.0,1.1415525114155251e-05,0.041666666666666664,1.0
LINE_4701_4703_1,line,Line_4701_4703_1,0.0,0.00027389756231169547,24.0,1.1415525114155251e-05,0.041666666666666664,1.0
LINE_4702_24702_1,line,Line_4702_24702_1,0.0,0.00027389756231169547,24.0,1.1415525114155251e-05,0.041666666666666664,1.0
LINE_4703_4705_1,line,Line_4703_4705_1,0.0,0.00027389756231169547,24.0,1.1415525114155251e-05,0.041666666666666664,1.0
LINE_4703_4715_1,line,Line_4703_4715_1,0.0,0.00027389756231169547,24.0,1.1415525114155251e-05,0.041666666666666664,1.0
LINE_4703_4715_2,line,Line_4703_4715_2,0.0,0.00027389756231169547,24.0,1.1415525114155251e-05,0.041666666666666664,1.0
LINE_4704_24704_1,line,Line_4704_24704_1,0.0,0.00027389756231169547,24.0,1.1415525114155251e-05,0.041666666666666664,1.0
LINE_4705_8244_1,line,Line_4705_8244_1,0.0,0.00027389756231169547,24.0,1.1415525114155251e-05,0.041666666666666664,1.0
LINE_4706_24706_1,line,Line_4706_24706_1,0.0,0.00027389756231169547,24.0,1.1415525114155251e-05,0.041666666666666664,1.0
LINE_4709_8221_1,line,Line_4709_8221_1,0.0,0.00027389756231169547,24.0,1.1415525114155251e-05,0.041666666666666664,1.0
LINE_4709_8221_2,line,Line_4709_8221_2,0.0,0.00027389756231169547,24.0,1.1415525114155251e-05,0.041666666666666664,1.0
LINE_4710_24710_1,line,Line_4710_24710_1,0.0,0.00027389756231169547,24.0,1.1415525114155251e-05,0.041666666666666664,1.0
LINE_4711_4713_R,line,Line_4711_4713_R,0.0,0.00027389756231169547,24.0,1.1415525114155251e-05,0.041666666666666664,1.0
LINE_4711_4713_W,line,Line_4711_4713_W,0.0,0.00027389756231169547,24.0,1.1415525114155251e-05,0.041666666666666664,1.0
LINE_4712_24712_1,line,Line_4712_24712_1,0.0,0.00027389756231169547,24.0,1.1415525114155251e-05,0.041666666666666664,1.0
LINE_4713_8220_R,line,Line_4713_8220_R,0.0,0.00027389756231169547,24.0,1.1415525114155251e-05,0.041666666666666664,1.0
LINE_4713_8223_1,line,Line_4713_8223_1,0.0,0.00027389756231169547,24.0,1.1415525114155251e-05,0.041666666666666664,1.0
LINE_4714_24714_1,line,Line_4714_24714_1,0.0,0.00027389756231169547,24.0,1.1415525114155251e-05,0.041666666666666664,1.0
LINE_4715_8282_1,line,Line_4715_8282_1,0.0,0.00027389756231169547,24.0,1.1415525114155251e-05,0.041666666666666664,1.0
LINE_4715_8282_2,line,Line_4715_8282_2,0.0,0.00027389756231169547,24.0,1.1415525114155251e-05,0.041666666666666664,1.0
LINE_4716_24716_1,line,Line_4716_24716_1,0.0,0.00027389756231169547,24.0,1.1415525114155251e-05,0.041666666666666664,1.0
LINE_4751_7629_1,line,Line_4751_7629_1,0.0,0.00027389756231169547,24.0,1.1415525114155251e-05,0.041666666666666664,1.0
LINE_4751_7635_1,line,Line_4751_7635_1,0.0,0.00027389756231169547,24.0,1.1415525114155251e-05,0.041666666666666664,1.0
LINE_4751_8240_1,line,Line_4751_8240_1,0.0,0.00027389756231169547,24.0,1.1415525114155251e-05,0.041666666666666664,1.0
LINE_4751_8251_1,line,Line_4751_8251_1,0.0,0.00027389756231169547,24.0,1.1415525114155251e-05,0.041666666666666664,1.0
LINE_4752_24752_1,line,Line_4752_24752_1,0.0,0.00027389756231169547,24.0,1.1415525114155251e-05,0.041666666666666664,1.0
LINE_4753_4755_R,line,Line_4753_4755_R,0.0,0.00027389756231169547,24.0,1.1415525114155251e-05,0.041666666666666664,1.0
LINE_4753_4755_W,line,Line_4753_4755_W,0.0,0.00027389756231169547,24.0,1.1415525114155251e-05,0.041666666666666664,1.0
LINE_4753_4763_R,line,Line_4753_4763_R,0.0,0.00027389756231169547,24.0,1.1415525114155251e-05,0.041666666666666664,1.0
LINE_4753_4763_W,line,Line_4753_4763_W,0.0,0.00027389756231169547,24.0,1.1415525114155251e-05,0.041666666666666664,1.0
LINE_4753_7623_1,line,Line_4753_7623_1,0.0,0.00027389756231169547,24.0,1.1415525114155251e-05,0.041666666666666664,1.0
LINE_4754_24754_1,line,Line_4754_24754_1,0.0,0.00027389756231169547,24.0,1.1415525114155251e-05,0.041666666666666664,1.0
LINE_4755_4759_1,line,Line_4755_4759_1,0.0,0.00027389756231169547,24.0,1.1415525114155251e-05,0.041666666666666664,1.0
LINE_4755_4759_2,line,Line_4755_4759_2,0.0,0.00027389756231169547,24.0,1.1415525114155251e-05,0.041666666666666664,1.0
LINE_4755_8241_R,line,Line_4755_8241_R,0.0,0.00027389756231169547,24.0,1.1415525114155251e-05,0.041666666666666664,1.0
LINE_4755_8241_W,line,Line_4755_8241_W,0.0,0.00027389756231169547,24.0,1.1415525114155251e-05,0.041666666666666664,1.0
LINE_4756_24756_1,line,Line_4756_24756_1,0.0,0.00027389756231169547,24.0,1.1415525114155251e-05,0.041666666666666664,1.0
LINE_4757_8230_1,line,Line_4757_8230_1,0.0,0.00027389756231169547,24.0,1.1415525114155251e-05,0.041666666666666664,1.0
LINE_4757_8230_2,line,Line_4757_8230_2,0.0,0.00027389756231169547,24.0,1.1415525114155251e-05,0.041666666666666664,1.0
LINE_4757_40060_1,line,Line_4757_40060_1,0.0,0.00027389756231169547,24.0,1.1415525114155251e-05,0.041666666666666664,1.0
LINE_4758_24758_1,line,Line_4758_24758_1,0.0,0.00027389756231169547,24.0,1.1415525114155251e-05,0.041666666666666664,1.0
LINE_4759_70000_1,line,Line_4759_70000_1,0.0,0.00027389756231169547,24.0,1.1415525114155251e-05,0.041666666666666664,1.0
LINE_4760_24760_1,line,Line_4760_24760_1,0.0,0.00027389756231169547,24.0,1.1415525114155251e-05,0.041666666666666664,1.0
LINE_4764_24764_1,line,Line_4764_24764_1,0.0,0.00027389756231169547,24.0,1.1415525114155251e-05,0.041666666666666664,1.0
LINE_4801_4805_R,line,Line_4801_4805_R,0.0,0.00027389756231169547,24.0,1.1415525114155251e-05,0.041666666666666664,1.0
LINE_4801_4805_W,line,Line_4801_4805_W,0.0,0.00027389756231169547,24.0,1.1415525114155251e-05,0.041666666666666664,1.0
LINE_4801_4823_R,line,Line_4801_4823_R,0.0,0.00027389756231169547,24.0,1.1415525114155251e-05,0.041666666666666664,1.0
LINE_4801_4823_W,line,Line_4801_4823_W,0.0,0.00027389756231169547,24.0,1.1415525114155251e-05,0.041666666666666664,1.0
LINE_4802_24802_1,line,Line_4802_24802_1,0.0,0.00027389756231169547,24.0,1.1415525114155251e-05,0.041666666666666664,1.0
LINE_4805_7626_1,line,Line_4805_7626_1,0.0,0.00027389756231169547,24.0,1.1415525114155251e-05,0.041666666666666664,1.0
LINE_4805_8279_1,line,Line_4805_8279_1,0.0,0.00027389756231169547,24.0,1.1415525114155251e-05,0.041666666666666664,1.0
LINE_4805_8279_2,line,Line_4805_8279_2,0.0,0.00027389756231169547,24.0,1.1415525114155251e-05,0.041666666666666664,1.0
LINE_4805_8281_1,line,Line_4805_8281_1,0.0,0.00027389756231169547,24.0,1.1415525114155251e-05,0.041666666666666664,1.0
LINE_4806_24806_1,line,Line_4806_24806_1,0.0,0.00027389756231169547,24.0,1.1415525114155251e-05,0.041666666666666664,1.0
LINE_4811_7501_O,line,Line_4811_7501_O,0.0,0.00027389756231169547,24.0,1.1415525114155251e-05,0.041666666666666664,1.0
LINE_4812_24812_1,line,Line_4812_24812_1,0.0,0.00027389756231169547,24.0,1.1415525114155251e-05,0.041666666666666664,1.0
LINE_4813_7501_O,line,Line_4813_7501_O,0.0,0.00027389756231169547,24.0,1.1415525114155251e-05,0.041666666666666664,1.0
LINE_4813_7502_M,line,Line_4813_7502_M,0.0,0.00027389756231169547,24.0,1.1415525114155251e-05,0.041666666666666664,1.0
LINE_4814_24814_1,line,Line_4814_24814_1,0.0,0.00027389756231169547,24.0,1.1415525114155251e-05,0.041666666666666664,1.0
LINE_4815_4821_R,line,Line_4815_4821_R,0.0,0.00027389756231169547,24.0,1.1415525114155251e-05,0.041666666666666664,1.0
LINE_4815_4821_W,line,Line_4815_4821_W,0.0,0.00027389756231169547,24.0,1.1415525114155251e-05,0.041666666666666664,1.0
LINE_4815_4839_O,line,Line_4815_4839_O,0.0,0.00027389756231169547,24.0,1.1415525114155251e-05,0.041666666666666664,1.0
LINE_4815_4997_1,line,Line_4815_4997_1,0.0,0.00027389756231169547,24.0,1.1415525114155251e-05,0.041666666666666664,1.0
LINE_4815_4997_2,line,Line_4815_4997_2,0.0,0.00027389756231169547,24.0,1.1415525114155251e-05,0.041666666666666664,1.0
LINE_4815_7627_R,line,Line_4815_7627_R,0.0,0.00027389756231169547,24.0,1.1415525114155251e-05,0.041666666666666664,1.0
LINE_4815_7628_W,line,Line_4815_7628_W,0.0,0.00027389756231169547,24.0,1.1415525114155251e-05,0.041666666666666664,1.0
LINE_4815_8270_1,line,Line_4815_8270_1,0.0,0.00027389756231169547,24.0,1.1415525114155251e-05,0.041666666666666664,1.0
LINE_4816_24816_1,line,Line_4816_24816_1,0.0,0.00027389756231169547,24.0,1.1415525114155251e-05,0.041666666666666664,1.0
LINE_4817_7635_1,line,Line_4817_7635_1,0.0,0.00027389756231169547,24.0,1.1415525114155251e-05,0.041666666666666664,1.0
LINE_4817_7636_1,line,Line_4817_7636_1,0.0,0.00027389756231169547,24.0,1.1415525114155251e-05,0.041666666666666664,1.0
LINE_4817_8232_1,line,Line_4817_8232_1,0.0,0.00027389756231169547,24.0,1.1415525114155251e-05,0.041666666666666664,1.0
LINE_4818_24818_1,line,Line_4818_24818_1,0.0,0.00027389756231169547,24.0,1.1415525114155251e-05,0.041666666666666664,1.0
LINE_4819_8278_1,line,Line_4819_8278_1,0.0,0.00027389756231169547,24.0,1.1415525114155251e-05,0.041666666666666664,1.0
LINE_4819_8278_2,line,Line_4819_8278_2,0.0,0.00027389756231169547,24.0,1.1415525114155251e-05,0.041666666666666664,1.0
LINE_4820_24820_1,line,Line_4820_24820_1,0.0,0.00027389756231169547,24.0,1.1415525114155251e-05,0.041666666666666664,1.0
LINE_4821_8231_R,line,Line_4821_8231_R,0.0,0.00027389756231169547,24.0,1.1415525114155251e-05,0.041666666666666664,1.0
LINE_4821_8231_W,line,Line_4821_8231_W,0.0,0.00027389756231169547,24.0,1.1415525114155251e-05,0.041666666666666664,1.0
LINE_4821_8252_1,line,Line_4821_8252_1,0.0,0.00027389756231169547,24.0,1.1415525114155251e-05,0.041666666666666664,1.0
LINE_4822_24822_1,line,Line_4822_24822_1,0.0,0.00027389756231169547,24.0,1.1415525114155251e-05,0.041666666666666664,1.0
LINE_4824_24824_1,line,Line_4824_24824_1,0.0,0.00027389756231169547,24.0,1.1415525114155251e-05,0.041666666666666664,1.0
LINE_4839_8242_1,line,Line_4839_8242_1,0.0,0.00027389756231169547,24.0,1.1415525114155251e-05,0.041666666666666664,1.0
LINE_4840_24840_1,line,Line_4840_24840_1,0.0,0.00027389756231169547,24.0,1.1415525114155251e-05,0.041666666666666664,1.0
LINE_4901_4909_R,line,Line_4901_4909_R,0.0,0.00027389756231169547,24.0,1.1415525114155251e-05,0.041666666666666664,1.0
LINE_4901_4921_W,line,Line_4901_4921_W,0.0,0.00027389756231169547,24.0,1.1415525114155251e-05,0.041666666666666664,1.0
LINE_4902_24902_1,line,Line_4902_24902_1,0.0,0.00027389756231169547,24.0,1.1415525114155251e-05,0.041666666666666664,1.0
LINE_4903_8186_1,line,Line_4903_8186_1,0.0,0.00027389756231169547,24.0,1.1415525114155251e-05,0.041666666666666664,1.0
LINE_4903_8186_2,line,Line_4903_8186_2,0.0,0.00027389756231169547,24.0,1.1415525114155251e-05,0.041666666666666664,1.0
LINE_4904_24904_1,line,Line_4904_24904_1,0.0,0.00027389756231169547,24.0,1.1415525114155251e-05,0.041666666666666664,1.0
LINE_4908_24908_1,line,Line_4908_24908_1,0.0,0.00027389756231169547,24.0,1.1415525114155251e-05,0.041666666666666664,1.0
LINE_4909_4921_R,line,Line_4909_4921_R,0.0,0.00027389756231169547,24.0,1.1415525114155251e-05,0.041666666666666664,1.0
LINE_4910_24910_1,line,Line_4910_24910_1,0.0,0.00027389756231169547,24.0,1.1415525114155251e-05,0.041666666666666664,1.0
LINE_4921_8191_1,line,Line_4921_8191_1,0.0,0.00027389756231169547,24.0,1.1415525114155251e-05,0.041666666666666664,1.0
LINE_4921_8191_2,line,Line_4921_8191_2,0.0,0.00027389756231169547,24.0,1.1415525114155251e-05,0.041666666666666664,1.0
LINE_4921_8280_1,line,Line_4921_8280_1,0.0,0.00027389756231169547,24.0,1.1415525114155251e-05,0.041666666666666664,1.0
LINE_4921_8280_2,line,Line_4921_8280_2,0.0,0.00027389756231169547,24.0,1.1415525114155251e-05,0.041666666666666664,1.0
LINE_4922_24922_1,line,Line_4922_24922_1,0.0,0.00027389756231169547,24.0,1.1415525114155251e-05,0.041666666666666664,1.0
LINE_4989_4991_1,line,Line_4989_4991_1,0.0,0.00027389756231169547,24.0,1.1415525114155251e-05,0.041666666666666664,1.0
LINE_4989_4991_2,line,Line_4989_4991_2,0.0,0.00027389756231169547,24.0,1.1415525114155251e-05,0.041666666666666664,1.0
LINE_4989_4993_1,line,Line_4989_4993_1,0.0,0.00027389756231169547,24.0,1.1415525114155251e-05,0.041666666666666664,1.0
LINE_4989_4993_2,line,Line_4989_4993_2,0.0,0.00027389756231169547,24.0,1.1415525114155251e-05,0.041666666666666664,1.0
LINE_4990_24990_1,line,Line_4990_24990_1,0.0,0.00027389756231169547,24.0,1.1415525114155251e-05,0.041666666666666664,1.0
LINE_4992_24992_1,line,Line_4992_24992_1,0.0,0.00027389756231169547,24.0,1.1415525114155251e-05,0.041666666666666664,1.0
LINE_4994_24994_1,line,Line_4994_24994_1,0.0,0.00027389756231169547,24.0,1.1415525114155251e-05,0.041666666666666664,1.0
LINE_4995_7630_R,line,Line_4995_7630_R,0.0,0.00027389756231169547,24.0,1.1415525114155251e-05,0.041666666666666664,1.0
LINE_4995_7639_W,line,Line_4995_7639_W,0.0,0.00027389756231169547,24.0,1.1415525114155251e-05,0.041666666666666664,1.0
LINE_4996_24996_1,line,Line_4996_24996_1,0.0,0.00027389756231169547,24.0,1.1415525114155251e-05,0.041666666666666664,1.0
LINE_4998_24998_1,line,Line_4998_24998_1,0.0,0.00027389756231169547,24.0,1.1415525114155251e-05,0.041666666666666664,1.0
LINE_4999_7627_R,line,Line_4999_7627_R,0.0,0.00027389756231169547,24.0,1.1415525114155251e-05,0.041666666666666664,1.0
LINE_4999_7628_W,line,Line_4999_7628_W,0.0,0.00027389756231169547,24.0,1.1415525114155251e-05,0.041666666666666664,1.0
LINE_5000_25000_1,line,Line_5000_25000_1,0.0,0.00027389756231169547,24.0,1.1415525114155251e-05,0.041666666666666664,1.0
LINE_5003_8315_1,line,Line_5003_8315_1,0.0,0.00027389756231169547,24.0,1.1415525114155251e-05,0.041666666666666664,1.0
LINE_5003_8335_1,line,Line_5003_8335_1,0.0,0.00027389756231169547,24.0,1.1415525114155251e-05,0.041666666666666664,1.0
LINE_5004_25004_1,line,Line_5004_25004_1,0.0,0.00027389756231169547,24.0,1.1415525114155251e-05,0.041666666666666664,1.0
LINE_5006_25006_1,line,Line_5006_25006_1,0.0,0.00027389756231169547,24.0,1.1415525114155251e-05,0.041666666666666664,1.0
LINE_5013_5023_1,line,Line_5013_5023_1,0.0,0.00027389756231169547,24.0,1.1415525114155251e-05,0.041666666666666664,1.0
LINE_5013_32100_1,line,Line_5013_32100_1,0.0,0.00027389756231169547,24.0,1.1415525114155251e-05,0.041666666666666664,1.0
LINE_5013_32130_1,line,Line_5013_32130_1,0.0,0.00027389756231169547,24.0,1.1415525114155251e-05,0.041666666666666664,1.0
LINE_5013_32130_2,line,Line_5013_32130_2,0.0,0.00027389756231169547,24.0,1.1415525114155251e-05,0.041666666666666664,1.0
LINE_5014_25014_1,line,Line_5014_25014_1,0.0,0.00027389756231169547,24.0,1.1415525114155251e-05,0.041666666666666664,1.0
LINE_5017_8304_W,line,Line_5017_8304_W,0.0,0.00027389756231169547,24.0,1.1415525114155251e-05,0.041666666666666664,1.0
LINE_5017_8308_1,line,Line_5017_8308_1,0.0,0.00027389756231169547,24.0,1.1415525114155251e-05,0.041666666666666664,1.0
LINE_5017_8333_1,line,Line_5017_8333_1,0.0,0.00027389756231169547,24.0,1.1415525114155251e-05,0.041666666666666664,1.0
LINE_5017_8359_1,line,Line_5017_8359_1,0.0,0.00027389756231169547,24.0,1.1415525114155251e-05,0.041666666666666664,1.0
LINE_5018_25018_1,line,Line_5018_25018_1,0.0,0.00027389756231169547,24.0,1.1415525114155251e-05,0.041666666666666664,1.0
LINE_5021_5025_1,line,Line_5021_5025_1,0.0,0.00027389756231169547,24.0,1.1415525114155251e-05,0.041666666666666664,1.0
LINE_5021_5079_R,line,Line_5021_5079_R,0.0,0.00027389756231169547,24.0,1.1415525114155251e-05,0.041666666666666664,1.0
LINE_5021_5079_W,line,Line_5021_5079_W,0.0,0.00027389756231169547,24.0,1.1415525114155251e-05,0.041666666666666664,1.0
LINE_5022_25022_1,line,Line_5022_25022_1,0.0,0.00027389756231169547,24.0,1.1415525114155251e-05,0.041666666666666664,1.0
LINE_5024_15024_1,line,Line_5024_15024_1,0.0,0.00027389756231169547,24.0,1.1415525114155251e-05,0.041666666666666664,1.0
LINE_5024_25024_1,line,Line_5024_25024_1,0.0,0.00027389756231169547,24.0,1.1415525114155251e-05,0.041666666666666664,1.0
LINE_5026_25026_1,line,Line_5026_25026_1,0.0,0.00027389756231169547,24.0,1.1415525114155251e-05,0.041666666666666664,1.0
LINE_5027_7664_1,line,Line_5027_7664_1,0.0,0.00027389756231169547,24.0,1.1415525114155251e-05,0.041666666666666664,1.0
LINE_5028_25028_1,line,Line_5028_25028_1,0.0,0.00027389756231169547,24.0,1.1415525114155251e-05,0.041666666666666664,1.0
LINE_5055_5097_R,line,Line_5055_5097_R,0.0,0.00027389756231169547,24.0,1.1415525114155251e-05,0.041666666666666664,1.0
LINE_5055_5097_W,line,Line_5055_5097_W,0.0,0.00027389756231169547,24.0,1.1415525114155251e-05,0.041666666666666664,1.0
LINE_5055_41740_1,line,Line_5055_41740_1,0.0,0.00027389756231169547,24.0,1.1415525114155251e-05,0.041666666666666664,1.0
LINE_5056_25056_1,line,Line_5056_25056_1,0.0,0.00027389756231169547,24.0,1.1415525114155251e-05,0.041666666666666664,1.0
LINE_5079_8320_1,line,Line_5079_8320_1,0.0,0.00027389756231169547,24.0,1.1415525114155251e-05,0.041666666666666664,1.0
LINE_5079_8331_R,line,Line_5079_8331_R,0.0,0.00027389756231169547,24.0,1.1415525114155251e-05,0.041666666666666664,1.0
LINE_5079_8331_W,line,Line_5079_8331_W,0.0,0.00027389756231169547,24.0,1.1415525114155251e-05,0.041666666666666664,1.0
LINE_5079_8332_1,line,Line_5079_8332_1,0.0,0.00027389756231169547,24.0,1.1415525114155251e-05,0.041666666666666664,1.0
LINE_5079_8341_R,line,Line_5079_8341_R,0.0,0.00027389756231169547,24.0,1.1415525114155251e-05,0.041666666666666664,1.0
LINE_5079_8342_W,line,Line_5079_8342_W,0.0,0.00027389756231169547,24.0,1.1415525114155251e-05,0.041666666666666664,1.0
LINE_5080_25080_1,line,Line_5080_25080_1,0.0,0.00027389756231169547,24.0,1.1415525114155251e-05,0.041666666666666664,1.0
LINE_5092_25092_1,line,Line_5092_25092_1,0.0,0.00027389756231169547,24.0,1.1415525114155251e-05,0.041666666666666664,1.0
LINE_5098_25098_1,line,Line_5098_25098_1,0.0,0.00027389756231169547,24.0,1.1415525114155251e-05,0.041666666666666664,1.0
LINE_5107_7652_1,line,Line_5107_7652_1,0.0,0.00027389756231169547,24.0,1.1415525114155251e-05,0.041666666666666664,1.0
LINE_5107_7653_1,line,Line_5107_7653_1,0.0,0.00027389756231169547,24.0,1.1415525114155251e-05,0.041666666666666664,1.0
LINE_5107_8319_1,line,Line_5107_8319_1,0.0,0.00027389756231169547,24.0,1.1415525114155251e-05,0.041666666666666664,1.0
LINE_5107_8346_1,line,Line_5107_8346_1,0.0,0.00027389756231169547,24.0,1.1415525114155251e-05,0.041666666666666664,1.0
LINE_5108_25108_1,line,Line_5108_25108_1,0.0,0.00027389756231169547,24.0,1.1415525114155251e-05,0.041666666666666664,1.0
LINE_5501_5503_R,line,Line_5501_5503_R,0.0,0.00027389756231169547,24.0,1.1415525114155251e-05,0.041666666666666664,1.0
LINE_5501_5503_W,line,Line_5501_5503_W,0.0,0.00027389756231169547,24.0,1.1415525114155251e-05,0.041666666666666664,1.0
LINE_5501_7668_1,line,Line_5501_7668_1,0.0,0.00027389756231169547,24.0,1.1415525114155251e-05,0.041666666666666664,1.0
LINE_5501_7669_2,line,Line_5501_7669_2,0.0,0.00027389756231169547,24.0,1.1415525114155251e-05,0.041666666666666664,1.0
LINE_5501_8364_1,line,Line_5501_8364_1,0.0,0.00027389756231169547,24.0,1.1415525114155251e-05,0.041666666666666664,1.0
LINE_5501_8364_2,line,Line_5501_8364_2,0.0,0.00027389756231169547,24.0,1.1415525114155251e-05,0.041666666666666664,1.0
LINE_5502_25502_1,line,Line_5502_25502_1,0.0,0.00027389756231169547,24.0,1.1415525114155251e-05,0.041666666666666664,1.0
LINE_5503_5537_1,line,Line_5503_5537_1,0.0,0.00027389756231169547,24.0,1.1415525114155251e-05,0.041666666666666664,1.0
LINE_5503_5537_2,line,Line_5503_5537_2,0.0,0.00027389756231169547,24.0,1.1415525114155251e-05,0.041666666666666664,1.0
LINE_5503_5643_R,line,Line_5503_5643_R,0.0,0.00027389756231169547,24.0,1.1415525114155251e-05,0.041666666666666664,1.0
LINE_5503_5643_W,line,Line_5503_5643_W,0.0,0.00027389756231169547,24.0,1.1415525114155251e-05,0.041666666666666664,1.0
LINE_5504_25504_1,line,Line_5504_25504_1,0.0,0.00027389756231169547,24.0,1.1415525114155251e-05,0.041666666666666664,1.0
LINE_5505_5521_R,line,Line_5505_5521_R,0.0,0.00027389756231169547,24.0,1.1415525114155251e-05,0.041666666666666664,1.0
LINE_5505_5521_W,line,Line_5505_5521_W,0.0,0.00027389756231169547,24.0,1.1415525114155251e-05,0.041666666666666664,1.0
LINE_5506_25506_1,line,Line_5506_25506_1,0.0,0.00027389756231169547,24.0,1.1415525114155251e-05,0.041666666666666664,1.0
LINE_5521_5523_1,line,Line_5521_5523_1,0.0,0.00027389756231169547,24.0,1.1415525114155251e-05,0.041666666666666664,1.0
LINE_5521_5523_2,line,Line_5521_5523_2,0.0,0.00027389756231169547,24.0,1.1415525114155251e-05,0.041666666666666664,1.0
LINE_5522_25522_1,line,Line_5522_25522_1,0.0,0.00027389756231169547,24.0,1.1415525114155251e-05,0.041666666666666664,1.0
LINE_5523_5537_1,line,Line_5523_5537_1,0.0,0.00027389756231169547,24.0,1.1415525114155251e-05,0.041666666666666664,1.0
LINE_5523_5537_2,line,Line_5523_5537_2,0.0,0.00027389756231169547,24.0,1.1415525114155251e-05,0.041666666666666664,1.0
LINE_5523_5541_1,line,Line_5523_5541_1,0.0,0.00027389756231169547,24.0,1.1415525114155251e-05,0.041666666666666664,1.0
LINE_5523_5541_2,line,Line_5523_5541_2,0.0,0.00027389756231169547,24.0,1.1415525114155251e-05,0.041666666666666664,1.0
LINE_5523_7683_1,line,Line_5523_7683_1,0.0,0.00027389756231169547,24.0,1.1415525114155251e-05,0.041666666666666664,1.0
LINE_5524_25524_1,line,Line_5524_25524_1,0.0,0.00027389756231169547,24.0,1.1415525114155251e-05,0.041666666666666664,1.0
LINE_5526_25526_1,line,Line_5526_25526_1,0.0,0.00027389756231169547,24.0,1.1415525114155251e-05,0.041666666666666664,1.0
LINE_5529_7668_1,line,Line_5529_7668_1,0.0,0.00027389756231169547,24.0,1.1415525114155251e-05,0.041666666666666664,1.0
LINE_5529_7669_2,line,Line_5529_7669_2,0.0,0.00027389756231169547,24.0,1.1415525114155251e-05,0.041666666666666664,1.0
LINE_5530_25530_1,line,Line_5530_25530_1,0.0,0.00027389756231169547,24.0,1.1415525114155251e-05,0.041666666666666664,1.0
LINE_5537_5625_1,line,Line_5537_5625_1,0.0,0.00027389756231169547,24.0,1.1415525114155251e-05,0.041666666666666664,1.0
LINE_5538_25538_1,line,Line_5538_25538_1,0.0,0.00027389756231169547,24.0,1.1415525114155251e-05,0.041666666666666664,1.0
LINE_5542_25542_1,line,Line_5542_25542_1,0.0,0.00027389756231169547,24.0,1.1415525114155251e-05,0.041666666666666664,1.0
LINE_5546_25546_1,line,Line_5546_25546_1,0.0,0.00027389756231169547,24.0,1.1415525114155251e-05,0.041666666666666664,1.0
LINE_5601_5605_1,line,Line_5601_5605_1,0.0,0.00027389756231169547,24.0,1.1415525114155251e-05,0.041666666666666664,1.0
LINE_5601_5605_2,line,Line_5601_5605_2,0.0,0.00027389756231169547,24.0,1.1415525114155251e-05,0.041666666666666664,1.0
LINE_5601_5607_1,line,Line_5601_5607_1,0.0,0.00027389756231169547,24.0,1.1415525114155251e-05,0.041666666666666664,1.0
LINE_5601_5607_2,line,Line_5601_5607_2,0.0,0.00027389756231169547,24.0,1.1415525114155251e-05,0.041666666666666664,1.0
LINE_5602_25602_1,line,Line_5602_25602_1,0.0,0.00027389756231169547,24.0,1.1415525114155251e-05,0.041666666666666664,1.0
LINE_5603_5617_1,line,Line_5603_5617_1,0.0,0.00027389756231169547,24.0,1.1415525114155251e-05,0.041666666666666664,1.0
LINE_5603_5627_1,line,Line_5603_5627_1,0.0,0.00027389756231169547,24.0,1.1415525114155251e-05,0.041666666666666664,1.0
LINE_5603_5627_2,line,Line_5603_5627_2,0.0,0.00027389756231169547,24.0,1.1415525114155251e-05,0.041666666666666664,1.0
LINE_5603_5787_1,line,Line_5603_5787_1,0.0,0.00027389756231169547,24.0,1.1415525114155251e-05,0.041666666666666664,1.0
LINE_5604_25604_1,line,Line_5604_25604_1,0.0,0.00027389756231169547,24.0,1.1415525114155251e-05,0.041666666666666664,1.0
LINE_5605_5627_1,line,Line_5605_5627_1,0.0,0.00027389756231169547,24.0,1.1415525114155251e-05,0.041666666666666664,1.0
LINE_5605_5627_2,line,Line_5605_5627_2,0.0,0.00027389756231169547,24.0,1.1415525114155251e-05,0.041666666666666664,1.0
LINE_5606_25606_1,line,Line_5606_25606_1,0.0,0.00027389756231169547,24.0,1.1415525114155251e-05,0.041666666666666664,1.0
LINE_5607_5609_@1,line,Line_5607_5609_@1,0.0,0.00027389756231169547,24.0,1.1415525114155251e-05,0.041666666666666664,1.0
LINE_5607_5609_@2,line,Line_5607_5609_@2,0.0,0.00027389756231169547,24.0,1.1415525114155251e-05,0.041666666666666664,1.0
LINE_5609_5617_R,line,Line_5609_5617_R,0.0,0.00027389756231169547,24.0,1.1415525114155251e-05,0.041666666666666664,1.0
LINE_5609_5617_W,line,Line_5609_5617_W,0.0,0.00027389756231169547,24.0,1.1415525114155251e-05,0.041666666666666664,1.0
LINE_5610_25610_1,line,Line_5610_25610_1,0.0,0.00027389756231169547,24.0,1.1415525114155251e-05,0.041666666666666664,1.0
LINE_5611_7666_N,line,Line_5611_7666_N,0.0,0.00027389756231169547,24.0,1.1415525114155251e-05,0.041666666666666664,1.0
LINE_5611_7667_S,line,Line_5611_7667_S,0.0,0.00027389756231169547,24.0,1.1415525114155251e-05,0.041666666666666664,1.0
LINE_5611_7720_R,line,Line_5611_7720_R,0.0,0.00027389756231169547,24.0,1.1415525114155251e-05,0.041666666666666664,1.0
LINE_5611_7721_W,line,Line_5611_7721_W,0.0,0.00027389756231169547,24.0,1.1415525114155251e-05,0.041666666666666664,1.0
LINE_5612_25612_1,line,Line_5612_25612_1,0.0,0.00027389756231169547,24.0,1.1415525114155251e-05,0.041666666666666664,1.0
LINE_5615_5617_1,line,Line_5615_5617_1,0.0,0.00027389756231169547,24.0,1.1415525114155251e-05,0.041666666666666664,1.0
LINE_5615_5643_1,line,Line_5615_5643_1,0.0,0.00027389756231169547,24.0,1.1415525114155251e-05,0.041666666666666664,1.0
LINE_5615_5643_2,line,Line_5615_5643_2,0.0,0.00027389756231169547,24.0,1.1415525114155251e-05,0.041666666666666664,1.0
LINE_5615_5787_1,line,Line_5615_5787_1,0.0,0.00027389756231169547,24.0,1.1415525114155251e-05,0.041666666666666664,1.0
LINE_5616_25616_1,line,Line_5616_25616_1,0.0,0.00027389756231169547,24.0,1.1415525114155251e-05,0.041666666666666664,1.0
LINE_5618_25618_1,line,Line_5618_25618_1,0.0,0.00027389756231169547,24.0,1.1415525114155251e-05,0.041666666666666664,1.0
LINE_5625_5651_1,line,Line_5625_5651_1,0.0,0.00027389756231169547,24.0,1.1415525114155251e-05,0.041666666666666664,1.0
LINE_5625_5663_1,line,Line_5625_5663_1,0.0,0.00027389756231169547,24.0,1.1415525114155251e-05,0.041666666666666664,1.0
LINE_5626_25626_1,line,Line_5626_25626_1,0.0,0.00027389756231169547,24.0,1.1415525114155251e-05,0.041666666666666664,1.0
LINE_5628_25628_1,line,Line_5628_25628_1,0.0,0.00027389756231169547,24.0,1.1415525114155251e-05,0.041666666666666664,1.0
LINE_5637_7666_N,line,Line_5637_7666_N,0.0,0.00027389756231169547,24.0,1.1415525114155251e-05,0.041666666666666664,1.0
LINE_5637_7667_S,line,Line_5637_7667_S,0.0,0.00027389756231169547,24.0,1.1415525114155251e-05,0.041666666666666664,1.0
LINE_5638_25638_1,line,Line_5638_25638_1,0.0,0.00027389756231169547,24.0,1.1415525114155251e-05,0.041666666666666664,1.0
LINE_5644_25644_1,line,Line_5644_25644_1,0.0,0.00027389756231169547,24.0,1.1415525114155251e-05,0.041666666666666664,1.0
LINE_5648_25648_1,line,Line_5648_25648_1,0.0,0.00027389756231169547,24.0,1.1415525114155251e-05,0.041666666666666664,1.0
LINE_5651_5653_1,line,Line_5651_5653_1,0.0,0.00027389756231169547,24.0,1.1415525114155251e-05,0.041666666666666664,1.0
LINE_5651_5653_2,line,Line_5651_5653_2,0.0,0.00027389756231169547,24.0,1.1415525114155251e-05,0.041666666666666664,1.0
LINE_5651_5663_1,line,Line_5651_5663_1,0.0,0.00027389756231169547,24.0,1.1415525114155251e-05,0.041666666666666664,1.0
LINE_5651_8360_R,line,Line_5651_8360_R,0.0,0.00027389756231169547,24.0,1.1415525114155251e-05,0.041666666666666664,1.0
LINE_5651_8360_W,line,Line_5651_8360_W,0.0,0.00027389756231169547,24.0,1.1415525114155251e-05,0.041666666666666664,1.0
LINE_5652_25652_1,line,Line_5652_25652_1,0.0,0.00027389756231169547,24.0,1.1415525114155251e-05,0.041666666666666664,1.0
LINE_5653_7686_R,line,Line_5653_7686_R,0.0,0.00027389756231169547,24.0,1.1415525114155251e-05,0.041666666666666664,1.0
LINE_5653_7687_W,line,Line_5653_7687_W,0.0,0.00027389756231169547,24.0,1.1415525114155251e-05,0.041666666666666664,1.0
LINE_5654_25654_1,line,Line_5654_25654_1,0.0,0.00027389756231169547,24.0,1.1415525114155251e-05,0.041666666666666664,1.0
LINE_5655_5657_R,line,Line_5655_5657_R,0.0,0.00027389756231169547,24.0,1.1415525114155251e-05,0.041666666666666664,1.0
LINE_5655_5657_W,line,Line_5655_5657_W,0.0,0.00027389756231169547,24.0,1.1415525114155251e-05,0.041666666666666664,1.0
LINE_5655_8770_R,line,Line_5655_8770_R,0.0,0.00027389756231169547,24.0,1.1415525114155251e-05,0.041666666666666664,1.0
LINE_5655_8770_W,line,Line_5655_8770_W,0.0,0.00027389756231169547,24.0,1.1415525114155251e-05,0.041666666666666664,1.0
LINE_5656_25656_1,line,Line_5656_25656_1,0.0,0.00027389756231169547,24.0,1.1415525114155251e-05,0.041666666666666664,1.0
LINE_5658_25658_1,line,Line_5658_25658_1,0.0,0.00027389756231169547,24.0,1.1415525114155251e-05,0.041666666666666664,1.0
LINE_5659_7688_R,line,Line_5659_7688_R,0.0,0.00027389756231169547,24.0,1.1415525114155251e-05,0.041666666666666664,1.0
LINE_5659_7689_W,line,Line_5659_7689_W,0.0,0.00027389756231169547,24.0,1.1415525114155251e-05,0.041666666666666664,1.0
LINE_5660_25660_1,line,Line_5660_25660_1,0.0,0.00027389756231169547,24.0,1.1415525114155251e-05,0.041666666666666664,1.0
LINE_5663_5665_1,line,Line_5663_5665_1,0.0,0.00027389756231169547,24.0,1.1415525114155251e-05,0.041666666666666664,1.0
LINE_5664_25664_1,line,Line_5664_25664_1,0.0,0.00027389756231169547,24.0,1.1415525114155251e-05,0.041666666666666664,1.0
LINE_5665_5671_1,line,Line_5665_5671_1,0.0,0.00027389756231169547,24.0,1.1415525114155251e-05,0.041666666666666664,1.0
LINE_5666_25666_1,line,Line_5666_25666_1,0.0,0.00027389756231169547,24.0,1.1415525114155251e-05,0.041666666666666664,1.0
LINE_5667_5669_1,line,Line_5667_5669_1,0.0,0.00027389756231169547,24.0,1.1415525114155251e-05,0.041666666666666664,1.0
LINE_5667_5671_1,line,Line_5667_5671_1,0.0,0.00027389756231169547,24.0,1.1415525114155251e-05,0.041666666666666664,1.0
LINE_5667_5671_2,line,Line_5667_5671_2,0.0,0.00027389756231169547,24.0,1.1415525114155251e-05,0.041666666666666664,1.0
LINE_5668_25668_1,line,Line_5668_25668_1,0.0,0.00027389756231169547,24.0,1.1415525114155251e-05,0.041666666666666664,1.0
LINE_5669_5693_1,line,Line_5669_5693_1,0.0,0.00027389756231169547,24.0,1.1415525114155251e-05,0.041666666666666664,1.0
LINE_5669_5693_2,line,Line_5669_5693_2,0.0,0.00027389756231169547,24.0,1.1415525114155251e-05,0.041666666666666664,1.0
LINE_5669_7681_1,line,Line_5669_7681_1,0.0,0.00027389756231169547,24.0,1.1415525114155251e-05,0.041666666666666664,1.0
LINE_5669_8374_1,line,Line_5669_8374_1,0.0,0.00027389756231169547,24.0,1.1415525114155251e-05,0.041666666666666664,1.0
LINE_5670_25670_1,line,Line_5670_25670_1,0.0,0.00027389756231169547,24.0,1.1415525114155251e-05,0.041666666666666664,1.0
LINE_5671_5787_1,line,Line_5671_5787_1,0.0,0.00027389756231169547,24.0,1.1415525114155251e-05,0.041666666666666664,1.0
LINE_5671_5787_2,line,Line_5671_5787_2,0.0,0.00027389756231169547,24.0,1.1415525114155251e-05,0.041666666666666664,1.0
LINE_5672_25672_1,line,Line_5672_25672_1,0.0,0.00027389756231169547,24.0,1.1415525114155251e-05,0.041666666666666664,1.0
LINE_5681_7684_1,line,Line_5681_7684_1,0.0,0.00027389756231169547,24.0,1.1415525114155251e-05,0.041666666666666664,1.0
LINE_5682_25682_1,line,Line_5682_25682_1,0.0,0.00027389756231169547,24.0,1.1415525114155251e-05,0.041666666666666664,1.0
LINE_5683_5789_1,line,Line_5683_5789_1,0.0,0.00027389756231169547,24.0,1.1415525114155251e-05,0.041666666666666664,1.0
LINE_5683_7700_1,line,Line_5683_7700_1,0.0,0.00027389756231169547,24.0,1.1415525114155251e-05,0.041666666666666664,1.0
LINE_5683_9720_1,line,Line_5683_9720_1,0.0,0.00027389756231169547,24.0,1.1415525114155251e-05,0.041666666666666664,1.0
LINE_5683_9720_2,line,Line_5683_9720_2,0.0,0.00027389756231169547,24.0,1.1415525114155251e-05,0.041666666666666664,1.0
LINE_5684_25684_1,line,Line_5684_25684_1,0.0,0.00027389756231169547,24.0,1.1415525114155251e-05,0.041666666666666664,1.0
LINE_5685_8377_W,line,Line_5685_8377_W,0.0,0.00027389756231169547,24.0,1.1415525114155251e-05,0.041666666666666664,1.0
LINE_5685_8378_R,line,Line_5685_8378_R,0.0,0.00027389756231169547,24.0,1.1415525114155251e-05,0.041666666666666664,1.0
LINE_5686_25686_1,line,Line_5686_25686_1,0.0,0.00027389756231169547,24.0,1.1415525114155251e-05,0.041666666666666664,1.0
LINE_5694_25694_1,line,Line_5694_25694_1,0.0,0.00027389756231169547,24.0,1.1415525114155251e-05,0.041666666666666664,1.0
LINE_5777_8370_1,line,Line_5777_8370_1,0.0,0.00027389756231169547,24.0,1.1415525114155251e-05,0.041666666666666664,1.0
LINE_5777_8382_1,line,Line_5777_8382_1,0.0,0.00027389756231169547,24.0,1.1415525114155251e-05,0.041666666666666664,1.0
LINE_5778_25778_1,line,Line_5778_25778_1,0.0,0.00027389756231169547,24.0,1.1415525114155251e-05,0.041666666666666664,1.0
LINE_5788_25788_1,line,Line_5788_25788_1,0.0,0.00027389756231169547,24.0,1.1415525114155251e-05,0.041666666666666664,1.0
LINE_5789_62500_1,line,Line_5789_62500_1,0.0,0.00027389756231169547,24.0,1.1415525114155251e-05,0.041666666666666664,1.0
LINE_5790_25790_1,line,Line_5790_25790_1,0.0,0.00027389756231169547,24.0,1.1415525114155251e-05,0.041666666666666664,1.0
LINE_5801_7713_1,line,Line_5801_7713_1,0.0,0.00027389756231169547,24.0,1.1415525114155251e-05,0.041666666666666664,1.0
LINE_5801_7714_1,line,Line_5801_7714_1,0.0,0.00027389756231169547,24.0,1.1415525114155251e-05,0.041666666666666664,1.0
LINE_5801_41560_1,line,Line_5801_41560_1,0.0,0.00027389756231169547,24.0,1.1415525114155251e-05,0.041666666666666664,1.0
LINE_5802_25802_1,line,Line_5802_25802_1,0.0,0.00027389756231169547,24.0,1.1415525114155251e-05,0.041666666666666664,1.0
LINE_5809_5811_2,line,Line_5809_5811_2,0.0,0.00027389756231169547,24.0,1.1415525114155251e-05,0.041666666666666664,1.0
LINE_5809_5819_R,line,Line_5809_5819_R,0.0,0.00027389756231169547,24.0,1.1415525114155251e-05,0.041666666666666664,1.0
LINE_5809_7711_1,line,Line_5809_7711_1,0.0,0.00027389756231169547,24.0,1.1415525114155251e-05,0.041666666666666664,1.0
LINE_5809_8427_1,line,Line_5809_8427_1,0.0,0.00027389756231169547,24.0,1.1415525114155251e-05,0.041666666666666664,1.0
LINE_5809_41620_1,line,Line_5809_41620_1,0.0,0.00027389756231169547,24.0,1.1415525114155251e-05,0.041666666666666664,1.0
LINE_5810_25810_1,line,Line_5810_25810_1,0.0,0.00027389756231169547,24.0,1.1415525114155251e-05,0.041666666666666664,1.0
LINE_5811_7712_1,line,Line_5811_7712_1,0.0,0.00027389756231169547,24.0,1.1415525114155251e-05,0.041666666666666664,1.0
LINE_5812_25812_1,line,Line_5812_25812_1,0.0,0.00027389756231169547,24.0,1.1415525114155251e-05,0.041666666666666664,1.0
LINE_5817_5855_1,line,Line_5817_5855_1,0.0,0.00027389756231169547,24.0,1.1415525114155251e-05,0.041666666666666664,1.0
LINE_5817_7712_1,line,Line_5817_7712_1,0.0,0.00027389756231169547,24.0,1.1415525114155251e-05,0.041666666666666664,1.0
LINE_5817_41650_1,line,Line_5817_41650_1,0.0,0.00027389756231169547,24.0,1.1415525114155251e-05,0.041666666666666664,1.0
LINE_5818_25818_1,line,Line_5818_25818_1,0.0,0.00027389756231169547,24.0,1.1415525114155251e-05,0.041666666666666664,1.0
LINE_5820_25820_1,line,Line_5820_25820_1,0.0,0.00027389756231169547,24.0,1.1415525114155251e-05,0.041666666666666664,1.0
LINE_5821_5823_R,line,Line_5821_5823_R,0.0,0.00027389756231169547,24.0,1.1415525114155251e-05,0.041666666666666664,1.0
LINE_5821_5823_W,line,Line_5821_5823_W,0.0,0.00027389756231169547,24.0,1.1415525114155251e-05,0.041666666666666664,1.0
LINE_5821_32190_R,line,Line_5821_32190_R,0.0,0.00027389756231169547,24.0,1.1415525114155251e-05,0.041666666666666664,1.0
LINE_5821_32191_W,line,Line_5821_32191_W,0.0,0.00027389756231169547,24.0,1.1415525114155251e-05,0.041666666666666664,1.0
LINE_5821_32220_1,line,Line_5821_32220_1,0.0,0.00027389756231169547,24.0,1.1415525114155251e-05,0.041666666666666664,1.0
LINE_5821_32250_1,line,Line_5821_32250_1,0.0,0.00027389756231169547,24.0,1.1415525114155251e-05,0.041666666666666664,1.0
LINE_5821_50500_R,line,Line_5821_50500_R,0.0,0.00027389756231169547,24.0,1.1415525114155251e-05,0.041666666666666664,1.0
LINE_5821_50500_W,line,Line_5821_50500_W,0.0,0.00027389756231169547,24.0,1.1415525114155251e-05,0.041666666666666664,1.0
LINE_5822_5823_@1,line,Line_5822_5823_@1,0.0,0.00027389756231169547,24.0,1.1415525114155251e-05,0.041666666666666664,1.0
LINE_5822_5823_@2,line,Line_5822_5823_@2,0.0,0.00027389756231169547,24.0,1.1415525114155251e-05,0.041666666666666664,1.0
LINE_5822_32280_W,line,Line_5822_32280_W,0.0,0.00027389756231169547,24.0,1.1415525114155251e-05,0.041666666666666664,1.0
LINE_5822_32281_R,line,Line_5822_32281_R,0.0,0.00027389756231169547,24.0,1.1415525114155251e-05,0.041666666666666664,1.0
LINE_5823_7730_1,line,Line_5823_7730_1,0.0,0.00027389756231169547,24.0,1.1415525114155251e-05,0.041666666666666664,1.0
LINE_5823_32310_1,line,Line_5823_32310_1,0.0,0.00027389756231169547,24.0,1.1415525114155251e-05,0.041666666666666664,1.0
LINE_5823_32430_1,line,Line_5823_32430_1,0.0,0.00027389756231169547,24.0,1.1415525114155251e-05,0.041666666666666664,1.0
LINE_5824_5826_1,line,Line_5824_5826_1,0.0,0.00027389756231169547,24.0,1.1415525114155251e-05,0.041666666666666664,1.0
LINE_5824_5826_2,line,Line_5824_5826_2,0.0,0.00027389756231169547,24.0,1.1415525114155251e-05,0.041666666666666664,1.0
LINE_5824_5826_3,line,Line_5824_5826_3,0.0,0.00027389756231169547,24.0,1.1415525114155251e-05,0.041666666666666664,1.0
LINE_5824_5826_4,line,Line_5824_5826_4,0.0,0.00027389756231169547,24.0,1.1415525114155251e-05,0.041666666666666664,1.0
LINE_5824_5826_5,line,Line_5824_5826_5,0.0,0.00027389756231169547,24.0,1.1415525114155251e-05,0.041666666666666664,1.0
LINE_5824_5826_6,line,Line_5824_5826_6,0.0,0.00027389756231169547,24.0,1.1415525114155251e-05,0.041666666666666664,1.0
LINE_5824_5826_7,line,Line_5824_5826_7,0.0,0.00027389756231169547,24.0,1.1415525114155251e-05,0.041666666666666664,1.0
LINE_5824_5826_8,line,Line_5824_5826_8,0.0,0.00027389756231169547,24.0,1.1415525114155251e-05,0.041666666666666664,1.0
LINE_5841_32160_1,line,Line_5841_32160_1,0.0,0.00027389756231169547,24.0,1.1415525114155251e-05,0.041666666666666664,1.0
LINE_5841_40090_1,line,Line_5841_40090_1,0.0,0.00027389756231169547,24.0,1.1415525114155251e-05,0.041666666666666664,1.0
LINE_5841_50540_1,line,Line_5841_50540_1,0.0,0.00027389756231169547,24.0,1.1415525114155251e-05,0.041666666666666664,1.0
LINE_5842_25842_1,line,Line_5842_25842_1,0.0,0.00027389756231169547,24.0,1.1415525114155251e-05,0.041666666666666664,1.0
LINE_5851_7750_R,line,Line_5851_7750_R,0.0,0.00027389756231169547,24.0,1.1415525114155251e-05,0.041666666666666664,1.0
LINE_5851_7751_W,line,Line_5851_7751_W,0.0,0.00027389756231169547,24.0,1.1415525114155251e-05,0.041666666666666664,1.0
LINE_5851_8445_1,line,Line_5851_8445_1,0.0,0.00027389756231169547,24.0,1.1415525114155251e-05,0.041666666666666664,1.0
LINE_5851_9740_1,line,Line_5851_9740_1,0.0,0.00027389756231169547,24.0,1.1415525114155251e-05,0.041666666666666664,1.0
LINE_5852_25852_1,line,Line_5852_25852_1,0.0,0.00027389756231169547,24.0,1.1415525114155251e-05,0.041666666666666664,1.0
LINE_5853_7751_W,line,Line_5853_7751_W,0.0,0.00027389756231169547,24.0,1.1415525114155251e-05,0.041666666666666664,1.0
LINE_5854_25854_1,line,Line_5854_25854_1,0.0,0.00027389756231169547,24.0,1.1415525114155251e-05,0.041666666666666664,1.0
LINE_5855_7711_1,line,Line_5855_7711_1,0.0,0.00027389756231169547,24.0,1.1415525114155251e-05,0.041666666666666664,1.0
LINE_5856_25856_1,line,Line_5856_25856_1,0.0,0.00027389756231169547,24.0,1.1415525114155251e-05,0.041666666666666664,1.0
LINE_5863_7720_R,line,Line_5863_7720_R,0.0,0.00027389756231169547,24.0,1.1415525114155251e-05,0.041666666666666664,1.0
LINE_5863_7721_W,line,Line_5863_7721_W,0.0,0.00027389756231169547,24.0,1.1415525114155251e-05,0.041666666666666664,1.0
LINE_5864_25864_1,line,Line_5864_25864_1,0.0,0.00027389756231169547,24.0,1.1415525114155251e-05,0.041666666666666664,1.0
LINE_5901_5905_R,line,Line_5901_5905_R,0.0,0.00027389756231169547,24.0,1.1415525114155251e-05,0.041666666666666664,1.0
LINE_5901_5905_W,line,Line_5901_5905_W,0.0,0.00027389756231169547,24.0,1.1415525114155251e-05,0.041666666666666664,1.0
LINE_5902_25902_1,line,Line_5902_25902_1,0.0,0.00027389756231169547,24.0,1.1415525114155251e-05,0.041666666666666664,1.0
LINE_5903_5905_R,line,Line_5903_5905_R,0.0,0.00027389756231169547,24.0,1.1415525114155251e-05,0.041666666666666664,1.0
LINE_5903_5905_W,line,Line_5903_5905_W,0.0,0.00027389756231169547,24.0,1.1415525114155251e-05,0.041666666666666664,1.0
LINE_5904_25904_1,line,Line_5904_25904_1,0.0,0.00027389756231169547,24.0,1.1415525114155251e-05,0.041666666666666664,1.0
LINE_5906_25906_1,line,Line_5906_25906_1,0.0,0.00027389756231169547,24.0,1.1415525114155251e-05,0.041666666666666664,1.0
LINE_5910_25910_1,line,Line_5910_25910_1,0.0,0.00027389756231169547,24.0,1.1415525114155251e-05,0.041666666666666664,1.0
LINE_5914_25914_1,line,Line_5914_25914_1,0.0,0.00027389756231169547,24.0,1.1415525114155251e-05,0.041666666666666664,1.0
LINE_5916_25916_1,line,Line_5916_25916_1,0.0,0.00027389756231169547,24.0,1.1415525114155251e-05,0.041666666666666664,1.0
LINE_5941_5943_R,line,Line_5941_5943_R,0.0,0.00027389756231169547,24.0,1.1415525114155251e-05,0.041666666666666664,1.0
LINE_5941_5943_W,line,Line_5941_5943_W,0.0,0.00027389756231169547,24.0,1.1415525114155251e-05,0.041666666666666664,1.0
LINE_5941_7799_1,line,Line_5941_7799_1,0.0,0.00027389756231169547,24.0,1.1415525114155251e-05,0.041666666666666664,1.0
LINE_5941_7811_2,line,Line_5941_7811_2,0.0,0.00027389756231169547,24.0,1.1415525114155251e-05,0.041666666666666664,1.0
LINE_5941_37200_1,line,Line_5941_37200_1,0.0,0.00027389756231169547,24.0,1.1415525114155251e-05,0.041666666666666664,1.0
LINE_5941_53600_1,line,Line_5941_53600_1,0.0,0.00027389756231169547,24.0,1.1415525114155251e-05,0.041666666666666664,1.0
LINE_5942_25942_1,line,Line_5942_25942_1,0.0,0.00027389756231169547,24.0,1.1415525114155251e-05,0.041666666666666664,1.0
LINE_5943_7805_1,line,Line_5943_7805_1,0.0,0.00027389756231169547,24.0,1.1415525114155251e-05,0.041666666666666664,1.0
LINE_5943_7806_2,line,Line_5943_7806_2,0.0,0.00027389756231169547,24.0,1.1415525114155251e-05,0.041666666666666664,1.0
LINE_5943_7808_1,line,Line_5943_7808_1,0.0,0.00027389756231169547,24.0,1.1415525114155251e-05,0.041666666666666664,1.0
LINE_5943_37230_1,line,Line_5943_37230_1,0.0,0.00027389756231169547,24.0,1.1415525114155251e-05,0.041666666666666664,1.0
LINE_5944_25944_1,line,Line_5944_25944_1,0.0,0.00027389756231169547,24.0,1.1415525114155251e-05,0.041666666666666664,1.0
LINE_5947_7790_1,line,Line_5947_7790_1,0.0,0.00027389756231169547,24.0,1.1415525114155251e-05,0.041666666666666664,1.0
LINE_5947_7791_2,line,Line_5947_7791_2,0.0,0.00027389756231169547,24.0,1.1415525114155251e-05,0.041666666666666664,1.0
LINE_5948_25948_1,line,Line_5948_25948_1,0.0,0.00027389756231169547,24.0,1.1415525114155251e-05,0.041666666666666664,1.0
LINE_5955_7800_1,line,Line_5955_7800_1,0.0,0.00027389756231169547,24.0,1.1415525114155251e-05,0.041666666666666664,1.0
LINE_5955_7814_1,line,Line_5955_7814_1,0.0,0.00027389756231169547,24.0,1.1415525114155251e-05,0.041666666666666664,1.0
LINE_5955_7815_2,line,Line_5955_7815_2,0.0,0.00027389756231169547,24.0,1.1415525114155251e-05,0.041666666666666664,1.0
LINE_5955_53720_1,line,Line_5955_53720_1,0.0,0.00027389756231169547,24.0,1.1415525114155251e-05,0.041666666666666664,1.0
LINE_5955_53840_1,line,Line_5955_53840_1,0.0,0.00027389756231169547,24.0,1.1415525114155251e-05,0.041666666666666664,1.0
LINE_5956_25956_1,line,Line_5956_25956_1,0.0,0.00027389756231169547,24.0,1.1415525114155251e-05,0.041666666666666664,1.0
LINE_5957_7814_1,line,Line_5957_7814_1,0.0,0.00027389756231169547,24.0,1.1415525114155251e-05,0.041666666666666664,1.0
LINE_5957_7815_2,line,Line_5957_7815_2,0.0,0.00027389756231169547,24.0,1.1415525114155251e-05,0.041666666666666664,1.0
LINE_5958_25958_1,line,Line_5958_25958_1,0.0,0.00027389756231169547,24.0,1.1415525114155251e-05,0.041666666666666664,1.0
LINE_5975_6003_R,line,Line_5975_6003_R,0.0,0.00027389756231169547,24.0,1.1415525114155251e-05,0.041666666666666664,1.0
LINE_5975_6003_W,line,Line_5975_6003_W,0.0,0.00027389756231169547,24.0,1.1415525114155251e-05,0.041666666666666664,1.0
LINE_5975_6039_1,line,Line_5975_6039_1,0.0,0.00027389756231169547,24.0,1.1415525114155251e-05,0.041666666666666664,1.0
LINE_5975_6039_2,line,Line_5975_6039_2,0.0,0.00027389756231169547,24.0,1.1415525114155251e-05,0.041666666666666664,1.0
LINE_5975_7817_1,line,Line_5975_7817_1,0.0,0.00027389756231169547,24.0,1.1415525114155251e-05,0.041666666666666664,1.0
LINE_5975_7819_2,line,Line_5975_7819_2,0.0,0.00027389756231169547,24.0,1.1415525114155251e-05,0.041666666666666664,1.0
LINE_5976_25976_1,line,Line_5976_25976_1,0.0,0.00027389756231169547,24.0,1.1415525114155251e-05,0.041666666666666664,1.0
LINE_5977_7792_1,line,Line_5977_7792_1,0.0,0.00027389756231169547,24.0,1.1415525114155251e-05,0.041666666666666664,1.0
LINE_5977_7793_2,line,Line_5977_7793_2,0.0,0.00027389756231169547,24.0,1.1415525114155251e-05,0.041666666666666664,1.0
LINE_5977_7817_1,line,Line_5977_7817_1,0.0,0.00027389756231169547,24.0,1.1415525114155251e-05,0.041666666666666664,1.0
LINE_5977_7819_2,line,Line_5977_7819_2,0.0,0.00027389756231169547,24.0,1.1415525114155251e-05,0.041666666666666664,1.0
LINE_5977_53620_1,line,Line_5977_53620_1,0.0,0.00027389756231169547,24.0,1.1415525114155251e-05,0.041666666666666664,1.0
LINE_5977_53860_1,line,Line_5977_53860_1,0.0,0.00027389756231169547,24.0,1.1415525114155251e-05,0.041666666666666664,1.0
LINE_5977_53920_1,line,Line_5977_53920_1,0.0,0.00027389756231169547,24.0,1.1415525114155251e-05,0.041666666666666664,1.0
LINE_5978_25978_1,line,Line_5978_25978_1,0.0,0.00027389756231169547,24.0,1.1415525114155251e-05,0.041666666666666664,1.0
LINE_5979_5983_1,line,Line_5979_5983_1,0.0,0.00027389756231169547,24.0,1.1415525114155251e-05,0.041666666666666664,1.0
LINE_5979_5983_2,line,Line_5979_5983_2,0.0,0.00027389756231169547,24.0,1.1415525114155251e-05,0.041666666666666664,1.0
LINE_5979_6033_1,line,Line_5979_6033_1,0.0,0.00027389756231169547,24.0,1.1415525114155251e-05,0.041666666666666664,1.0
LINE_5979_6033_2,line,Line_5979_6033_2,0.0,0.00027389756231169547,24.0,1.1415525114155251e-05,0.041666666666666664,1.0
LINE_5980_25980_1,line,Line_5980_25980_1,0.0,0.00027389756231169547,24.0,1.1415525114155251e-05,0.041666666666666664,1.0
LINE_5983_5987_2,line,Line_5983_5987_2,0.0,0.00027389756231169547,24.0,1.1415525114155251e-05,0.041666666666666664,1.0
LINE_5983_7794_R,line,Line_5983_7794_R,0.0,0.00027389756231169547,24.0,1.1415525114155251e-05,0.041666666666666664,1.0
LINE_5983_7810_1,line,Line_5983_7810_1,0.0,0.00027389756231169547,24.0,1.1415525114155251e-05,0.041666666666666664,1.0
LINE_5983_7811_2,line,Line_5983_7811_2,0.0,0.00027389756231169547,24.0,1.1415525114155251e-05,0.041666666666666664,1.0
LINE_5983_8491_R,line,Line_5983_8491_R,0.0,0.00027389756231169547,24.0,1.1415525114155251e-05,0.041666666666666664,1.0
LINE_5983_8491_W,line,Line_5983_8491_W,0.0,0.00027389756231169547,24.0,1.1415525114155251e-05,0.041666666666666664,1.0
LINE_5984_25984_1,line,Line_5984_25984_1,0.0,0.00027389756231169547,24.0,1.1415525114155251e-05,0.041666666666666664,1.0
LINE_5985_7792_1,line,Line_5985_7792_1,0.0,0.00027389756231169547,24.0,1.1415525114155251e-05,0.041666666666666664,1.0
LINE_5985_53940_1,line,Line_5985_53940_1,0.0,0.00027389756231169547,24.0,1.1415525114155251e-05,0.041666666666666664,1.0
LINE_5985_53960_1,line,Line_5985_53960_1,0.0,0.00027389756231169547,24.0,1.1415525114155251e-05,0.041666666666666664,1.0
LINE_5987_7795_2,line,Line_5987_7795_2,0.0,0.00027389756231169547,24.0,1.1415525114155251e-05,0.041666666666666664,1.0
LINE_5996_25996_1,line,Line_5996_25996_1,0.0,0.00027389756231169547,24.0,1.1415525114155251e-05,0.041666666666666664,1.0
LINE_5997_6009_1,line,Line_5997_6009_1,0.0,0.00027389756231169547,24.0,1.1415525114155251e-05,0.041666666666666664,1.0
LINE_5997_6009_2,line,Line_5997_6009_2,0.0,0.00027389756231169547,24.0,1.1415525114155251e-05,0.041666666666666664,1.0
LINE_5998_25998_1,line,Line_5998_25998_1,0.0,0.00027389756231169547,24.0,1.1415525114155251e-05,0.041666666666666664,1.0
LINE_6003_6023_1,line,Line_6003_6023_1,0.0,0.00027389756231169547,24.0,1.1415525114155251e-05,0.041666666666666664,1.0
LINE_6003_6023_2,line,Line_6003_6023_2,0.0,0.00027389756231169547,24.0,1.1415525114155251e-05,0.041666666666666664,1.0
LINE_6003_65100_1,line,Line_6003_65100_1,0.0,0.00027389756231169547,24.0,1.1415525114155251e-05,0.041666666666666664,1.0
LINE_6004_26004_1,line,Line_6004_26004_1,0.0,0.00027389756231169547,24.0,1.1415525114155251e-05,0.041666666666666664,1.0
LINE_6009_8493_1,line,Line_6009_8493_1,0.0,0.00027389756231169547,24.0,1.1415525114155251e-05,0.041666666666666664,1.0
LINE_6009_65140_1,line,Line_6009_65140_1,0.0,0.00027389756231169547,24.0,1.1415525114155251e-05,0.041666666666666664,1.0
LINE_6010_26010_1,line,Line_6010_26010_1,0.0,0.00027389756231169547,24.0,1.1415525114155251e-05,0.041666666666666664,1.0
LINE_6011_6033_1,line,Line_6011_6033_1,0.0,0.00027389756231169547,24.0,1.1415525114155251e-05,0.041666666666666664,1.0
LINE_6011_7812_R,line,Line_6011_7812_R,0.0,0.00027389756231169547,24.0,1.1415525114155251e-05,0.041666666666666664,1.0
LINE_6011_7813_W,line,Line_6011_7813_W,0.0,0.00027389756231169547,24.0,1.1415525114155251e-05,0.041666666666666664,1.0
LINE_6011_65120_1,line,Line_6011_65120_1,0.0,0.00027389756231169547,24.0,1.1415525114155251e-05,0.041666666666666664,1.0
LINE_6012_26012_1,line,Line_6012_26012_1,0.0,0.00027389756231169547,24.0,1.1415525114155251e-05,0.041666666666666664,1.0
LINE_6017_7809_W,line,Line_6017_7809_W,0.0,0.00027389756231169547,24.0,1.1415525114155251e-05,0.041666666666666664,1.0
LINE_6017_8492_R,line,Line_6017_8492_R,0.0,0.00027389756231169547,24.0,1.1415525114155251e-05,0.041666666666666664,1.0
LINE_6017_65040_1,line,Line_6017_65040_1,0.0,0.00027389756231169547,24.0,1.1415525114155251e-05,0.041666666666666664,1.0
LINE_6018_26018_1,line,Line_6018_26018_1,0.0,0.00027389756231169547,24.0,1.1415525114155251e-05,0.041666666666666664,1.0
LINE_6024_26024_1,line,Line_6024_26024_1,0.0,0.00027389756231169547,24.0,1.1415525114155251e-05,0.041666666666666664,1.0
LINE_6034_26034_1,line,Line_6034_26034_1,0.0,0.00027389756231169547,24.0,1.1415525114155251e-05,0.041666666666666664,1.0
LINE_6039_6041_1,line,Line_6039_6041_1,0.0,0.00027389756231169547,24.0,1.1415525114155251e-05,0.041666666666666664,1.0
LINE_6039_8512_1,line,Line_6039_8512_1,0.0,0.00027389756231169547,24.0,1.1415525114155251e-05,0.041666666666666664,1.0
LINE_6039_8512_2,line,Line_6039_8512_2,0.0,0.00027389756231169547,24.0,1.1415525114155251e-05,0.041666666666666664,1.0
LINE_6040_26040_1,line,Line_6040_26040_1,0.0,0.00027389756231169547,24.0,1.1415525114155251e-05,0.041666666666666664,1.0
LINE_6043_7824_R,line,Line_6043_7824_R,0.0,0.00027389756231169547,24.0,1.1415525114155251e-05,0.041666666666666664,1.0
LINE_6043_7825_W,line,Line_6043_7825_W,0.0,0.00027389756231169547,24.0,1.1415525114155251e-05,0.041666666666666664,1.0
LINE_6044_26044_1,line,Line_6044_26044_1,0.0,0.00027389756231169547,24.0,1.1415525114155251e-05,0.041666666666666664,1.0
LINE_6056_26056_1,line,Line_6056_26056_1,0.0,0.00027389756231169547,24.0,1.1415525114155251e-05,0.041666666666666664,1.0
LINE_6059_7825_W,line,Line_6059_7825_W,0.0,0.00027389756231169547,24.0,1.1415525114155251e-05,0.041666666666666664,1.0
LINE_6060_26060_1,line,Line_6060_26060_1,0.0,0.00027389756231169547,24.0,1.1415525114155251e-05,0.041666666666666664,1.0
LINE_6063_7822_1,line,Line_6063_7822_1,0.0,0.00027389756231169547,24.0,1.1415525114155251e-05,0.041666666666666664,1.0
LINE_6063_7823_W,line,Line_6063_7823_W,0.0,0.00027389756231169547,24.0,1.1415525114155251e-05,0.041666666666666664,1.0
LINE_6063_8540_1,line,Line_6063_8540_1,0.0,0.00027389756231169547,24.0,1.1415525114155251e-05,0.041666666666666664,1.0
LINE_6063_9823_1,line,Line_6063_9823_1,0.0,0.00027389756231169547,24.0,1.1415525114155251e-05,0.041666666666666664,1.0
LINE_6064_26064_1,line,Line_6064_26064_1,0.0,0.00027389756231169547,24.0,1.1415525114155251e-05,0.041666666666666664,1.0
LINE_6068_26068_1,line,Line_6068_26068_1,0.0,0.00027389756231169547,24.0,1.1415525114155251e-05,0.041666666666666664,1.0
LINE_6071_7822_1,line,Line_6071_7822_1,0.0,0.00027389756231169547,24.0,1.1415525114155251e-05,0.041666666666666664,1.0
LINE_6072_26072_1,line,Line_6072_26072_1,0.0,0.00027389756231169547,24.0,1.1415525114155251e-05,0.041666666666666664,1.0
LINE_6073_6075_1,line,Line_6073_6075_1,0.0,0.00027389756231169547,24.0,1.1415525114155251e-05,0.041666666666666664,1.0
LINE_6073_6075_2,line,Line_6073_6075_2,0.0,0.00027389756231169547,24.0,1.1415525114155251e-05,0.041666666666666664,1.0
LINE_6073_7798_2,line,Line_6073_7798_2,0.0,0.00027389756231169547,24.0,1.1415525114155251e-05,0.041666666666666664,1.0
LINE_6073_8543_1,line,Line_6073_8543_1,0.0,0.00027389756231169547,24.0,1.1415525114155251e-05,0.041666666666666664,1.0
LINE_6073_8553_1,line,Line_6073_8553_1,0.0,0.00027389756231169547,24.0,1.1415525114155251e-05,0.041666666666666664,1.0
LINE_6073_8559_1,line,Line_6073_8559_1,0.0,0.00027389756231169547,24.0,1.1415525114155251e-05,0.041666666666666664,1.0
LINE_6073_8575_1,line,Line_6073_8575_1,0.0,0.00027389756231169547,24.0,1.1415525114155251e-05,0.041666666666666664,1.0
LINE_6074_26074_1,line,Line_6074_26074_1,0.0,0.00027389756231169547,24.0,1.1415525114155251e-05,0.041666666666666664,1.0
LINE_6075_7824_R,line,Line_6075_7824_R,0.0,0.00027389756231169547,24.0,1.1415525114155251e-05,0.041666666666666664,1.0
LINE_6075_7825_W,line,Line_6075_7825_W,0.0,0.00027389756231169547,24.0,1.1415525114155251e-05,0.041666666666666664,1.0
LINE_6075_8545_1,line,Line_6075_8545_1,0.0,0.00027389756231169547,24.0,1.1415525114155251e-05,0.041666666666666664,1.0
LINE_6075_8545_2,line,Line_6075_8545_2,0.0,0.00027389756231169547,24.0,1.1415525114155251e-05,0.041666666666666664,1.0
LINE_6075_8552_1,line,Line_6075_8552_1,0.0,0.00027389756231169547,24.0,1.1415525114155251e-05,0.041666666666666664,1.0
LINE_6075_8558_1,line,Line_6075_8558_1,0.0,0.00027389756231169547,24.0,1.1415525114155251e-05,0.041666666666666664,1.0
LINE_6076_26076_1,line,Line_6076_26076_1,0.0,0.00027389756231169547,24.0,1.1415525114155251e-05,0.041666666666666664,1.0
LINE_6079_6107_1,line,Line_6079_6107_1,0.0,0.00027389756231169547,24.0,1.1415525114155251e-05,0.041666666666666664,1.0
LINE_6080_26080_1,line,Line_6080_26080_1,0.0,0.00027389756231169547,24.0,1.1415525114155251e-05,0.041666666666666664,1.0
LINE_6081_6082_@1,line,Line_6081_6082_@1,0.0,0.00027389756231169547,24.0,1.1415525114155251e-05,0.041666666666666664,1.0
LINE_6081_6082_@2,line,Line_6081_6082_@2,0.0,0.00027389756231169547,24.0,1.1415525114155251e-05,0.041666666666666664,1.0
LINE_6081_6083_R,line,Line_6081_6083_R,0.0,0.00027389756231169547,24.0,1.1415525114155251e-05,0.041666666666666664,1.0
LINE_6081_6083_W,line,Line_6081_6083_W,0.0,0.00027389756231169547,24.0,1.1415525114155251e-05,0.041666666666666664,1.0
LINE_6081_53520_1,line,Line_6081_53520_1,0.0,0.00027389756231169547,24.0,1.1415525114155251e-05,0.041666666666666664,1.0
LINE_6081_53530_1,line,Line_6081_53530_1,0.0,0.00027389756231169547,24.0,1.1415525114155251e-05,0.041666666666666664,1.0
LINE_6081_53540_1,line,Line_6081_53540_1,0.0,0.00027389756231169547,24.0,1.1415525114155251e-05,0.041666666666666664,1.0
LINE_6081_53680_1,line,Line_6081_53680_1,0.0,0.00027389756231169547,24.0,1.1415525114155251e-05,0.041666666666666664,1.0
LINE_6082_6087_R,line,Line_6082_6087_R,0.0,0.00027389756231169547,24.0,1.1415525114155251e-05,0.041666666666666664,1.0
LINE_6082_6087_W,line,Line_6082_6087_W,0.0,0.00027389756231169547,24.0,1.1415525114155251e-05,0.041666666666666664,1.0
LINE_6082_53740_1,line,Line_6082_53740_1,0.0,0.00027389756231169547,24.0,1.1415525114155251e-05,0.041666666666666664,1.0
LINE_6083_6085_R,line,Line_6083_6085_R,0.0,0.00027389756231169547,24.0,1.1415525114155251e-05,0.041666666666666664,1.0
LINE_6083_6085_W,line,Line_6083_6085_W,0.0,0.00027389756231169547,24.0,1.1415525114155251e-05,0.041666666666666664,1.0
LINE_6083_8539_W,line,Line_6083_8539_W,0.0,0.00027389756231169547,24.0,1.1415525114155251e-05,0.041666666666666664,1.0
LINE_6083_8561_R,line,Line_6083_8561_R,0.0,0.00027389756231169547,24.0,1.1415525114155251e-05,0.041666666666666664,1.0
LINE_6084_26084_1,line,Line_6084_26084_1,0.0,0.00027389756231169547,24.0,1.1415525114155251e-05,0.041666666666666664,1.0
LINE_6086_26086_1,line,Line_6086_26086_1,0.0,0.00027389756231169547,24.0,1.1415525114155251e-05,0.041666666666666664,1.0
LINE_6087_7832_1,line,Line_6087_7832_1,0.0,0.00027389756231169547,24.0,1.1415525114155251e-05,0.041666666666666664,1.0
LINE_6087_53500_1,line,Line_6087_53500_1,0.0,0.00027389756231169547,24.0,1.1415525114155251e-05,0.041666666666666664,1.0
LINE_6087_53580_1,line,Line_6087_53580_1,0.0,0.00027389756231169547,24.0,1.1415525114155251e-05,0.041666666666666664,1.0
LINE_6093_7796_1,line,Line_6093_7796_1,0.0,0.00027389756231169547,24.0,1.1415525114155251e-05,0.041666666666666664,1.0
LINE_6093_7798_1,line,Line_6093_7798_1,0.0,0.00027389756231169547,24.0,1.1415525114155251e-05,0.041666666666666664,1.0
LINE_6095_6097_@1,line,Line_6095_6097_@1,0.0,0.00027389756231169547,24.0,1.1415525114155251e-05,0.041666666666666664,1.0
LINE_6095_6097_@2,line,Line_6095_6097_@2,0.0,0.00027389756231169547,24.0,1.1415525114155251e-05,0.041666666666666664,1.0
LINE_6095_8577_R,line,Line_6095_8577_R,0.0,0.00027389756231169547,24.0,1.1415525114155251e-05,0.041666666666666664,1.0
LINE_6095_8577_W,line,Line_6095_8577_W,0.0,0.00027389756231169547,24.0,1.1415525114155251e-05,0.041666666666666664,1.0
LINE_6095_8578_R,line,Line_6095_8578_R,0.0,0.00027389756231169547,24.0,1.1415525114155251e-05,0.041666666666666664,1.0
LINE_6095_8578_W,line,Line_6095_8578_W,0.0,0.00027389756231169547,24.0,1.1415525114155251e-05,0.041666666666666664,1.0
LINE_6096_26096_1,line,Line_6096_26096_1,0.0,0.00027389756231169547,24.0,1.1415525114155251e-05,0.041666666666666664,1.0
LINE_6097_7822_1,line,Line_6097_7822_1,0.0,0.00027389756231169547,24.0,1.1415525114155251e-05,0.041666666666666664,1.0
LINE_6097_7823_1,line,Line_6097_7823_1,0.0,0.00027389756231169547,24.0,1.1415525114155251e-05,0.041666666666666664,1.0
LINE_6097_8551_R,line,Line_6097_8551_R,0.0,0.00027389756231169547,24.0,1.1415525114155251e-05,0.041666666666666664,1.0
LINE_6097_8551_W,line,Line_6097_8551_W,0.0,0.00027389756231169547,24.0,1.1415525114155251e-05,0.041666666666666664,1.0
LINE_6098_26098_1,line,Line_6098_26098_1,0.0,0.00027389756231169547,24.0,1.1415525114155251e-05,0.041666666666666664,1.0
LINE_6105_6125_R,line,Line_6105_6125_R,0.0,0.00027389756231169547,24.0,1.1415525114155251e-05,0.041666666666666664,1.0
LINE_6105_6125_W,line,Line_6105_6125_W,0.0,0.00027389756231169547,24.0,1.1415525114155251e-05,0.041666666666666664,1.0
LINE_6105_7830_R,line,Line_6105_7830_R,0.0,0.00027389756231169547,24.0,1.1415525114155251e-05,0.041666666666666664,1.0
LINE_6105_7831_W,line,Line_6105_7831_W,0.0,0.00027389756231169547,24.0,1.1415525114155251e-05,0.041666666666666664,1.0
LINE_6106_26106_1,line,Line_6106_26106_1,0.0,0.00027389756231169547,24.0,1.1415525114155251e-05,0.041666666666666664,1.0
LINE_6108_26108_1,line,Line_6108_26108_1,0.0,0.00027389756231169547,24.0,1.1415525114155251e-05,0.041666666666666664,1.0
LINE_6109_7831_W,line,Line_6109_7831_W,0.0,0.00027389756231169547,24.0,1.1415525114155251e-05,0.041666666666666664,1.0
LINE_6110_26110_1,line,Line_6110_26110_1,0.0,0.00027389756231169547,24.0,1.1415525114155251e-05,0.041666666666666664,1.0
LINE_6112_26112_1,line,Line_6112_26112_1,0.0,0.00027389756231169547,24.0,1.1415525114155251e-05,0.041666666666666664,1.0
LINE_6115_7837_1,line,Line_6115_7837_1,0.0,0.00027389756231169547,24.0,1.1415525114155251e-05,0.041666666666666664,1.0
LINE_6115_7838_1,line,Line_6115_7838_1,0.0,0.00027389756231169547,24.0,1.1415525114155251e-05,0.041666666666666664,1.0
LINE_6115_7839_1,line,Line_6115_7839_1,0.0,0.00027389756231169547,24.0,1.1415525114155251e-05,0.041666666666666664,1.0
LINE_6115_7840_N,line,Line_6115_7840_N,0.0,0.00027389756231169547,24.0,1.1415525114155251e-05,0.041666666666666664,1.0
LINE_6115_7841_S,line,Line_6115_7841_S,0.0,0.00027389756231169547,24.0,1.1415525114155251e-05,0.041666666666666664,1.0
LINE_6115_8570_1,line,Line_6115_8570_1,0.0,0.00027389756231169547,24.0,1.1415525114155251e-05,0.041666666666666664,1.0
LINE_6116_26116_1,line,Line_6116_26116_1,0.0,0.00027389756231169547,24.0,1.1415525114155251e-05,0.041666666666666664,1.0
LINE_6119_6127_R,line,Line_6119_6127_R,0.0,0.00027389756231169547,24.0,1.1415525114155251e-05,0.041666666666666664,1.0
LINE_6119_6127_W,line,Line_6119_6127_W,0.0,0.00027389756231169547,24.0,1.1415525114155251e-05,0.041666666666666664,1.0
LINE_6119_6129_1,line,Line_6119_6129_1,0.0,0.00027389756231169547,24.0,1.1415525114155251e-05,0.041666666666666664,1.0
LINE_6119_6129_2,line,Line_6119_6129_2,0.0,0.00027389756231169547,24.0,1.1415525114155251e-05,0.041666666666666664,1.0
LINE_6120_26120_1,line,Line_6120_26120_1,0.0,0.00027389756231169547,24.0,1.1415525114155251e-05,0.041666666666666664,1.0
LINE_6125_7827_3,line,Line_6125_7827_3,0.0,0.00027389756231169547,24.0,1.1415525114155251e-05,0.041666666666666664,1.0
LINE_6125_7828_4,line,Line_6125_7828_4,0.0,0.00027389756231169547,24.0,1.1415525114155251e-05,0.041666666666666664,1.0
LINE_6125_9820_R,line,Line_6125_9820_R,0.0,0.00027389756231169547,24.0,1.1415525114155251e-05,0.041666666666666664,1.0
LINE_6125_9820_W,line,Line_6125_9820_W,0.0,0.00027389756231169547,24.0,1.1415525114155251e-05,0.041666666666666664,1.0
LINE_6126_26126_1,line,Line_6126_26126_1,0.0,0.00027389756231169547,24.0,1.1415525114155251e-05,0.041666666666666664,1.0
LINE_6127_7840_N,line,Line_6127_7840_N,0.0,0.00027389756231169547,24.0,1.1415525114155251e-05,0.041666666666666664,1.0
LINE_6127_7841_S,line,Line_6127_7841_S,0.0,0.00027389756231169547,24.0,1.1415525114155251e-05,0.041666666666666664,1.0
LINE_6127_9872_1,line,Line_6127_9872_1,0.0,0.00027389756231169547,24.0,1.1415525114155251e-05,0.041666666666666664,1.0
LINE_6128_26128_1,line,Line_6128_26128_1,0.0,0.00027389756231169547,24.0,1.1415525114155251e-05,0.041666666666666664,1.0
LINE_6130_26130_1,line,Line_6130_26130_1,0.0,0.00027389756231169547,24.0,1.1415525114155251e-05,0.041666666666666664,1.0
LINE_6139_7838_1,line,Line_6139_7838_1,0.0,0.00027389756231169547,24.0,1.1415525114155251e-05,0.041666666666666664,1.0
LINE_6140_26140_1,line,Line_6140_26140_1,0.0,0.00027389756231169547,24.0,1.1415525114155251e-05,0.041666666666666664,1.0
LINE_6140_65000_1,line,Line_6140_65000_1,0.0,0.00027389756231169547,24.0,1.1415525114155251e-05,0.041666666666666664,1.0
LINE_6161_6163_R,line,Line_6161_6163_R,0.0,0.00027389756231169547,24.0,1.1415525114155251e-05,0.041666666666666664,1.0
LINE_6161_6163_W,line,Line_6161_6163_W,0.0,0.00027389756231169547,24.0,1.1415525114155251e-05,0.041666666666666664,1.0
LINE_6162_26162_1,line,Line_6162_26162_1,0.0,0.00027389756231169547,24.0,1.1415525114155251e-05,0.041666666666666664,1.0
LINE_6163_6165_R,line,Line_6163_6165_R,0.0,0.00027389756231169547,24.0,1.1415525114155251e-05,0.041666666666666664,1.0
LINE_6163_6165_W,line,Line_6163_6165_W,0.0,0.00027389756231169547,24.0,1.1415525114155251e-05,0.041666666666666664,1.0
LINE_6164_26164_1,line,Line_6164_26164_1,0.0,0.00027389756231169547,24.0,1.1415525114155251e-05,0.041666666666666664,1.0
LINE_6165_6169_1,line,Line_6165_6169_1,0.0,0.00027389756231169547,24.0,1.1415525114155251e-05,0.041666666666666664,1.0
LINE_6165_6203_1,line,Line_6165_6203_1,0.0,0.00027389756231169547,24.0,1.1415525114155251e-05,0.041666666666666664,1.0
LINE_6165_6203_2,line,Line_6165_6203_2,0.0,0.00027389756231169547,24.0,1.1415525114155251e-05,0.041666666666666664,1.0
LINE_6165_6235_1,line,Line_6165_6235_1,0.0,0.00027389756231169547,24.0,1.1415525114155251e-05,0.041666666666666664,1.0
LINE_6166_26166_1,line,Line_6166_26166_1,0.0,0.00027389756231169547,24.0,1.1415525114155251e-05,0.041666666666666664,1.0
LINE_6169_6235_1,line,Line_6169_6235_1,0.0,0.00027389756231169547,24.0,1.1415525114155251e-05,0.041666666666666664,1.0
LINE_6169_8623_1,line,Line_6169_8623_1,0.0,0.00027389756231169547,24.0,1.1415525114155251e-05,0.041666666666666664,1.0
LINE_6169_8623_2,line,Line_6169_8623_2,0.0,0.00027389756231169547,24.0,1.1415525114155251e-05,0.041666666666666664,1.0
LINE_6169_8624_1,line,Line_6169_8624_1,0.0,0.00027389756231169547,24.0,1.1415525114155251e-05,0.041666666666666664,1.0
LINE_6170_26170_1,line,Line_6170_26170_1,0.0,0.00027389756231169547,24.0,1.1415525114155251e-05,0.041666666666666664,1.0
LINE_6203_6207_R,line,Line_6203_6207_R,0.0,0.00027389756231169547,24.0,1.1415525114155251e-05,0.041666666666666664,1.0
LINE_6203_6207_W,line,Line_6203_6207_W,0.0,0.00027389756231169547,24.0,1.1415525114155251e-05,0.041666666666666664,1.0
LINE_6204_26204_1,line,Line_6204_26204_1,0.0,0.00027389756231169547,24.0,1.1415525114155251e-05,0.041666666666666664,1.0
LINE_6207_8614_1,line,Line_6207_8614_1,0.0,0.00027389756231169547,24.0,1.1415525114155251e-05,0.041666666666666664,1.0
LINE_6208_26208_1,line,Line_6208_26208_1,0.0,0.00027389756231169547,24.0,1.1415525114155251e-05,0.041666666666666664,1.0
LINE_6217_6219_M,line,Line_6217_6219_M,0.0,0.00027389756231169547,24.0,1.1415525114155251e-05,0.041666666666666664,1.0
LINE_6217_6219_O,line,Line_6217_6219_O,0.0,0.00027389756231169547,24.0,1.1415525114155251e-05,0.041666666666666664,1.0
LINE_6217_6227_R,line,Line_6217_6227_R,0.0,0.00027389756231169547,24.0,1.1415525114155251e-05,0.041666666666666664,1.0
LINE_6217_6227_W,line,Line_6217_6227_W,0.0,0.00027389756231169547,24.0,1.1415525114155251e-05,0.041666666666666664,1.0
LINE_6217_6305_1,line,Line_6217_6305_1,0.0,0.00027389756231169547,24.0,1.1415525114155251e-05,0.041666666666666664,1.0
LINE_6217_6305_2,line,Line_6217_6305_2,0.0,0.00027389756231169547,24.0,1.1415525114155251e-05,0.041666666666666664,1.0
LINE_6217_7853_M,line,Line_6217_7853_M,0.0,0.00027389756231169547,24.0,1.1415525114155251e-05,0.041666666666666664,1.0
LINE_6217_7854_O,line,Line_6217_7854_O,0.0,0.00027389756231169547,24.0,1.1415525114155251e-05,0.041666666666666664,1.0
LINE_6218_26218_1,line,Line_6218_26218_1,0.0,0.00027389756231169547,24.0,1.1415525114155251e-05,0.041666666666666664,1.0
LINE_6220_26220_1,line,Line_6220_26220_1,0.0,0.00027389756231169547,24.0,1.1415525114155251e-05,0.041666666666666664,1.0
LINE_6224_26224_1,line,Line_6224_26224_1,0.0,0.00027389756231169547,24.0,1.1415525114155251e-05,0.041666666666666664,1.0
LINE_6228_26228_1,line,Line_6228_26228_1,0.0,0.00027389756231169547,24.0,1.1415525114155251e-05,0.041666666666666664,1.0
LINE_6234_26234_1,line,Line_6234_26234_1,0.0,0.00027389756231169547,24.0,1.1415525114155251e-05,0.041666666666666664,1.0
LINE_6236_26236_1,line,Line_6236_26236_1,0.0,0.00027389756231169547,24.0,1.1415525114155251e-05,0.041666666666666664,1.0
LINE_6301_7845_M,line,Line_6301_7845_M,0.0,0.00027389756231169547,24.0,1.1415525114155251e-05,0.041666666666666664,1.0
LINE_6301_7846_O,line,Line_6301_7846_O,0.0,0.00027389756231169547,24.0,1.1415525114155251e-05,0.041666666666666664,1.0
LINE_6302_26302_1,line,Line_6302_26302_1,0.0,0.00027389756231169547,24.0,1.1415525114155251e-05,0.041666666666666664,1.0
LINE_6306_26306_1,line,Line_6306_26306_1,0.0,0.00027389756231169547,24.0,1.1415525114155251e-05,0.041666666666666664,1.0
LINE_6309_6317_1,line,Line_6309_6317_1,0.0,0.00027389756231169547,24.0,1.1415525114155251e-05,0.041666666666666664,1.0
LINE_6310_26310_1,line,Line_6310_26310_1,0.0,0.00027389756231169547,24.0,1.1415525114155251e-05,0.041666666666666664,1.0
LINE_6311_6319_1,line,Line_6311_6319_1,0.0,0.00027389756231169547,24.0,1.1415525114155251e-05,0.041666666666666664,1.0
LINE_6311_6319_2,line,Line_6311_6319_2,0.0,0.00027389756231169547,24.0,1.1415525114155251e-05,0.041666666666666664,1.0
LINE_6312_26312_1,line,Line_6312_26312_1,0.0,0.00027389756231169547,24.0,1.1415525114155251e-05,0.041666666666666664,1.0
LINE_6318_26318_1,line,Line_6318_26318_1,0.0,0.00027389756231169547,24.0,1.1415525114155251e-05,0.041666666666666664,1.0
LINE_6319_6321_1,line,Line_6319_6321_1,0.0,0.00027389756231169547,24.0,1.1415525114155251e-05,0.041666666666666664,1.0
LINE_6319_6321_2,line,Line_6319_6321_2,0.0,0.00027389756231169547,24.0,1.1415525114155251e-05,0.041666666666666664,1.0
LINE_6319_8622_1,line,Line_6319_8622_1,0.0,0.00027389756231169547,24.0,1.1415525114155251e-05,0.041666666666666664,1.0
LINE_6320_26320_1,line,Line_6320_26320_1,0.0,0.00027389756231169547,24.0,1.1415525114155251e-05,0.041666666666666664,1.0
LINE_6321_6329_1,line,Line_6321_6329_1,0.0,0.00027389756231169547,24.0,1.1415525114155251e-05,0.041666666666666664,1.0
LINE_6321_6329_2,line,Line_6321_6329_2,0.0,0.00027389756231169547,24.0,1.1415525114155251e-05,0.041666666666666664,1.0
LINE_6322_26322_1,line,Line_6322_26322_1,0.0,0.00027389756231169547,24.0,1.1415525114155251e-05,0.041666666666666664,1.0
LINE_6330_26330_1,line,Line_6330_26330_1,0.0,0.00027389756231169547,24.0,1.1415525114155251e-05,0.041666666666666664,1.0
LINE_6353_8713_R,line,Line_6353_8713_R,0.0,0.00027389756231169547,24.0,1.1415525114155251e-05,0.041666666666666664,1.0
LINE_6353_8713_W,line,Line_6353_8713_W,0.0,0.00027389756231169547,24.0,1.1415525114155251e-05,0.041666666666666664,1.0
LINE_6354_26354_1,line,Line_6354_26354_1,0.0,0.00027389756231169547,24.0,1.1415525114155251e-05,0.041666666666666664,1.0
LINE_6362_26362_1,line,Line_6362_26362_1,0.0,0.00027389756231169547,24.0,1.1415525114155251e-05,0.041666666666666664,1.0
LINE_6367_8640_R,line,Line_6367_8640_R,0.0,0.00027389756231169547,24.0,1.1415525114155251e-05,0.041666666666666664,1.0
LINE_6367_8640_W,line,Line_6367_8640_W,0.0,0.00027389756231169547,24.0,1.1415525114155251e-05,0.041666666666666664,1.0
LINE_6368_26368_1,line,Line_6368_26368_1,0.0,0.00027389756231169547,24.0,1.1415525114155251e-05,0.041666666666666664,1.0
LINE_6370_26370_1,line,Line_6370_26370_1,0.0,0.00027389756231169547,24.0,1.1415525114155251e-05,0.041666666666666664,1.0
LINE_6372_26372_1,line,Line_6372_26372_1,0.0,0.00027389756231169547,24.0,1.1415525114155251e-05,0.041666666666666664,1.0
LINE_6407_6409_1,line,Line_6407_6409_1,0.0,0.00027389756231169547,24.0,1.1415525114155251e-05,0.041666666666666664,1.0
LINE_6407_6409_2,line,Line_6407_6409_2,0.0,0.00027389756231169547,24.0,1.1415525114155251e-05,0.041666666666666664,1.0
LINE_6408_26408_1,line,Line_6408_26408_1,0.0,0.00027389756231169547,24.0,1.1415525114155251e-05,0.041666666666666664,1.0
LINE_6410_26410_1,line,Line_6410_26410_1,0.0,0.00027389756231169547,24.0,1.1415525114155251e-05,0.041666666666666664,1.0
LINE_6451_6455_1,line,Line_6451_6455_1,0.0,0.00027389756231169547,24.0,1.1415525114155251e-05,0.041666666666666664,1.0
LINE_6451_6455_2,line,Line_6451_6455_2,0.0,0.00027389756231169547,24.0,1.1415525114155251e-05,0.041666666666666664,1.0
LINE_6451_6521_1,line,Line_6451_6521_1,0.0,0.00027389756231169547,24.0,1.1415525114155251e-05,0.041666666666666664,1.0
LINE_6451_6521_2,line,Line_6451_6521_2,0.0,0.00027389756231169547,24.0,1.1415525114155251e-05,0.041666666666666664,1.0
LINE_6452_26452_1,line,Line_6452_26452_1,0.0,0.00027389756231169547,24.0,1.1415525114155251e-05,0.041666666666666664,1.0
LINE_6456_26456_1,line,Line_6456_26456_1,0.0,0.00027389756231169547,24.0,1.1415525114155251e-05,0.041666666666666664,1.0
LINE_6458_26458_1,line,Line_6458_26458_1,0.0,0.00027389756231169547,24.0,1.1415525114155251e-05,0.041666666666666664,1.0
LINE_6512_26512_1,line,Line_6512_26512_1,0.0,0.00027389756231169547,24.0,1.1415525114155251e-05,0.041666666666666664,1.0
LINE_6514_26514_1,line,Line_6514_26514_1,0.0,0.00027389756231169547,24.0,1.1415525114155251e-05,0.041666666666666664,1.0
LINE_6516_26516_1,line,Line_6516_26516_1,0.0,0.00027389756231169547,24.0,1.1415525114155251e-05,0.041666666666666664,1.0
LINE_6521_7892_S,line,Line_6521_7892_S,0.0,0.00027389756231169547,24.0,1.1415525114155251e-05,0.041666666666666664,1.0
LINE_6521_7893_N,line,Line_6521_7893_N,0.0,0.00027389756231169547,24.0,1.1415525114155251e-05,0.041666666666666664,1.0
LINE_6522_26522_1,line,Line_6522_26522_1,0.0,0.00027389756231169547,24.0,1.1415525114155251e-05,0.041666666666666664,1.0
LINE_7001_7950_1,line,Line_7001_7950_1,0.0,0.00027389756231169547,24.0,1.1415525114155251e-05,0.041666666666666664,1.0
LINE_7001_7951_2,line,Line_7001_7951_2,0.0,0.00027389756231169547,24.0,1.1415525114155251e-05,0.041666666666666664,1.0
LINE_7002_27002_1,line,Line_7002_27002_1,0.0,0.00027389756231169547,24.0,1.1415525114155251e-05,0.041666666666666664,1.0
LINE_7003_7007_2,line,Line_7003_7007_2,0.0,0.00027389756231169547,24.0,1.1415525114155251e-05,0.041666666666666664,1.0
LINE_7003_7950_1,line,Line_7003_7950_1,0.0,0.00027389756231169547,24.0,1.1415525114155251e-05,0.041666666666666664,1.0
LINE_7004_27004_1,line,Line_7004_27004_1,0.0,0.00027389756231169547,24.0,1.1415525114155251e-05,0.041666666666666664,1.0
LINE_7005_7019_1,line,Line_7005_7019_1,0.0,0.00027389756231169547,24.0,1.1415525114155251e-05,0.041666666666666664,1.0
LINE_7005_7023_1,line,Line_7005_7023_1,0.0,0.00027389756231169547,24.0,1.1415525114155251e-05,0.041666666666666664,1.0
LINE_7006_27006_1,line,Line_7006_27006_1,0.0,0.00027389756231169547,24.0,1.1415525114155251e-05,0.041666666666666664,1.0
LINE_7007_7951_2,line,Line_7007_7951_2,0.0,0.00027389756231169547,24.0,1.1415525114155251e-05,0.041666666666666664,1.0
LINE_7007_8906_1,line,Line_7007_8906_1,0.0,0.00027389756231169547,24.0,1.1415525114155251e-05,0.041666666666666664,1.0
LINE_7007_8906_2,line,Line_7007_8906_2,0.0,0.00027389756231169547,24.0,1.1415525114155251e-05,0.041666666666666664,1.0
LINE_7012_27012_1,line,Line_7012_27012_1,0.0,0.00027389756231169547,24.0,1.1415525114155251e-05,0.041666666666666664,1.0
LINE_7013_7019_1,line,Line_7013_7019_1,0.0,0.00027389756231169547,24.0,1.1415525114155251e-05,0.041666666666666664,1.0
LINE_7013_7023_1,line,Line_7013_7023_1,0.0,0.00027389756231169547,24.0,1.1415525114155251e-05,0.041666666666666664,1.0
LINE_7014_27014_1,line,Line_7014_27014_1,0.0,0.00027389756231169547,24.0,1.1415525114155251e-05,0.041666666666666664,1.0
LINE_7019_8905_1,line,Line_7019_8905_1,0.0,0.00027389756231169547,24.0,1.1415525114155251e-05,0.041666666666666664,1.0
LINE_7019_8905_2,line,Line_7019_8905_2,0.0,0.00027389756231169547,24.0,1.1415525114155251e-05,0.041666666666666664,1.0
LINE_7020_27020_1,line,Line_7020_27020_1,0.0,0.00027389756231169547,24.0,1.1415525114155251e-05,0.041666666666666664,1.0
LINE_7021_7029_1,line,Line_7021_7029_1,0.0,0.00027389756231169547,24.0,1.1415525114155251e-05,0.041666666666666664,1.0
LINE_7022_27022_1,line,Line_7022_27022_1,0.0,0.00027389756231169547,24.0,1.1415525114155251e-05,0.041666666666666664,1.0
LINE_7024_27024_1,line,Line_7024_27024_1,0.0,0.00027389756231169547,24.0,1.1415525114155251e-05,0.041666666666666664,1.0
LINE_7030_27030_1,line,Line_7030_27030_1,0.0,0.00027389756231169547,24.0,1.1415525114155251e-05,0.041666666666666664,1.0
LINE_7031_7952_1,line,Line_7031_7952_1,0.0,0.00027389756231169547,24.0,1.1415525114155251e-05,0.041666666666666664,1.0
LINE_7031_7953_2,line,Line_7031_7953_2,0.0,0.00027389756231169547,24.0,1.1415525114155251e-05,0.041666666666666664,1.0
LINE_7032_27032_1,line,Line_7032_27032_1,0.0,0.00027389756231169547,24.0,1.1415525114155251e-05,0.041666666666666664,1.0
LINE_7509_8012_1,line,Line_7509_8012_1,0.0,0.00027389756231169547,24.0,1.1415525114155251e-05,0.041666666666666664,1.0
LINE_7509_9505_1,line,Line_7509_9505_1,0.0,0.00027389756231169547,24.0,1.1415525114155251e-05,0.041666666666666664,1.0
LINE_7513_8009_W,line,Line_7513_8009_W,0.0,0.00027389756231169547,24.0,1.1415525114155251e-05,0.041666666666666664,1.0
LINE_7513_8011_W,line,Line_7513_8011_W,0.0,0.00027389756231169547,24.0,1.1415525114155251e-05,0.041666666666666664,1.0
LINE_7514_8008_1,line,Line_7514_8008_1,0.0,0.00027389756231169547,24.0,1.1415525114155251e-05,0.041666666666666664,1.0
LINE_7514_60060_1,line,Line_7514_60060_1,0.0,0.00027389756231169547,24.0,1.1415525114155251e-05,0.041666666666666664,1.0
LINE_7534_7589_O,line,Line_7534_7589_O,0.0,0.00027389756231169547,24.0,1.1415525114155251e-05,0.041666666666666664,1.0
LINE_7567_7569_O,line,Line_7567_7569_O,0.0,0.00027389756231169547,24.0,1.1415525114155251e-05,0.041666666666666664,1.0
LINE_7567_7575_1,line,Line_7567_7575_1,0.0,0.00027389756231169547,24.0,1.1415525114155251e-05,0.041666666666666664,1.0
LINE_7568_7570_M,line,Line_7568_7570_M,0.0,0.00027389756231169547,24.0,1.1415525114155251e-05,0.041666666666666664,1.0
LINE_7568_7576_1,line,Line_7568_7576_1,0.0,0.00027389756231169547,24.0,1.1415525114155251e-05,0.041666666666666664,1.0
LINE_7570_7573_M,line,Line_7570_7573_M,0.0,0.00027389756231169547,24.0,1.1415525114155251e-05,0.041666666666666664,1.0
LINE_7575_8020_1,line,Line_7575_8020_1,0.0,0.00027389756231169547,24.0,1.1415525114155251e-05,0.041666666666666664,1.0
LINE_7576_8020_1,line,Line_7576_8020_1,0.0,0.00027389756231169547,24.0,1.1415525114155251e-05,0.041666666666666664,1.0
LINE_7585_8100_1,line,Line_7585_8100_1,0.0,0.00027389756231169547,24.0,1.1415525114155251e-05,0.041666666666666664,1.0
LINE_7586_7588_2,line,Line_7586_7588_2,0.0,0.00027389756231169547,24.0,1.1415525114155251e-05,0.041666666666666664,1.0
LINE_7588_8100_2,line,Line_7588_8100_2,0.0,0.00027389756231169547,24.0,1.1415525114155251e-05,0.041666666666666664,1.0
LINE_7589_7592_1,line,Line_7589_7592_1,0.0,0.00027389756231169547,24.0,1.1415525114155251e-05,0.041666666666666664,1.0
LINE_7590_7591_1,line,Line_7590_7591_1,0.0,0.00027389756231169547,24.0,1.1415525114155251e-05,0.041666666666666664,1.0
LINE_7609_8183_1,line,Line_7609_8183_1,0.0,0.00027389756231169547,24.0,1.1415525114155251e-05,0.041666666666666664,1.0
LINE_7611_8210_1,line,Line_7611_8210_1,0.0,0.00027389756231169547,24.0,1.1415525114155251e-05,0.041666666666666664,1.0
LINE_7611_8215_1,line,Line_7611_8215_1,0.0,0.00027389756231169547,24.0,1.1415525114155251e-05,0.041666666666666664,1.0
LINE_7612_7613_2,line,Line_7612_7613_2,0.0,0.00027389756231169547,24.0,1.1415525114155251e-05,0.041666666666666664,1.0
LINE_7612_8215_2,line,Line_7612_8215_2,0.0,0.00027389756231169547,24.0,1.1415525114155251e-05,0.041666666666666664,1.0
LINE_7613_8210_2,line,Line_7613_8210_2,0.0,0.00027389756231169547,24.0,1.1415525114155251e-05,0.041666666666666664,1.0
LINE_7613_8217_2,line,Line_7613_8217_2,0.0,0.00027389756231169547,24.0,1.1415525114155251e-05,0.041666666666666664,1.0
LINE_7615_8182_1,line,Line_7615_8182_1,0.0,0.00027389756231169547,24.0,1.1415525114155251e-05,0.041666666666666664,1.0
LINE_7615_8185_1,line,Line_7615_8185_1,0.0,0.00027389756231169547,24.0,1.1415525114155251e-05,0.041666666666666664,1.0
LINE_7616_8182_2,line,Line_7616_8182_2,0.0,0.00027389756231169547,24.0,1.1415525114155251e-05,0.041666666666666664,1.0
LINE_7616_8185_2,line,Line_7616_8185_2,0.0,0.00027389756231169547,24.0,1.1415525114155251e-05,0.041666666666666664,1.0
LINE_7617_8204_R,line,Line_7617_8204_R,0.0,0.00027389756231169547,24.0,1.1415525114155251e-05,0.041666666666666664,1.0
LINE_7617_8208_R,line,Line_7617_8208_R,0.0,0.00027389756231169547,24.0,1.1415525114155251e-05,0.041666666666666664,1.0
LINE_7618_8204_R,line,Line_7618_8204_R,0.0,0.00027389756231169547,24.0,1.1415525114155251e-05,0.041666666666666664,1.0
LINE_7618_8208_R,line,Line_7618_8208_R,0.0,0.00027389756231169547,24.0,1.1415525114155251e-05,0.041666666666666664,1.0
LINE_7620_8207_1,line,Line_7620_8207_1,0.0,0.00027389756231169547,24.0,1.1415525114155251e-05,0.041666666666666664,1.0
LINE_7620_9615_1,line,Line_7620_9615_1,0.0,0.00027389756231169547,24.0,1.1415525114155251e-05,0.041666666666666664,1.0
LINE_7623_8255_1,line,Line_7623_8255_1,0.0,0.00027389756231169547,24.0,1.1415525114155251e-05,0.041666666666666664,1.0
LINE_7623_8256_1,line,Line_7623_8256_1,0.0,0.00027389756231169547,24.0,1.1415525114155251e-05,0.041666666666666664,1.0
LINE_7626_8222_1,line,Line_7626_8222_1,0.0,0.00027389756231169547,24.0,1.1415525114155251e-05,0.041666666666666664,1.0
LINE_7626_8281_1,line,Line_7626_8281_1,0.0,0.00027389756231169547,24.0,1.1415525114155251e-05,0.041666666666666664,1.0
LINE_7629_8240_1,line,Line_7629_8240_1,0.0,0.00027389756231169547,24.0,1.1415525114155251e-05,0.041666666666666664,1.0
LINE_7629_8250_1,line,Line_7629_8250_1,0.0,0.00027389756231169547,24.0,1.1415525114155251e-05,0.041666666666666664,1.0
LINE_7650_7651_1,line,Line_7650_7651_1,0.0,0.00027389756231169547,24.0,1.1415525114155251e-05,0.041666666666666664,1.0
LINE_7650_8301_1,line,Line_7650_8301_1,0.0,0.00027389756231169547,24.0,1.1415525114155251e-05,0.041666666666666664,1.0
LINE_7651_8300_1,line,Line_7651_8300_1,0.0,0.00027389756231169547,24.0,1.1415525114155251e-05,0.041666666666666664,1.0
LINE_7651_8316_1,line,Line_7651_8316_1,0.0,0.00027389756231169547,24.0,1.1415525114155251e-05,0.041666666666666664,1.0
LINE_7651_41680_1,line,Line_7651_41680_1,0.0,0.00027389756231169547,24.0,1.1415525114155251e-05,0.041666666666666664,1.0
LINE_7652_7654_1,line,Line_7652_7654_1,0.0,0.00027389756231169547,24.0,1.1415525114155251e-05,0.041666666666666664,1.0
LINE_7653_7655_1,line,Line_7653_7655_1,0.0,0.00027389756231169547,24.0,1.1415525114155251e-05,0.041666666666666664,1.0
LINE_7661_7663_1,line,Line_7661_7663_1,0.0,0.00027389756231169547,24.0,1.1415525114155251e-05,0.041666666666666664,1.0
LINE_7662_7664_1,line,Line_7662_7664_1,0.0,0.00027389756231169547,24.0,1.1415525114155251e-05,0.041666666666666664,1.0
LINE_7681_8367_1,line,Line_7681_8367_1,0.0,0.00027389756231169547,24.0,1.1415525114155251e-05,0.041666666666666664,1.0
LINE_7681_8374_1,line,Line_7681_8374_1,0.0,0.00027389756231169547,24.0,1.1415525114155251e-05,0.041666666666666664,1.0
LINE_7683_8336_1,line,Line_7683_8336_1,0.0,0.00027389756231169547,24.0,1.1415525114155251e-05,0.041666666666666664,1.0
LINE_7683_8362_1,line,Line_7683_8362_1,0.0,0.00027389756231169547,24.0,1.1415525114155251e-05,0.041666666666666664,1.0
LINE_7684_8361_1,line,Line_7684_8361_1,0.0,0.00027389756231169547,24.0,1.1415525114155251e-05,0.041666666666666664,1.0
LINE_7684_8366_1,line,Line_7684_8366_1,0.0,0.00027389756231169547,24.0,1.1415525114155251e-05,0.041666666666666664,1.0
LINE_7700_8407_1,line,Line_7700_8407_1,0.0,0.00027389756231169547,24.0,1.1415525114155251e-05,0.041666666666666664,1.0
LINE_7700_8409_1,line,Line_7700_8409_1,0.0,0.00027389756231169547,24.0,1.1415525114155251e-05,0.041666666666666664,1.0
LINE_7707_7708_1,line,Line_7707_7708_1,0.0,0.00027389756231169547,24.0,1.1415525114155251e-05,0.041666666666666664,1.0
LINE_7707_8405_1,line,Line_7707_8405_1,0.0,0.00027389756231169547,24.0,1.1415525114155251e-05,0.041666666666666664,1.0
LINE_7707_8406_1,line,Line_7707_8406_1,0.0,0.00027389756231169547,24.0,1.1415525114155251e-05,0.041666666666666664,1.0
LINE_7708_7709_1,line,Line_7708_7709_1,0.0,0.00027389756231169547,24.0,1.1415525114155251e-05,0.041666666666666664,1.0
LINE_7708_8403_1,line,Line_7708_8403_1,0.0,0.00027389756231169547,24.0,1.1415525114155251e-05,0.041666666666666664,1.0
LINE_7709_8401_1,line,Line_7709_8401_1,0.0,0.00027389756231169547,24.0,1.1415525114155251e-05,0.041666666666666664,1.0
LINE_7710_8404_1,line,Line_7710_8404_1,0.0,0.00027389756231169547,24.0,1.1415525114155251e-05,0.041666666666666664,1.0
LINE_7710_8408_1,line,Line_7710_8408_1,0.0,0.00027389756231169547,24.0,1.1415525114155251e-05,0.041666666666666664,1.0
LINE_7713_8420_2,line,Line_7713_8420_2,0.0,0.00027389756231169547,24.0,1.1415525114155251e-05,0.041666666666666664,1.0
LINE_7713_8431_2,line,Line_7713_8431_2,0.0,0.00027389756231169547,24.0,1.1415525114155251e-05,0.041666666666666664,1.0
LINE_7714_8420_1,line,Line_7714_8420_1,0.0,0.00027389756231169547,24.0,1.1415525114155251e-05,0.041666666666666664,1.0
LINE_7714_8431_1,line,Line_7714_8431_1,0.0,0.00027389756231169547,24.0,1.1415525114155251e-05,0.041666666666666664,1.0
LINE_7715_50520_1,line,Line_7715_50520_1,0.0,0.00027389756231169547,24.0,1.1415525114155251e-05,0.041666666666666664,1.0
LINE_7715_50530_1,line,Line_7715_50530_1,0.0,0.00027389756231169547,24.0,1.1415525114155251e-05,0.041666666666666664,1.0
LINE_7730_32340_1,line,Line_7730_32340_1,0.0,0.00027389756231169547,24.0,1.1415525114155251e-05,0.041666666666666664,1.0
LINE_7730_32341_2,line,Line_7730_32341_2,0.0,0.00027389756231169547,24.0,1.1415525114155251e-05,0.041666666666666664,1.0
LINE_7796_53980_1,line,Line_7796_53980_1,0.0,0.00027389756231169547,24.0,1.1415525114155251e-05,0.041666666666666664,1.0
LINE_7799_45430_1,line,Line_7799_45430_1,0.0,0.00027389756231169547,24.0,1.1415525114155251e-05,0.041666666666666664,1.0
LINE_7799_53700_1,line,Line_7799_53700_1,0.0,0.00027389756231169547,24.0,1.1415525114155251e-05,0.041666666666666664,1.0
LINE_7800_8503_1,line,Line_7800_8503_1,0.0,0.00027389756231169547,24.0,1.1415525114155251e-05,0.041666666666666664,1.0
LINE_7800_8507_1,line,Line_7800_8507_1,0.0,0.00027389756231169547,24.0,1.1415525114155251e-05,0.041666666666666664,1.0
LINE_7801_9320_1,line,Line_7801_9320_1,0.0,0.00027389756231169547,24.0,1.1415525114155251e-05,0.041666666666666664,1.0
LINE_7801_9330_1,line,Line_7801_9330_1,0.0,0.00027389756231169547,24.0,1.1415525114155251e-05,0.041666666666666664,1.0
LINE_7802_9320_2,line,Line_7802_9320_2,0.0,0.00027389756231169547,24.0,1.1415525114155251e-05,0.041666666666666664,1.0
LINE_7802_9330_2,line,Line_7802_9330_2,0.0,0.00027389756231169547,24.0,1.1415525114155251e-05,0.041666666666666664,1.0
LINE_7808_45400_1,line,Line_7808_45400_1,0.0,0.00027389756231169547,24.0,1.1415525114155251e-05,0.041666666666666664,1.0
LINE_7808_53820_1,line,Line_7808_53820_1,0.0,0.00027389756231169547,24.0,1.1415525114155251e-05,0.041666666666666664,1.0
LINE_7809_8492_W,line,Line_7809_8492_W,0.0,0.00027389756231169547,24.0,1.1415525114155251e-05,0.041666666666666664,1.0
LINE_7809_8497_W,line,Line_7809_8497_W,0.0,0.00027389756231169547,24.0,1.1415525114155251e-05,0.041666666666666664,1.0
LINE_7810_8494_1,line,Line_7810_8494_1,0.0,0.00027389756231169547,24.0,1.1415525114155251e-05,0.041666666666666664,1.0
LINE_7811_8494_2,line,Line_7811_8494_2,0.0,0.00027389756231169547,24.0,1.1415525114155251e-05,0.041666666666666664,1.0
LINE_7812_8495_R,line,Line_7812_8495_R,0.0,0.00027389756231169547,24.0,1.1415525114155251e-05,0.041666666666666664,1.0
LINE_7812_8496_R,line,Line_7812_8496_R,0.0,0.00027389756231169547,24.0,1.1415525114155251e-05,0.041666666666666664,1.0
LINE_7813_8495_W,line,Line_7813_8495_W,0.0,0.00027389756231169547,24.0,1.1415525114155251e-05,0.041666666666666664,1.0
LINE_7813_8496_W,line,Line_7813_8496_W,0.0,0.00027389756231169547,24.0,1.1415525114155251e-05,0.041666666666666664,1.0
LINE_7815_53900_1,line,Line_7815_53900_1,0.0,0.00027389756231169547,24.0,1.1415525114155251e-05,0.041666666666666664,1.0
LINE_7817_7818_1,line,Line_7817_7818_1,0.0,0.00027389756231169547,24.0,1.1415525114155251e-05,0.041666666666666664,1.0
LINE_7818_8501_1,line,Line_7818_8501_1,0.0,0.00027389756231169547,24.0,1.1415525114155251e-05,0.041666666666666664,1.0
LINE_7832_53560_1,line,Line_7832_53560_1,0.0,0.00027389756231169547,24.0,1.1415525114155251e-05,0.041666666666666664,1.0
LINE_7832_53570_1,line,Line_7832_53570_1,0.0,0.00027389756231169547,24.0,1.1415525114155251e-05,0.041666666666666664,1.0
LINE_7837_8560_1,line,Line_7837_8560_1,0.0,0.00027389756231169547,24.0,1.1415525114155251e-05,0.041666666666666664,1.0
LINE_7837_8569_1,line,Line_7837_8569_1,0.0,0.00027389756231169547,24.0,1.1415525114155251e-05,0.041666666666666664,1.0
LINE_7845_8616_M,line,Line_7845_8616_M,0.0,0.00027389756231169547,24.0,1.1415525114155251e-05,0.041666666666666664,1.0
LINE_7846_8619_1,line,Line_7846_8619_1,0.0,0.00027389756231169547,24.0,1.1415525114155251e-05,0.041666666666666664,1.0
LINE_7885_7886_3,line,Line_7885_7886_3,0.0,0.00027389756231169547,24.0,1.1415525114155251e-05,0.041666666666666664,1.0
LINE_7887_9932_R,line,Line_7887_9932_R,0.0,0.00027389756231169547,24.0,1.1415525114155251e-05,0.041666666666666664,1.0
LINE_7887_9936_R,line,Line_7887_9936_R,0.0,0.00027389756231169547,24.0,1.1415525114155251e-05,0.041666666666666664,1.0
LINE_7888_9932_W,line,Line_7888_9932_W,0.0,0.00027389756231169547,24.0,1.1415525114155251e-05,0.041666666666666664,1.0
LINE_7888_9936_W,line,Line_7888_9936_W,0.0,0.00027389756231169547,24.0,1.1415525114155251e-05,0.041666666666666664,1.0
LINE_7889_7894_1,line,Line_7889_7894_1,0.0,0.00027389756231169547,24.0,1.1415525114155251e-05,0.041666666666666664,1.0
LINE_7889_8729_1,line,Line_7889_8729_1,0.0,0.00027389756231169547,24.0,1.1415525114155251e-05,0.041666666666666664,1.0
LINE_7889_9904_1,line,Line_7889_9904_1,0.0,0.00027389756231169547,24.0,1.1415525114155251e-05,0.041666666666666664,1.0
LINE_7890_9900_R,line,Line_7890_9900_R,0.0,0.00027389756231169547,24.0,1.1415525114155251e-05,0.041666666666666664,1.0
LINE_7890_9902_R,line,Line_7890_9902_R,0.0,0.00027389756231169547,24.0,1.1415525114155251e-05,0.041666666666666664,1.0
LINE_7891_8704_1,line,Line_7891_8704_1,0.0,0.00027389756231169547,24.0,1.1415525114155251e-05,0.041666666666666664,1.0
LINE_7891_8708_1,line,Line_7891_8708_1,0.0,0.00027389756231169547,24.0,1.1415525114155251e-05,0.041666666666666664,1.0
LINE_7894_8730_1,line,Line_7894_8730_1,0.0,0.00027389756231169547,24.0,1.1415525114155251e-05,0.041666666666666664,1.0
LINE_7954_53660_1,line,Line_7954_53660_1,0.0,0.00027389756231169547,24.0,1.1415525114155251e-05,0.041666666666666664,1.0
LINE_8192_8195_1,line,Line_8192_8195_1,0.0,0.00027389756231169547,24.0,1.1415525114155251e-05,0.041666666666666664,1.0
LINE_8211_8212_1,line,Line_8211_8212_1,0.0,0.00027389756231169547,24.0,1.1415525114155251e-05,0.041666666666666664,1.0
LINE_8211_9612_1,line,Line_8211_9612_1,0.0,0.00027389756231169547,24.0,1.1415525114155251e-05,0.041666666666666664,1.0
LINE_8212_8213_1,line,Line_8212_8213_1,0.0,0.00027389756231169547,24.0,1.1415525114155251e-05,0.041666666666666664,1.0
LINE_8220_8223_1,line,Line_8220_8223_1,0.0,0.00027389756231169547,24.0,1.1415525114155251e-05,0.041666666666666664,1.0
LINE_8251_8253_1,line,Line_8251_8253_1,0.0,0.00027389756231169547,24.0,1.1415525114155251e-05,0.041666666666666664,1.0
LINE_8304_8314_1,line,Line_8304_8314_1,0.0,0.00027389756231169547,24.0,1.1415525114155251e-05,0.041666666666666664,1.0
LINE_8305_8312_R,line,Line_8305_8312_R,0.0,0.00027389756231169547,24.0,1.1415525114155251e-05,0.041666666666666664,1.0
LINE_8306_8313_1,line,Line_8306_8313_1,0.0,0.00027389756231169547,24.0,1.1415525114155251e-05,0.041666666666666664,1.0
LINE_8306_8359_1,line,Line_8306_8359_1,0.0,0.00027389756231169547,24.0,1.1415525114155251e-05,0.041666666666666664,1.0
LINE_8307_8313_1,line,Line_8307_8313_1,0.0,0.00027389756231169547,24.0,1.1415525114155251e-05,0.041666666666666664,1.0
LINE_8307_8333_1,line,Line_8307_8333_1,0.0,0.00027389756231169547,24.0,1.1415525114155251e-05,0.041666666666666664,1.0
LINE_8308_8314_1,line,Line_8308_8314_1,0.0,0.00027389756231169547,24.0,1.1415525114155251e-05,0.041666666666666664,1.0
LINE_8309_8335_1,line,Line_8309_8335_1,0.0,0.00027389756231169547,24.0,1.1415525114155251e-05,0.041666666666666664,1.0
LINE_8309_8339_1,line,Line_8309_8339_1,0.0,0.00027389756231169547,24.0,1.1415525114155251e-05,0.041666666666666664,1.0
LINE_8311_8315_1,line,Line_8311_8315_1,0.0,0.00027389756231169547,24.0,1.1415525114155251e-05,0.041666666666666664,1.0
LINE_8311_8339_1,line,Line_8311_8339_1,0.0,0.00027389756231169547,24.0,1.1415525114155251e-05,0.041666666666666664,1.0
LINE_8316_41710_1,line,Line_8316_41710_1,0.0,0.00027389756231169547,24.0,1.1415525114155251e-05,0.041666666666666664,1.0
LINE_8319_8346_1,line,Line_8319_8346_1,0.0,0.00027389756231169547,24.0,1.1415525114155251e-05,0.041666666666666664,1.0
LINE_8320_8329_1,line,Line_8320_8329_1,0.0,0.00027389756231169547,24.0,1.1415525114155251e-05,0.041666666666666664,1.0
LINE_8323_8340_1,line,Line_8323_8340_1,0.0,0.00027389756231169547,24.0,1.1415525114155251e-05,0.041666666666666664,1.0
LINE_8324_8354_1,line,Line_8324_8354_1,0.0,0.00027389756231169547,24.0,1.1415525114155251e-05,0.041666666666666664,1.0
LINE_8326_8327_1,line,Line_8326_8327_1,0.0,0.00027389756231169547,24.0,1.1415525114155251e-05,0.041666666666666664,1.0
LINE_8329_8332_1,line,Line_8329_8332_1,0.0,0.00027389756231169547,24.0,1.1415525114155251e-05,0.041666666666666664,1.0
LINE_8334_8337_1,line,Line_8334_8337_1,0.0,0.00027389756231169547,24.0,1.1415525114155251e-05,0.041666666666666664,1.0
LINE_8337_8338_1,line,Line_8337_8338_1,0.0,0.00027389756231169547,24.0,1.1415525114155251e-05,0.041666666666666664,1.0
LINE_8341_8342_1,line,Line_8341_8342_1,0.0,0.00027389756231169547,24.0,1.1415525114155251e-05,0.041666666666666664,1.0
LINE_8353_8355_R,line,Line_8353_8355_R,0.0,0.00027389756231169547,24.0,1.1415525114155251e-05,0.041666666666666664,1.0
LINE_8369_8370_1,line,Line_8369_8370_1,0.0,0.00027389756231169547,24.0,1.1415525114155251e-05,0.041666666666666664,1.0
LINE_8369_8383_1,line,Line_8369_8383_1,0.0,0.00027389756231169547,24.0,1.1415525114155251e-05,0.041666666666666664,1.0
LINE_8371_8372_1,line,Line_8371_8372_1,0.0,0.00027389756231169547,24.0,1.1415525114155251e-05,0.041666666666666664,1.0
LINE_8373_8375_R,line,Line_8373_8375_R,0.0,0.00027389756231169547,24.0,1.1415525114155251e-05,0.041666666666666664,1.0
LINE_8375_8376_1,line,Line_8375_8376_1,0.0,0.00027389756231169547,24.0,1.1415525114155251e-05,0.041666666666666664,1.0
LINE_8377_8378_R,line,Line_8377_8378_R,0.0,0.00027389756231169547,24.0,1.1415525114155251e-05,0.041666666666666664,1.0
LINE_8379_8380_1,line,Line_8379_8380_1,0.0,0.00027389756231169547,24.0,1.1415525114155251e-05,0.041666666666666664,1.0
LINE_8381_8382_1,line,Line_8381_8382_1,0.0,0.00027389756231169547,24.0,1.1415525114155251e-05,0.041666666666666664,1.0
LINE_8381_8383_1,line,Line_8381_8383_1,0.0,0.00027389756231169547,24.0,1.1415525114155251e-05,0.041666666666666664,1.0
LINE_8445_8446_1,line,Line_8445_8446_1,0.0,0.00027389756231169547,24.0,1.1415525114155251e-05,0.041666666666666664,1.0
LINE_8526_8549_1,line,Line_8526_8549_1,0.0,0.00027389756231169547,24.0,1.1415525114155251e-05,0.041666666666666664,1.0
LINE_8529_8530_1,line,Line_8529_8530_1,0.0,0.00027389756231169547,24.0,1.1415525114155251e-05,0.041666666666666664,1.0
LINE_8529_8531_1,line,Line_8529_8531_1,0.0,0.00027389756231169547,24.0,1.1415525114155251e-05,0.041666666666666664,1.0
LINE_8531_8562_1,line,Line_8531_8562_1,0.0,0.00027389756231169547,24.0,1.1415525114155251e-05,0.041666666666666664,1.0
LINE_8532_8533_1,line,Line_8532_8533_1,0.0,0.00027389756231169547,24.0,1.1415525114155251e-05,0.041666666666666664,1.0
LINE_8533_8557_1,line,Line_8533_8557_1,0.0,0.00027389756231169547,24.0,1.1415525114155251e-05,0.041666666666666664,1.0
LINE_8534_8554_1,line,Line_8534_8554_1,0.0,0.00027389756231169547,24.0,1.1415525114155251e-05,0.041666666666666664,1.0
LINE_8535_8536_1,line,Line_8535_8536_1,0.0,0.00027389756231169547,24.0,1.1415525114155251e-05,0.041666666666666664,1.0
LINE_8536_8537_1,line,Line_8536_8537_1,0.0,0.00027389756231169547,24.0,1.1415525114155251e-05,0.041666666666666664,1.0
LINE_8539_8561_R,line,Line_8539_8561_R,0.0,0.00027389756231169547,24.0,1.1415525114155251e-05,0.041666666666666664,1.0
LINE_8541_8549_1,line,Line_8541_8549_1,0.0,0.00027389756231169547,24.0,1.1415525114155251e-05,0.041666666666666664,1.0
LINE_8542_8543_1,line,Line_8542_8543_1,0.0,0.00027389756231169547,24.0,1.1415525114155251e-05,0.041666666666666664,1.0
LINE_8542_8556_1,line,Line_8542_8556_1,0.0,0.00027389756231169547,24.0,1.1415525114155251e-05,0.041666666666666664,1.0
LINE_8552_8558_1,line,Line_8552_8558_1,0.0,0.00027389756231169547,24.0,1.1415525114155251e-05,0.041666666666666664,1.0
LINE_8553_8575_1,line,Line_8553_8575_1,0.0,0.00027389756231169547,24.0,1.1415525114155251e-05,0.041666666666666664,1.0
LINE_8554_8582_1,line,Line_8554_8582_1,0.0,0.00027389756231169547,24.0,1.1415525114155251e-05,0.041666666666666664,1.0
LINE_8555_8562_1,line,Line_8555_8562_1,0.0,0.00027389756231169547,24.0,1.1415525114155251e-05,0.041666666666666664,1.0
LINE_8556_8559_1,line,Line_8556_8559_1,0.0,0.00027389756231169547,24.0,1.1415525114155251e-05,0.041666666666666664,1.0
LINE_8557_8567_1,line,Line_8557_8567_1,0.0,0.00027389756231169547,24.0,1.1415525114155251e-05,0.041666666666666664,1.0
LINE_8572_8573_1,line,Line_8572_8573_1,0.0,0.00027389756231169547,24.0,1.1415525114155251e-05,0.041666666666666664,1.0
LINE_8582_8583_1,line,Line_8582_8583_1,0.0,0.00027389756231169547,24.0,1.1415525114155251e-05,0.041666666666666664,1.0
LINE_8616_8619_1,line,Line_8616_8619_1,0.0,0.00027389756231169547,24.0,1.1415525114155251e-05,0.041666666666666664,1.0
LINE_8617_8618_1,line,Line_8617_8618_1,0.0,0.00027389756231169547,24.0,1.1415525114155251e-05,0.041666666666666664,1.0
LINE_8717_8720_1,line,Line_8717_8720_1,0.0,0.00027389756231169547,24.0,1.1415525114155251e-05,0.041666666666666664,1.0
LINE_8718_8719_1,line,Line_8718_8719_1,0.0,0.00027389756231169547,24.0,1.1415525114155251e-05,0.041666666666666664,1.0
LINE_8718_8720_1,line,Line_8718_8720_1,0.0,0.00027389756231169547,24.0,1.1415525114155251e-05,0.041666666666666664,1.0
LINE_9760_9771_1,line,Line_9760_9771_1,0.0,0.00027389756231169547,24.0,1.1415525114155251e-05,0.041666666666666664,1.0
LINE_9760_9772_2,line,Line_9760_9772_2,0.0,0.00027389756231169547,24.0,1.1415525114155251e-05,0.041666666666666664,1.0
LINE_9910_9932_M,line,Line_9910_9932_M,0.0,0.00027389756231169547,24.0,1.1415525114155251e-05,0.041666666666666664,1.0
LINE_9910_9932_O,line,Line_9910_9932_O,0.0,0.00027389756231169547,24.0,1.1415525114155251e-05,0.041666666666666664,1.0
LINE_9922_9925_1,line,Line_9922_9925_1,0.0,0.00027389756231169547,24.0,1.1415525114155251e-05,0.041666666666666664,1.0
LINE_9922_9925_2,line,Line_9922_9925_2,0.0,0.00027389756231169547,24.0,1.1415525114155251e-05,0.041666666666666664,1.0
LINE_32400_32412_@1,line,Line_32400_32412_@1,0.0,0.00027389756231169547,24.0,1.1415525114155251e-05,0.041666666666666664,1.0
LINE_32490_32491_@1,line,Line_32490_32491_@1,0.0,0.00027389756231169547,24.0,1.1415525114155251e-05,0.041666666666666664,1.0
