fuel_type,plant_name,unit_name,code,capacity_kw,start_dt,end_dt,duration_hr,is_unplanned
燃油,協和電廠,#3,K5,360000,2025-01-01 00:00:00,2025-01-31 23:59:00,743.9833333333333,False
燃油,協和電廠,#4,K5,360000,2025-01-01 00:00:00,2025-01-05 23:16:00,119.26666666666667,False
燃油,協和電廠,#4,K10,500000,2025-01-05 23:16:00,2025-01-23 23:30:00,432.23333333333335,False
燃油,協和電廠,#4,K3,500000,2025-01-23 23:30:00,2025-01-25 12:46:00,37.266666666666666,False
燃油,協和電廠,#4,K5,360000,2025-01-25 12:46:00,2025-01-31 23:59:00,155.21666666666667,False
燃煤,林口電廠,#3,K10,800000,2025-01-01 00:00:00,2025-01-23 14:23:00,542.3833333333333,False
燃煤,林口電廠,#1,K5,57750,2025-01-04 10:00:00,2025-01-04 11:28:00,1.4666666666666666,False
燃煤,林口電廠,#1,K5,140471,2025-01-10 21:42:00,2025-01-11 02:50:00,5.133333333333334,False
燃煤,林口電廠,#1,K5,52266,2025-01-11 08:48:00,2025-01-11 10:30:00,1.7,False
燃煤,林口電廠,#2,K5,54694,2025-01-12 08:34:00,2025-01-12 10:10:00,1.6,False
燃煤,林口電廠,#1,K5,55000,2025-01-18 09:18:00,2025-01-18 10:39:00,1.35,False
燃煤,林口電廠,#1,KK,0,2025-01-20 09:00:00,2025-01-20 15:20:00,6.333333333333333,False
燃煤,林口電廠,#1,KK,0,2025-01-21 08:40:00,2025-01-21 13:30:00,4.833333333333333,False
燃煤,林口電廠,#3,K5,633708,2025-01-23 14:23:00,2025-01-24 01:00:00,10.616666666666667,False
燃煤,林口電廠,#3,K10,800000,2025-01-24 01:00:00,2025-01-24 02:08:00,1.1333333333333333,False
燃煤,林口電廠,#3,K1,480712,2025-01-24 02:08:00,2025-01-24 09:07:00,6.983333333333333,False
燃煤,林口電廠,#1,K5,44266,2025-01-25 08:28:00,2025-01-25 10:01:00,1.55,False
燃煤,林口電廠,#2,K5,45238,2025-01-26 08:32:00,2025-01-26 10:06:00,1.5666666666666667,False
燃煤,林口電廠,#1,K5,137333,2025-01-29 09:58:00,2025-01-29 14:50:00,4.866666666666666,False
燃煤,林口電廠,#2,K5,128517,2025-01-29 09:58:00,2025-01-29 14:56:00,4.966666666666667,False
燃煤,林口電廠,#3,K5,135916,2025-01-29 09:58:00,2025-01-29 15:04:00,5.1,False
燃氣,大潭電廠,潭複GT1-1,K5,76750,2025-01-01 00:00:00,2025-01-31 23:59:00,743.9833333333333,False
燃氣,大潭電廠,潭複GT1-2,K5,76750,2025-01-01 04:00:00,2025-01-01 16:15:00,12.25,False
燃氣,大潭電廠,潭複GT1-2,K5,76750,2025-01-02 04:33:00,2025-01-02 07:45:00,3.2,False
燃氣,大潭電廠,潭複GT1-2,K5,76750,2025-01-03 05:00:00,2025-01-03 07:18:00,2.3,False
燃氣,大潭電廠,潭複GT1-2,K5,76750,2025-01-13 02:42:00,2025-01-13 05:11:00,2.4833333333333334,False
燃氣,大潭電廠,潭複GT1-2,K5,76750,2025-01-14 03:30:00,2025-01-14 06:30:00,3.0,False
燃氣,大潭電廠,潭複GT1-2,K5,76750,2025-01-15 04:10:00,2025-01-15 06:44:00,2.566666666666667,False
燃氣,大潭電廠,潭複GT1-2,K5,76750,2025-01-16 04:50:00,2025-01-16 07:27:00,2.6166666666666667,False
燃氣,大潭電廠,潭複GT1-2,K5,76750,2025-01-17 05:25:00,2025-01-17 07:53:00,2.466666666666667,False
燃氣,大潭電廠,潭複GT1-2,K5,76750,2025-01-31 03:30:00,2025-01-31 06:47:00,3.283333333333333,False
燃氣,大潭電廠,潭複GT1-3,K5,76750,2025-01-01 04:00:00,2025-01-01 16:15:00,12.25,False
燃氣,大潭電廠,潭複GT1-3,K5,76750,2025-01-02 04:33:00,2025-01-02 07:45:00,3.2,False
燃氣,大潭電廠,潭複GT1-3,K5,76750,2025-01-03 05:00:00,2025-01-03 07:18:00,2.3,False
燃氣,大潭電廠,潭複GT1-3,K5,76750,2025-01-13 02:42:00,2025-01-13 05:11:00,2.4833333333333334,False
燃氣,大潭電廠,潭複GT1-3,K5,76750,2025-01-14 03:30:00,2025-01-14 06:30:00,3.0,False
燃氣,大潭電廠,潭複GT1-3,K5,76750,2025-01-15 04:10:00,2025-01-15 06:44:00,2.566666666666667,False
燃氣,大潭電廠,潭複GT1-3,KK,0,2025-01-15 08:40:00,2025-01-15 16:00:00,7.333333333333333,False
燃氣,大潭電廠,潭複GT1-3,K5,76750,2025-01-16 04:50:00,2025-01-16 07:27:00,2.6166666666666667,False
燃氣,大潭電廠,潭複GT1-3,K5,76750,2025-01-17 05:25:00,2025-01-17 07:53:00,2.466666666666667,False
燃氣,大潭電廠,潭複GT1-3,K5,76750,2025-01-31 03:30:00,2025-01-31 06:47:00,3.283333333333333,False
燃氣,大潭電廠,潭複GT2-1,K5,76750,2025-01-01 05:40:00,2025-01-01 07:00:00,1.3333333333333333,False
燃氣,大潭電廠,潭複GT2-1,K5,76750,2025-01-02 04:33:00,2025-01-02 07:45:00,3.2,False
燃氣,大潭電廠,潭複GT2-1,K5,76750,2025-01-03 05:00:00,2025-01-03 07:18:00,2.3,False
燃氣,大潭電廠,潭複GT2-1,K5,76750,2025-01-13 02:42:00,2025-01-13 05:11:00,2.4833333333333334,False
燃氣,大潭電廠,潭複GT2-1,K5,76750,2025-01-14 03:30:00,2025-01-14 06:30:00,3.0,False
燃氣,大潭電廠,潭複GT2-1,K5,76750,2025-01-15 04:10:00,2025-01-15 06:44:00,2.566666666666667,False
燃氣,大潭電廠,潭複GT2-1,K5,76750,2025-01-16 04:50:00,2025-01-16 07:27:00,2.6166666666666667,False
燃氣,大潭電廠,潭複GT2-1,K5,76750,2025-01-17 05:25:00,2025-01-17 07:53:00,2.466666666666667,False
燃氣,大潭電廠,潭複GT2-1,K5,76750,2025-01-31 03:30:00,2025-01-31 06:47:00,3.283333333333333,False
燃氣,大潭電廠,潭複GT2-1,K6,153500,2025-01-24 10:34:00,2025-01-27 10:09:00,71.58333333333333,False
燃氣,大潭電廠,潭複GT2-2,K5,76750,2025-01-01 05:40:00,2025-01-01 07:00:00,1.3333333333333333,False
燃氣,大潭電廠,潭複GT2-2,K5,76750,2025-01-02 04:33:00,2025-01-02 07:45:00,3.2,False
燃氣,大潭電廠,潭複GT2-2,K5,76750,2025-01-03 05:00:00,2025-01-03 07:18:00,2.3,False
燃氣,大潭電廠,潭複GT2-2,K5,76750,2025-01-13 02:42:00,2025-01-13 05:11:00,2.4833333333333334,False
燃氣,大潭電廠,潭複GT2-2,K5,76750,2025-01-14 03:30:00,2025-01-14 06:30:00,3.0,False
燃氣,大潭電廠,潭複GT2-2,K5,76750,2025-01-15 04:10:00,2025-01-15 06:44:00,2.566666666666667,False
燃氣,大潭電廠,潭複GT2-2,K5,76750,2025-01-16 04:50:00,2025-01-16 07:27:00,2.6166666666666667,False
燃氣,大潭電廠,潭複GT2-2,K5,76750,2025-01-17 05:25:00,2025-01-17 07:53:00,2.466666666666667,False
燃氣,大潭電廠,潭複GT2-2,K5,76750,2025-01-31 03:30:00,2025-01-31 06:47:00,3.283333333333333,False
燃氣,大潭電廠,潭複GT2-2,K6,153500,2025-01-24 10:34:00,2025-01-27 10:09:00,71.58333333333333,False
燃氣,大潭電廠,潭複GT2-3,K5,76750,2025-01-13 02:42:00,2025-01-13 05:11:00,2.4833333333333334,False
燃氣,大潭電廠,潭複GT2-3,K5,76750,2025-01-14 03:30:00,2025-01-14 06:30:00,3.0,False
燃氣,大潭電廠,潭複GT2-3,K5,76750,2025-01-15 04:10:00,2025-01-15 06:44:00,2.566666666666667,False
燃氣,大潭電廠,潭複GT2-3,K5,76750,2025-01-16 04:50:00,2025-01-16 07:27:00,2.6166666666666667,False
燃氣,大潭電廠,潭複GT2-3,K5,76750,2025-01-17 05:25:00,2025-01-17 07:53:00,2.466666666666667,False
燃氣,大潭電廠,潭複GT2-3,K5,76750,2025-01-31 03:30:00,2025-01-31 06:47:00,3.283333333333333,False
燃氣,大潭電廠,潭複GT2-3,K6,153500,2025-01-01 00:00:00,2025-01-06 13:02:00,133.03333333333333,False
燃氣,大潭電廠,潭複GT2-3,K6,153500,2025-01-24 10:34:00,2025-01-27 10:09:00,71.58333333333333,False
燃氣,大潭電廠,潭複GT3-1,K5,116950,2025-01-01 05:40:00,2025-01-01 07:00:00,1.3333333333333333,False
燃氣,大潭電廠,潭複GT3-1,K5,116950,2025-01-02 04:33:00,2025-01-02 07:45:00,3.2,False
燃氣,大潭電廠,潭複GT3-1,K5,116950,2025-01-03 05:00:00,2025-01-03 07:18:00,2.3,False
燃氣,大潭電廠,潭複GT3-1,K5,116950,2025-01-15 04:10:00,2025-01-15 06:44:00,2.566666666666667,False
燃氣,大潭電廠,潭複GT3-1,K5,116950,2025-01-16 04:50:00,2025-01-16 07:27:00,2.6166666666666667,False
燃氣,大潭電廠,潭複GT3-1,K5,116950,2025-01-31 03:30:00,2025-01-31 06:47:00,3.283333333333333,False
燃氣,大潭電廠,潭複GT3-1,K6,233900,2025-01-08 00:05:00,2025-01-14 13:38:00,157.55,False
燃氣,大潭電廠,潭複GT3-1,K6,233900,2025-01-27 23:51:00,2025-01-30 10:03:00,58.2,False
燃氣,大潭電廠,潭複GT3-2,K5,116950,2025-01-01 05:40:00,2025-01-01 07:00:00,1.3333333333333333,False
燃氣,大潭電廠,潭複GT3-2,K5,116950,2025-01-02 04:33:00,2025-01-02 07:45:00,3.2,False
燃氣,大潭電廠,潭複GT3-2,K5,116950,2025-01-03 05:00:00,2025-01-03 07:18:00,2.3,False
燃氣,大潭電廠,潭複GT3-2,K5,116950,2025-01-13 02:42:00,2025-01-13 05:11:00,2.4833333333333334,False
燃氣,大潭電廠,潭複GT3-2,K5,116950,2025-01-14 03:30:00,2025-01-14 06:30:00,3.0,False
燃氣,大潭電廠,潭複GT3-2,K5,116950,2025-01-16 04:50:00,2025-01-16 07:27:00,2.6166666666666667,False
燃氣,大潭電廠,潭複GT3-2,K5,116950,2025-01-31 03:30:00,2025-01-31 06:47:00,3.283333333333333,False
燃氣,大潭電廠,潭複GT3-2,K6,233900,2025-01-14 23:28:00,2025-01-15 19:07:00,19.65,False
燃氣,大潭電廠,潭複GT3-2,K6,233900,2025-01-27 23:51:00,2025-01-30 10:03:00,58.2,False
燃氣,大潭電廠,潭複GT4-1,KK,0,2025-01-15 10:09:00,2025-01-15 13:16:00,3.1166666666666667,False
燃氣,大潭電廠,潭複GT4-1,K5,116950,2025-01-01 05:40:00,2025-01-01 07:00:00,1.3333333333333333,False
燃氣,大潭電廠,潭複GT4-1,K5,116950,2025-01-02 04:33:00,2025-01-02 07:45:00,3.2,False
燃氣,大潭電廠,潭複GT4-1,K5,116950,2025-01-03 05:00:00,2025-01-03 07:18:00,2.3,False
燃氣,大潭電廠,潭複GT4-1,K5,116950,2025-01-13 02:42:00,2025-01-13 05:11:00,2.4833333333333334,False
燃氣,大潭電廠,潭複GT4-1,K5,116950,2025-01-14 03:30:00,2025-01-14 06:30:00,3.0,False
燃氣,大潭電廠,潭複GT4-1,K5,116950,2025-01-15 04:10:00,2025-01-15 06:44:00,2.566666666666667,False
燃氣,大潭電廠,潭複GT4-1,K5,116950,2025-01-16 04:50:00,2025-01-16 07:27:00,2.6166666666666667,False
燃氣,大潭電廠,潭複GT4-1,K5,116950,2025-01-31 03:30:00,2025-01-31 06:47:00,3.283333333333333,False
燃氣,大潭電廠,潭複GT4-1,K6,233900,2025-01-18 00:00:00,2025-01-18 14:03:00,14.05,False
燃氣,大潭電廠,潭複GT4-2,KK,0,2025-01-15 10:09:00,2025-01-15 13:16:00,3.1166666666666667,False
燃氣,大潭電廠,潭複GT4-2,K5,116950,2025-01-01 05:40:00,2025-01-01 07:00:00,1.3333333333333333,False
燃氣,大潭電廠,潭複GT4-2,K5,116950,2025-01-02 04:33:00,2025-01-02 07:45:00,3.2,False
燃氣,大潭電廠,潭複GT4-2,K5,116950,2025-01-03 05:00:00,2025-01-03 07:18:00,2.3,False
燃氣,大潭電廠,潭複GT4-2,K5,116950,2025-01-13 02:42:00,2025-01-13 05:11:00,2.4833333333333334,False
燃氣,大潭電廠,潭複GT4-2,K5,116950,2025-01-14 03:30:00,2025-01-14 06:30:00,3.0,False
燃氣,大潭電廠,潭複GT4-2,K5,116950,2025-01-15 04:10:00,2025-01-15 06:44:00,2.566666666666667,False
燃氣,大潭電廠,潭複GT4-2,K5,116950,2025-01-16 04:50:00,2025-01-16 07:27:00,2.6166666666666667,False
燃氣,大潭電廠,潭複GT4-2,K5,116950,2025-01-31 03:30:00,2025-01-31 06:47:00,3.283333333333333,False
燃氣,大潭電廠,潭複GT5-1,KK,0,2025-01-16 08:00:00,2025-01-16 15:39:00,7.65,False
燃氣,大潭電廠,潭複GT5-1,K5,116950,2025-01-01 05:40:00,2025-01-01 07:00:00,1.3333333333333333,False
燃氣,大潭電廠,潭複GT5-1,K5,116950,2025-01-02 04:33:00,2025-01-02 07:45:00,3.2,False
燃氣,大潭電廠,潭複GT5-1,K5,116950,2025-01-03 05:00:00,2025-01-03 07:18:00,2.3,False
燃氣,大潭電廠,潭複GT5-1,K5,116950,2025-01-13 02:42:00,2025-01-13 05:11:00,2.4833333333333334,False
燃氣,大潭電廠,潭複GT5-1,K5,116950,2025-01-14 03:30:00,2025-01-14 06:30:00,3.0,False
燃氣,大潭電廠,潭複GT5-1,K5,116950,2025-01-15 04:10:00,2025-01-15 06:44:00,2.566666666666667,False
燃氣,大潭電廠,潭複GT5-1,K5,116950,2025-01-16 04:50:00,2025-01-16 07:27:00,2.6166666666666667,False
燃氣,大潭電廠,潭複GT5-1,K5,116950,2025-01-31 03:30:00,2025-01-31 06:47:00,3.283333333333333,False
燃氣,大潭電廠,潭複GT5-2,K5,116950,2025-01-01 05:40:00,2025-01-01 07:00:00,1.3333333333333333,False
燃氣,大潭電廠,潭複GT5-2,K5,116950,2025-01-02 04:33:00,2025-01-02 07:45:00,3.2,False
燃氣,大潭電廠,潭複GT5-2,K5,116950,2025-01-03 05:00:00,2025-01-03 07:18:00,2.3,False
燃氣,大潭電廠,潭複GT5-2,K5,116950,2025-01-13 02:42:00,2025-01-13 05:11:00,2.4833333333333334,False
燃氣,大潭電廠,潭複GT5-2,K5,116950,2025-01-14 03:30:00,2025-01-14 06:30:00,3.0,False
燃氣,大潭電廠,潭複GT5-2,K5,116950,2025-01-15 04:10:00,2025-01-15 06:44:00,2.566666666666667,False
燃氣,大潭電廠,潭複GT5-2,K5,116950,2025-01-16 04:50:00,2025-01-16 07:27:00,2.6166666666666667,False
燃氣,大潭電廠,潭複GT5-2,K5,116950,2025-01-31 03:30:00,2025-01-31 06:47:00,3.283333333333333,False
燃氣,大潭電廠,潭複GT5-2,KK,0,2025-01-17 09:00:00,2025-01-17 15:58:00,6.966666666666667,False
燃氣,大潭電廠,潭複GT6-1,KK,0,2025-01-19 08:29:00,2025-01-19 09:11:00,0.7,False
燃氣,大潭電廠,潭複GT6-1,K5,116950,2025-01-01 05:40:00,2025-01-01 07:00:00,1.3333333333333333,False
燃氣,大潭電廠,潭複GT6-1,K5,116950,2025-01-02 04:33:00,2025-01-02 07:45:00,3.2,False
燃氣,大潭電廠,潭複GT6-1,K5,116950,2025-01-03 05:00:00,2025-01-03 07:18:00,2.3,False
燃氣,大潭電廠,潭複GT6-1,K5,116950,2025-01-13 02:42:00,2025-01-13 05:11:00,2.4833333333333334,False
燃氣,大潭電廠,潭複GT6-1,K5,116950,2025-01-14 03:30:00,2025-01-14 06:30:00,3.0,False
燃氣,大潭電廠,潭複GT6-1,K5,116950,2025-01-15 04:10:00,2025-01-15 06:44:00,2.566666666666667,False
燃氣,大潭電廠,潭複GT6-1,K5,116950,2025-01-16 04:50:00,2025-01-16 07:27:00,2.6166666666666667,False
燃氣,大潭電廠,潭複GT6-1,K5,116950,2025-01-30 03:09:00,2025-01-30 06:30:00,3.35,False
燃氣,大潭電廠,潭複GT6-1,K5,116950,2025-01-31 03:30:00,2025-01-31 06:47:00,3.283333333333333,False
燃氣,大潭電廠,潭複GT6-1,K6,233900,2025-01-26 23:55:00,2025-01-29 12:06:00,60.18333333333333,False
燃氣,大潭電廠,潭複GT6-2,KK,0,2025-01-19 08:29:00,2025-01-19 09:11:00,0.7,False
燃氣,大潭電廠,潭複GT6-2,K5,116950,2025-01-01 05:40:00,2025-01-01 07:00:00,1.3333333333333333,False
燃氣,大潭電廠,潭複GT6-2,K5,116950,2025-01-02 04:33:00,2025-01-02 07:45:00,3.2,False
燃氣,大潭電廠,潭複GT6-2,K5,116950,2025-01-03 05:00:00,2025-01-03 07:18:00,2.3,False
燃氣,大潭電廠,潭複GT6-2,K5,116950,2025-01-13 02:42:00,2025-01-13 05:11:00,2.4833333333333334,False
燃氣,大潭電廠,潭複GT6-2,K5,116950,2025-01-14 03:30:00,2025-01-14 06:30:00,3.0,False
燃氣,大潭電廠,潭複GT6-2,K5,116950,2025-01-15 04:10:00,2025-01-15 06:44:00,2.566666666666667,False
燃氣,大潭電廠,潭複GT6-2,K5,116950,2025-01-16 04:50:00,2025-01-16 07:27:00,2.6166666666666667,False
燃氣,大潭電廠,潭複GT6-2,K5,116950,2025-01-30 03:09:00,2025-01-30 06:30:00,3.35,False
燃氣,大潭電廠,潭複GT6-2,K5,116950,2025-01-31 03:30:00,2025-01-31 06:47:00,3.283333333333333,False
燃氣,大潭電廠,潭複GT6-2,K6,233900,2025-01-26 23:55:00,2025-01-29 12:06:00,60.18333333333333,False
燃氣,大潭電廠,潭複GT7-1,KK,0,2025-01-01 00:00:00,2025-01-01 08:51:00,8.85,False
燃氣,大潭電廠,潭複GT7-1,K21,0,2025-01-01 08:51:00,2025-01-01 17:05:00,8.233333333333333,False
燃氣,大潭電廠,潭複GT7-1,KK,0,2025-01-01 17:05:00,2025-01-02 09:08:00,16.05,False
燃氣,大潭電廠,潭複GT7-1,K21,0,2025-01-02 09:08:00,2025-01-02 15:45:00,6.616666666666666,False
燃氣,大潭電廠,潭複GT7-1,KK,0,2025-01-02 15:45:00,2025-01-04 09:26:00,41.68333333333333,False
燃氣,大潭電廠,潭複GT7-1,K21,0,2025-01-04 09:26:00,2025-01-04 10:09:00,0.7166666666666667,False
燃氣,大潭電廠,潭複GT7-1,KK,0,2025-01-04 10:09:00,2025-01-05 13:52:00,27.716666666666665,False
燃氣,大潭電廠,潭複GT7-1,K21,0,2025-01-05 13:52:00,2025-01-05 18:05:00,4.216666666666667,False
燃氣,大潭電廠,潭複GT7-1,KK,0,2025-01-05 18:05:00,2025-01-06 14:30:00,20.416666666666668,False
燃氣,大潭電廠,潭複GT7-1,K21,0,2025-01-06 14:30:00,2025-01-06 17:01:00,2.5166666666666666,False
燃氣,大潭電廠,潭複GT7-1,KK,0,2025-01-06 17:01:00,2025-01-07 09:45:00,16.733333333333334,False
燃氣,大潭電廠,潭複GT7-1,K21,0,2025-01-07 09:45:00,2025-01-07 11:13:00,1.4666666666666666,False
燃氣,大潭電廠,潭複GT7-1,KK,0,2025-01-07 11:13:00,2025-01-24 15:57:00,412.73333333333335,False
燃氣,大潭電廠,潭複GT7-1,K21,0,2025-01-24 15:57:00,2025-01-24 16:36:00,0.65,False
燃氣,大潭電廠,潭複GT7-1,KK,0,2025-01-24 16:36:00,2025-01-25 09:21:00,16.75,False
燃氣,大潭電廠,潭複GT7-1,K21,0,2025-01-25 09:21:00,2025-01-25 10:42:00,1.35,False
燃氣,大潭電廠,潭複GT7-1,K21,0,2025-01-25 18:29:00,2025-01-25 19:15:00,0.7666666666666667,False
燃氣,大潭電廠,潭複GT7-1,KK,0,2025-01-25 10:42:00,2025-01-25 18:29:00,7.783333333333333,False
燃氣,大潭電廠,潭複GT7-1,KK,0,2025-01-25 19:15:00,2025-01-26 10:29:00,15.233333333333333,False
燃氣,大潭電廠,潭複GT7-1,K21,0,2025-01-26 10:29:00,2025-01-26 19:06:00,8.616666666666667,False
燃氣,大潭電廠,潭複GT7-1,KK,0,2025-01-26 19:06:00,2025-01-27 10:50:00,15.733333333333333,False
燃氣,大潭電廠,潭複GT7-1,K21,0,2025-01-27 10:50:00,2025-01-27 16:40:00,5.833333333333333,False
燃氣,大潭電廠,潭複GT7-1,KK,0,2025-01-27 16:40:00,2025-01-31 23:59:00,103.31666666666666,False
燃氣,大潭電廠,潭複GT7-2,KK,0,2025-01-01 00:00:00,2025-01-01 09:39:00,9.65,False
燃氣,大潭電廠,潭複GT7-2,K21,0,2025-01-01 09:39:00,2025-01-01 17:05:00,7.433333333333334,False
燃氣,大潭電廠,潭複GT7-2,KK,0,2025-01-01 17:05:00,2025-01-02 08:51:00,15.766666666666667,False
燃氣,大潭電廠,潭複GT7-2,K21,0,2025-01-02 08:51:00,2025-01-02 15:45:00,6.9,False
燃氣,大潭電廠,潭複GT7-2,KK,0,2025-01-02 15:45:00,2025-01-04 13:51:00,46.1,False
燃氣,大潭電廠,潭複GT7-2,K21,0,2025-01-04 13:51:00,2025-01-04 16:27:00,2.6,False
燃氣,大潭電廠,潭複GT7-2,KK,0,2025-01-04 16:27:00,2025-01-24 15:24:00,478.95,False
燃氣,大潭電廠,潭複GT7-2,K21,0,2025-01-24 15:24:00,2025-01-24 15:38:00,0.23333333333333334,False
燃氣,大潭電廠,潭複GT7-2,KK,0,2025-01-24 15:38:00,2025-01-25 10:19:00,18.683333333333334,False
燃氣,大潭電廠,潭複GT7-2,K21,0,2025-01-25 10:19:00,2025-01-25 10:42:00,0.38333333333333336,False
燃氣,大潭電廠,潭複GT7-2,K21,0,2025-01-25 15:47:00,2025-01-25 16:32:00,0.75,False
燃氣,大潭電廠,潭複GT7-2,KK,0,2025-01-25 10:42:00,2025-01-25 15:47:00,5.083333333333333,False
燃氣,大潭電廠,潭複GT7-2,KK,0,2025-01-25 16:32:00,2025-01-26 09:03:00,16.516666666666666,False
燃氣,大潭電廠,潭複GT7-2,K21,0,2025-01-26 09:03:00,2025-01-26 19:06:00,10.05,False
燃氣,大潭電廠,潭複GT7-2,KK,0,2025-01-26 19:06:00,2025-01-27 10:18:00,15.2,False
燃氣,大潭電廠,潭複GT7-2,K21,0,2025-01-27 10:18:00,2025-01-27 16:40:00,6.366666666666666,False
燃氣,大潭電廠,潭複GT7-2,KK,0,2025-01-27 16:40:00,2025-01-31 23:59:00,103.31666666666666,False
燃氣,大潭電廠,潭複GT8-1,K6,366395,2025-01-01 00:00:00,2025-01-01 11:19:00,11.316666666666666,False
燃氣,大潭電廠,潭複GT8-1,K21,0,2025-01-01 11:19:00,2025-01-01 13:43:00,2.4,False
燃氣,大潭電廠,潭複GT8-1,K6,366395,2025-01-01 13:43:00,2025-01-03 10:30:00,44.78333333333333,False
燃氣,大潭電廠,潭複GT8-1,K21,0,2025-01-03 10:30:00,2025-01-03 12:46:00,2.2666666666666666,False
燃氣,大潭電廠,潭複GT8-1,K6,366395,2025-01-03 12:46:00,2025-01-07 00:00:00,83.23333333333333,False
燃氣,大潭電廠,潭複GT8-1,K7,366395,2025-01-07 00:00:00,2025-01-08 11:05:00,35.083333333333336,True
燃氣,大潭電廠,潭複GT8-1,K21,0,2025-01-08 11:05:00,2025-01-11 00:00:00,60.916666666666664,False
燃氣,大潭電廠,潭複GT8-1,K7,366395,2025-01-11 00:00:00,2025-01-11 12:03:00,12.05,True
燃氣,大潭電廠,潭複GT8-1,K21,0,2025-01-11 12:03:00,2025-01-11 16:16:00,4.216666666666667,False
燃氣,大潭電廠,潭複GT8-2,K6,366395,2025-01-01 00:00:00,2025-01-31 23:59:00,743.9833333333333,False
燃氣,大潭電廠,潭複GT9-1,K8,0,2025-01-01 00:00:00,2025-01-03 21:42:00,69.7,False
燃氣,大潭電廠,潭複GT9-1,K8,0,2025-01-05 15:53:00,2025-01-08 15:52:00,71.98333333333333,False
燃氣,大潭電廠,潭複GT9-1,K8,0,2025-01-11 16:04:00,2025-01-11 16:06:00,0.03333333333333333,False
燃氣,大潭電廠,潭複GT9-1,K8,0,2025-01-11 16:40:00,2025-01-12 17:35:00,24.916666666666668,False
燃氣,大潭電廠,潭複GT9-1,K8,0,2025-01-13 17:15:00,2025-01-28 19:28:00,362.21666666666664,False
燃氣,大潭電廠,潭複GT9-1,K8,0,2025-01-28 20:25:00,2025-01-30 23:00:00,50.583333333333336,False
燃氣,大潭電廠,潭複GT9-2,K8,0,2025-01-01 00:00:00,2025-01-03 21:42:00,69.7,False
燃氣,大潭電廠,潭複GT9-2,K8,0,2025-01-05 16:26:00,2025-01-14 10:53:00,210.45,False
燃氣,大潭電廠,潭複GT9-2,K8,0,2025-01-28 19:00:00,2025-01-28 19:26:00,0.43333333333333335,False
燃氣,大潭電廠,潭複GT9-2,K8,0,2025-01-28 21:46:00,2025-01-31 23:59:00,74.21666666666667,False
燃氣,大潭電廠,潭複ST1,K5,141100,2025-01-01 04:00:00,2025-01-01 16:15:00,12.25,False
燃氣,大潭電廠,潭複ST1,K5,141100,2025-01-02 04:33:00,2025-01-02 07:45:00,3.2,False
燃氣,大潭電廠,潭複ST1,K5,141100,2025-01-03 05:00:00,2025-01-03 07:18:00,2.3,False
燃氣,大潭電廠,潭複ST1,K5,141100,2025-01-13 02:42:00,2025-01-13 05:11:00,2.4833333333333334,False
燃氣,大潭電廠,潭複ST1,K5,141100,2025-01-14 03:30:00,2025-01-14 06:30:00,3.0,False
燃氣,大潭電廠,潭複ST1,K5,141100,2025-01-15 04:10:00,2025-01-15 06:44:00,2.566666666666667,False
燃氣,大潭電廠,潭複ST1,K5,141100,2025-01-16 04:50:00,2025-01-16 07:27:00,2.6166666666666667,False
燃氣,大潭電廠,潭複ST1,K5,141100,2025-01-17 05:25:00,2025-01-17 07:53:00,2.466666666666667,False
燃氣,大潭電廠,潭複ST1,K5,141100,2025-01-31 03:30:00,2025-01-31 06:47:00,3.283333333333333,False
燃氣,大潭電廠,潭複ST2,K5,141100,2025-01-01 05:40:00,2025-01-01 07:00:00,1.3333333333333333,False
燃氣,大潭電廠,潭複ST2,K5,141100,2025-01-02 04:33:00,2025-01-02 07:45:00,3.2,False
燃氣,大潭電廠,潭複ST2,K5,141100,2025-01-03 05:00:00,2025-01-03 07:18:00,2.3,False
燃氣,大潭電廠,潭複ST2,K5,141100,2025-01-13 02:42:00,2025-01-13 05:11:00,2.4833333333333334,False
燃氣,大潭電廠,潭複ST2,K5,141100,2025-01-14 03:30:00,2025-01-14 06:30:00,3.0,False
燃氣,大潭電廠,潭複ST2,K5,141100,2025-01-15 04:10:00,2025-01-15 06:44:00,2.566666666666667,False
燃氣,大潭電廠,潭複ST2,K5,141100,2025-01-16 04:50:00,2025-01-16 07:27:00,2.6166666666666667,False
燃氣,大潭電廠,潭複ST2,K5,141100,2025-01-17 05:25:00,2025-01-17 07:53:00,2.466666666666667,False
燃氣,大潭電廠,潭複ST2,K5,141100,2025-01-31 03:30:00,2025-01-31 06:47:00,3.283333333333333,False
燃氣,大潭電廠,潭複ST2,K6,282200,2025-01-24 10:34:00,2025-01-27 10:09:00,71.58333333333333,False
燃氣,大潭電廠,潭複ST3,K5,128450,2025-01-01 05:40:00,2025-01-01 07:00:00,1.3333333333333333,False
燃氣,大潭電廠,潭複ST3,K5,128450,2025-01-02 04:33:00,2025-01-02 07:45:00,3.2,False
燃氣,大潭電廠,潭複ST3,K5,128450,2025-01-03 05:00:00,2025-01-03 07:18:00,2.3,False
燃氣,大潭電廠,潭複ST3,K5,128450,2025-01-13 02:42:00,2025-01-13 05:11:00,2.4833333333333334,False
燃氣,大潭電廠,潭複ST3,K5,128450,2025-01-14 03:30:00,2025-01-14 06:30:00,3.0,False
燃氣,大潭電廠,潭複ST3,K5,128450,2025-01-15 04:10:00,2025-01-15 06:44:00,2.566666666666667,False
燃氣,大潭電廠,潭複ST3,K5,128450,2025-01-16 04:50:00,2025-01-16 07:27:00,2.6166666666666667,False
燃氣,大潭電廠,潭複ST3,K5,128450,2025-01-31 03:30:00,2025-01-31 06:47:00,3.283333333333333,False
燃氣,大潭電廠,潭複ST3,K6,256900,2025-01-27 23:51:00,2025-01-30 10:03:00,58.2,False
燃氣,大潭電廠,潭複ST4,KK,0,2025-01-15 10:09:00,2025-01-15 13:16:00,3.1166666666666667,False
燃氣,大潭電廠,潭複ST4,K5,128450,2025-01-01 05:40:00,2025-01-01 07:00:00,1.3333333333333333,False
燃氣,大潭電廠,潭複ST4,K5,128450,2025-01-02 04:33:00,2025-01-02 07:45:00,3.2,False
燃氣,大潭電廠,潭複ST4,K5,128450,2025-01-03 05:00:00,2025-01-03 07:18:00,2.3,False
燃氣,大潭電廠,潭複ST4,K5,128450,2025-01-13 02:42:00,2025-01-13 05:11:00,2.4833333333333334,False
燃氣,大潭電廠,潭複ST4,K5,128450,2025-01-14 03:30:00,2025-01-14 06:30:00,3.0,False
燃氣,大潭電廠,潭複ST4,K5,128450,2025-01-15 04:10:00,2025-01-15 06:44:00,2.566666666666667,False
燃氣,大潭電廠,潭複ST4,K5,128450,2025-01-16 04:50:00,2025-01-16 07:27:00,2.6166666666666667,False
燃氣,大潭電廠,潭複ST4,K5,128450,2025-01-31 03:30:00,2025-01-31 06:47:00,3.283333333333333,False
燃氣,大潭電廠,潭複ST5,K5,128450,2025-01-01 05:40:00,2025-01-01 07:00:00,1.3333333333333333,False
燃氣,大潭電廠,潭複ST5,K5,128450,2025-01-02 04:33:00,2025-01-02 07:45:00,3.2,False
燃氣,大潭電廠,潭複ST5,K5,128450,2025-01-03 05:00:00,2025-01-03 07:18:00,2.3,False
燃氣,大潭電廠,潭複ST5,K5,128450,2025-01-13 02:42:00,2025-01-13 05:11:00,2.4833333333333334,False
燃氣,大潭電廠,潭複ST5,K5,128450,2025-01-14 03:30:00,2025-01-14 06:30:00,3.0,False
燃氣,大潭電廠,潭複ST5,K5,128450,2025-01-15 04:10:00,2025-01-15 06:44:00,2.566666666666667,False
燃氣,大潭電廠,潭複ST5,K5,128450,2025-01-16 04:50:00,2025-01-16 07:27:00,2.6166666666666667,False
燃氣,大潭電廠,潭複ST5,K5,128450,2025-01-31 03:30:00,2025-01-31 06:47:00,3.283333333333333,False
燃氣,大潭電廠,潭複ST6,KK,0,2025-01-19 08:29:00,2025-01-19 09:11:00,0.7,False
燃氣,大潭電廠,潭複ST6,K5,128450,2025-01-01 05:40:00,2025-01-01 07:00:00,1.3333333333333333,False
燃氣,大潭電廠,潭複ST6,K5,128450,2025-01-02 04:33:00,2025-01-02 07:45:00,3.2,False
燃氣,大潭電廠,潭複ST6,K5,128450,2025-01-03 05:00:00,2025-01-03 07:18:00,2.3,False
燃氣,大潭電廠,潭複ST6,K5,128450,2025-01-13 02:42:00,2025-01-13 05:11:00,2.4833333333333334,False
燃氣,大潭電廠,潭複ST6,K5,128450,2025-01-14 03:30:00,2025-01-14 06:30:00,3.0,False
燃氣,大潭電廠,潭複ST6,K5,128450,2025-01-15 04:10:00,2025-01-15 06:44:00,2.566666666666667,False
燃氣,大潭電廠,潭複ST6,K5,128450,2025-01-16 04:50:00,2025-01-16 07:27:00,2.6166666666666667,False
燃氣,大潭電廠,潭複ST6,K5,128450,2025-01-30 03:09:00,2025-01-30 06:30:00,3.35,False
燃氣,大潭電廠,潭複ST6,K5,128450,2025-01-31 03:30:00,2025-01-31 06:47:00,3.283333333333333,False
燃氣,大潭電廠,潭複ST6,K6,256900,2025-01-26 23:55:00,2025-01-29 12:06:00,60.18333333333333,False
燃氣,大潭電廠,潭複ST8,K7,390839,2025-01-17 14:06:00,2025-01-17 17:49:00,3.716666666666667,True
燃氣,大潭電廠,潭複ST9,K8,0,2025-01-01 00:00:00,2025-01-03 21:42:00,69.7,False
燃氣,大潭電廠,潭複ST9,K8,0,2025-01-05 20:16:00,2025-01-22 16:12:00,403.93333333333334,False
燃氣,大潭電廠,潭複ST9,K8,0,2025-01-22 16:31:00,2025-01-28 19:28:00,146.95,False
燃氣,大潭電廠,潭複ST9,K8,0,2025-01-28 20:45:00,2025-01-31 23:59:00,75.23333333333333,False
燃氣,通霄電廠,通複GT1-1,K10,290100,2025-01-01 00:00:00,2025-01-31 23:59:00,743.9833333333333,False
燃氣,通霄電廠,通複GT1-2,K10,290100,2025-01-01 00:00:00,2025-01-31 23:59:00,743.9833333333333,False
燃氣,通霄電廠,通複ST1,K3,312400,2025-01-01 00:00:00,2025-01-31 23:59:00,743.9833333333333,False
燃氣,通霄電廠,通複GT2-1,K5,12100,2025-01-04 10:00:00,2025-01-04 11:05:00,1.0833333333333333,False
燃氣,通霄電廠,通複ST2,K5,54400,2025-01-04 10:00:00,2025-01-04 11:05:00,1.0833333333333333,False
燃氣,通霄電廠,通複ST2,K5,32400,2025-01-14 00:00:00,2025-01-31 23:59:00,431.98333333333335,False
燃氣,通霄電廠,通複GT3-1,KK,44100,2025-01-13 11:10:00,2025-01-13 15:32:00,4.366666666666666,False
燃氣,通霄電廠,通複GT4-1,K5,21000,2025-01-01 00:00:00,2025-01-31 23:59:00,743.9833333333333,False
燃氣,通霄電廠,通複GT4-1,KK,22000,2025-01-07 09:00:00,2025-01-07 18:00:00,9.0,False
燃氣,通霄電廠,通複GT4-2,K5,21000,2025-01-01 00:00:00,2025-01-31 23:59:00,743.9833333333333,False
燃氣,通霄電廠,通複GT4-2,KK,21000,2025-01-07 09:00:00,2025-01-07 18:00:00,9.0,False
燃氣,通霄電廠,通複GT4-3,K5,21000,2025-01-01 00:00:00,2025-01-31 23:59:00,743.9833333333333,False
燃氣,通霄電廠,通複GT4-3,KK,21000,2025-01-07 09:00:00,2025-01-07 18:00:00,9.0,False
燃氣,通霄電廠,通複ST4,K5,21000,2025-01-01 00:00:00,2025-01-31 23:59:00,743.9833333333333,False
燃氣,通霄電廠,通複ST4,KK,15000,2025-01-07 09:00:00,2025-01-07 18:00:00,9.0,False
燃氣,通霄電廠,通複GT5-1,K5,6000,2025-01-01 00:00:00,2025-01-31 23:59:00,743.9833333333333,False
燃氣,通霄電廠,通複GT5-1,KK,6000,2025-01-08 09:00:00,2025-01-08 18:00:00,9.0,False
燃氣,通霄電廠,通複GT5-1,K5,42000,2025-01-16 00:00:00,2025-01-23 15:00:00,183.0,False
燃氣,通霄電廠,通複GT5-1,K5,86000,2025-01-24 00:00:00,2025-01-31 23:59:00,191.98333333333332,False
燃氣,通霄電廠,通複GT5-2,K5,16000,2025-01-01 00:00:00,2025-01-31 23:59:00,743.9833333333333,False
燃氣,通霄電廠,通複GT5-2,KK,16000,2025-01-08 09:00:00,2025-01-08 18:00:00,9.0,False
燃氣,通霄電廠,通複GT5-2,K5,42000,2025-01-16 00:00:00,2025-01-23 15:00:00,183.0,False
燃氣,通霄電廠,通複GT5-2,K5,86000,2025-01-24 00:00:00,2025-01-31 23:59:00,191.98333333333332,False
燃氣,通霄電廠,通複GT5-3,K5,16000,2025-01-01 00:00:00,2025-01-31 23:59:00,743.9833333333333,False
燃氣,通霄電廠,通複GT5-3,K6,86000,2025-01-04 00:29:00,2025-01-10 15:00:00,158.51666666666668,False
燃氣,通霄電廠,通複GT5-3,KK,86000,2025-01-08 09:00:00,2025-01-08 18:00:00,9.0,False
燃氣,通霄電廠,通複GT5-3,KK,31000,2025-01-13 09:27:00,2025-01-15 13:30:00,52.05,False
燃氣,通霄電廠,通複GT5-3,K5,21000,2025-01-14 00:00:00,2025-01-31 23:59:00,431.98333333333335,False
燃氣,通霄電廠,通複GT5-3,K5,41000,2025-01-16 00:00:00,2025-01-23 15:00:00,183.0,False
燃氣,通霄電廠,通複GT5-3,K5,86000,2025-01-24 00:00:00,2025-01-31 23:59:00,191.98333333333332,False
燃氣,通霄電廠,通複ST5,K5,11000,2025-01-01 00:00:00,2025-01-31 23:59:00,743.9833333333333,False
燃氣,通霄電廠,通複ST5,KK,49000,2025-01-08 09:00:00,2025-01-08 18:00:00,9.0,False
燃氣,通霄電廠,通複ST5,K5,33000,2025-01-16 00:00:00,2025-01-23 15:00:00,183.0,False
燃氣,通霄電廠,通複ST5,K5,128000,2025-01-24 00:00:00,2025-01-31 23:59:00,191.98333333333332,False
燃氣,通霄電廠,通複GT6-1,KK,6000,2025-01-06 09:00:00,2025-01-06 18:00:00,9.0,False
燃氣,通霄電廠,通複GT6-1,K6,106000,2025-01-12 16:00:00,2025-01-22 15:16:00,239.26666666666668,False
燃氣,通霄電廠,通複GT6-1,K4,106000,2025-01-23 03:50:00,2025-01-23 13:45:00,9.916666666666666,True
燃氣,通霄電廠,通複GT6-1,KK,26000,2025-01-23 17:00:00,2025-01-25 21:00:00,52.0,False
燃氣,通霄電廠,通複GT6-1,K5,9200,2025-01-26 00:00:00,2025-01-31 23:59:00,143.98333333333332,False
燃氣,通霄電廠,通複GT6-2,KK,26000,2025-01-01 00:00:00,2025-01-02 16:06:00,40.1,False
燃氣,通霄電廠,通複GT6-2,KK,5000,2025-01-06 09:00:00,2025-01-06 18:00:00,9.0,False
燃氣,通霄電廠,通複ST6,KK,9200,2025-01-06 09:00:00,2025-01-06 18:00:00,9.0,False
燃氣,通霄電廠,通霄GT9-1,KK,29142,2025-01-06 16:06:00,2025-01-06 17:02:00,0.9333333333333333,False
燃氣,通霄電廠,通霄GT9-2,KK,27142,2025-01-07 14:17:00,2025-01-08 09:25:00,19.133333333333333,False
燃氣,通霄電廠,通霄GT9-3,KK,26142,2025-01-08 11:05:00,2025-01-08 15:37:00,4.533333333333333,False
燃氣,通霄電廠,通霄GT9-4,KK,28142,2025-01-09 09:27:00,2025-01-09 12:40:00,3.216666666666667,False
燃氣,通霄電廠,通霄GT9-4,K6,30142,2025-01-16 08:10:00,2025-01-16 16:49:00,8.65,False
燃氣,通霄電廠,通霄GT9-5,KK,25142,2025-01-10 09:11:00,2025-01-10 11:53:00,2.7,False
燃氣,通霄電廠,通霄GT9-5,K6,30142,2025-01-14 07:00:00,2025-01-14 16:30:00,9.5,False
燃氣,通霄電廠,通霄GT9-5,K6,30142,2025-01-17 07:15:00,2025-01-17 13:35:00,6.333333333333333,False
燃氣,通霄電廠,通霄GT9-6,KK,25142,2025-01-10 12:29:00,2025-01-10 16:29:00,4.0,False
燃氣,通霄電廠,通霄GT9-6,KK,30142,2025-01-15 08:18:00,2025-01-15 14:50:00,6.533333333333333,False
燃煤,台中電廠,#1,K5,180000,2025-01-01 00:00:00,2025-01-06 06:33:00,126.55,False
燃煤,台中電廠,#1,K5,290000,2025-01-06 06:33:00,2025-01-06 06:51:00,0.3,False
燃煤,台中電廠,#1,K5,240000,2025-01-06 06:51:00,2025-01-13 06:00:00,167.15,False
燃煤,台中電廠,#1,K5,150000,2025-01-13 06:00:00,2025-01-13 06:26:00,0.43333333333333335,False
燃煤,台中電廠,#1,K5,130000,2025-01-13 06:26:00,2025-01-20 06:02:00,167.6,False
燃煤,台中電廠,#1,K5,290000,2025-01-20 06:02:00,2025-01-20 06:26:00,0.4,False
燃煤,台中電廠,#1,K5,140000,2025-01-20 06:26:00,2025-01-20 14:40:00,8.233333333333333,False
燃煤,台中電廠,#1,KK,20000,2025-01-20 14:40:00,2025-01-20 19:33:00,4.883333333333334,False
燃煤,台中電廠,#1,K5,130000,2025-01-20 19:33:00,2025-01-21 08:28:00,12.916666666666666,False
燃煤,台中電廠,#1,KK,250000,2025-01-21 08:28:00,2025-01-21 15:00:00,6.533333333333333,False
燃煤,台中電廠,#1,K5,190000,2025-01-21 15:00:00,2025-01-27 05:59:00,134.98333333333332,False
燃煤,台中電廠,#1,K5,290000,2025-01-27 05:59:00,2025-01-27 06:25:00,0.43333333333333335,False
燃煤,台中電廠,#1,K5,260000,2025-01-27 06:25:00,2025-01-31 23:59:00,113.56666666666666,False
燃煤,台中電廠,#2,K10,550000,2025-01-01 00:00:00,2025-01-13 12:12:00,300.2,False
燃煤,台中電廠,#2,K5,440000,2025-01-13 16:30:00,2025-01-14 17:07:00,24.616666666666667,False
燃煤,台中電廠,#2,K5,150000,2025-01-14 17:07:00,2025-01-21 14:00:00,164.88333333333333,False
燃煤,台中電廠,#2,K5,80000,2025-01-21 14:00:00,2025-01-21 15:10:00,1.1666666666666667,False
燃煤,台中電廠,#2,K5,40000,2025-01-21 15:10:00,2025-01-22 08:00:00,16.833333333333332,False
燃煤,台中電廠,#2,KK,10000,2025-01-22 08:00:00,2025-01-22 16:20:00,8.333333333333334,False
燃煤,台中電廠,#2,K5,260000,2025-01-22 16:20:00,2025-01-27 06:25:00,110.08333333333333,False
燃煤,台中電廠,#2,K5,300000,2025-01-27 06:25:00,2025-01-27 06:55:00,0.5,False
燃煤,台中電廠,#2,K5,260000,2025-01-27 06:55:00,2025-01-31 23:59:00,113.06666666666666,False
燃煤,台中電廠,#3,K5,160000,2025-01-01 00:00:00,2025-01-02 12:46:00,36.766666666666666,False
燃煤,台中電廠,#3,KK,100000,2025-01-02 12:46:00,2025-01-02 16:00:00,3.2333333333333334,False
燃煤,台中電廠,#3,K5,180000,2025-01-02 16:00:00,2025-01-07 06:23:00,110.38333333333334,False
燃煤,台中電廠,#3,K5,200000,2025-01-07 06:23:00,2025-01-07 06:50:00,0.45,False
燃煤,台中電廠,#3,K5,230000,2025-01-07 06:50:00,2025-01-14 00:00:00,161.16666666666666,False
燃煤,台中電廠,#3,K10,550000,2025-01-14 01:52:00,2025-01-31 23:59:00,430.1166666666667,False
燃煤,台中電廠,#4,K5,160000,2025-01-01 00:00:00,2025-01-04 22:25:00,94.41666666666667,False
燃煤,台中電廠,#4,K5,50000,2025-01-04 22:25:00,2025-01-05 00:00:00,1.5833333333333333,False
燃煤,台中電廠,#4,K5,180000,2025-01-05 00:00:00,2025-01-07 06:00:00,54.0,False
燃煤,台中電廠,#4,K5,200000,2025-01-07 06:00:00,2025-01-07 06:23:00,0.38333333333333336,False
燃煤,台中電廠,#4,K5,230000,2025-01-07 06:23:00,2025-01-21 06:09:00,335.76666666666665,False
燃煤,台中電廠,#4,K5,190000,2025-01-21 06:09:00,2025-01-21 06:32:00,0.38333333333333336,False
燃煤,台中電廠,#4,K5,80000,2025-01-21 06:32:00,2025-01-23 08:16:00,49.733333333333334,False
燃煤,台中電廠,#4,KK,50000,2025-01-23 08:16:00,2025-01-23 17:48:00,9.533333333333333,False
燃煤,台中電廠,#4,K5,250000,2025-01-23 17:48:00,2025-01-28 06:03:00,108.25,False
燃煤,台中電廠,#4,K5,300000,2025-01-28 06:03:00,2025-01-28 06:29:00,0.43333333333333335,False
燃煤,台中電廠,#4,K5,250000,2025-01-28 06:29:00,2025-01-31 23:59:00,89.5,False
燃煤,台中電廠,#5,K5,250000,2025-01-01 00:00:00,2025-01-01 06:20:00,6.333333333333333,False
燃煤,台中電廠,#5,K5,240000,2025-01-01 06:20:00,2025-01-01 06:40:00,0.3333333333333333,False
燃煤,台中電廠,#5,K5,300000,2025-01-01 06:40:00,2025-01-01 13:35:00,6.916666666666667,False
燃煤,台中電廠,#5,K5,250000,2025-01-01 13:35:00,2025-01-08 06:39:00,161.06666666666666,False
燃煤,台中電廠,#5,K5,270000,2025-01-08 06:39:00,2025-01-08 07:07:00,0.4666666666666667,False
燃煤,台中電廠,#5,K5,350000,2025-01-08 07:07:00,2025-01-08 20:38:00,13.516666666666667,False
燃煤,台中電廠,#5,KK,550000,2025-01-08 20:38:00,2025-01-19 11:12:00,254.56666666666666,False
燃煤,台中電廠,#5,K5,300000,2025-01-20 00:00:00,2025-01-26 22:07:00,166.11666666666667,False
燃煤,台中電廠,#5,K6,550000,2025-01-26 22:07:00,2025-01-31 10:20:00,108.21666666666667,False
燃煤,台中電廠,#5,KK,550000,2025-01-31 10:20:00,2025-01-31 23:59:00,13.65,False
燃煤,台中電廠,#6,K5,70000,2025-01-01 00:00:00,2025-01-01 06:19:00,6.316666666666666,False
燃煤,台中電廠,#6,K5,250000,2025-01-01 06:19:00,2025-01-08 06:39:00,168.33333333333334,False
燃煤,台中電廠,#6,K5,300000,2025-01-08 06:39:00,2025-01-15 06:04:00,167.41666666666666,False
燃煤,台中電廠,#6,K5,50000,2025-01-15 06:04:00,2025-01-15 06:21:00,0.2833333333333333,False
燃煤,台中電廠,#6,K5,300000,2025-01-15 06:21:00,2025-01-23 00:00:00,185.65,False
燃煤,台中電廠,#6,K6,550000,2025-01-23 00:35:00,2025-01-27 20:53:00,116.3,False
燃煤,台中電廠,#6,K5,300000,2025-01-28 00:00:00,2025-01-31 23:59:00,95.98333333333333,False
燃煤,台中電廠,#7,K5,300000,2025-01-01 00:00:00,2025-01-09 06:52:00,198.86666666666667,False
燃煤,台中電廠,#7,K5,270000,2025-01-09 06:52:00,2025-01-09 07:08:00,0.26666666666666666,False
燃煤,台中電廠,#7,K5,250000,2025-01-09 07:08:00,2025-01-16 06:30:00,167.36666666666667,False
燃煤,台中電廠,#7,K5,300000,2025-01-16 06:30:00,2025-01-30 06:07:00,335.6166666666667,False
燃煤,台中電廠,#7,K5,200000,2025-01-30 06:07:00,2025-01-30 06:24:00,0.2833333333333333,False
燃煤,台中電廠,#7,K5,290000,2025-01-30 06:24:00,2025-01-31 23:59:00,41.583333333333336,False
燃煤,台中電廠,#8,K5,300000,2025-01-01 00:00:00,2025-01-02 06:17:00,30.283333333333335,False
燃煤,台中電廠,#8,K5,290000,2025-01-02 06:17:00,2025-01-09 06:52:00,168.58333333333334,False
燃煤,台中電廠,#8,K5,300000,2025-01-09 06:52:00,2025-01-16 06:31:00,167.65,False
燃煤,台中電廠,#8,K5,250000,2025-01-16 06:31:00,2025-01-16 06:50:00,0.31666666666666665,False
燃煤,台中電廠,#8,K5,290000,2025-01-16 06:50:00,2025-01-21 14:00:00,127.16666666666667,False
燃煤,台中電廠,#8,K5,30000,2025-01-21 14:00:00,2025-01-21 20:00:00,6.0,False
燃煤,台中電廠,#8,K5,20000,2025-01-21 20:00:00,2025-01-22 10:00:00,14.0,False
燃煤,台中電廠,#8,K5,2000,2025-01-22 10:00:00,2025-01-22 16:00:00,6.0,False
燃煤,台中電廠,#8,K5,50000,2025-01-22 16:00:00,2025-01-23 06:13:00,14.216666666666667,False
燃煤,台中電廠,#8,K5,100000,2025-01-23 06:13:00,2025-01-30 06:24:00,168.18333333333334,False
燃煤,台中電廠,#8,K5,200000,2025-01-30 06:24:00,2025-01-30 06:53:00,0.48333333333333334,False
燃煤,台中電廠,#8,K5,290000,2025-01-30 06:53:00,2025-01-31 23:59:00,41.1,False
燃煤,台中電廠,#9,K10,550000,2025-01-01 00:00:00,2025-01-31 23:59:00,743.9833333333333,False
燃煤,台中電廠,#10,K10,550000,2025-01-01 00:00:00,2025-01-31 23:59:00,743.9833333333333,False
燃煤,興達電廠,#3,K10,550000,2025-01-01 00:00:00,2025-01-31 23:59:00,743.9833333333333,False
燃煤,興達電廠,#4,K2,550000,2025-01-01 00:00:00,2025-01-31 23:59:00,743.9833333333333,False
燃氣,興達電廠,興複GT1-1,K10,90830,2025-01-01 00:00:00,2025-01-31 23:59:00,743.9833333333333,False
燃氣,興達電廠,興複GT1-2,K10,90830,2025-01-01 00:00:00,2025-01-31 23:59:00,743.9833333333333,False
燃氣,興達電廠,興複GT1-3,K10,90830,2025-01-01 00:00:00,2025-01-31 23:59:00,743.9833333333333,False
燃氣,興達電廠,興複ST1,K10,172700,2025-01-01 00:00:00,2025-01-31 23:59:00,743.9833333333333,False
燃氣,興達電廠,興複GT4-3,K6,90830,2025-01-01 00:00:00,2025-01-06 09:55:00,129.91666666666666,False
燃氣,興達電廠,興複GT4-2,K5,90830,2025-01-03 23:06:00,2025-01-04 00:00:00,0.9,False
燃氣,興達電廠,興複GT4-2,K5,70000,2025-01-04 00:00:00,2025-01-04 10:25:00,10.416666666666666,False
燃氣,興達電廠,興複GT4-3,K21,0,2025-01-04 09:29:00,2025-01-04 12:34:00,3.0833333333333335,False
燃氣,興達電廠,興複GT4-3,K21,0,2025-01-04 20:34:00,2025-01-06 09:55:00,37.35,False
燃氣,興達電廠,興複GT2-1,K5,60000,2025-01-05 06:30:00,2025-01-05 10:00:00,3.5,False
燃氣,興達電廠,興複GT2-2,K5,60000,2025-01-05 06:30:00,2025-01-05 10:00:00,3.5,False
燃氣,興達電廠,興複GT2-3,K5,60000,2025-01-05 06:30:00,2025-01-05 10:00:00,3.5,False
燃氣,興達電廠,興複ST2,K5,90000,2025-01-05 06:30:00,2025-01-05 10:00:00,3.5,False
燃氣,興達電廠,興複GT3-2,K6,90830,2025-01-06 09:12:00,2025-01-06 10:48:00,1.6,False
燃氣,興達電廠,興複GT5-2,K6,90830,2025-01-12 16:00:00,2025-01-20 11:18:00,187.3,False
燃氣,興達電廠,興複GT5-1,K6,90830,2025-01-15 20:54:00,2025-01-20 11:18:00,110.4,False
燃氣,興達電廠,興複GT5-3,K6,90830,2025-01-15 20:54:00,2025-01-20 11:18:00,110.4,False
燃氣,興達電廠,興複ST5,K6,172700,2025-01-15 20:54:00,2025-01-20 11:18:00,110.4,False
燃氣,興達電廠,興複GT5-2,K1,0,2025-01-19 23:45:00,2025-01-20 00:00:00,0.25,False
燃氣,興達電廠,興複GT2-1,K6,90830,2025-01-28 00:19:00,2025-01-29 17:25:00,41.1,False
燃氣,興達電廠,興複GT2-2,K6,90830,2025-01-28 00:19:00,2025-01-29 17:25:00,41.1,False
燃氣,興達電廠,興複GT2-3,K6,90830,2025-01-28 00:19:00,2025-01-29 17:25:00,41.1,False
燃氣,興達電廠,興複ST2,K6,172700,2025-01-28 00:19:00,2025-01-29 17:25:00,41.1,False
燃氣,興達電廠,興複GT3-1,K6,90830,2025-01-28 00:19:00,2025-01-29 17:25:00,41.1,False
燃氣,興達電廠,興複GT3-2,K6,90830,2025-01-28 00:19:00,2025-01-29 17:25:00,41.1,False
燃氣,興達電廠,興複GT3-3,K6,90830,2025-01-28 00:19:00,2025-01-29 17:25:00,41.1,False
燃氣,興達電廠,興複ST3,K6,172700,2025-01-28 00:19:00,2025-01-29 17:25:00,41.1,False
燃氣,南部電廠,南複#4GT,K6,248000,2025-01-01 00:00:00,2025-01-09 17:32:00,209.53333333333333,False
燃氣,南部電廠,南複GT1-2,K6,86500,2025-01-03 00:00:00,2025-01-14 10:40:00,274.6666666666667,False
燃氣,南部電廠,南複GT3-1,K6,86500,2025-01-03 09:42:00,2025-01-03 12:16:00,2.566666666666667,False
燃氣,南部電廠,南複GT3-2,K6,86500,2025-01-03 09:42:00,2025-01-03 12:16:00,2.566666666666667,False
燃氣,南部電廠,南複ST3,K6,100000,2025-01-03 09:42:00,2025-01-03 12:16:00,2.566666666666667,False
燃氣,南部電廠,南複GT2-2,K6,86500,2025-01-10 07:41:00,2025-01-12 15:45:00,56.06666666666667,False
燃氣,南部電廠,南複GT1-1,K6,86500,2025-01-15 00:00:00,2025-01-25 16:35:00,256.5833333333333,False
燃氣,南部電廠,南複GT2-1,K6,86500,2025-01-16 09:30:00,2025-01-16 12:06:00,2.6,False
燃氣,南部電廠,南複GT1-1,K6,86500,2025-01-27 18:18:00,2025-01-28 12:24:00,18.1,False
燃煤,大林電廠,#1,KK,0,2025-01-06 09:32:00,2025-01-06 09:56:00,0.4,False
燃煤,大林電廠,#1,KK,0,2025-01-13 09:00:00,2025-01-13 16:04:00,7.066666666666666,False
燃煤,大林電廠,#1,KK,0,2025-01-20 09:05:00,2025-01-20 17:34:00,8.483333333333333,False
燃煤,大林電廠,#1,KK,0,2025-01-21 09:00:00,2025-01-21 16:00:00,7.0,False
燃煤,大林電廠,#1,K5,560000,2025-01-24 20:00:00,2025-01-26 12:06:00,40.1,False
燃煤,大林電廠,#2,K10,800000,2025-01-01 00:00:00,2025-01-31 23:59:00,743.9833333333333,False
燃氣,大林電廠,#6,KK,0,2025-01-03 08:58:00,2025-01-03 09:12:00,0.23333333333333334,False
燃氣,大林電廠,#6,K5,320000,2025-01-10 09:00:00,2025-01-10 09:07:00,0.11666666666666667,False
燃氣,大林電廠,#6,KK,0,2025-01-18 18:08:00,2025-01-18 18:27:00,0.31666666666666665,False
燃氣,大林電廠,#6,KK,0,2025-01-22 14:00:00,2025-01-22 19:50:00,5.833333333333333,False
燃油,尖山電廠,#1,K6,10443,2025-01-23 08:00:00,2025-01-23 16:59:00,8.983333333333333,False
燃油,尖山電廠,#2,K6,10443,2025-01-23 08:00:00,2025-01-23 16:59:00,8.983333333333333,False
燃油,尖山電廠,#3,K6,10443,2025-01-22 09:40:00,2025-01-22 14:11:00,4.516666666666667,False
燃油,尖山電廠,#4,K6,10443,2025-01-06 08:44:00,2025-01-06 16:30:00,7.766666666666667,False
燃油,尖山電廠,#5,K6,11000,2025-01-18 00:00:00,2025-01-31 23:59:00,335.98333333333335,False
燃油,尖山電廠,#5,K6,11000,2025-01-01 00:00:00,2025-01-17 16:30:00,400.5,False
燃油,尖山電廠,#6,K6,11000,2025-01-01 00:00:00,2025-01-17 16:30:00,400.5,False
燃油,尖山電廠,#7,K10,11000,2025-01-01 00:00:00,2025-01-22 09:59:00,513.9833333333333,False
燃油,尖山電廠,#8,K6,11000,2025-01-07 08:07:00,2025-01-07 16:56:00,8.816666666666666,False
燃油,尖山電廠,#8,K6,11000,2025-01-11 08:00:00,2025-01-13 12:00:00,52.0,False
燃油,尖山電廠,#9,K6,11000,2025-01-11 08:00:00,2025-01-13 12:00:00,52.0,False
燃油,尖山電廠,#10,K6,11000,2025-01-11 08:00:00,2025-01-13 12:00:00,52.0,False
燃油,尖山電廠,#11,K6,11000,2025-01-11 08:00:00,2025-01-13 12:00:00,52.0,False
燃油,尖山電廠,#12,K6,11000,2025-01-11 08:00:00,2025-01-13 12:00:00,52.0,False
燃油,塔山電廠,塔山#1,K10,7900,2025-01-01 00:00:00,2025-01-21 16:36:00,496.6,False
燃油,塔山電廠,塔山#8,K10,8250,2025-01-01 00:00:00,2025-01-31 23:59:00,743.9833333333333,False
燃油,塔山電廠,麒麟#5,K6,1540,2025-01-01 00:00:00,2025-01-31 23:59:00,743.9833333333333,False
燃油,塔山電廠,麒麟#7,K10,1000,2025-01-01 00:00:00,2025-01-17 15:45:00,399.75,False
燃油,協和電廠,南竿#12,K6,2500,2025-01-01 00:00:00,2025-01-31 23:59:00,743.9833333333333,False
燃油,協和電廠,珠山#1,K10,3850,2025-01-01 00:00:00,2025-01-01 16:20:00,16.333333333333332,False
抽蓄水力,明潭電廠,明潭#3,K6,267000,2025-01-01 08:22:00,2025-01-04 15:46:00,79.4,False
抽蓄水力,明潭電廠,明潭#6,K6,267000,2025-01-01 00:00:00,2025-01-13 09:00:00,297.0,False
抽蓄水力,明潭電廠,明潭#6,K10,267000,2025-01-13 09:00:00,2025-02-01 00:00:00,447.0,False
燃油,琉球電廠,#4,KK,1500,2025-01-01 00:00:00,2025-01-31 23:59:00,743.9833333333333,False
燃油,綠島電廠,#3,K2,500,2025-01-01 00:00:00,2025-01-31 23:59:00,743.9833333333333,False
燃油,綠島電廠,#4,K2,500,2025-01-01 00:00:00,2025-01-31 23:59:00,743.9833333333333,False
燃油,蘭嶼電廠,#1,K10,1500,2025-01-01 00:00:00,2025-01-31 23:59:00,743.9833333333333,False
燃油,東引電廠,#1,K10,1540,2025-01-01 00:00:00,2025-01-18 23:59:00,431.98333333333335,False
燃油,莒光電廠,#3,K7,1500,2025-01-01 00:00:00,2025-01-31 23:59:00,743.9833333333333,True
燃油,莒光電廠,#4,K7,1500,2025-01-01 00:00:00,2025-01-31 23:59:00,743.9833333333333,True
燃油,協和電廠,#3,K5,360000,2025-02-01 00:00:00,2025-02-28 23:59:00,671.9833333333333,False
燃油,協和電廠,#4,K5,360000,2025-02-01 00:00:00,2025-02-12 21:25:00,285.4166666666667,False
燃油,協和電廠,#4,K3,500000,2025-02-12 21:25:00,2025-02-19 05:20:00,151.91666666666666,False
燃油,協和電廠,#4,K5,360000,2025-02-19 05:20:00,2025-02-28 23:59:00,234.65,False
燃煤,林口電廠,#1,K5,50600,2025-02-01 08:33:00,2025-02-01 10:21:00,1.8,False
燃煤,林口電廠,#3,K5,40666,2025-02-02 07:39:00,2025-02-02 09:17:00,1.6333333333333333,False
燃煤,林口電廠,#2,K5,42307,2025-02-02 09:30:00,2025-02-02 11:01:00,1.5166666666666666,False
燃煤,林口電廠,#3,KK,0,2025-02-04 08:45:00,2025-02-04 19:00:00,10.25,False
燃煤,林口電廠,#3,KK,0,2025-02-05 08:36:00,2025-02-05 13:36:00,5.0,False
燃煤,林口電廠,#1,KK,0,2025-02-06 08:00:00,2025-02-06 12:02:00,4.033333333333333,False
燃煤,林口電廠,#2,KK,0,2025-02-06 08:25:00,2025-02-06 13:20:00,4.916666666666667,False
燃煤,林口電廠,#2,KK,0,2025-02-07 08:30:00,2025-02-07 15:45:00,7.25,False
燃煤,林口電廠,#3,K5,465800,2025-02-08 20:30:00,2025-02-09 00:16:00,3.7666666666666666,False
燃煤,林口電廠,#3,K2,800000,2025-02-09 00:16:00,2025-02-09 06:01:00,5.75,False
燃煤,林口電廠,#3,K1,462860,2025-02-09 06:01:00,2025-02-09 10:45:00,4.733333333333333,False
燃煤,林口電廠,#2,K5,45860,2025-02-09 08:31:00,2025-02-09 10:35:00,2.066666666666667,False
燃煤,林口電廠,#1,KK,0,2025-02-13 09:00:00,2025-02-13 14:56:00,5.933333333333334,False
燃煤,林口電廠,#2,K5,56943,2025-02-16 08:31:00,2025-02-16 09:54:00,1.3833333333333333,False
燃煤,林口電廠,#3,K5,447000,2025-02-22 20:50:00,2025-02-22 23:20:00,2.5,False
燃煤,林口電廠,#3,K2,800000,2025-02-22 23:20:00,2025-02-23 07:03:00,7.716666666666667,False
燃煤,林口電廠,#3,K1,438175,2025-02-23 07:03:00,2025-02-23 14:36:00,7.55,False
燃煤,林口電廠,#2,K5,30116,2025-02-23 09:00:00,2025-02-23 10:31:00,1.5166666666666666,False
燃煤,林口電廠,#3,K5,86850,2025-02-26 07:55:00,2025-02-26 08:22:00,0.45,False
燃煤,林口電廠,#1,K5,510380,2025-02-26 21:28:00,2025-02-27 11:45:00,14.283333333333333,False
燃煤,林口電廠,#1,K10,800000,2025-02-27 11:45:00,2025-02-28 23:59:00,36.233333333333334,False
燃氣,大潭電廠,潭複GT1-1,K5,76750,2025-02-01 00:00:00,2025-02-28 23:59:00,671.9833333333333,False
燃氣,大潭電廠,潭複GT1-1,K10,153500,2025-02-03 00:00:00,2025-02-14 00:00:00,264.0,False
燃氣,大潭電廠,潭複GT1-2,K5,76750,2025-02-01 05:05:00,2025-02-01 07:19:00,2.2333333333333334,False
燃氣,大潭電廠,潭複GT1-2,K5,76750,2025-02-02 05:51:00,2025-02-02 07:46:00,1.9166666666666667,False
燃氣,大潭電廠,潭複GT1-2,K5,76750,2025-02-12 02:48:00,2025-02-12 05:11:00,2.3833333333333333,False
燃氣,大潭電廠,潭複GT1-2,K5,76750,2025-02-13 03:57:00,2025-02-13 06:27:00,2.5,False
燃氣,大潭電廠,潭複GT1-2,K5,76750,2025-02-14 04:30:00,2025-02-14 07:20:00,2.8333333333333335,False
燃氣,大潭電廠,潭複GT1-2,K5,76750,2025-02-15 05:00:00,2025-02-15 06:40:00,1.6666666666666667,False
燃氣,大潭電廠,潭複GT1-2,KK,0,2025-02-21 08:00:00,2025-02-21 12:02:00,4.033333333333333,False
燃氣,大潭電廠,潭複GT1-2,K5,76750,2025-02-27 02:45:00,2025-02-27 05:26:00,2.683333333333333,False
燃氣,大潭電廠,潭複GT1-2,K5,76750,2025-02-28 03:35:00,2025-02-28 06:09:00,2.566666666666667,False
燃氣,大潭電廠,潭複GT1-3,K5,76750,2025-02-01 05:05:00,2025-02-01 07:19:00,2.2333333333333334,False
燃氣,大潭電廠,潭複GT1-3,K5,76750,2025-02-02 05:51:00,2025-02-02 07:46:00,1.9166666666666667,False
燃氣,大潭電廠,潭複GT1-3,K5,76750,2025-02-12 02:48:00,2025-02-12 05:11:00,2.3833333333333333,False
燃氣,大潭電廠,潭複GT1-3,K5,76750,2025-02-13 03:57:00,2025-02-13 06:27:00,2.5,False
燃氣,大潭電廠,潭複GT1-3,K5,76750,2025-02-14 04:30:00,2025-02-14 07:20:00,2.8333333333333335,False
燃氣,大潭電廠,潭複GT1-3,K5,76750,2025-02-15 05:00:00,2025-02-15 06:40:00,1.6666666666666667,False
燃氣,大潭電廠,潭複GT1-3,KK,0,2025-02-21 08:00:00,2025-02-21 12:02:00,4.033333333333333,False
燃氣,大潭電廠,潭複GT1-3,K5,76750,2025-02-27 02:45:00,2025-02-27 05:26:00,2.683333333333333,False
燃氣,大潭電廠,潭複GT1-3,K10,153500,2025-02-28 00:25:00,2025-02-28 23:59:00,23.566666666666666,False
燃氣,大潭電廠,潭複GT2-1,K5,76750,2025-02-01 05:05:00,2025-02-01 07:19:00,2.2333333333333334,False
燃氣,大潭電廠,潭複GT2-1,K5,76750,2025-02-02 05:51:00,2025-02-02 07:46:00,1.9166666666666667,False
燃氣,大潭電廠,潭複GT2-1,K6,153500,2025-02-07 00:00:00,2025-02-13 10:44:00,154.73333333333332,False
燃氣,大潭電廠,潭複GT2-1,KK,0,2025-02-14 08:55:00,2025-02-14 20:00:00,11.083333333333334,False
燃氣,大潭電廠,潭複GT2-1,K5,76750,2025-02-14 04:30:00,2025-02-14 07:20:00,2.8333333333333335,False
燃氣,大潭電廠,潭複GT2-1,K5,76750,2025-02-15 05:00:00,2025-02-15 06:40:00,1.6666666666666667,False
燃氣,大潭電廠,潭複GT2-1,K5,76750,2025-02-27 02:45:00,2025-02-27 05:26:00,2.683333333333333,False
燃氣,大潭電廠,潭複GT2-1,K5,76750,2025-02-28 03:35:00,2025-02-28 06:09:00,2.566666666666667,False
燃氣,大潭電廠,潭複GT2-2,K5,76750,2025-02-01 05:05:00,2025-02-01 07:19:00,2.2333333333333334,False
燃氣,大潭電廠,潭複GT2-2,K5,76750,2025-02-02 05:51:00,2025-02-02 07:46:00,1.9166666666666667,False
燃氣,大潭電廠,潭複GT2-2,K5,76750,2025-02-12 02:48:00,2025-02-12 05:11:00,2.3833333333333333,False
燃氣,大潭電廠,潭複GT2-2,KK,0,2025-02-13 08:39:00,2025-02-13 14:32:00,5.883333333333334,False
燃氣,大潭電廠,潭複GT2-2,K5,76750,2025-02-13 03:57:00,2025-02-13 06:27:00,2.5,False
燃氣,大潭電廠,潭複GT2-2,K5,76750,2025-02-14 04:30:00,2025-02-14 07:20:00,2.8333333333333335,False
燃氣,大潭電廠,潭複GT2-2,K5,76750,2025-02-15 05:00:00,2025-02-15 06:40:00,1.6666666666666667,False
燃氣,大潭電廠,潭複GT2-2,K5,76750,2025-02-27 02:45:00,2025-02-27 05:26:00,2.683333333333333,False
燃氣,大潭電廠,潭複GT2-2,K5,76750,2025-02-28 03:35:00,2025-02-28 06:09:00,2.566666666666667,False
燃氣,大潭電廠,潭複GT2-3,K5,76750,2025-02-01 05:05:00,2025-02-01 07:19:00,2.2333333333333334,False
燃氣,大潭電廠,潭複GT2-3,K5,76750,2025-02-02 05:51:00,2025-02-02 07:46:00,1.9166666666666667,False
燃氣,大潭電廠,潭複GT2-3,KK,0,2025-02-12 09:00:00,2025-02-12 14:28:00,5.466666666666667,False
燃氣,大潭電廠,潭複GT2-3,K5,76750,2025-02-12 02:48:00,2025-02-12 05:11:00,2.3833333333333333,False
燃氣,大潭電廠,潭複GT2-3,K5,76750,2025-02-13 03:57:00,2025-02-13 06:27:00,2.5,False
燃氣,大潭電廠,潭複GT2-3,K5,76750,2025-02-14 04:30:00,2025-02-14 07:20:00,2.8333333333333335,False
燃氣,大潭電廠,潭複GT2-3,K5,76750,2025-02-15 05:00:00,2025-02-15 06:40:00,1.6666666666666667,False
燃氣,大潭電廠,潭複GT2-3,K5,76750,2025-02-27 02:45:00,2025-02-27 05:26:00,2.683333333333333,False
燃氣,大潭電廠,潭複GT2-3,K5,76750,2025-02-28 03:35:00,2025-02-28 06:09:00,2.566666666666667,False
燃氣,大潭電廠,潭複GT3-1,K5,116950,2025-02-01 05:05:00,2025-02-01 07:19:00,2.2333333333333334,False
燃氣,大潭電廠,潭複GT3-1,K5,116950,2025-02-02 05:51:00,2025-02-02 07:46:00,1.9166666666666667,False
燃氣,大潭電廠,潭複GT3-1,K5,116950,2025-02-12 02:48:00,2025-02-12 05:11:00,2.3833333333333333,False
燃氣,大潭電廠,潭複GT3-1,K5,116950,2025-02-13 03:57:00,2025-02-13 06:27:00,2.5,False
燃氣,大潭電廠,潭複GT3-1,K5,116950,2025-02-14 04:30:00,2025-02-14 07:20:00,2.8333333333333335,False
燃氣,大潭電廠,潭複GT3-1,K5,116950,2025-02-15 05:00:00,2025-02-15 06:40:00,1.6666666666666667,False
燃氣,大潭電廠,潭複GT3-1,KK,0,2025-02-16 08:35:00,2025-02-16 09:28:00,0.8833333333333333,False
燃氣,大潭電廠,潭複GT3-1,K5,116950,2025-02-27 02:45:00,2025-02-27 05:26:00,2.683333333333333,False
燃氣,大潭電廠,潭複GT3-1,K5,116950,2025-02-28 03:35:00,2025-02-28 06:09:00,2.566666666666667,False
燃氣,大潭電廠,潭複GT3-2,K5,116950,2025-02-01 05:05:00,2025-02-01 07:19:00,2.2333333333333334,False
燃氣,大潭電廠,潭複GT3-2,K5,116950,2025-02-02 05:51:00,2025-02-02 07:46:00,1.9166666666666667,False
燃氣,大潭電廠,潭複GT3-2,K5,116950,2025-02-07 00:01:00,2025-02-07 14:23:00,14.366666666666667,False
燃氣,大潭電廠,潭複GT3-2,K5,116950,2025-02-12 02:48:00,2025-02-12 05:11:00,2.3833333333333333,False
燃氣,大潭電廠,潭複GT3-2,K5,116950,2025-02-13 03:57:00,2025-02-13 06:27:00,2.5,False
燃氣,大潭電廠,潭複GT3-2,K5,116950,2025-02-14 04:30:00,2025-02-14 07:20:00,2.8333333333333335,False
燃氣,大潭電廠,潭複GT3-2,K5,116950,2025-02-15 05:00:00,2025-02-15 06:40:00,1.6666666666666667,False
燃氣,大潭電廠,潭複GT3-2,KK,0,2025-02-16 08:35:00,2025-02-16 09:28:00,0.8833333333333333,False
燃氣,大潭電廠,潭複GT3-2,K5,116950,2025-02-27 02:45:00,2025-02-27 05:26:00,2.683333333333333,False
燃氣,大潭電廠,潭複GT3-2,K5,116950,2025-02-28 03:35:00,2025-02-28 06:09:00,2.566666666666667,False
燃氣,大潭電廠,潭複GT4-1,K5,116950,2025-02-01 05:05:00,2025-02-01 07:19:00,2.2333333333333334,False
燃氣,大潭電廠,潭複GT4-1,K5,116950,2025-02-02 05:51:00,2025-02-02 07:46:00,1.9166666666666667,False
燃氣,大潭電廠,潭複GT4-1,K5,116950,2025-02-12 02:48:00,2025-02-12 05:11:00,2.3833333333333333,False
燃氣,大潭電廠,潭複GT4-1,K5,116950,2025-02-13 03:57:00,2025-02-13 06:27:00,2.5,False
燃氣,大潭電廠,潭複GT4-1,K5,116950,2025-02-14 04:30:00,2025-02-14 07:20:00,2.8333333333333335,False
燃氣,大潭電廠,潭複GT4-1,K5,116950,2025-02-15 05:00:00,2025-02-15 06:40:00,1.6666666666666667,False
燃氣,大潭電廠,潭複GT4-1,K5,116950,2025-02-27 02:45:00,2025-02-27 05:26:00,2.683333333333333,False
燃氣,大潭電廠,潭複GT4-1,K5,116950,2025-02-28 03:35:00,2025-02-28 06:09:00,2.566666666666667,False
燃氣,大潭電廠,潭複GT4-2,K5,116950,2025-02-01 05:05:00,2025-02-01 07:19:00,2.2333333333333334,False
燃氣,大潭電廠,潭複GT4-2,K5,116950,2025-02-02 05:51:00,2025-02-02 07:46:00,1.9166666666666667,False
燃氣,大潭電廠,潭複GT4-2,K5,116950,2025-02-12 02:48:00,2025-02-12 05:11:00,2.3833333333333333,False
燃氣,大潭電廠,潭複GT4-2,K5,116950,2025-02-13 03:57:00,2025-02-13 06:27:00,2.5,False
燃氣,大潭電廠,潭複GT4-2,K5,116950,2025-02-14 04:30:00,2025-02-14 07:20:00,2.8333333333333335,False
燃氣,大潭電廠,潭複GT4-2,K5,116950,2025-02-15 05:00:00,2025-02-15 06:40:00,1.6666666666666667,False
燃氣,大潭電廠,潭複GT4-2,K5,116950,2025-02-27 02:45:00,2025-02-27 05:26:00,2.683333333333333,False
燃氣,大潭電廠,潭複GT4-2,K5,116950,2025-02-28 03:35:00,2025-02-28 06:09:00,2.566666666666667,False
燃氣,大潭電廠,潭複GT5-1,K5,116950,2025-02-01 05:05:00,2025-02-01 07:19:00,2.2333333333333334,False
燃氣,大潭電廠,潭複GT5-1,K5,116950,2025-02-02 05:51:00,2025-02-02 07:46:00,1.9166666666666667,False
燃氣,大潭電廠,潭複GT5-1,KK,0,2025-02-05 13:00:00,2025-02-05 17:18:00,4.3,False
燃氣,大潭電廠,潭複GT5-1,K5,116950,2025-02-12 02:48:00,2025-02-12 05:11:00,2.3833333333333333,False
燃氣,大潭電廠,潭複GT5-1,K5,116950,2025-02-13 03:57:00,2025-02-13 06:27:00,2.5,False
燃氣,大潭電廠,潭複GT5-1,K5,116950,2025-02-14 04:30:00,2025-02-14 07:20:00,2.8333333333333335,False
燃氣,大潭電廠,潭複GT5-1,K5,116950,2025-02-15 05:00:00,2025-02-15 06:40:00,1.6666666666666667,False
燃氣,大潭電廠,潭複GT5-1,K10,233900,2025-02-23 00:00:00,2025-02-28 00:00:00,120.0,False
燃氣,大潭電廠,潭複GT5-2,K5,116950,2025-02-01 05:05:00,2025-02-01 07:19:00,2.2333333333333334,False
燃氣,大潭電廠,潭複GT5-2,K5,116950,2025-02-02 05:51:00,2025-02-02 07:46:00,1.9166666666666667,False
燃氣,大潭電廠,潭複GT5-2,KK,0,2025-02-05 13:00:00,2025-02-05 17:18:00,4.3,False
燃氣,大潭電廠,潭複GT5-2,K5,116950,2025-02-12 02:48:00,2025-02-12 05:11:00,2.3833333333333333,False
燃氣,大潭電廠,潭複GT5-2,K5,116950,2025-02-13 03:57:00,2025-02-13 06:27:00,2.5,False
燃氣,大潭電廠,潭複GT5-2,K5,116950,2025-02-14 04:30:00,2025-02-14 07:20:00,2.8333333333333335,False
燃氣,大潭電廠,潭複GT5-2,K5,116950,2025-02-15 05:00:00,2025-02-15 06:40:00,1.6666666666666667,False
燃氣,大潭電廠,潭複GT5-2,K10,233900,2025-02-18 17:24:00,2025-02-28 00:00:00,222.6,False
燃氣,大潭電廠,潭複GT6-1,K5,116950,2025-02-01 05:05:00,2025-02-01 07:19:00,2.2333333333333334,False
燃氣,大潭電廠,潭複GT6-1,K5,116950,2025-02-02 05:51:00,2025-02-02 07:46:00,1.9166666666666667,False
燃氣,大潭電廠,潭複GT6-1,K5,116950,2025-02-12 02:48:00,2025-02-12 05:11:00,2.3833333333333333,False
燃氣,大潭電廠,潭複GT6-1,K5,116950,2025-02-13 03:57:00,2025-02-13 06:27:00,2.5,False
燃氣,大潭電廠,潭複GT6-1,K5,116950,2025-02-14 04:30:00,2025-02-14 07:20:00,2.8333333333333335,False
燃氣,大潭電廠,潭複GT6-1,K5,116950,2025-02-15 05:00:00,2025-02-15 06:40:00,1.6666666666666667,False
燃氣,大潭電廠,潭複GT6-1,KK,0,2025-02-16 09:28:00,2025-02-16 10:19:00,0.85,False
燃氣,大潭電廠,潭複GT6-1,K6,233900,2025-02-18 18:36:00,2025-02-25 09:58:00,159.36666666666667,False
燃氣,大潭電廠,潭複GT6-1,K5,116950,2025-02-27 02:45:00,2025-02-27 05:26:00,2.683333333333333,False
燃氣,大潭電廠,潭複GT6-1,K5,116950,2025-02-28 03:35:00,2025-02-28 06:09:00,2.566666666666667,False
燃氣,大潭電廠,潭複GT6-2,K5,116950,2025-02-01 05:05:00,2025-02-01 07:19:00,2.2333333333333334,False
燃氣,大潭電廠,潭複GT6-2,K5,116950,2025-02-02 05:51:00,2025-02-02 07:46:00,1.9166666666666667,False
燃氣,大潭電廠,潭複GT6-2,K5,116950,2025-02-12 02:48:00,2025-02-12 05:11:00,2.3833333333333333,False
燃氣,大潭電廠,潭複GT6-2,K5,116950,2025-02-13 03:57:00,2025-02-13 06:27:00,2.5,False
燃氣,大潭電廠,潭複GT6-2,K5,116950,2025-02-14 04:30:00,2025-02-14 07:20:00,2.8333333333333335,False
燃氣,大潭電廠,潭複GT6-2,K5,116950,2025-02-15 05:00:00,2025-02-15 06:40:00,1.6666666666666667,False
燃氣,大潭電廠,潭複GT6-2,KK,0,2025-02-16 09:28:00,2025-02-16 10:19:00,0.85,False
燃氣,大潭電廠,潭複GT6-2,K5,116950,2025-02-27 02:45:00,2025-02-27 05:26:00,2.683333333333333,False
燃氣,大潭電廠,潭複GT6-2,K5,116950,2025-02-28 03:35:00,2025-02-28 06:09:00,2.566666666666667,False
燃氣,大潭電廠,潭複GT7-1,KK,0,2025-02-01 00:00:00,2025-02-03 11:13:00,59.21666666666667,False
燃氣,大潭電廠,潭複GT7-1,K21,0,2025-02-03 11:13:00,2025-02-03 18:34:00,7.35,False
燃氣,大潭電廠,潭複GT7-1,KK,0,2025-02-03 18:34:00,2025-02-04 08:55:00,14.35,False
燃氣,大潭電廠,潭複GT7-1,K21,0,2025-02-04 08:55:00,2025-02-04 17:14:00,8.316666666666666,False
燃氣,大潭電廠,潭複GT7-1,KK,0,2025-02-04 17:14:00,2025-02-05 09:12:00,15.966666666666667,False
燃氣,大潭電廠,潭複GT7-1,K21,0,2025-02-05 09:12:00,2025-02-05 09:40:00,0.4666666666666667,False
燃氣,大潭電廠,潭複GT7-1,K21,0,2025-02-05 12:21:00,2025-02-05 15:41:00,3.3333333333333335,False
燃氣,大潭電廠,潭複GT7-1,K21,0,2025-02-05 16:36:00,2025-02-08 13:29:00,68.88333333333334,False
燃氣,大潭電廠,潭複GT7-1,K21,0,2025-02-08 17:13:00,2025-02-08 17:29:00,0.26666666666666666,False
燃氣,大潭電廠,潭複GT7-1,K21,0,2025-02-08 18:09:00,2025-02-11 22:22:00,76.21666666666667,False
燃氣,大潭電廠,潭複GT7-1,K21,0,2025-02-12 00:53:00,2025-02-15 19:45:00,90.86666666666666,False
燃氣,大潭電廠,潭複GT7-1,K21,0,2025-02-17 10:28:00,2025-02-19 15:22:00,52.9,False
燃氣,大潭電廠,潭複GT7-2,KK,0,2025-02-01 00:00:00,2025-02-03 11:13:00,59.21666666666667,False
燃氣,大潭電廠,潭複GT7-2,K21,0,2025-02-03 11:13:00,2025-02-03 18:34:00,7.35,False
燃氣,大潭電廠,潭複GT7-2,KK,0,2025-02-03 18:34:00,2025-02-04 10:06:00,15.533333333333333,False
燃氣,大潭電廠,潭複GT7-2,K21,0,2025-02-04 10:06:00,2025-02-04 17:34:00,7.466666666666667,False
燃氣,大潭電廠,潭複GT7-2,KK,0,2025-02-04 17:34:00,2025-02-08 11:04:00,89.5,False
燃氣,大潭電廠,潭複GT7-2,K21,0,2025-02-08 11:04:00,2025-02-08 15:06:00,4.033333333333333,False
燃氣,大潭電廠,潭複GT7-2,K21,0,2025-02-08 15:08:00,2025-02-10 10:40:00,43.53333333333333,False
燃氣,大潭電廠,潭複GT7-2,K21,0,2025-02-10 11:11:00,2025-02-11 22:22:00,35.18333333333333,False
燃氣,大潭電廠,潭複GT7-2,K21,0,2025-02-12 00:37:00,2025-02-15 19:45:00,91.13333333333334,False
燃氣,大潭電廠,潭複GT7-2,K21,0,2025-02-17 10:28:00,2025-02-19 15:22:00,52.9,False
燃氣,大潭電廠,潭複GT8-1,K5,183198,2025-02-01 05:05:00,2025-02-01 07:19:00,2.2333333333333334,False
燃氣,大潭電廠,潭複GT8-1,K5,183198,2025-02-02 05:51:00,2025-02-02 07:46:00,1.9166666666666667,False
燃氣,大潭電廠,潭複GT8-1,K5,183198,2025-02-03 06:34:00,2025-02-03 08:14:00,1.6666666666666667,False
燃氣,大潭電廠,潭複GT8-1,K6,366395,2025-02-12 23:51:00,2025-02-14 19:37:00,43.766666666666666,False
燃氣,大潭電廠,潭複GT8-1,K5,183198,2025-02-12 02:48:00,2025-02-12 05:11:00,2.3833333333333333,False
燃氣,大潭電廠,潭複GT8-1,K5,183198,2025-02-15 05:00:00,2025-02-15 06:40:00,1.6666666666666667,False
燃氣,大潭電廠,潭複GT8-1,K5,183198,2025-02-27 02:45:00,2025-02-27 05:26:00,2.683333333333333,False
燃氣,大潭電廠,潭複GT8-1,K5,183198,2025-02-28 03:35:00,2025-02-28 06:09:00,2.566666666666667,False
燃氣,大潭電廠,潭複GT8-2,K6,366395,2025-02-01 00:00:00,2025-02-28 23:59:00,671.9833333333333,False
燃氣,大潭電廠,潭複GT9-1,K8,0,2025-02-02 17:51:00,2025-02-28 23:59:00,630.1333333333333,False
燃氣,大潭電廠,潭複GT9-1,K5,183198,2025-02-02 05:51:00,2025-02-02 07:46:00,1.9166666666666667,False
燃氣,大潭電廠,潭複GT9-1,K5,183198,2025-02-03 06:34:00,2025-02-03 08:14:00,1.6666666666666667,False
燃氣,大潭電廠,潭複GT9-1,K5,183198,2025-02-12 02:48:00,2025-02-12 05:11:00,2.3833333333333333,False
燃氣,大潭電廠,潭複GT9-1,K5,183198,2025-02-13 03:57:00,2025-02-13 06:27:00,2.5,False
燃氣,大潭電廠,潭複GT9-1,K5,183198,2025-02-14 04:30:00,2025-02-14 07:20:00,2.8333333333333335,False
燃氣,大潭電廠,潭複GT9-1,K5,183198,2025-02-15 05:00:00,2025-02-15 06:40:00,1.6666666666666667,False
燃氣,大潭電廠,潭複GT9-1,KK,0,2025-02-18 10:00:00,2025-02-18 15:58:00,5.966666666666667,False
燃氣,大潭電廠,潭複GT9-1,K5,183198,2025-02-27 02:45:00,2025-02-27 05:26:00,2.683333333333333,False
燃氣,大潭電廠,潭複GT9-1,K5,183198,2025-02-28 03:35:00,2025-02-28 06:09:00,2.566666666666667,False
燃氣,大潭電廠,潭複GT9-2,K8,0,2025-02-01 00:00:00,2025-02-14 08:43:00,320.71666666666664,False
燃氣,大潭電廠,潭複GT9-2,K5,183198,2025-02-01 05:05:00,2025-02-01 07:19:00,2.2333333333333334,False
燃氣,大潭電廠,潭複GT9-2,K5,183198,2025-02-02 05:51:00,2025-02-02 07:46:00,1.9166666666666667,False
燃氣,大潭電廠,潭複GT9-2,K5,183198,2025-02-03 06:34:00,2025-02-03 08:14:00,1.6666666666666667,False
燃氣,大潭電廠,潭複GT9-2,K5,183198,2025-02-12 02:48:00,2025-02-12 05:11:00,2.3833333333333333,False
燃氣,大潭電廠,潭複GT9-2,K5,183198,2025-02-13 03:57:00,2025-02-13 06:27:00,2.5,False
燃氣,大潭電廠,潭複GT9-2,K5,183198,2025-02-14 04:30:00,2025-02-14 07:20:00,2.8333333333333335,False
燃氣,大潭電廠,潭複GT9-2,K6,366395,2025-02-14 08:43:00,2025-02-17 12:00:00,75.28333333333333,False
燃氣,大潭電廠,潭複GT9-2,K8,0,2025-02-17 12:00:00,2025-02-28 23:59:00,275.98333333333335,False
燃氣,大潭電廠,潭複GT9-2,KK,0,2025-02-18 10:00:00,2025-02-18 15:58:00,5.966666666666667,False
燃氣,大潭電廠,潭複GT9-2,K5,183198,2025-02-27 02:45:00,2025-02-27 05:26:00,2.683333333333333,False
燃氣,大潭電廠,潭複GT9-2,K5,183198,2025-02-28 03:35:00,2025-02-28 06:09:00,2.566666666666667,False
燃氣,大潭電廠,潭複ST1,K5,141100,2025-02-01 05:05:00,2025-02-01 07:19:00,2.2333333333333334,False
燃氣,大潭電廠,潭複ST1,K5,141100,2025-02-02 05:51:00,2025-02-02 07:46:00,1.9166666666666667,False
燃氣,大潭電廠,潭複ST1,K5,141100,2025-02-12 02:48:00,2025-02-12 05:11:00,2.3833333333333333,False
燃氣,大潭電廠,潭複ST1,K5,141100,2025-02-13 03:57:00,2025-02-13 06:27:00,2.5,False
燃氣,大潭電廠,潭複ST1,K5,141100,2025-02-14 04:30:00,2025-02-14 07:20:00,2.8333333333333335,False
燃氣,大潭電廠,潭複ST1,K5,141100,2025-02-15 05:00:00,2025-02-15 06:40:00,1.6666666666666667,False
燃氣,大潭電廠,潭複ST1,KK,0,2025-02-21 08:00:00,2025-02-21 12:02:00,4.033333333333333,False
燃氣,大潭電廠,潭複ST1,K5,141100,2025-02-27 02:45:00,2025-02-27 05:26:00,2.683333333333333,False
燃氣,大潭電廠,潭複ST1,K5,141100,2025-02-28 03:35:00,2025-02-28 06:09:00,2.566666666666667,False
燃氣,大潭電廠,潭複ST2,K5,141100,2025-02-01 05:05:00,2025-02-01 07:19:00,2.2333333333333334,False
燃氣,大潭電廠,潭複ST2,K5,141100,2025-02-02 05:51:00,2025-02-02 07:46:00,1.9166666666666667,False
燃氣,大潭電廠,潭複ST2,K5,141100,2025-02-12 02:48:00,2025-02-12 05:11:00,2.3833333333333333,False
燃氣,大潭電廠,潭複ST2,K5,141100,2025-02-13 03:57:00,2025-02-13 06:27:00,2.5,False
燃氣,大潭電廠,潭複ST2,K5,141100,2025-02-14 04:30:00,2025-02-14 07:20:00,2.8333333333333335,False
燃氣,大潭電廠,潭複ST2,K5,141100,2025-02-15 05:00:00,2025-02-15 06:40:00,1.6666666666666667,False
燃氣,大潭電廠,潭複ST2,K5,141100,2025-02-27 02:45:00,2025-02-27 05:26:00,2.683333333333333,False
燃氣,大潭電廠,潭複ST2,K5,141100,2025-02-28 03:35:00,2025-02-28 06:09:00,2.566666666666667,False
燃氣,大潭電廠,潭複ST3,K5,128450,2025-02-01 05:05:00,2025-02-01 07:19:00,2.2333333333333334,False
燃氣,大潭電廠,潭複ST3,K5,128450,2025-02-02 05:51:00,2025-02-02 07:46:00,1.9166666666666667,False
燃氣,大潭電廠,潭複ST3,K5,128450,2025-02-12 02:48:00,2025-02-12 05:11:00,2.3833333333333333,False
燃氣,大潭電廠,潭複ST3,K5,128450,2025-02-13 03:57:00,2025-02-13 06:27:00,2.5,False
燃氣,大潭電廠,潭複ST3,K5,128450,2025-02-14 04:30:00,2025-02-14 07:20:00,2.8333333333333335,False
燃氣,大潭電廠,潭複ST3,K5,128450,2025-02-15 05:00:00,2025-02-15 06:40:00,1.6666666666666667,False
燃氣,大潭電廠,潭複ST3,KK,0,2025-02-16 08:35:00,2025-02-16 09:28:00,0.8833333333333333,False
燃氣,大潭電廠,潭複ST3,K5,128450,2025-02-27 02:45:00,2025-02-27 05:26:00,2.683333333333333,False
燃氣,大潭電廠,潭複ST3,K5,128450,2025-02-28 03:35:00,2025-02-28 06:09:00,2.566666666666667,False
燃氣,大潭電廠,潭複ST4,K5,128450,2025-02-01 05:05:00,2025-02-01 07:19:00,2.2333333333333334,False
燃氣,大潭電廠,潭複ST4,K5,128450,2025-02-02 05:51:00,2025-02-02 07:46:00,1.9166666666666667,False
燃氣,大潭電廠,潭複ST4,K5,128450,2025-02-12 02:48:00,2025-02-12 05:11:00,2.3833333333333333,False
燃氣,大潭電廠,潭複ST4,K5,128450,2025-02-13 03:57:00,2025-02-13 06:27:00,2.5,False
燃氣,大潭電廠,潭複ST4,K5,128450,2025-02-14 04:30:00,2025-02-14 07:20:00,2.8333333333333335,False
燃氣,大潭電廠,潭複ST4,K5,128450,2025-02-15 05:00:00,2025-02-15 06:40:00,1.6666666666666667,False
燃氣,大潭電廠,潭複ST4,K5,128450,2025-02-27 02:45:00,2025-02-27 05:26:00,2.683333333333333,False
燃氣,大潭電廠,潭複ST4,K5,128450,2025-02-28 03:35:00,2025-02-28 06:09:00,2.566666666666667,False
燃氣,大潭電廠,潭複ST5,K5,128450,2025-02-01 05:05:00,2025-02-01 07:19:00,2.2333333333333334,False
燃氣,大潭電廠,潭複ST5,K5,128450,2025-02-02 05:51:00,2025-02-02 07:46:00,1.9166666666666667,False
燃氣,大潭電廠,潭複ST5,KK,0,2025-02-05 13:00:00,2025-02-05 17:18:00,4.3,False
燃氣,大潭電廠,潭複ST5,K5,128450,2025-02-12 02:48:00,2025-02-12 05:11:00,2.3833333333333333,False
燃氣,大潭電廠,潭複ST5,K5,128450,2025-02-13 03:57:00,2025-02-13 06:27:00,2.5,False
燃氣,大潭電廠,潭複ST5,K5,128450,2025-02-14 04:30:00,2025-02-14 07:20:00,2.8333333333333335,False
燃氣,大潭電廠,潭複ST5,K5,128450,2025-02-15 05:00:00,2025-02-15 06:40:00,1.6666666666666667,False
燃氣,大潭電廠,潭複ST5,K10,256900,2025-02-18 18:50:00,2025-02-28 00:00:00,221.16666666666666,False
燃氣,大潭電廠,潭複ST6,K5,128450,2025-02-01 05:05:00,2025-02-01 07:19:00,2.2333333333333334,False
燃氣,大潭電廠,潭複ST6,K5,128450,2025-02-02 05:51:00,2025-02-02 07:46:00,1.9166666666666667,False
燃氣,大潭電廠,潭複ST6,K5,128450,2025-02-12 02:48:00,2025-02-12 05:11:00,2.3833333333333333,False
燃氣,大潭電廠,潭複ST6,K5,128450,2025-02-13 03:57:00,2025-02-13 06:27:00,2.5,False
燃氣,大潭電廠,潭複ST6,K5,128450,2025-02-14 04:30:00,2025-02-14 07:20:00,2.8333333333333335,False
燃氣,大潭電廠,潭複ST6,K5,128450,2025-02-15 05:00:00,2025-02-15 06:40:00,1.6666666666666667,False
燃氣,大潭電廠,潭複ST6,KK,0,2025-02-16 09:28:00,2025-02-16 10:19:00,0.85,False
燃氣,大潭電廠,潭複ST6,K5,128450,2025-02-27 02:45:00,2025-02-27 05:26:00,2.683333333333333,False
燃氣,大潭電廠,潭複ST6,K5,128450,2025-02-28 03:35:00,2025-02-28 06:09:00,2.566666666666667,False
燃氣,大潭電廠,潭複ST7,K8,0,2025-02-12 10:55:00,2025-02-12 16:35:00,5.666666666666667,False
燃氣,大潭電廠,潭複ST7,K8,0,2025-02-12 17:29:00,2025-02-12 18:57:00,1.4666666666666666,False
燃氣,大潭電廠,潭複ST7,K21,0,2025-02-13 09:24:00,2025-02-13 12:00:00,2.6,False
燃氣,大潭電廠,潭複ST7,K21,0,2025-02-13 12:34:00,2025-02-15 19:45:00,55.18333333333333,False
燃氣,大潭電廠,潭複ST7,K8,0,2025-02-18 12:08:00,2025-02-19 15:22:00,27.233333333333334,False
燃氣,大潭電廠,潭複ST8,K5,195420,2025-02-01 05:05:00,2025-02-01 07:19:00,2.2333333333333334,False
燃氣,大潭電廠,潭複ST8,K5,195420,2025-02-02 05:51:00,2025-02-02 07:46:00,1.9166666666666667,False
燃氣,大潭電廠,潭複ST8,K5,195420,2025-02-03 06:34:00,2025-02-03 08:14:00,1.6666666666666667,False
燃氣,大潭電廠,潭複ST8,K6,390839,2025-02-13 00:00:00,2025-02-14 00:00:00,24.0,False
燃氣,大潭電廠,潭複ST8,K5,195420,2025-02-12 02:48:00,2025-02-12 05:11:00,2.3833333333333333,False
燃氣,大潭電廠,潭複ST8,K5,195420,2025-02-15 05:00:00,2025-02-15 06:40:00,1.6666666666666667,False
燃氣,大潭電廠,潭複ST8,K5,195420,2025-02-27 02:45:00,2025-02-27 05:26:00,2.683333333333333,False
燃氣,大潭電廠,潭複ST8,K5,195420,2025-02-28 03:35:00,2025-02-28 06:09:00,2.566666666666667,False
燃氣,大潭電廠,潭複ST9,K8,0,2025-02-01 00:00:00,2025-02-28 23:59:00,671.9833333333333,False
燃氣,大潭電廠,潭複ST9,K5,195420,2025-02-01 05:05:00,2025-02-01 07:19:00,2.2333333333333334,False
燃氣,大潭電廠,潭複ST9,K5,195420,2025-02-02 05:51:00,2025-02-02 07:46:00,1.9166666666666667,False
燃氣,大潭電廠,潭複ST9,K5,195420,2025-02-03 06:34:00,2025-02-03 08:14:00,1.6666666666666667,False
燃氣,大潭電廠,潭複ST9,K5,195420,2025-02-12 02:48:00,2025-02-12 05:11:00,2.3833333333333333,False
燃氣,大潭電廠,潭複ST9,K5,195420,2025-02-13 03:57:00,2025-02-13 06:27:00,2.5,False
燃氣,大潭電廠,潭複ST9,K5,195420,2025-02-14 04:30:00,2025-02-14 07:20:00,2.8333333333333335,False
燃氣,大潭電廠,潭複ST9,K5,195420,2025-02-15 05:00:00,2025-02-15 06:40:00,1.6666666666666667,False
燃氣,大潭電廠,潭複ST9,KK,0,2025-02-18 10:00:00,2025-02-18 15:58:00,5.966666666666667,False
燃氣,大潭電廠,潭複ST9,K5,195420,2025-02-27 02:45:00,2025-02-27 05:26:00,2.683333333333333,False
燃氣,大潭電廠,潭複ST9,K5,195420,2025-02-28 03:35:00,2025-02-28 06:09:00,2.566666666666667,False
燃氣,通霄電廠,通複GT1-1,K10,290100,2025-02-01 00:00:00,2025-02-07 10:27:00,154.45,False
燃氣,通霄電廠,通複GT1-1,K21,290100,2025-02-07 10:27:00,2025-02-17 14:50:00,244.38333333333333,False
燃氣,通霄電廠,通複GT1-1,KK,0,2025-02-19 09:00:00,2025-02-19 17:14:00,8.233333333333333,False
燃氣,通霄電廠,通複GT1-1,K5,70100,2025-02-21 08:00:00,2025-02-21 16:00:00,8.0,False
燃氣,通霄電廠,通複GT1-2,K10,290100,2025-02-01 00:00:00,2025-02-18 16:00:00,424.0,False
燃氣,通霄電廠,通複GT1-2,KK,0,2025-02-19 09:00:00,2025-02-19 17:14:00,8.233333333333333,False
燃氣,通霄電廠,通複GT1-2,K5,71100,2025-02-21 08:00:00,2025-02-21 16:00:00,8.0,False
燃氣,通霄電廠,通複ST1,K3,312400,2025-02-01 00:00:00,2025-02-07 21:58:00,165.96666666666667,False
燃氣,通霄電廠,通複ST1,KK,24400,2025-02-19 09:00:00,2025-02-19 17:14:00,8.233333333333333,False
燃氣,通霄電廠,通複ST1,K5,69400,2025-02-21 08:00:00,2025-02-21 16:00:00,8.0,False
燃氣,通霄電廠,通複GT2-1,KK,0,2025-02-18 08:56:00,2025-02-18 16:53:00,7.95,False
燃氣,通霄電廠,通複GT2-1,K5,0,2025-02-01 00:00:00,2025-02-28 23:59:00,671.9833333333333,False
燃氣,通霄電廠,通複GT2-1,KK,0,2025-02-25 09:00:00,2025-02-25 16:30:00,7.5,False
燃氣,通霄電廠,通複GT2-2,KK,0,2025-02-18 08:56:00,2025-02-18 16:53:00,7.95,False
燃氣,通霄電廠,通複GT2-2,K5,0,2025-02-01 00:00:00,2025-02-28 23:59:00,671.9833333333333,False
燃氣,通霄電廠,通複GT2-2,KK,0,2025-02-25 09:00:00,2025-02-25 16:30:00,7.5,False
燃氣,通霄電廠,通複ST2,KK,30400,2025-02-18 08:56:00,2025-02-18 16:53:00,7.95,False
燃氣,通霄電廠,通複ST2,K5,32400,2025-02-01 00:00:00,2025-02-28 23:59:00,671.9833333333333,False
燃氣,通霄電廠,通複ST2,KK,31000,2025-02-25 09:00:00,2025-02-25 16:30:00,7.5,False
燃氣,通霄電廠,通複GT3-1,KK,0,2025-02-17 09:00:00,2025-02-17 16:42:00,7.7,False
燃氣,通霄電廠,通複GT3-1,KK,0,2025-02-27 09:00:00,2025-02-27 18:34:00,9.566666666666666,False
燃氣,通霄電廠,通複GT3-2,KK,0,2025-02-17 09:00:00,2025-02-17 16:42:00,7.7,False
燃氣,通霄電廠,通複GT3-2,KK,0,2025-02-27 09:00:00,2025-02-27 18:34:00,9.566666666666666,False
燃氣,通霄電廠,通複ST3,KK,24400,2025-02-17 09:00:00,2025-02-17 16:42:00,7.7,False
燃氣,通霄電廠,通複ST3,KK,31400,2025-02-27 09:00:00,2025-02-27 18:34:00,9.566666666666666,False
燃氣,通霄電廠,通複GT4-1,K5,21000,2025-02-01 00:00:00,2025-02-28 23:59:00,671.9833333333333,False
燃氣,通霄電廠,通複GT4-1,K6,86000,2025-02-14 00:00:00,2025-02-17 15:35:00,87.58333333333333,False
燃氣,通霄電廠,通複GT4-1,K21,86000,2025-02-01 00:00:00,2025-02-01 04:41:00,4.683333333333334,False
燃氣,通霄電廠,通複GT4-1,KK,86000,2025-02-17 08:00:00,2025-02-17 10:12:00,2.2,False
燃氣,通霄電廠,通複GT4-1,KK,22000,2025-02-18 09:48:00,2025-02-19 11:00:00,25.2,False
燃氣,通霄電廠,通複GT4-1,K5,26000,2025-02-25 00:00:00,2025-02-27 15:28:00,63.46666666666667,False
燃氣,通霄電廠,通複GT4-2,K5,21000,2025-02-01 00:00:00,2025-02-28 23:59:00,671.9833333333333,False
燃氣,通霄電廠,通複GT4-2,K21,86000,2025-02-01 00:00:00,2025-02-02 13:51:00,37.85,False
燃氣,通霄電廠,通複GT4-2,K6,86000,2025-02-07 00:00:00,2025-02-10 14:39:00,86.65,False
燃氣,通霄電廠,通複GT4-2,KK,34000,2025-02-11 09:19:00,2025-02-12 14:50:00,29.516666666666666,False
燃氣,通霄電廠,通複GT4-2,K5,27000,2025-02-25 00:00:00,2025-02-27 15:28:00,63.46666666666667,False
燃氣,通霄電廠,通複GT4-3,K5,21000,2025-02-01 00:00:00,2025-02-28 23:59:00,671.9833333333333,False
燃氣,通霄電廠,通複GT4-3,K21,86000,2025-02-01 00:00:00,2025-02-02 12:42:00,36.7,False
燃氣,通霄電廠,通複GT4-3,K6,86000,2025-02-11 00:00:00,2025-02-13 18:38:00,66.63333333333334,False
燃氣,通霄電廠,通複GT4-3,KK,31000,2025-02-14 08:30:00,2025-02-15 11:43:00,27.216666666666665,False
燃氣,通霄電廠,通複GT4-3,K5,26000,2025-02-25 00:00:00,2025-02-27 15:28:00,63.46666666666667,False
燃氣,通霄電廠,通複ST4,K5,21000,2025-02-01 00:00:00,2025-02-28 23:59:00,671.9833333333333,False
燃氣,通霄電廠,通複ST4,K21,128000,2025-02-01 00:00:00,2025-02-01 06:09:00,6.15,False
燃氣,通霄電廠,通複ST4,K5,25000,2025-02-25 00:00:00,2025-02-27 15:28:00,63.46666666666667,False
燃氣,通霄電廠,通複GT5-1,K5,6000,2025-02-01 00:00:00,2025-02-28 23:59:00,671.9833333333333,False
燃氣,通霄電廠,通複GT5-1,K5,86000,2025-02-01 00:00:00,2025-02-19 16:00:00,448.0,False
燃氣,通霄電廠,通複GT5-1,K21,86000,2025-02-01 00:00:00,2025-02-02 13:19:00,37.31666666666667,False
燃氣,通霄電廠,通複GT5-1,K5,31000,2025-02-25 00:00:00,2025-02-27 09:37:00,57.61666666666667,False
燃氣,通霄電廠,通複GT5-2,K5,16000,2025-02-01 00:00:00,2025-02-28 23:59:00,671.9833333333333,False
燃氣,通霄電廠,通複GT5-2,K5,86000,2025-02-01 00:00:00,2025-02-19 16:00:00,448.0,False
燃氣,通霄電廠,通複GT5-2,K21,86000,2025-02-01 00:00:00,2025-02-02 11:01:00,35.016666666666666,False
燃氣,通霄電廠,通複GT5-3,K5,16000,2025-02-01 00:00:00,2025-02-28 23:59:00,671.9833333333333,False
燃氣,通霄電廠,通複GT5-3,K5,21000,2025-02-01 00:00:00,2025-02-28 23:59:00,671.9833333333333,False
燃氣,通霄電廠,通複GT5-3,K5,86000,2025-02-01 00:00:00,2025-02-19 16:00:00,448.0,False
燃氣,通霄電廠,通複GT5-3,K21,86000,2025-02-01 00:00:00,2025-02-01 04:44:00,4.733333333333333,False
燃氣,通霄電廠,通複GT5-3,K6,86000,2025-02-02 12:08:00,2025-02-04 09:53:00,45.75,False
燃氣,通霄電廠,通複GT5-3,K5,31000,2025-02-25 00:00:00,2025-02-27 09:37:00,57.61666666666667,False
燃氣,通霄電廠,通複ST5,K5,11000,2025-02-01 00:00:00,2025-02-28 23:59:00,671.9833333333333,False
燃氣,通霄電廠,通複ST5,K5,128000,2025-02-01 00:00:00,2025-02-19 16:00:00,448.0,False
燃氣,通霄電廠,通複ST5,K21,86000,2025-02-01 00:00:00,2025-02-01 06:16:00,6.266666666666667,False
燃氣,通霄電廠,通複ST5,K5,21000,2025-02-25 00:00:00,2025-02-27 09:37:00,57.61666666666667,False
燃氣,通霄電廠,通複GT6-1,K5,9200,2025-02-01 00:00:00,2025-02-28 23:59:00,671.9833333333333,False
燃氣,通霄電廠,通複GT6-1,KK,6000,2025-02-24 09:00:00,2025-02-24 15:16:00,6.266666666666667,False
燃氣,通霄電廠,通複GT6-2,K21,106000,2025-02-01 00:00:00,2025-02-01 23:59:00,23.983333333333334,False
燃氣,通霄電廠,通複GT6-2,K6,10600,2025-02-02 00:00:00,2025-02-03 14:33:00,38.55,False
燃氣,通霄電廠,通複GT6-2,KK,6000,2025-02-24 09:00:00,2025-02-24 15:16:00,6.266666666666667,False
燃氣,通霄電廠,通複ST6,KK,9200,2025-02-24 09:00:00,2025-02-24 15:16:00,6.266666666666667,False
燃氣,通霄電廠,通霄GT9-1,KK,11142,2025-02-20 09:20:00,2025-02-20 17:25:00,8.083333333333334,False
燃氣,通霄電廠,通霄GT9-3,KK,3142,2025-02-06 09:03:00,2025-02-06 16:28:00,7.416666666666667,False
燃氣,通霄電廠,通霄GT9-5,K6,30142,2025-02-20 07:02:00,2025-02-28 09:47:00,194.75,False
燃煤,台中電廠,#1,K5,180000,2025-02-01 00:00:00,2025-02-10 06:29:00,222.48333333333332,False
燃煤,台中電廠,#1,K5,240000,2025-02-10 06:29:00,2025-02-10 06:58:00,0.48333333333333334,False
燃煤,台中電廠,#1,K5,160000,2025-02-10 06:58:00,2025-02-17 05:55:00,166.95,False
燃煤,台中電廠,#1,K5,290000,2025-02-17 05:55:00,2025-02-17 06:15:00,0.3333333333333333,False
燃煤,台中電廠,#1,K5,260000,2025-02-17 06:15:00,2025-02-18 10:00:00,27.75,False
燃煤,台中電廠,#1,KK,60000,2025-02-18 10:00:00,2025-02-18 19:00:00,9.0,False
燃煤,台中電廠,#1,K5,250000,2025-02-18 19:00:00,2025-02-24 06:27:00,131.45,False
燃煤,台中電廠,#1,K5,290000,2025-02-24 06:27:00,2025-02-24 06:44:00,0.2833333333333333,False
燃煤,台中電廠,#1,K5,140000,2025-02-24 06:44:00,2025-02-28 23:59:00,113.25,False
燃煤,台中電廠,#2,K5,280000,2025-02-01 00:00:00,2025-02-03 06:28:00,54.46666666666667,False
燃煤,台中電廠,#2,K5,290000,2025-02-03 06:28:00,2025-02-03 06:50:00,0.36666666666666664,False
燃煤,台中電廠,#2,K5,190000,2025-02-03 06:50:00,2025-02-10 06:07:00,167.28333333333333,False
燃煤,台中電廠,#2,K5,250000,2025-02-10 06:07:00,2025-02-10 06:29:00,0.36666666666666664,False
燃煤,台中電廠,#2,K5,180000,2025-02-10 06:29:00,2025-02-17 06:15:00,167.76666666666668,False
燃煤,台中電廠,#2,K5,290000,2025-02-17 06:15:00,2025-02-17 06:38:00,0.38333333333333336,False
燃煤,台中電廠,#2,K5,240000,2025-02-17 06:38:00,2025-02-17 14:20:00,7.7,False
燃煤,台中電廠,#2,KK,30000,2025-02-17 14:20:00,2025-02-17 19:16:00,4.933333333333334,False
燃煤,台中電廠,#2,K5,250000,2025-02-17 19:16:00,2025-02-24 05:58:00,154.7,False
燃煤,台中電廠,#2,K5,270000,2025-02-24 05:58:00,2025-02-24 06:27:00,0.48333333333333334,False
燃煤,台中電廠,#2,K5,150000,2025-02-24 06:27:00,2025-02-28 23:59:00,113.53333333333333,False
燃煤,台中電廠,#3,K10,550000,2025-02-01 00:00:00,2025-02-28 23:59:00,671.9833333333333,False
燃煤,台中電廠,#4,K5,280000,2025-02-01 00:00:00,2025-02-04 06:01:00,78.01666666666667,False
燃煤,台中電廠,#4,K5,290000,2025-02-04 06:01:00,2025-02-04 06:21:00,0.3333333333333333,False
燃煤,台中電廠,#4,K5,190000,2025-02-04 06:21:00,2025-02-11 05:44:00,167.38333333333333,False
燃煤,台中電廠,#4,K5,10000,2025-02-11 05:44:00,2025-02-11 06:28:00,0.7333333333333333,False
燃煤,台中電廠,#4,K5,110000,2025-02-11 06:28:00,2025-02-13 19:27:00,60.983333333333334,False
燃煤,台中電廠,#4,K7,550000,2025-02-13 19:27:00,2025-02-28 23:59:00,364.53333333333336,True
燃煤,台中電廠,#5,K2,550000,2025-02-01 00:00:00,2025-02-02 04:58:00,28.966666666666665,False
燃煤,台中電廠,#5,K5,500000,2025-02-02 04:58:00,2025-02-05 06:20:00,73.36666666666666,False
燃煤,台中電廠,#5,K5,300000,2025-02-05 06:20:00,2025-02-12 06:31:00,168.18333333333334,False
燃煤,台中電廠,#5,K5,100000,2025-02-12 06:31:00,2025-02-12 06:51:00,0.3333333333333333,False
燃煤,台中電廠,#5,K5,250000,2025-02-12 06:51:00,2025-02-19 06:13:00,167.36666666666667,False
燃煤,台中電廠,#5,K5,200000,2025-02-19 06:13:00,2025-02-19 06:45:00,0.5333333333333333,False
燃煤,台中電廠,#5,K5,300000,2025-02-19 06:45:00,2025-02-24 08:38:00,121.88333333333334,False
燃煤,台中電廠,#5,KK,250000,2025-02-24 08:38:00,2025-02-24 17:35:00,8.95,False
燃煤,台中電廠,#5,K5,300000,2025-02-24 17:35:00,2025-02-26 06:26:00,36.85,False
燃煤,台中電廠,#5,K5,150000,2025-02-26 06:26:00,2025-02-26 06:48:00,0.36666666666666664,False
燃煤,台中電廠,#5,K5,300000,2025-02-26 06:48:00,2025-02-27 14:00:00,31.2,False
燃煤,台中電廠,#5,KK,7000,2025-02-27 14:00:00,2025-02-27 19:33:00,5.55,False
燃煤,台中電廠,#5,K5,300000,2025-02-27 19:33:00,2025-02-28 23:59:00,28.433333333333334,False
燃煤,台中電廠,#6,K5,300000,2025-02-01 00:00:00,2025-02-12 06:05:00,270.0833333333333,False
燃煤,台中電廠,#6,K5,130000,2025-02-12 06:05:00,2025-02-12 06:31:00,0.43333333333333335,False
燃煤,台中電廠,#6,K5,290000,2025-02-12 06:31:00,2025-02-19 05:58:00,167.45,False
燃煤,台中電廠,#6,K5,200000,2025-02-19 05:58:00,2025-02-19 06:12:00,0.23333333333333334,False
燃煤,台中電廠,#6,K5,300000,2025-02-19 06:12:00,2025-02-25 08:00:00,145.8,False
燃煤,台中電廠,#6,KK,200000,2025-02-25 08:00:00,2025-02-25 19:20:00,11.333333333333334,False
燃煤,台中電廠,#6,K5,150000,2025-02-25 19:20:00,2025-02-26 06:26:00,11.1,False
燃煤,台中電廠,#6,K5,200000,2025-02-26 06:26:00,2025-02-26 14:00:00,7.566666666666666,False
燃煤,台中電廠,#6,KK,2000,2025-02-26 14:00:00,2025-02-26 19:35:00,5.583333333333333,False
燃煤,台中電廠,#6,K5,300000,2025-02-26 19:35:00,2025-02-28 23:59:00,52.4,False
燃煤,台中電廠,#7,K5,300000,2025-02-01 00:00:00,2025-02-06 06:00:00,126.0,False
燃煤,台中電廠,#7,K5,50000,2025-02-06 06:00:00,2025-02-06 22:22:00,16.366666666666667,False
燃煤,台中電廠,#7,K6,550000,2025-02-06 22:22:00,2025-02-11 08:29:00,106.11666666666666,False
燃煤,台中電廠,#7,K5,50000,2025-02-12 00:00:00,2025-02-12 15:00:00,15.0,False
燃煤,台中電廠,#7,KK,2000,2025-02-12 15:00:00,2025-02-12 17:00:00,2.0,False
燃煤,台中電廠,#7,K5,300000,2025-02-12 17:00:00,2025-02-20 05:57:00,180.95,False
燃煤,台中電廠,#7,K5,150000,2025-02-20 05:57:00,2025-02-20 06:18:00,0.35,False
燃煤,台中電廠,#7,K5,250000,2025-02-20 06:18:00,2025-02-21 08:34:00,26.266666666666666,False
燃煤,台中電廠,#7,KK,270000,2025-02-21 08:34:00,2025-02-21 18:20:00,9.766666666666667,False
燃煤,台中電廠,#7,K5,300000,2025-02-21 18:20:00,2025-02-27 06:12:00,131.86666666666667,False
燃煤,台中電廠,#7,K5,240000,2025-02-27 06:12:00,2025-02-27 06:32:00,0.3333333333333333,False
燃煤,台中電廠,#7,K5,290000,2025-02-27 06:32:00,2025-02-28 23:59:00,41.45,False
燃煤,台中電廠,#8,K5,300000,2025-02-01 00:00:00,2025-02-06 06:22:00,126.36666666666666,False
燃煤,台中電廠,#8,K5,50000,2025-02-06 06:22:00,2025-02-06 06:46:00,0.4,False
燃煤,台中電廠,#8,K5,300000,2025-02-06 06:46:00,2025-02-12 14:00:00,151.23333333333332,False
燃煤,台中電廠,#8,KK,4000,2025-02-12 14:00:00,2025-02-12 19:20:00,5.333333333333333,False
燃煤,台中電廠,#8,K5,200000,2025-02-12 19:20:00,2025-02-13 06:02:00,10.7,False
燃煤,台中電廠,#8,K5,230000,2025-02-13 06:02:00,2025-02-13 06:25:00,0.38333333333333336,False
燃煤,台中電廠,#8,K5,300000,2025-02-13 06:25:00,2025-02-19 12:06:00,149.68333333333334,False
燃煤,台中電廠,#8,KK,150000,2025-02-19 12:06:00,2025-02-19 19:50:00,7.733333333333333,False
燃煤,台中電廠,#8,K5,150000,2025-02-19 19:50:00,2025-02-20 10:50:00,15.0,False
燃煤,台中電廠,#8,KK,200000,2025-02-20 10:50:00,2025-02-20 19:29:00,8.65,False
燃煤,台中電廠,#8,K5,200000,2025-02-20 19:29:00,2025-02-22 06:38:00,35.15,False
燃煤,台中電廠,#8,K5,290000,2025-02-22 06:38:00,2025-02-22 06:55:00,0.2833333333333333,False
燃煤,台中電廠,#8,K5,300000,2025-02-22 06:55:00,2025-02-27 05:50:00,118.91666666666667,False
燃煤,台中電廠,#8,K5,290000,2025-02-27 05:50:00,2025-02-27 06:11:00,0.35,False
燃煤,台中電廠,#8,K5,250000,2025-02-27 06:11:00,2025-02-28 23:59:00,41.8,False
燃煤,台中電廠,#9,K10,550000,2025-02-01 00:00:00,2025-02-28 23:59:00,671.9833333333333,False
燃煤,台中電廠,#10,K10,550000,2025-02-01 00:00:00,2025-02-28 23:59:00,671.9833333333333,False
燃煤,興達電廠,#3,K10,550000,2025-02-01 00:00:00,2025-02-28 23:59:00,671.9833333333333,False
燃煤,興達電廠,#4,K2,550000,2025-02-01 00:00:00,2025-02-28 23:59:00,671.9833333333333,False
燃氣,興達電廠,興複GT1-1,K10,90830,2025-02-01 00:00:00,2025-02-28 23:59:00,671.9833333333333,False
燃氣,興達電廠,興複GT1-2,K10,90830,2025-02-01 00:00:00,2025-02-28 23:59:00,671.9833333333333,False
燃氣,興達電廠,興複GT1-3,K10,90830,2025-02-01 00:00:00,2025-02-28 23:59:00,671.9833333333333,False
燃氣,興達電廠,興複ST1,K10,172700,2025-02-01 00:00:00,2025-02-28 23:59:00,671.9833333333333,False
燃氣,興達電廠,興複ST5,K4,172700,2025-02-03 08:16:00,2025-02-04 00:00:00,15.733333333333333,True
燃氣,興達電廠,興複ST5,K1,0,2025-02-03 09:06:00,2025-02-04 00:00:00,14.9,False
燃氣,興達電廠,興複GT3-3,K6,90830,2025-02-04 23:09:00,2025-02-15 14:30:00,255.35,False
燃氣,興達電廠,興複GT3-3,K21,0,2025-02-15 09:53:00,2025-02-15 10:16:00,0.38333333333333336,False
燃氣,興達電廠,興複GT3-3,K21,0,2025-02-15 11:24:00,2025-02-15 14:30:00,3.1,False
燃氣,興達電廠,興複GT3-2,K6,90830,2025-02-17 08:59:00,2025-02-17 10:09:00,1.1666666666666667,False
燃氣,南部電廠,南複GT2-1,K10,86500,2025-02-08 00:00:00,2025-02-28 23:59:00,503.98333333333335,False
燃氣,南部電廠,南複#4GT,K7,248000,2025-02-17 14:27:00,2025-02-22 21:46:00,127.31666666666666,True
燃氣,南部電廠,南複#4GT,K21,248000,2025-02-17 12:01:00,2025-02-22 21:46:00,129.75,False
燃氣,南部電廠,南複GT3-2,K6,86500,2025-02-24 07:39:00,2025-02-24 10:00:00,2.35,False
燃煤,大林電廠,#1,K5,200000,2025-02-08 10:15:00,2025-02-08 10:45:00,0.5,False
燃煤,大林電廠,#1,KK,0,2025-02-10 09:23:00,2025-02-10 09:56:00,0.55,False
燃煤,大林電廠,#1,KK,0,2025-02-16 09:30:00,2025-02-16 10:00:00,0.5,False
燃煤,大林電廠,#1,K5,400000,2025-02-22 06:00:00,2025-02-22 12:40:00,6.666666666666667,False
燃煤,大林電廠,#1,K5,200000,2025-02-25 01:52:00,2025-02-25 02:31:00,0.65,False
燃煤,大林電廠,#1,K5,100000,2025-02-28 09:34:00,2025-02-28 10:20:00,0.7666666666666667,False
燃煤,大林電廠,#1,K5,100000,2025-02-28 13:10:00,2025-02-28 13:30:00,0.3333333333333333,False
燃煤,大林電廠,#2,K10,800000,2025-02-01 00:00:00,2025-02-28 23:59:00,671.9833333333333,False
燃氣,大林電廠,#6,KK,150000,2025-02-28 08:00:00,2025-02-28 23:10:00,15.166666666666666,False
燃油,塔山電廠,塔山#3,K6,7900,2025-02-03 00:00:00,2025-02-24 14:46:00,518.7666666666667,False
燃油,塔山電廠,塔山#6,K10,8250,2025-02-15 07:43:00,2025-02-28 23:59:00,328.26666666666665,False
燃油,塔山電廠,塔山#8,K10,8250,2025-02-01 00:00:00,2025-02-13 16:25:00,304.4166666666667,False
燃油,塔山電廠,麒麟#5,K6,1540,2025-02-01 00:00:00,2025-02-28 23:59:00,671.9833333333333,False
燃油,塔山電廠,麒麟#6,K10,1540,2025-02-17 00:00:00,2025-02-28 23:59:00,287.98333333333335,False
燃油,尖山電廠,#3,K6,10443,2025-02-10 09:00:00,2025-02-15 16:30:00,127.5,False
燃油,尖山電廠,#5,K6,11000,2025-02-01 00:00:00,2025-02-14 16:30:00,328.5,False
燃油,尖山電廠,#7,K6,11000,2025-02-17 08:50:00,2025-02-21 16:30:00,103.66666666666667,False
燃油,尖山電廠,#9,K6,11000,2025-02-12 08:52:00,2025-02-18 08:00:00,143.13333333333333,False
燃油,尖山電廠,#9,K10,11000,2025-02-18 08:00:00,2025-02-28 23:59:00,255.98333333333332,False
燃油,尖山電廠,#10,K6,11000,2025-02-12 08:52:00,2025-02-28 23:59:00,399.1166666666667,False
燃油,尖山電廠,#11,K6,11000,2025-02-11 09:00:00,2025-02-28 23:59:00,422.98333333333335,False
燃油,尖山電廠,#12,K6,11000,2025-02-11 09:57:00,2025-02-28 23:59:00,422.03333333333336,False
燃油,協和電廠,南竿#12,K6,2500,2025-02-01 00:00:00,2025-02-28 23:59:00,671.9833333333333,False
燃油,協和電廠,珠山#3,K6,3850,2025-02-07 23:48:00,2025-02-19 15:35:00,279.78333333333336,False
燃油,協和電廠,珠山#4,K6,3850,2025-02-21 11:33:00,2025-02-27 20:45:00,153.2,False
抽蓄水力,明潭電廠,明潭#6,K10,267000,2025-02-01 00:00:00,2025-02-28 23:59:00,671.9833333333333,False
抽蓄水力,大觀電廠,大觀(二)#1,K6,250000,2025-02-12 09:55:00,2025-02-28 23:59:00,398.06666666666666,False
燃油,琉球電廠,#4,KK,1500,2025-02-01 00:00:00,2025-02-28 23:59:00,671.9833333333333,False
燃油,綠島電廠,#3,K2,500,2025-02-01 00:00:00,2025-02-28 23:59:00,671.9833333333333,False
燃油,綠島電廠,#4,K2,500,2025-02-01 00:00:00,2025-02-28 23:59:00,671.9833333333333,False
燃油,東引電廠,#5,K6,1500,2025-02-18 00:00:00,2025-02-28 23:59:00,263.98333333333335,False
燃油,莒光電廠,#3,K7,1500,2025-02-01 00:00:00,2025-02-28 23:59:00,671.9833333333333,True
燃油,莒光電廠,#4,K7,1500,2025-02-01 00:00:00,2025-02-28 23:59:00,671.9833333333333,True
燃油,協和電廠,#3,K5,360000,2025-03-01 00:00:00,2025-03-31 23:59:00,743.9833333333333,False
燃油,協和電廠,#4,K5,360000,2025-03-01 00:00:00,2025-03-15 20:22:00,356.3666666666667,False
燃油,協和電廠,#4,K6,500000,2025-03-15 20:22:00,2025-03-20 00:54:00,100.53333333333333,False
燃油,協和電廠,#4,K5,360000,2025-03-20 00:54:00,2025-03-31 23:59:00,287.0833333333333,False
燃煤,林口電廠,#1,K10,800000,2025-03-01 00:00:00,2025-03-31 23:59:00,743.9833333333333,False
燃煤,林口電廠,#2,K5,40735,2025-03-02 08:32:00,2025-03-02 10:02:00,1.5,False
燃煤,林口電廠,#2,K5,58785,2025-03-09 07:47:00,2025-03-09 11:27:00,3.6666666666666665,False
燃煤,林口電廠,#3,K5,56450,2025-03-09 09:17:00,2025-03-09 11:27:00,2.1666666666666665,False
燃煤,林口電廠,#3,K5,41000,2025-03-16 12:41:00,2025-03-16 13:38:00,0.95,False
燃煤,林口電廠,#2,K5,58566,2025-03-20 12:45:00,2025-03-20 15:32:00,2.783333333333333,False
燃煤,林口電廠,#3,K5,56050,2025-03-20 12:45:00,2025-03-20 15:32:00,2.783333333333333,False
燃煤,林口電廠,#2,K5,53052,2025-03-23 10:07:00,2025-03-23 12:16:00,2.15,False
燃煤,林口電廠,#3,K5,55280,2025-03-23 08:40:00,2025-03-23 12:16:00,3.6,False
燃氣,大潭電廠,潭複GT1-1,K10,153500,2025-03-01 00:00:00,2025-03-31 23:59:00,743.9833333333333,False
燃氣,大潭電廠,潭複GT1-2,K5,76750,2025-03-01 04:10:00,2025-03-01 06:51:00,2.683333333333333,False
燃氣,大潭電廠,潭複GT1-2,K5,76750,2025-03-02 04:55:00,2025-03-02 07:25:00,2.5,False
燃氣,大潭電廠,潭複GT1-2,K5,76750,2025-03-02 17:46:00,2025-03-02 19:46:00,2.0,False
燃氣,大潭電廠,潭複GT1-2,K5,76750,2025-03-03 05:36:00,2025-03-03 07:56:00,2.3333333333333335,False
燃氣,大潭電廠,潭複GT1-2,K5,76750,2025-03-03 18:07:00,2025-03-03 20:28:00,2.35,False
燃氣,大潭電廠,潭複GT1-2,K10,153500,2025-03-01 00:00:00,2025-03-28 19:23:00,667.3833333333333,False
燃氣,大潭電廠,潭複GT1-3,K10,153500,2025-03-01 00:00:00,2025-03-31 23:59:00,743.9833333333333,False
燃氣,大潭電廠,潭複GT2-1,K5,76750,2025-03-01 04:10:00,2025-03-01 06:51:00,2.683333333333333,False
燃氣,大潭電廠,潭複GT2-1,K5,76750,2025-03-02 04:55:00,2025-03-02 07:25:00,2.5,False
燃氣,大潭電廠,潭複GT2-1,K5,76750,2025-03-02 17:46:00,2025-03-02 19:46:00,2.0,False
燃氣,大潭電廠,潭複GT2-1,K5,76750,2025-03-03 05:36:00,2025-03-03 07:56:00,2.3333333333333335,False
燃氣,大潭電廠,潭複GT2-1,K5,76750,2025-03-03 18:07:00,2025-03-03 20:28:00,2.35,False
燃氣,大潭電廠,潭複GT2-1,KK,0,2025-03-09 08:30:00,2025-03-09 09:26:00,0.9333333333333333,False
燃氣,大潭電廠,潭複GT2-1,K6,153500,2025-03-18 10:21:00,2025-03-18 15:24:00,5.05,False
燃氣,大潭電廠,潭複GT2-2,K5,76750,2025-03-01 04:10:00,2025-03-01 06:51:00,2.683333333333333,False
燃氣,大潭電廠,潭複GT2-2,K5,76750,2025-03-02 04:55:00,2025-03-02 07:25:00,2.5,False
燃氣,大潭電廠,潭複GT2-2,K5,76750,2025-03-02 17:46:00,2025-03-02 19:46:00,2.0,False
燃氣,大潭電廠,潭複GT2-2,K5,76750,2025-03-03 05:36:00,2025-03-03 07:56:00,2.3333333333333335,False
燃氣,大潭電廠,潭複GT2-2,K5,76750,2025-03-03 18:07:00,2025-03-03 20:28:00,2.35,False
燃氣,大潭電廠,潭複GT2-2,KK,0,2025-03-09 08:30:00,2025-03-09 09:26:00,0.9333333333333333,False
燃氣,大潭電廠,潭複GT2-3,K5,76750,2025-03-01 04:10:00,2025-03-01 06:51:00,2.683333333333333,False
燃氣,大潭電廠,潭複GT2-3,K5,76750,2025-03-02 04:55:00,2025-03-02 07:25:00,2.5,False
燃氣,大潭電廠,潭複GT2-3,K5,76750,2025-03-02 17:46:00,2025-03-02 19:46:00,2.0,False
燃氣,大潭電廠,潭複GT2-3,K5,76750,2025-03-03 05:36:00,2025-03-03 07:56:00,2.3333333333333335,False
燃氣,大潭電廠,潭複GT2-3,K5,76750,2025-03-03 18:07:00,2025-03-03 20:28:00,2.35,False
燃氣,大潭電廠,潭複GT2-3,KK,0,2025-03-09 08:30:00,2025-03-09 09:26:00,0.9333333333333333,False
燃氣,大潭電廠,潭複GT3-1,K5,116950,2025-03-01 04:10:00,2025-03-01 06:51:00,2.683333333333333,False
燃氣,大潭電廠,潭複GT3-1,K5,116950,2025-03-02 04:55:00,2025-03-02 07:25:00,2.5,False
燃氣,大潭電廠,潭複GT3-1,K5,116950,2025-03-02 17:46:00,2025-03-02 19:46:00,2.0,False
燃氣,大潭電廠,潭複GT3-1,K5,116950,2025-03-03 05:36:00,2025-03-03 07:56:00,2.3333333333333335,False
燃氣,大潭電廠,潭複GT3-1,K5,116950,2025-03-03 18:07:00,2025-03-03 20:28:00,2.35,False
燃氣,大潭電廠,潭複GT3-1,K5,116950,2025-03-13 00:00:00,2025-03-15 00:00:00,48.0,False
燃氣,大潭電廠,潭複GT3-1,KK,0,2025-03-18 09:20:00,2025-03-18 18:09:00,8.816666666666666,False
燃氣,大潭電廠,潭複GT3-1,K5,116950,2025-03-19 16:34:00,2025-03-28 00:00:00,199.43333333333334,False
燃氣,大潭電廠,潭複GT3-2,K5,116950,2025-03-01 04:10:00,2025-03-01 06:51:00,2.683333333333333,False
燃氣,大潭電廠,潭複GT3-2,K5,116950,2025-03-02 04:55:00,2025-03-02 07:25:00,2.5,False
燃氣,大潭電廠,潭複GT3-2,K5,116950,2025-03-02 17:46:00,2025-03-02 19:46:00,2.0,False
燃氣,大潭電廠,潭複GT3-2,K5,116950,2025-03-03 05:36:00,2025-03-03 07:56:00,2.3333333333333335,False
燃氣,大潭電廠,潭複GT3-2,K5,116950,2025-03-03 18:07:00,2025-03-03 20:28:00,2.35,False
燃氣,大潭電廠,潭複GT3-2,KK,0,2025-03-07 09:00:00,2025-03-07 14:23:00,5.383333333333334,False
燃氣,大潭電廠,潭複GT3-2,K5,116950,2025-03-13 00:00:00,2025-03-15 00:00:00,48.0,False
燃氣,大潭電廠,潭複GT3-2,KK,0,2025-03-18 09:20:00,2025-03-18 18:09:00,8.816666666666666,False
燃氣,大潭電廠,潭複GT3-2,K5,116950,2025-03-19 16:34:00,2025-03-21 00:15:00,31.683333333333334,False
燃氣,大潭電廠,潭複GT3-2,K6,233900,2025-03-21 00:15:00,2025-03-31 23:59:00,263.73333333333335,False
燃氣,大潭電廠,潭複GT4-1,K5,116950,2025-03-01 04:10:00,2025-03-01 06:51:00,2.683333333333333,False
燃氣,大潭電廠,潭複GT4-1,K5,116950,2025-03-02 04:55:00,2025-03-02 07:25:00,2.5,False
燃氣,大潭電廠,潭複GT4-1,K5,116950,2025-03-02 17:46:00,2025-03-02 19:46:00,2.0,False
燃氣,大潭電廠,潭複GT4-1,K5,116950,2025-03-03 05:36:00,2025-03-03 07:56:00,2.3333333333333335,False
燃氣,大潭電廠,潭複GT4-1,K5,116950,2025-03-03 18:07:00,2025-03-03 20:28:00,2.35,False
燃氣,大潭電廠,潭複GT4-1,K5,116950,2025-03-13 00:00:00,2025-03-15 00:00:00,48.0,False
燃氣,大潭電廠,潭複GT4-1,K5,116950,2025-03-19 16:34:00,2025-03-28 00:00:00,199.43333333333334,False
燃氣,大潭電廠,潭複GT4-1,KK,0,2025-03-27 09:30:00,2025-03-27 17:00:00,7.5,False
燃氣,大潭電廠,潭複GT4-2,K5,116950,2025-03-01 04:10:00,2025-03-01 06:51:00,2.683333333333333,False
燃氣,大潭電廠,潭複GT4-2,K5,116950,2025-03-02 04:55:00,2025-03-02 07:25:00,2.5,False
燃氣,大潭電廠,潭複GT4-2,K5,116950,2025-03-02 17:46:00,2025-03-02 19:46:00,2.0,False
燃氣,大潭電廠,潭複GT4-2,K5,116950,2025-03-03 05:36:00,2025-03-03 07:56:00,2.3333333333333335,False
燃氣,大潭電廠,潭複GT4-2,K5,116950,2025-03-03 18:07:00,2025-03-03 20:28:00,2.35,False
燃氣,大潭電廠,潭複GT4-2,K5,116950,2025-03-13 00:00:00,2025-03-15 00:00:00,48.0,False
燃氣,大潭電廠,潭複GT4-2,K5,116950,2025-03-19 16:34:00,2025-03-28 00:00:00,199.43333333333334,False
燃氣,大潭電廠,潭複GT4-2,KK,0,2025-03-27 09:30:00,2025-03-27 17:00:00,7.5,False
燃氣,大潭電廠,潭複GT5-1,K10,233900,2025-03-01 00:00:00,2025-03-31 23:59:00,743.9833333333333,False
燃氣,大潭電廠,潭複GT5-2,K10,233900,2025-03-01 00:00:00,2025-03-31 23:59:00,743.9833333333333,False
燃氣,大潭電廠,潭複GT6-1,K5,116950,2025-03-01 04:10:00,2025-03-01 06:51:00,2.683333333333333,False
燃氣,大潭電廠,潭複GT6-1,K5,116950,2025-03-02 04:55:00,2025-03-02 07:25:00,2.5,False
燃氣,大潭電廠,潭複GT6-1,K5,116950,2025-03-02 17:46:00,2025-03-02 19:46:00,2.0,False
燃氣,大潭電廠,潭複GT6-1,K5,116950,2025-03-03 05:36:00,2025-03-03 07:56:00,2.3333333333333335,False
燃氣,大潭電廠,潭複GT6-1,K5,116950,2025-03-03 18:07:00,2025-03-03 20:28:00,2.35,False
燃氣,大潭電廠,潭複GT6-1,K5,116950,2025-03-13 00:00:00,2025-03-15 00:00:00,48.0,False
燃氣,大潭電廠,潭複GT6-1,K5,116950,2025-03-19 16:34:00,2025-03-28 00:00:00,199.43333333333334,False
燃氣,大潭電廠,潭複GT6-1,KK,0,2025-03-25 09:00:00,2025-03-25 17:00:00,8.0,False
燃氣,大潭電廠,潭複GT6-2,K5,116950,2025-03-01 04:10:00,2025-03-01 06:51:00,2.683333333333333,False
燃氣,大潭電廠,潭複GT6-2,K5,116950,2025-03-02 04:55:00,2025-03-02 07:25:00,2.5,False
燃氣,大潭電廠,潭複GT6-2,K5,116950,2025-03-02 17:46:00,2025-03-02 19:46:00,2.0,False
燃氣,大潭電廠,潭複GT6-2,K5,116950,2025-03-03 05:36:00,2025-03-03 07:56:00,2.3333333333333335,False
燃氣,大潭電廠,潭複GT6-2,K5,116950,2025-03-03 18:07:00,2025-03-03 20:28:00,2.35,False
燃氣,大潭電廠,潭複GT6-2,K6,233900,2025-03-12 00:20:00,2025-03-18 09:54:00,153.56666666666666,False
燃氣,大潭電廠,潭複GT6-2,K5,116950,2025-03-18 09:54:00,2025-03-18 13:18:00,3.4,False
燃氣,大潭電廠,潭複GT6-2,K5,116950,2025-03-19 16:34:00,2025-03-28 00:00:00,199.43333333333334,False
燃氣,大潭電廠,潭複GT6-2,KK,0,2025-03-25 09:00:00,2025-03-25 17:00:00,8.0,False
燃氣,大潭電廠,潭複GT7-1,KK,0,2025-03-01 00:00:00,2025-03-02 09:58:00,33.96666666666667,False
燃氣,大潭電廠,潭複GT7-1,K21,0,2025-03-02 09:58:00,2025-03-02 10:08:00,0.16666666666666666,False
燃氣,大潭電廠,潭複GT7-1,K21,0,2025-03-03 16:19:00,2025-03-03 20:14:00,3.9166666666666665,False
燃氣,大潭電廠,潭複GT7-1,K21,0,2025-03-04 09:16:00,2025-03-04 21:14:00,11.966666666666667,False
燃氣,大潭電廠,潭複GT7-1,K21,0,2025-03-12 15:10:00,2025-03-12 16:59:00,1.8166666666666667,False
燃氣,大潭電廠,潭複GT7-1,K21,0,2025-03-16 09:54:00,2025-03-16 19:06:00,9.2,False
燃氣,大潭電廠,潭複GT7-1,K21,0,2025-03-17 10:42:00,2025-03-17 18:05:00,7.383333333333334,False
燃氣,大潭電廠,潭複GT7-1,K21,0,2025-03-18 09:48:00,2025-03-18 21:32:00,11.733333333333333,False
燃氣,大潭電廠,潭複GT7-1,K21,0,2025-03-19 08:59:00,2025-03-19 19:06:00,10.116666666666667,False
燃氣,大潭電廠,潭複GT7-1,K21,0,2025-03-20 10:01:00,2025-03-20 16:55:00,6.9,False
燃氣,大潭電廠,潭複GT7-1,K21,0,2025-03-20 18:53:00,2025-03-20 19:43:00,0.8333333333333334,False
燃氣,大潭電廠,潭複GT7-1,K21,0,2025-03-21 13:35:00,2025-03-21 19:47:00,6.2,False
燃氣,大潭電廠,潭複GT7-1,K21,0,2025-03-29 10:05:00,2025-03-29 19:46:00,9.683333333333334,False
燃氣,大潭電廠,潭複GT7-1,K21,0,2025-03-30 09:37:00,2025-03-30 15:10:00,5.55,False
燃氣,大潭電廠,潭複GT7-1,K21,0,2025-03-31 10:57:00,2025-03-31 16:53:00,5.933333333333334,False
燃氣,大潭電廠,潭複GT7-2,KK,0,2025-03-01 00:00:00,2025-03-02 11:40:00,35.666666666666664,False
燃氣,大潭電廠,潭複GT7-2,K21,0,2025-03-02 11:40:00,2025-03-02 17:15:00,5.583333333333333,False
燃氣,大潭電廠,潭複GT7-2,K21,0,2025-03-03 09:57:00,2025-03-03 16:26:00,6.483333333333333,False
燃氣,大潭電廠,潭複GT7-2,K21,0,2025-03-03 18:49:00,2025-03-03 20:16:00,1.45,False
燃氣,大潭電廠,潭複GT7-2,K21,0,2025-03-04 10:34:00,2025-03-04 21:07:00,10.55,False
燃氣,大潭電廠,潭複GT7-2,K21,0,2025-03-05 10:05:00,2025-03-05 11:42:00,1.6166666666666667,False
燃氣,大潭電廠,潭複GT7-2,K21,0,2025-03-06 09:03:00,2025-03-06 20:01:00,10.966666666666667,False
燃氣,大潭電廠,潭複GT7-2,K21,0,2025-03-07 09:39:00,2025-03-07 16:54:00,7.25,False
燃氣,大潭電廠,潭複GT7-2,K8,0,2025-03-08 12:45:00,2025-03-08 15:10:00,2.4166666666666665,False
燃氣,大潭電廠,潭複GT7-2,K21,0,2025-03-11 14:52:00,2025-03-11 16:01:00,1.15,False
燃氣,大潭電廠,潭複GT7-2,K21,0,2025-03-12 09:56:00,2025-03-12 17:37:00,7.683333333333334,False
燃氣,大潭電廠,潭複GT7-2,K21,0,2025-03-13 10:56:00,2025-03-13 16:43:00,5.783333333333333,False
燃氣,大潭電廠,潭複GT7-2,K21,0,2025-03-14 11:35:00,2025-03-14 18:29:00,6.9,False
燃氣,大潭電廠,潭複GT7-2,K21,0,2025-03-15 09:45:00,2025-03-15 17:36:00,7.85,False
燃氣,大潭電廠,潭複GT7-2,K21,0,2025-03-28 14:39:00,2025-03-28 18:52:00,4.216666666666667,False
燃氣,大潭電廠,潭複GT8-1,K5,183198,2025-03-01 04:10:00,2025-03-01 06:51:00,2.683333333333333,False
燃氣,大潭電廠,潭複GT8-1,K5,183198,2025-03-02 04:55:00,2025-03-02 07:25:00,2.5,False
燃氣,大潭電廠,潭複GT8-1,K5,183198,2025-03-02 17:46:00,2025-03-02 19:46:00,2.0,False
燃氣,大潭電廠,潭複GT8-1,K4,366395,2025-03-08 18:38:00,2025-03-08 22:57:00,4.316666666666666,True
燃氣,大潭電廠,潭複GT8-1,K21,0,2025-03-08 22:57:00,2025-03-08 23:15:00,0.3,False
燃氣,大潭電廠,潭複GT8-1,K1,0,2025-03-08 23:15:00,2025-03-09 00:26:00,1.1833333333333333,False
燃氣,大潭電廠,潭複GT8-1,K6,366395,2025-03-14 21:06:00,2025-03-19 10:47:00,109.68333333333334,False
燃氣,大潭電廠,潭複GT8-1,K21,0,2025-03-19 10:47:00,2025-03-19 18:20:00,7.55,False
燃氣,大潭電廠,潭複GT8-1,KK,0,2025-03-24 00:00:00,2025-03-25 00:00:00,24.0,False
燃氣,大潭電廠,潭複GT8-1,KK,0,2025-03-26 09:00:00,2025-03-26 16:00:00,7.0,False
燃氣,大潭電廠,潭複GT8-1,KK,0,2025-03-27 00:00:00,2025-03-27 20:38:00,20.633333333333333,False
燃氣,大潭電廠,潭複GT8-1,K6,366395,2025-03-28 00:00:00,2025-03-31 23:59:00,95.98333333333333,False
燃氣,大潭電廠,潭複GT8-2,K6,366395,2025-03-01 00:00:00,2025-03-12 13:53:00,277.8833333333333,False
燃氣,大潭電廠,潭複GT8-2,K21,0,2025-03-12 13:53:00,2025-03-13 16:00:00,26.116666666666667,False
燃氣,大潭電廠,潭複GT8-2,K6,366395,2025-03-14 21:06:00,2025-03-19 10:47:00,109.68333333333334,False
燃氣,大潭電廠,潭複GT8-2,K21,0,2025-03-19 10:47:00,2025-03-19 18:20:00,7.55,False
燃氣,大潭電廠,潭複GT8-2,K7,366395,2025-03-20 09:39:00,2025-03-20 10:43:00,1.0666666666666667,True
燃氣,大潭電廠,潭複GT8-2,KK,0,2025-03-24 00:00:00,2025-03-26 00:00:00,48.0,False
燃氣,大潭電廠,潭複GT8-2,KK,0,2025-03-26 09:00:00,2025-03-26 16:00:00,7.0,False
燃氣,大潭電廠,潭複GT8-2,KK,0,2025-03-27 00:00:00,2025-03-27 20:38:00,20.633333333333333,False
燃氣,大潭電廠,潭複GT8-2,K2,366395,2025-03-27 20:38:00,2025-03-28 00:00:00,3.3666666666666667,False
燃氣,大潭電廠,潭複GT8-2,K6,366395,2025-03-28 00:00:00,2025-03-31 23:59:00,95.98333333333333,False
燃氣,大潭電廠,潭複GT9-1,K8,0,2025-03-01 00:00:00,2025-03-28 10:06:00,658.1,False
燃氣,大潭電廠,潭複GT9-1,K5,183198,2025-03-01 04:10:00,2025-03-01 06:51:00,2.683333333333333,False
燃氣,大潭電廠,潭複GT9-1,K5,183198,2025-03-02 04:55:00,2025-03-02 07:25:00,2.5,False
燃氣,大潭電廠,潭複GT9-1,K5,183198,2025-03-02 17:46:00,2025-03-02 19:46:00,2.0,False
燃氣,大潭電廠,潭複GT9-2,K8,0,2025-03-01 00:00:00,2025-03-26 09:17:00,609.2833333333333,False
燃氣,大潭電廠,潭複GT9-2,K5,183198,2025-03-01 04:10:00,2025-03-01 06:51:00,2.683333333333333,False
燃氣,大潭電廠,潭複GT9-2,K5,183198,2025-03-02 04:55:00,2025-03-02 07:25:00,2.5,False
燃氣,大潭電廠,潭複GT9-2,K5,183198,2025-03-02 17:46:00,2025-03-02 19:46:00,2.0,False
燃氣,大潭電廠,潭複ST1,K5,141100,2025-03-01 04:10:00,2025-03-01 06:51:00,2.683333333333333,False
燃氣,大潭電廠,潭複ST1,K5,141100,2025-03-02 04:55:00,2025-03-02 07:25:00,2.5,False
燃氣,大潭電廠,潭複ST1,K5,141100,2025-03-02 17:46:00,2025-03-02 19:46:00,2.0,False
燃氣,大潭電廠,潭複ST1,K5,141100,2025-03-03 05:36:00,2025-03-03 07:56:00,2.3333333333333335,False
燃氣,大潭電廠,潭複ST1,K5,141100,2025-03-03 18:07:00,2025-03-03 20:28:00,2.35,False
燃氣,大潭電廠,潭複ST1,K10,282200,2025-03-01 00:00:00,2025-03-28 22:15:00,670.25,False
燃氣,大潭電廠,潭複ST2,K5,141100,2025-03-01 04:10:00,2025-03-01 06:51:00,2.683333333333333,False
燃氣,大潭電廠,潭複ST2,K5,141100,2025-03-02 04:55:00,2025-03-02 07:25:00,2.5,False
燃氣,大潭電廠,潭複ST2,K5,141100,2025-03-02 17:46:00,2025-03-02 19:46:00,2.0,False
燃氣,大潭電廠,潭複ST2,K5,141100,2025-03-03 05:36:00,2025-03-03 07:56:00,2.3333333333333335,False
燃氣,大潭電廠,潭複ST2,K5,141100,2025-03-03 18:07:00,2025-03-03 20:28:00,2.35,False
燃氣,大潭電廠,潭複ST2,KK,0,2025-03-09 08:30:00,2025-03-09 09:26:00,0.9333333333333333,False
燃氣,大潭電廠,潭複ST3,K5,128450,2025-03-01 04:10:00,2025-03-01 06:51:00,2.683333333333333,False
燃氣,大潭電廠,潭複ST3,K5,128450,2025-03-02 04:55:00,2025-03-02 07:25:00,2.5,False
燃氣,大潭電廠,潭複ST3,K5,128450,2025-03-02 17:46:00,2025-03-02 19:46:00,2.0,False
燃氣,大潭電廠,潭複ST3,K5,128450,2025-03-03 05:36:00,2025-03-03 07:56:00,2.3333333333333335,False
燃氣,大潭電廠,潭複ST3,K5,128450,2025-03-03 18:07:00,2025-03-03 20:28:00,2.35,False
燃氣,大潭電廠,潭複ST3,K5,128450,2025-03-13 00:00:00,2025-03-15 00:00:00,48.0,False
燃氣,大潭電廠,潭複ST3,KK,0,2025-03-18 09:20:00,2025-03-18 18:09:00,8.816666666666666,False
燃氣,大潭電廠,潭複ST3,K5,128450,2025-03-19 16:34:00,2025-03-28 00:00:00,199.43333333333334,False
燃氣,大潭電廠,潭複ST4,K5,128450,2025-03-01 04:10:00,2025-03-01 06:51:00,2.683333333333333,False
燃氣,大潭電廠,潭複ST4,KK,0,2025-03-02 08:42:00,2025-03-02 10:12:00,1.5,False
燃氣,大潭電廠,潭複ST4,K5,128450,2025-03-02 04:55:00,2025-03-02 07:25:00,2.5,False
燃氣,大潭電廠,潭複ST4,K5,128450,2025-03-02 17:46:00,2025-03-02 19:46:00,2.0,False
燃氣,大潭電廠,潭複ST4,K5,128450,2025-03-03 05:36:00,2025-03-03 07:56:00,2.3333333333333335,False
燃氣,大潭電廠,潭複ST4,K5,128450,2025-03-03 18:07:00,2025-03-03 20:28:00,2.35,False
燃氣,大潭電廠,潭複ST4,K5,128450,2025-03-13 00:00:00,2025-03-15 00:00:00,48.0,False
燃氣,大潭電廠,潭複ST4,K5,128450,2025-03-19 16:34:00,2025-03-28 00:00:00,199.43333333333334,False
燃氣,大潭電廠,潭複ST4,KK,0,2025-03-27 09:30:00,2025-03-27 17:00:00,7.5,False
燃氣,大潭電廠,潭複ST5,K10,256900,2025-03-01 00:00:00,2025-03-31 23:59:00,743.9833333333333,False
燃氣,大潭電廠,潭複ST6,K5,128450,2025-03-01 04:10:00,2025-03-01 06:51:00,2.683333333333333,False
燃氣,大潭電廠,潭複ST6,K5,128450,2025-03-02 04:55:00,2025-03-02 07:25:00,2.5,False
燃氣,大潭電廠,潭複ST6,K5,128450,2025-03-02 17:46:00,2025-03-02 19:46:00,2.0,False
燃氣,大潭電廠,潭複ST6,K5,128450,2025-03-03 05:36:00,2025-03-03 07:56:00,2.3333333333333335,False
燃氣,大潭電廠,潭複ST6,K5,128450,2025-03-03 18:07:00,2025-03-03 20:28:00,2.35,False
燃氣,大潭電廠,潭複ST6,K5,128450,2025-03-13 00:00:00,2025-03-15 00:00:00,48.0,False
燃氣,大潭電廠,潭複ST6,K5,128450,2025-03-19 16:34:00,2025-03-28 00:00:00,199.43333333333334,False
燃氣,大潭電廠,潭複ST6,KK,0,2025-03-25 09:00:00,2025-03-25 17:00:00,8.0,False
燃氣,大潭電廠,潭複ST7,K8,0,2025-03-04 14:30:00,2025-03-04 21:09:00,6.65,False
燃氣,大潭電廠,潭複ST7,K21,0,2025-03-06 15:07:00,2025-03-06 19:50:00,4.716666666666667,False
燃氣,大潭電廠,潭複ST7,K21,0,2025-03-07 12:57:00,2025-03-07 16:46:00,3.816666666666667,False
燃氣,大潭電廠,潭複ST7,K8,0,2025-03-08 12:45:00,2025-03-08 15:10:00,2.4166666666666665,False
燃氣,大潭電廠,潭複ST7,K8,0,2025-03-12 16:51:00,2025-03-12 17:37:00,0.7666666666666667,False
燃氣,大潭電廠,潭複ST7,K8,0,2025-03-13 12:55:00,2025-03-13 16:32:00,3.6166666666666667,False
燃氣,大潭電廠,潭複ST7,K8,0,2025-03-14 14:56:00,2025-03-14 17:18:00,2.3666666666666667,False
燃氣,大潭電廠,潭複ST7,K8,0,2025-03-15 13:10:00,2025-03-15 16:58:00,3.8,False
燃氣,大潭電廠,潭複ST7,K8,0,2025-03-17 15:20:00,2025-03-17 17:59:00,2.65,False
燃氣,大潭電廠,潭複ST7,K8,0,2025-03-18 11:29:00,2025-03-18 15:45:00,4.266666666666667,False
燃氣,大潭電廠,潭複ST7,K8,0,2025-03-19 10:45:00,2025-03-19 17:56:00,7.183333333333334,False
燃氣,大潭電廠,潭複ST7,K8,0,2025-03-20 12:25:00,2025-03-20 16:43:00,4.3,False
燃氣,大潭電廠,潭複ST7,K8,0,2025-03-20 19:37:00,2025-03-20 19:43:00,0.1,False
燃氣,大潭電廠,潭複ST7,K8,0,2025-03-21 15:05:00,2025-03-21 17:44:00,2.65,False
燃氣,大潭電廠,潭複ST7,K8,0,2025-03-22 11:03:00,2025-03-22 14:33:00,3.5,False
燃氣,大潭電廠,潭複ST7,K8,0,2025-03-28 18:12:00,2025-03-28 18:45:00,0.55,False
燃氣,大潭電廠,潭複ST7,K8,0,2025-03-29 12:33:00,2025-03-29 15:27:00,2.9,False
燃氣,大潭電廠,潭複ST7,K8,0,2025-03-30 11:20:00,2025-03-30 15:02:00,3.7,False
燃氣,大潭電廠,潭複ST7,K8,0,2025-03-31 12:42:00,2025-03-31 16:47:00,4.083333333333333,False
燃氣,大潭電廠,潭複ST8,K5,195420,2025-03-01 04:10:00,2025-03-01 06:51:00,2.683333333333333,False
燃氣,大潭電廠,潭複ST8,K5,195420,2025-03-02 04:55:00,2025-03-02 07:25:00,2.5,False
燃氣,大潭電廠,潭複ST8,K5,195420,2025-03-02 17:46:00,2025-03-02 19:46:00,2.0,False
燃氣,大潭電廠,潭複ST8,K4,390839,2025-03-08 18:38:00,2025-03-09 01:13:00,6.583333333333333,True
燃氣,大潭電廠,潭複ST8,K6,390839,2025-03-14 21:06:00,2025-03-19 10:47:00,109.68333333333334,False
燃氣,大潭電廠,潭複ST8,K21,0,2025-03-19 10:47:00,2025-03-19 18:20:00,7.55,False
燃氣,大潭電廠,潭複ST8,KK,0,2025-03-24 00:00:00,2025-03-26 00:00:00,48.0,False
燃氣,大潭電廠,潭複ST8,KK,0,2025-03-26 09:00:00,2025-03-26 16:00:00,7.0,False
燃氣,大潭電廠,潭複ST8,KK,0,2025-03-27 00:00:00,2025-03-27 20:38:00,20.633333333333333,False
燃氣,大潭電廠,潭複ST8,K6,390839,2025-03-28 00:00:00,2025-03-31 23:59:00,95.98333333333333,False
燃氣,大潭電廠,潭複ST9,K8,0,2025-03-01 00:00:00,2025-03-28 10:06:00,658.1,False
燃氣,大潭電廠,潭複ST9,K5,195420,2025-03-01 04:10:00,2025-03-01 06:51:00,2.683333333333333,False
燃氣,大潭電廠,潭複ST9,K5,195420,2025-03-02 04:55:00,2025-03-02 07:25:00,2.5,False
燃氣,大潭電廠,潭複ST9,K5,195420,2025-03-02 17:46:00,2025-03-02 19:46:00,2.0,False
燃氣,通霄電廠,通複GT1-1,KK,66100,2025-03-04 11:00:00,2025-03-10 16:45:00,149.75,False
燃氣,通霄電廠,通複GT1-1,KK,0,2025-03-12 09:00:00,2025-03-14 21:00:00,60.0,False
燃氣,通霄電廠,通複GT1-2,KK,66100,2025-03-04 11:00:00,2025-03-10 16:45:00,149.75,False
燃氣,通霄電廠,通複GT1-2,KK,0,2025-03-12 09:00:00,2025-03-14 21:00:00,60.0,False
燃氣,通霄電廠,通複ST1,KK,66400,2025-03-04 11:00:00,2025-03-10 16:45:00,149.75,False
燃氣,通霄電廠,通複ST1,KK,25400,2025-03-12 09:00:00,2025-03-14 21:00:00,60.0,False
燃氣,通霄電廠,通複GT2-1,K5,0,2025-03-01 00:00:00,2025-03-31 23:59:00,743.9833333333333,False
燃氣,通霄電廠,通複GT2-1,KK,0,2025-03-11 09:37:00,2025-03-11 18:58:00,9.35,False
燃氣,通霄電廠,通複GT2-2,K5,0,2025-03-01 00:00:00,2025-03-31 23:59:00,743.9833333333333,False
燃氣,通霄電廠,通複GT2-2,KK,0,2025-03-11 09:37:00,2025-03-11 18:58:00,9.35,False
燃氣,通霄電廠,通複ST2,K5,32400,2025-03-01 00:00:00,2025-03-31 23:59:00,743.9833333333333,False
燃氣,通霄電廠,通複ST2,KK,9400,2025-03-11 09:37:00,2025-03-11 18:58:00,9.35,False
燃氣,通霄電廠,通複GT4-1,K5,21000,2025-03-01 00:00:00,2025-03-31 23:59:00,743.9833333333333,False
燃氣,通霄電廠,通複GT4-1,KK,11000,2025-03-03 08:30:00,2025-03-03 14:00:00,5.5,False
燃氣,通霄電廠,通複GT4-1,K6,86000,2025-03-05 00:15:00,2025-03-10 08:27:00,128.2,False
燃氣,通霄電廠,通複GT4-1,KK,86000,2025-03-05 08:00:00,2025-03-05 12:00:00,4.0,False
燃氣,通霄電廠,通複GT4-2,K5,21000,2025-03-01 00:00:00,2025-03-31 23:59:00,743.9833333333333,False
燃氣,通霄電廠,通複GT4-2,KK,11000,2025-03-03 08:30:00,2025-03-03 14:00:00,5.5,False
燃氣,通霄電廠,通複GT4-2,K6,86000,2025-03-04 23:57:00,2025-03-10 13:18:00,133.35,False
燃氣,通霄電廠,通複GT4-3,K5,21000,2025-03-01 00:00:00,2025-03-31 23:59:00,743.9833333333333,False
燃氣,通霄電廠,通複GT4-3,K6,86000,2025-03-01 15:11:00,2025-03-01 16:03:00,0.8666666666666667,False
燃氣,通霄電廠,通複GT4-3,KK,11000,2025-03-03 08:30:00,2025-03-03 14:00:00,5.5,False
燃氣,通霄電廠,通複GT4-3,K6,86000,2025-03-04 23:40:00,2025-03-10 15:20:00,135.66666666666666,False
燃氣,通霄電廠,通複ST4,K5,21000,2025-03-01 00:00:00,2025-03-31 23:59:00,743.9833333333333,False
燃氣,通霄電廠,通複ST4,KK,10000,2025-03-03 08:30:00,2025-03-03 14:00:00,5.5,False
燃氣,通霄電廠,通複ST4,K6,128000,2025-03-05 00:12:00,2025-03-10 11:27:00,131.25,False
燃氣,通霄電廠,通複GT5-1,K5,6000,2025-03-01 00:00:00,2025-03-31 23:59:00,743.9833333333333,False
燃氣,通霄電廠,通複GT5-1,K5,41000,2025-03-22 00:00:00,2025-03-23 21:00:00,45.0,False
燃氣,通霄電廠,通複GT5-2,K5,16000,2025-03-01 00:00:00,2025-03-31 23:59:00,743.9833333333333,False
燃氣,通霄電廠,通複GT5-2,K5,41000,2025-03-22 00:00:00,2025-03-23 21:00:00,45.0,False
燃氣,通霄電廠,通複GT5-2,K3,86000,2025-03-23 09:37:00,2025-03-23 14:10:00,4.55,False
燃氣,通霄電廠,通複GT5-2,K6,86000,2025-03-31 10:43:00,2025-03-31 15:10:00,4.45,False
燃氣,通霄電廠,通複GT5-3,K5,16000,2025-03-01 00:00:00,2025-03-31 23:59:00,743.9833333333333,False
燃氣,通霄電廠,通複GT5-3,K5,21000,2025-03-01 00:00:00,2025-03-31 23:59:00,743.9833333333333,False
燃氣,通霄電廠,通複GT5-3,K6,86000,2025-03-01 09:37:00,2025-03-01 18:24:00,8.783333333333333,False
燃氣,通霄電廠,通複GT5-3,K5,41000,2025-03-22 00:00:00,2025-03-23 21:00:00,45.0,False
燃氣,通霄電廠,通複ST5,K5,11000,2025-03-01 00:00:00,2025-03-31 23:59:00,743.9833333333333,False
燃氣,通霄電廠,通複ST5,K4,128000,2025-03-15 22:21:00,2025-03-15 23:10:00,0.8166666666666667,True
燃氣,通霄電廠,通複ST5,K5,54000,2025-03-22 00:00:00,2025-03-23 21:00:00,45.0,False
燃氣,通霄電廠,通複GT6-1,K5,6000,2025-03-01 00:00:00,2025-03-31 23:59:00,743.9833333333333,False
燃氣,通霄電廠,通複GT6-1,KK,36000,2025-03-04 09:44:00,2025-03-06 19:45:00,58.016666666666666,False
燃氣,通霄電廠,通複GT6-1,KK,6000,2025-03-27 09:00:00,2025-03-27 14:35:00,5.583333333333333,False
燃氣,通霄電廠,通複GT6-2,KK,36000,2025-03-07 13:30:00,2025-03-10 16:35:00,75.08333333333333,False
燃氣,通霄電廠,通複GT6-2,KK,6000,2025-03-27 09:00:00,2025-03-27 14:35:00,5.583333333333333,False
燃氣,通霄電廠,通複ST6,KK,9200,2025-03-27 09:00:00,2025-03-27 14:35:00,5.583333333333333,False
燃氣,通霄電廠,通霄GT9-1,KK,1142,2025-03-13 09:00:00,2025-03-13 10:11:00,1.1833333333333333,False
燃氣,通霄電廠,通霄GT9-1,K6,30142,2025-03-21 08:00:00,2025-03-21 16:05:00,8.083333333333334,False
燃氣,通霄電廠,通霄GT9-1,KK,1142,2025-03-26 09:00:00,2025-03-26 17:05:00,8.083333333333334,False
燃氣,通霄電廠,通霄GT9-2,KK,1142,2025-03-19 08:53:00,2025-03-19 16:40:00,7.783333333333333,False
燃氣,通霄電廠,通霄GT9-2,K6,30142,2025-03-21 08:00:00,2025-03-21 16:05:00,8.083333333333334,False
燃氣,通霄電廠,通霄GT9-3,KK,1142,2025-03-10 08:52:00,2025-03-10 16:58:00,8.1,False
燃氣,通霄電廠,通霄GT9-3,K6,30142,2025-03-21 08:00:00,2025-03-21 16:05:00,8.083333333333334,False
燃氣,通霄電廠,通霄GT9-4,KK,1142,2025-03-11 08:57:00,2025-03-11 17:08:00,8.183333333333334,False
燃氣,通霄電廠,通霄GT9-4,K6,30142,2025-03-21 08:00:00,2025-03-21 16:05:00,8.083333333333334,False
燃氣,通霄電廠,通霄GT9-5,KK,1142,2025-03-12 08:54:00,2025-03-12 17:10:00,8.266666666666667,False
燃氣,通霄電廠,通霄GT9-5,K6,30142,2025-03-21 08:00:00,2025-03-21 16:05:00,8.083333333333334,False
燃氣,通霄電廠,通霄GT9-6,KK,2142,2025-03-17 09:02:00,2025-03-17 17:15:00,8.216666666666667,False
燃氣,通霄電廠,通霄GT9-6,K6,30142,2025-03-21 08:00:00,2025-03-21 16:05:00,8.083333333333334,False
燃煤,台中電廠,#1,K5,130000,2025-03-01 00:00:00,2025-03-04 06:33:00,78.55,False
燃煤,台中電廠,#1,K5,110000,2025-03-04 06:33:00,2025-03-04 06:52:00,0.31666666666666665,False
燃煤,台中電廠,#1,K5,140000,2025-03-04 06:52:00,2025-03-05 14:00:00,31.133333333333333,False
燃煤,台中電廠,#1,K5,40000,2025-03-05 14:00:00,2025-03-05 14:40:00,0.6666666666666666,False
燃煤,台中電廠,#1,K5,260000,2025-03-05 14:40:00,2025-03-08 08:00:00,65.33333333333333,False
燃煤,台中電廠,#1,K5,290000,2025-03-08 08:00:00,2025-03-08 16:14:00,8.233333333333333,False
燃煤,台中電廠,#1,K5,280000,2025-03-08 16:14:00,2025-03-10 06:10:00,37.93333333333333,False
燃煤,台中電廠,#1,K5,290000,2025-03-10 06:10:00,2025-03-10 06:22:00,0.2,False
燃煤,台中電廠,#1,K5,210000,2025-03-10 06:22:00,2025-03-17 06:34:00,168.2,False
燃煤,台中電廠,#1,K5,200000,2025-03-17 06:34:00,2025-03-17 07:00:00,0.43333333333333335,False
燃煤,台中電廠,#1,K5,180000,2025-03-17 07:00:00,2025-03-19 05:43:00,46.71666666666667,False
燃煤,台中電廠,#1,K6,550000,2025-03-19 05:43:00,2025-03-30 06:05:00,264.3666666666667,False
燃煤,台中電廠,#1,K5,250000,2025-03-30 06:05:00,2025-03-31 23:59:00,41.9,False
燃煤,台中電廠,#2,K5,120000,2025-03-01 00:00:00,2025-03-04 06:02:00,78.03333333333333,False
燃煤,台中電廠,#2,K5,80000,2025-03-04 06:02:00,2025-03-04 06:33:00,0.5166666666666667,False
燃煤,台中電廠,#2,K5,280000,2025-03-04 06:33:00,2025-03-10 06:22:00,143.81666666666666,False
燃煤,台中電廠,#2,K5,290000,2025-03-10 06:22:00,2025-03-10 06:35:00,0.21666666666666667,False
燃煤,台中電廠,#2,K5,260000,2025-03-10 06:35:00,2025-03-17 06:00:00,167.41666666666666,False
燃煤,台中電廠,#2,K5,240000,2025-03-17 06:00:00,2025-03-17 06:34:00,0.5666666666666667,False
燃煤,台中電廠,#2,K5,120000,2025-03-17 06:34:00,2025-03-17 14:00:00,7.433333333333334,False
燃煤,台中電廠,#2,KK,3000,2025-03-17 14:00:00,2025-03-17 21:49:00,7.816666666666666,False
燃煤,台中電廠,#2,K5,160000,2025-03-17 21:49:00,2025-03-19 09:00:00,35.18333333333333,False
燃煤,台中電廠,#2,K5,240000,2025-03-19 09:00:00,2025-03-19 10:30:00,1.5,False
燃煤,台中電廠,#2,K5,260000,2025-03-19 10:30:00,2025-03-24 06:00:00,115.5,False
燃煤,台中電廠,#2,K5,290000,2025-03-24 06:00:00,2025-03-24 06:28:00,0.4666666666666667,False
燃煤,台中電廠,#2,K5,280000,2025-03-24 06:28:00,2025-03-26 14:00:00,55.53333333333333,False
燃煤,台中電廠,#2,KK,10000,2025-03-26 14:00:00,2025-03-26 20:45:00,6.75,False
燃煤,台中電廠,#2,K5,200000,2025-03-26 20:45:00,2025-03-27 14:15:00,17.5,False
燃煤,台中電廠,#2,KK,10000,2025-03-27 14:15:00,2025-03-27 21:28:00,7.216666666666667,False
燃煤,台中電廠,#2,K5,250000,2025-03-27 21:28:00,2025-03-31 23:59:00,98.51666666666667,False
燃煤,台中電廠,#3,K10,550000,2025-03-01 00:00:00,2025-03-18 12:05:00,420.0833333333333,False
燃煤,台中電廠,#3,K5,440000,2025-03-18 16:50:00,2025-03-18 17:30:00,0.6666666666666666,False
燃煤,台中電廠,#3,K4,550000,2025-03-18 19:29:00,2025-03-19 00:00:00,4.516666666666667,True
燃煤,台中電廠,#3,K10,550000,2025-03-19 00:00:00,2025-03-19 01:31:00,1.5166666666666666,False
燃煤,台中電廠,#3,K21,350000,2025-03-19 01:31:00,2025-03-19 10:56:00,9.416666666666666,False
燃煤,台中電廠,#3,K10,550000,2025-03-19 10:56:00,2025-03-20 06:25:00,19.483333333333334,False
燃煤,台中電廠,#3,K5,250000,2025-03-21 00:00:00,2025-03-24 14:00:00,86.0,False
燃煤,台中電廠,#3,KK,50000,2025-03-24 14:00:00,2025-03-24 22:45:00,8.75,False
燃煤,台中電廠,#3,K5,250000,2025-03-24 22:45:00,2025-03-31 11:00:00,156.25,False
燃煤,台中電廠,#3,KK,50000,2025-03-31 11:00:00,2025-03-31 16:09:00,5.15,False
燃煤,台中電廠,#3,K5,220000,2025-03-31 16:09:00,2025-03-31 18:39:00,2.5,False
燃煤,台中電廠,#3,K6,550000,2025-03-31 18:39:00,2025-03-31 23:59:00,5.333333333333333,False
燃煤,台中電廠,#4,K7,550000,2025-03-01 00:00:00,2025-03-31 18:55:00,738.9166666666666,True
燃油,台中電廠,台中GAS#1,K6,54000,2025-03-06 09:00:00,2025-03-11 14:30:00,125.5,False
燃油,台中電廠,台中GAS#2,K6,54000,2025-03-06 09:00:00,2025-03-11 14:30:00,125.5,False
燃油,台中電廠,台中GAS#3,K6,54000,2025-03-06 09:00:00,2025-03-11 14:30:00,125.5,False
燃油,台中電廠,台中GAS#4,K6,54000,2025-03-06 09:00:00,2025-03-11 14:30:00,125.5,False
燃油,台中電廠,台中GAS#3,K6,54000,2025-03-17 08:30:00,2025-03-21 14:35:00,102.08333333333333,False
燃煤,台中電廠,#5,K5,300000,2025-03-01 00:00:00,2025-03-03 09:00:00,57.0,False
燃煤,台中電廠,#5,K7,550000,2025-03-03 09:00:00,2025-03-04 17:50:00,32.833333333333336,True
燃煤,台中電廠,#5,K5,300000,2025-03-05 00:00:00,2025-03-06 01:11:00,25.183333333333334,False
燃煤,台中電廠,#5,K7,550000,2025-03-06 01:11:00,2025-03-06 03:29:00,2.3,True
燃煤,台中電廠,#5,K5,300000,2025-03-06 03:29:00,2025-03-06 10:30:00,7.016666666666667,False
燃煤,台中電廠,#5,KK,200000,2025-03-06 10:30:00,2025-03-06 20:05:00,9.583333333333334,False
燃煤,台中電廠,#5,K5,300000,2025-03-06 20:05:00,2025-03-12 06:01:00,129.93333333333334,False
燃煤,台中電廠,#5,K5,160000,2025-03-12 06:01:00,2025-03-12 06:29:00,0.4666666666666667,False
燃煤,台中電廠,#5,K5,300000,2025-03-12 06:29:00,2025-03-18 14:00:00,151.51666666666668,False
燃煤,台中電廠,#5,KK,2000,2025-03-18 14:00:00,2025-03-18 20:48:00,6.8,False
燃煤,台中電廠,#5,K5,250000,2025-03-18 20:48:00,2025-03-19 10:45:00,13.95,False
燃煤,台中電廠,#5,K5,280000,2025-03-19 10:45:00,2025-03-20 04:12:00,17.45,False
燃煤,台中電廠,#5,K5,310000,2025-03-20 04:12:00,2025-03-20 11:54:00,7.7,False
燃煤,台中電廠,#5,K5,300000,2025-03-20 11:54:00,2025-03-28 06:05:00,186.18333333333334,False
燃煤,台中電廠,#5,K5,200000,2025-03-28 06:05:00,2025-03-28 06:22:00,0.2833333333333333,False
燃煤,台中電廠,#5,K5,300000,2025-03-28 06:22:00,2025-03-31 23:59:00,89.61666666666666,False
燃煤,台中電廠,#6,K5,300000,2025-03-01 00:00:00,2025-03-05 05:53:00,101.88333333333334,False
燃煤,台中電廠,#6,K5,200000,2025-03-05 05:53:00,2025-03-12 06:29:00,168.6,False
燃煤,台中電廠,#6,K5,300000,2025-03-12 06:29:00,2025-03-13 06:06:00,23.616666666666667,False
燃煤,台中電廠,#6,K5,150000,2025-03-13 06:06:00,2025-03-13 06:28:00,0.36666666666666664,False
燃煤,台中電廠,#6,K5,200000,2025-03-13 06:28:00,2025-03-17 14:00:00,103.53333333333333,False
燃煤,台中電廠,#6,KK,150000,2025-03-17 14:00:00,2025-03-17 22:14:00,8.233333333333333,False
燃煤,台中電廠,#6,K5,250000,2025-03-17 22:14:00,2025-03-19 06:34:00,32.333333333333336,False
燃煤,台中電廠,#6,K5,230000,2025-03-19 06:34:00,2025-03-26 16:58:00,178.4,False
燃煤,台中電廠,#6,K5,50000,2025-03-26 16:58:00,2025-03-26 20:36:00,3.6333333333333333,False
燃煤,台中電廠,#6,K5,300000,2025-03-26 20:36:00,2025-03-28 06:24:00,33.8,False
燃煤,台中電廠,#6,K5,200000,2025-03-28 06:24:00,2025-03-28 06:33:00,0.15,False
燃煤,台中電廠,#6,K5,300000,2025-03-28 06:33:00,2025-03-31 23:59:00,89.43333333333334,False
燃煤,台中電廠,#7,K5,300000,2025-03-01 00:00:00,2025-03-06 06:14:00,126.23333333333333,False
燃煤,台中電廠,#7,K5,250000,2025-03-06 06:14:00,2025-03-06 06:30:00,0.26666666666666666,False
燃煤,台中電廠,#7,K5,300000,2025-03-06 06:30:00,2025-03-13 05:50:00,167.33333333333334,False
燃煤,台中電廠,#7,K5,150000,2025-03-13 05:50:00,2025-03-13 06:06:00,0.26666666666666666,False
燃煤,台中電廠,#7,K5,300000,2025-03-13 06:06:00,2025-03-26 14:00:00,319.9,False
燃煤,台中電廠,#7,KK,10000,2025-03-26 14:00:00,2025-03-26 21:37:00,7.616666666666666,False
燃煤,台中電廠,#7,K5,200000,2025-03-26 21:37:00,2025-03-28 06:18:00,32.68333333333333,False
燃煤,台中電廠,#7,K5,300000,2025-03-28 06:18:00,2025-03-31 14:00:00,79.7,False
燃煤,台中電廠,#7,KK,25000,2025-03-31 14:00:00,2025-03-31 21:15:00,7.25,False
燃煤,台中電廠,#7,K5,200000,2025-03-31 21:15:00,2025-03-31 23:59:00,2.7333333333333334,False
燃煤,台中電廠,#8,K5,250000,2025-03-01 00:00:00,2025-03-06 06:53:00,126.88333333333334,False
燃煤,台中電廠,#8,K5,300000,2025-03-06 06:53:00,2025-03-20 06:28:00,335.5833333333333,False
燃煤,台中電廠,#8,K5,200000,2025-03-20 06:28:00,2025-03-27 14:10:00,175.7,False
燃煤,台中電廠,#8,KK,50000,2025-03-27 14:10:00,2025-03-27 21:51:00,7.683333333333334,False
燃煤,台中電廠,#8,K5,100000,2025-03-27 21:51:00,2025-03-28 06:18:00,8.45,False
燃煤,台中電廠,#8,K5,200000,2025-03-28 06:18:00,2025-03-28 06:34:00,0.26666666666666666,False
燃煤,台中電廠,#8,K5,300000,2025-03-28 06:34:00,2025-03-31 23:59:00,89.41666666666667,False
燃煤,台中電廠,#9,K10,550000,2025-03-01 00:00:00,2025-03-31 23:59:00,743.9833333333333,False
燃煤,台中電廠,#10,K10,550000,2025-03-01 00:00:00,2025-03-31 23:59:00,743.9833333333333,False
燃煤,興達電廠,#3,K2,550000,2025-03-01 00:00:00,2025-03-31 23:59:00,743.9833333333333,False
燃煤,興達電廠,#4,K2,550000,2025-03-01 00:00:00,2025-03-31 23:59:00,743.9833333333333,False
燃氣,興達電廠,興複GT1-1,K10,90830,2025-03-01 00:00:00,2025-03-09 13:00:00,205.0,False
燃氣,興達電廠,興複GT1-2,K10,90830,2025-03-01 00:00:00,2025-03-10 22:52:00,238.86666666666667,False
燃氣,興達電廠,興複GT1-3,K10,90830,2025-03-01 00:00:00,2025-03-10 00:00:00,216.0,False
燃氣,興達電廠,興複ST1,K10,172700,2025-03-01 00:00:00,2025-03-06 16:00:00,136.0,False
燃氣,興達電廠,興複GT1-1,K21,0,2025-03-03 10:33:00,2025-03-05 16:17:00,53.733333333333334,False
燃氣,興達電廠,興複GT4-1,KK,0,2025-03-03 08:00:00,2025-03-03 15:42:00,7.7,False
燃氣,興達電廠,興複GT4-2,KK,0,2025-03-03 08:00:00,2025-03-03 15:42:00,7.7,False
燃氣,興達電廠,興複GT4-3,KK,0,2025-03-03 08:00:00,2025-03-03 15:42:00,7.7,False
燃氣,興達電廠,興複ST4,KK,0,2025-03-03 08:00:00,2025-03-03 15:42:00,7.7,False
燃氣,興達電廠,興複GT1-2,K21,0,2025-03-04 19:11:00,2025-03-04 19:13:00,0.03333333333333333,False
燃氣,興達電廠,興複GT1-2,K21,0,2025-03-05 11:36:00,2025-03-05 16:59:00,5.383333333333334,False
燃氣,興達電廠,興複GT5-1,KK,0,2025-03-05 08:00:00,2025-03-05 15:39:00,7.65,False
燃氣,興達電廠,興複GT5-2,KK,0,2025-03-05 08:00:00,2025-03-05 15:39:00,7.65,False
燃氣,興達電廠,興複GT5-3,KK,0,2025-03-05 08:00:00,2025-03-05 15:39:00,7.65,False
燃氣,興達電廠,興複ST5,KK,0,2025-03-05 08:00:00,2025-03-05 15:39:00,7.65,False
燃氣,興達電廠,興複GT1-1,K21,0,2025-03-06 05:31:00,2025-03-09 13:00:00,79.48333333333333,False
燃氣,興達電廠,興複GT1-2,K21,0,2025-03-06 14:05:00,2025-03-06 18:37:00,4.533333333333333,False
燃氣,興達電廠,興複GT1-3,K21,0,2025-03-06 17:03:00,2025-03-06 17:07:00,0.06666666666666667,False
燃氣,興達電廠,興複ST1,K21,0,2025-03-06 15:04:00,2025-03-06 16:00:00,0.9333333333333333,False
燃氣,興達電廠,興複GT1-2,K21,0,2025-03-07 11:20:00,2025-03-09 10:03:00,46.71666666666667,False
燃氣,興達電廠,興複GT1-3,K21,0,2025-03-07 10:20:00,2025-03-07 12:24:00,2.066666666666667,False
燃氣,興達電廠,興複GT1-3,K21,0,2025-03-07 13:11:00,2025-03-07 17:49:00,4.633333333333334,False
燃氣,興達電廠,興複GT3-1,KK,0,2025-03-07 08:53:00,2025-03-08 13:42:00,28.816666666666666,False
燃氣,興達電廠,興複GT3-2,KK,0,2025-03-07 08:53:00,2025-03-08 13:42:00,28.816666666666666,False
燃氣,興達電廠,興複GT3-3,KK,0,2025-03-07 08:53:00,2025-03-08 13:42:00,28.816666666666666,False
燃氣,興達電廠,興複ST3,KK,0,2025-03-07 08:53:00,2025-03-08 13:42:00,28.816666666666666,False
燃氣,興達電廠,興複GT1-3,K21,0,2025-03-08 13:32:00,2025-03-08 23:52:00,10.333333333333334,False
燃氣,興達電廠,興複ST4,K4,172700,2025-03-09 22:54:00,2025-03-10 00:00:00,1.1,True
燃氣,興達電廠,興複ST4,K1,0,2025-03-09 23:32:00,2025-03-10 00:00:00,0.4666666666666667,False
燃氣,興達電廠,興複GT1-2,K21,0,2025-03-10 00:00:00,2025-03-10 22:52:00,22.866666666666667,False
燃氣,興達電廠,興複GT1-3,K10,90830,2025-03-10 10:29:00,2025-03-10 11:24:00,0.9166666666666666,False
燃氣,興達電廠,興複GT1-3,K21,0,2025-03-10 10:29:00,2025-03-10 11:24:00,0.9166666666666666,False
燃氣,興達電廠,興複GT1-2,K10,90830,2025-03-11 00:00:00,2025-03-11 15:00:00,15.0,False
燃氣,興達電廠,興複GT1-2,K21,0,2025-03-11 10:53:00,2025-03-11 15:00:00,4.116666666666666,False
燃氣,興達電廠,興複GT1-3,K10,90830,2025-03-11 00:00:00,2025-03-12 20:00:00,44.0,False
燃氣,興達電廠,興複GT1-3,K21,0,2025-03-11 10:35:00,2025-03-11 14:09:00,3.566666666666667,False
燃氣,興達電廠,興複GT1-3,K21,0,2025-03-11 15:39:00,2025-03-11 23:06:00,7.45,False
燃氣,興達電廠,興複GT4-1,KK,0,2025-03-11 09:00:00,2025-03-11 17:25:00,8.416666666666666,False
燃氣,興達電廠,興複GT4-2,KK,0,2025-03-11 09:00:00,2025-03-11 17:25:00,8.416666666666666,False
燃氣,興達電廠,興複GT4-3,KK,0,2025-03-11 09:00:00,2025-03-11 17:25:00,8.416666666666666,False
燃氣,興達電廠,興複ST4,KK,0,2025-03-11 09:00:00,2025-03-11 17:25:00,8.416666666666666,False
燃氣,興達電廠,興複GT1-3,K21,0,2025-03-12 11:16:00,2025-03-12 20:00:00,8.733333333333333,False
燃氣,興達電廠,興複GT5-1,KK,0,2025-03-12 09:00:00,2025-03-12 17:28:00,8.466666666666667,False
燃氣,興達電廠,興複GT5-2,KK,0,2025-03-12 09:00:00,2025-03-12 17:28:00,8.466666666666667,False
燃氣,興達電廠,興複GT5-3,KK,0,2025-03-12 09:00:00,2025-03-12 17:28:00,8.466666666666667,False
燃氣,興達電廠,興複ST5,KK,0,2025-03-12 09:00:00,2025-03-12 17:28:00,8.466666666666667,False
燃氣,興達電廠,興複GT2-1,KK,0,2025-03-13 08:27:00,2025-03-13 16:23:00,7.933333333333334,False
燃氣,興達電廠,興複GT2-2,KK,0,2025-03-13 08:27:00,2025-03-13 16:23:00,7.933333333333334,False
燃氣,興達電廠,興複GT2-3,KK,0,2025-03-13 08:27:00,2025-03-13 16:23:00,7.933333333333334,False
燃氣,興達電廠,興複ST2,KK,0,2025-03-13 08:27:00,2025-03-13 16:23:00,7.933333333333334,False
燃氣,興達電廠,興複GT3-1,K6,90830,2025-03-13 00:51:00,2025-03-17 00:00:00,95.15,False
燃氣,興達電廠,興複GT3-2,K6,90830,2025-03-13 00:51:00,2025-03-22 14:15:00,229.4,False
燃氣,興達電廠,興複GT3-3,K6,90830,2025-03-13 00:51:00,2025-03-17 00:00:00,95.15,False
燃氣,興達電廠,興複ST3,K6,172700,2025-03-13 00:51:00,2025-03-17 00:00:00,95.15,False
燃氣,興達電廠,興複GT1-1,KK,0,2025-03-14 09:00:00,2025-03-14 18:06:00,9.1,False
燃氣,興達電廠,興複GT1-2,KK,0,2025-03-14 09:00:00,2025-03-14 18:06:00,9.1,False
燃氣,興達電廠,興複GT1-3,KK,0,2025-03-14 09:00:00,2025-03-14 18:06:00,9.1,False
燃氣,興達電廠,興複ST1,KK,0,2025-03-14 09:00:00,2025-03-14 18:06:00,9.1,False
燃氣,興達電廠,興複GT2-1,K10,90830,2025-03-16 23:16:00,2025-03-31 23:59:00,360.71666666666664,False
燃氣,興達電廠,興複GT2-2,K10,90830,2025-03-16 23:16:00,2025-03-31 23:59:00,360.71666666666664,False
燃氣,興達電廠,興複GT2-3,K10,90830,2025-03-16 23:16:00,2025-03-31 23:59:00,360.71666666666664,False
燃氣,興達電廠,興複ST2,K10,172700,2025-03-16 23:16:00,2025-03-31 23:59:00,360.71666666666664,False
燃氣,興達電廠,興複GT3-1,K1,0,2025-03-16 16:03:00,2025-03-17 00:00:00,7.95,False
燃氣,興達電廠,興複GT1-1,KK,0,2025-03-17 15:10:00,2025-03-18 09:30:00,18.333333333333332,False
燃氣,興達電廠,興複ST1,K6,172700,2025-03-17 10:43:00,2025-03-17 12:40:00,1.95,False
燃氣,興達電廠,興複GT1-2,KK,0,2025-03-18 09:30:00,2025-03-19 10:00:00,24.5,False
燃氣,興達電廠,興複GT1-1,KK,0,2025-03-20 09:45:00,2025-03-20 14:12:00,4.45,False
燃氣,興達電廠,興複GT1-2,KK,0,2025-03-20 09:45:00,2025-03-20 14:12:00,4.45,False
燃氣,興達電廠,興複GT1-3,KK,0,2025-03-20 09:45:00,2025-03-20 14:12:00,4.45,False
燃氣,興達電廠,興複ST1,KK,0,2025-03-20 09:45:00,2025-03-20 14:12:00,4.45,False
燃氣,興達電廠,興複GT1-1,KK,0,2025-03-21 09:28:00,2025-03-21 16:10:00,6.7,False
燃氣,興達電廠,興複GT1-2,KK,0,2025-03-21 09:28:00,2025-03-21 16:10:00,6.7,False
燃氣,興達電廠,興複GT1-3,KK,0,2025-03-21 09:28:00,2025-03-21 16:10:00,6.7,False
燃氣,興達電廠,興複ST1,KK,0,2025-03-21 09:28:00,2025-03-21 16:10:00,6.7,False
燃氣,興達電廠,興複GT3-2,K21,0,2025-03-22 09:34:00,2025-03-22 14:15:00,4.683333333333334,False
燃氣,興達電廠,興複GT1-1,KK,0,2025-03-24 10:00:00,2025-03-24 16:00:00,6.0,False
燃氣,興達電廠,興複GT1-2,KK,0,2025-03-24 10:00:00,2025-03-24 16:00:00,6.0,False
燃氣,興達電廠,興複GT1-3,KK,0,2025-03-24 10:00:00,2025-03-24 16:00:00,6.0,False
燃氣,興達電廠,興複ST1,KK,0,2025-03-24 10:00:00,2025-03-24 16:00:00,6.0,False
燃氣,興達電廠,興複GT1-1,KK,0,2025-03-25 08:30:00,2025-03-25 10:50:00,2.3333333333333335,False
燃氣,興達電廠,興複GT1-2,KK,0,2025-03-25 08:30:00,2025-03-25 10:50:00,2.3333333333333335,False
燃氣,興達電廠,興複GT1-3,KK,0,2025-03-25 08:30:00,2025-03-25 10:50:00,2.3333333333333335,False
燃氣,興達電廠,興複ST1,KK,0,2025-03-25 08:30:00,2025-03-25 10:50:00,2.3333333333333335,False
燃氣,興達電廠,興複GT3-1,KK,0,2025-03-31 08:44:00,2025-03-31 18:35:00,9.85,False
燃氣,興達電廠,興複GT3-2,KK,0,2025-03-31 08:44:00,2025-03-31 18:35:00,9.85,False
燃氣,興達電廠,興複GT3-3,KK,0,2025-03-31 08:44:00,2025-03-31 18:35:00,9.85,False
燃氣,興達電廠,興複ST3,KK,0,2025-03-31 08:44:00,2025-03-31 18:35:00,9.85,False
燃氣,南部電廠,南複GT2-1,K10,86500,2025-03-01 00:00:00,2025-03-31 23:59:00,743.9833333333333,False
燃氣,南部電廠,南複GT2-2,K10,86500,2025-03-08 00:00:00,2025-03-31 23:59:00,575.9833333333333,False
燃氣,南部電廠,南複ST2,K10,100000,2025-03-08 00:00:00,2025-03-31 23:59:00,575.9833333333333,False
燃氣,南部電廠,南複ST1,K6,100000,2025-03-11 08:10:00,2025-03-11 14:49:00,6.65,False
燃氣,南部電廠,南複GT1-1,K6,86500,2025-03-11 08:10:00,2025-03-11 14:49:00,6.65,False
燃氣,南部電廠,南複GT1-2,K6,86500,2025-03-11 08:10:00,2025-03-11 14:49:00,6.65,False
燃氣,南部電廠,南複GT3-2,KK,86500,2025-03-26 08:00:00,2025-03-26 10:33:00,2.55,False
燃煤,大林電廠,#1,K6,800000,2025-03-16 23:09:00,2025-03-19 22:24:00,71.25,False
燃煤,大林電廠,#1,K5,650000,2025-03-21 00:55:00,2025-03-21 22:18:00,21.383333333333333,False
燃煤,大林電廠,#1,K5,100000,2025-03-22 09:32:00,2025-03-22 10:01:00,0.48333333333333334,False
燃煤,大林電廠,#1,KK,0,2025-03-31 10:15:00,2025-03-31 16:15:00,6.0,False
燃煤,大林電廠,#2,K10,800000,2025-03-01 00:00:00,2025-03-08 17:23:00,185.38333333333333,False
燃煤,大林電廠,#2,K5,800000,2025-03-09 08:28:00,2025-03-09 21:38:00,13.166666666666666,False
燃煤,大林電廠,#2,KK,0,2025-03-19 10:25:00,2025-03-19 18:45:00,8.333333333333334,False
燃煤,大林電廠,#2,KK,0,2025-03-20 09:16:00,2025-03-20 16:00:00,6.733333333333333,False
燃煤,大林電廠,#2,K5,400000,2025-03-30 06:12:00,2025-03-30 12:15:00,6.05,False
燃氣,大林電廠,#6,KK,0,2025-03-01 18:11:00,2025-03-01 18:56:00,0.75,False
燃氣,大林電廠,#6,KK,150000,2025-03-03 08:00:00,2025-03-03 22:00:00,14.0,False
燃氣,大林電廠,#6,KK,0,2025-03-12 12:30:00,2025-03-12 18:01:00,5.516666666666667,False
燃油,塔山電廠,塔山#4,K10,7900,2025-03-03 00:00:00,2025-03-31 23:59:00,695.9833333333333,False
燃油,塔山電廠,塔山#6,K10,8250,2025-03-01 00:00:00,2025-03-31 23:59:00,743.9833333333333,False
燃油,塔山電廠,塔山#10,K10,8250,2025-03-20 00:00:00,2025-03-31 23:59:00,287.98333333333335,False
燃油,塔山電廠,麒麟#5,K6,1540,2025-03-01 00:00:00,2025-03-31 23:59:00,743.9833333333333,False
燃油,塔山電廠,麒麟#6,K10,1540,2025-03-01 00:00:00,2025-03-14 13:00:00,325.0,False
燃油,尖山電廠,#3,K6,10443,2025-03-17 08:00:00,2025-03-18 08:20:00,24.333333333333332,False
燃油,尖山電廠,#9,K10,11000,2025-03-01 00:00:00,2025-03-31 23:59:00,743.9833333333333,False
燃油,尖山電廠,#10,K6,11000,2025-03-01 00:00:00,2025-03-29 18:00:00,690.0,False
燃油,尖山電廠,#11,K6,11000,2025-03-01 00:00:00,2025-03-29 18:00:00,690.0,False
燃油,尖山電廠,#12,K6,11000,2025-03-01 00:00:00,2025-03-29 18:00:00,690.0,False
燃油,協和電廠,南竿#12,K6,2500,2025-03-01 00:00:00,2025-03-31 23:59:00,743.9833333333333,False
燃油,協和電廠,珠山#2,K10,3850,2025-03-06 08:00:00,2025-03-31 23:59:00,615.9833333333333,False
抽蓄水力,明潭電廠,明潭#2,K6,267000,2025-03-17 09:05:00,2025-03-28 12:36:00,267.51666666666665,False
抽蓄水力,明潭電廠,明潭#5,K6,267000,2025-03-07 08:51:00,2025-03-11 16:28:00,103.61666666666666,False
抽蓄水力,明潭電廠,明潭#6,K10,267000,2025-03-01 00:00:00,2025-03-31 23:59:00,743.9833333333333,False
抽蓄水力,大觀電廠,大觀(二)#1,K6,250000,2025-03-01 00:00:00,2025-03-05 15:35:00,111.58333333333333,False
抽蓄水力,大觀電廠,大觀(二)#2,K10,250000,2025-03-05 08:49:00,2025-03-31 23:59:00,639.1666666666666,False
抽蓄水力,大觀電廠,大觀(二)#3,K6,250000,2025-03-28 13:40:00,2025-03-29 16:39:00,26.983333333333334,False
燃油,琉球電廠,#4,KK,1500,2025-03-01 00:00:00,2025-03-31 23:59:00,743.9833333333333,False
燃油,綠島電廠,#2,K10,2000,2025-03-01 00:00:00,2025-03-31 23:59:00,743.9833333333333,False
燃油,綠島電廠,#3,K2,500,2025-03-01 00:00:00,2025-03-31 23:59:00,743.9833333333333,False
燃油,綠島電廠,#4,K2,500,2025-03-01 00:00:00,2025-03-31 23:59:00,743.9833333333333,False
燃油,東引電廠,#5,K10,1500,2025-03-01 00:00:00,2025-03-31 23:59:00,743.9833333333333,False
燃油,莒光電廠,#3,K7,1500,2025-03-01 00:00:00,2025-03-31 23:59:00,743.9833333333333,True
燃油,莒光電廠,#4,K7,1500,2025-03-01 00:00:00,2025-03-31 23:59:00,743.9833333333333,True
燃油,協和電廠,#3,K5,360000,2025-04-01 00:00:00,2025-04-30 23:59:00,719.9833333333333,False
燃油,協和電廠,#4,K5,360000,2025-04-01 00:00:00,2025-04-30 23:59:00,719.9833333333333,False
燃煤,林口電廠,#1,K10,800000,2025-04-01 00:00:00,2025-04-30 23:59:00,719.9833333333333,False
燃煤,林口電廠,#3,K5,40000,2025-04-06 08:32:00,2025-04-06 10:00:00,1.4666666666666666,False
燃煤,林口電廠,#2,K5,43092,2025-04-06 10:26:00,2025-04-06 11:58:00,1.5333333333333334,False
燃煤,林口電廠,#2,K5,60220,2025-04-13 07:55:00,2025-04-13 09:20:00,1.4166666666666667,False
燃煤,林口電廠,#3,K5,39900,2025-04-13 09:34:00,2025-04-13 11:05:00,1.5166666666666666,False
燃煤,林口電廠,#3,K5,63200,2025-04-19 08:05:00,2025-04-19 09:40:00,1.5833333333333333,False
燃煤,林口電廠,#2,K5,60524,2025-04-20 09:00:00,2025-04-20 10:30:00,1.5,False
燃氣,大潭電廠,潭複GT1-1,K10,153500,2025-04-01 00:00:00,2025-04-30 23:59:00,719.9833333333333,False
燃氣,大潭電廠,潭複GT1-3,K10,153500,2025-04-01 00:00:00,2025-04-30 23:59:00,719.9833333333333,False
燃氣,大潭電廠,潭複GT2-2,K5,76750,2025-04-19 00:00:00,2025-04-24 23:40:00,143.66666666666666,False
燃氣,大潭電廠,潭複GT2-2,K6,153500,2025-04-24 23:40:00,2025-04-30 23:59:00,144.31666666666666,False
燃氣,大潭電廠,潭複GT3-1,K5,116950,2025-04-05 07:15:00,2025-04-06 23:35:00,40.333333333333336,False
燃氣,大潭電廠,潭複GT3-1,K6,233900,2025-04-06 23:35:00,2025-04-17 23:08:00,263.55,False
燃氣,大潭電廠,潭複GT3-1,K5,116950,2025-04-18 00:00:00,2025-04-18 16:49:00,16.816666666666666,False
燃氣,大潭電廠,潭複GT3-1,K5,116950,2025-04-20 06:56:00,2025-04-20 14:29:00,7.55,False
燃氣,大潭電廠,潭複GT3-2,K6,233900,2025-04-01 00:00:00,2025-04-02 23:35:00,47.583333333333336,False
燃氣,大潭電廠,潭複GT3-2,K5,116950,2025-04-05 07:15:00,2025-04-07 00:00:00,40.75,False
燃氣,大潭電廠,潭複GT3-2,K5,116950,2025-04-18 00:00:00,2025-04-18 16:49:00,16.816666666666666,False
燃氣,大潭電廠,潭複GT3-2,K5,116950,2025-04-20 06:56:00,2025-04-20 14:29:00,7.55,False
燃氣,大潭電廠,潭複GT4-1,K5,116950,2025-04-02 05:00:00,2025-04-02 16:48:00,11.8,False
燃氣,大潭電廠,潭複GT4-1,K5,116950,2025-04-03 05:00:00,2025-04-03 15:35:00,10.583333333333334,False
燃氣,大潭電廠,潭複GT4-1,K5,116950,2025-04-24 17:30:00,2025-04-24 23:50:00,6.333333333333333,False
燃氣,大潭電廠,潭複GT4-2,K5,116950,2025-04-02 05:00:00,2025-04-02 16:48:00,11.8,False
燃氣,大潭電廠,潭複GT4-2,K5,116950,2025-04-03 05:00:00,2025-04-03 15:35:00,10.583333333333334,False
燃氣,大潭電廠,潭複GT5-1,K10,233900,2025-04-01 00:00:00,2025-04-27 00:35:00,624.5833333333334,False
燃氣,大潭電廠,潭複GT5-1,K10,233900,2025-04-27 00:38:00,2025-04-29 10:25:00,57.78333333333333,False
燃氣,大潭電廠,潭複GT5-2,K10,233900,2025-04-01 00:00:00,2025-04-24 19:59:00,571.9833333333333,False
燃氣,大潭電廠,潭複GT7-1,K7,300000,2025-04-03 00:00:00,2025-04-04 00:00:00,24.0,True
燃氣,大潭電廠,潭複GT8-1,K6,366395,2025-04-01 00:00:00,2025-04-09 09:53:00,201.88333333333333,False
燃氣,大潭電廠,潭複GT8-1,K2,366395,2025-04-12 13:05:00,2025-04-12 13:10:00,0.08333333333333333,False
燃氣,大潭電廠,潭複GT8-1,K5,183198,2025-04-20 06:56:00,2025-04-20 14:29:00,7.55,False
燃氣,大潭電廠,潭複GT8-2,K6,366395,2025-04-01 00:00:00,2025-04-09 09:53:00,201.88333333333333,False
燃氣,大潭電廠,潭複GT8-2,K2,366395,2025-04-12 13:05:00,2025-04-12 13:10:00,0.08333333333333333,False
燃氣,大潭電廠,潭複GT8-2,K5,183198,2025-04-20 06:56:00,2025-04-20 14:29:00,7.55,False
燃氣,大潭電廠,潭複ST1,K7,282200,2025-04-23 22:05:00,2025-04-30 23:59:00,169.9,True
燃氣,大潭電廠,潭複ST3,K5,128450,2025-04-05 07:15:00,2025-04-07 00:00:00,40.75,False
燃氣,大潭電廠,潭複ST3,K5,128450,2025-04-18 00:00:00,2025-04-18 16:49:00,16.816666666666666,False
燃氣,大潭電廠,潭複ST3,K5,128450,2025-04-20 06:56:00,2025-04-20 14:29:00,7.55,False
燃氣,大潭電廠,潭複ST4,K5,128450,2025-04-02 05:00:00,2025-04-02 16:48:00,11.8,False
燃氣,大潭電廠,潭複ST4,K5,128450,2025-04-03 05:00:00,2025-04-03 15:35:00,10.583333333333334,False
燃氣,大潭電廠,潭複ST5,K10,256900,2025-04-01 00:00:00,2025-04-25 19:46:00,595.7666666666667,False
燃氣,大潭電廠,潭複ST8,K6,390839,2025-04-01 00:00:00,2025-04-09 09:53:00,201.88333333333333,False
燃氣,大潭電廠,潭複ST8,K5,195420,2025-04-11 10:00:00,2025-04-11 10:23:00,0.38333333333333336,False
燃氣,大潭電廠,潭複ST8,K2,390839,2025-04-12 13:05:00,2025-04-12 13:10:00,0.08333333333333333,False
燃氣,大潭電廠,潭複ST8,K5,195420,2025-04-20 06:56:00,2025-04-20 14:29:00,7.55,False
燃氣,通霄電廠,通複GT1-1,KK,17100,2025-04-22 09:25:00,2025-04-24 20:00:00,58.583333333333336,False
燃氣,通霄電廠,通複GT1-2,KK,1100,2025-04-15 09:00:00,2025-04-15 18:00:00,9.0,False
燃氣,通霄電廠,通複GT1-2,KK,17100,2025-04-22 09:25:00,2025-04-24 20:00:00,58.583333333333336,False
燃氣,通霄電廠,通複ST1,KK,24400,2025-04-15 09:00:00,2025-04-15 18:00:00,9.0,False
燃氣,通霄電廠,通複ST1,KK,40400,2025-04-22 09:25:00,2025-04-24 20:00:00,58.583333333333336,False
燃氣,通霄電廠,通複ST2,KK,18400,2025-04-16 09:00:00,2025-04-16 18:10:00,9.166666666666666,False
燃氣,通霄電廠,通複ST3,KK,20400,2025-04-17 09:00:00,2025-04-17 17:00:00,8.0,False
燃氣,通霄電廠,通複GT6-1,K5,6000,2025-04-01 00:00:00,2025-04-18 23:38:00,431.6333333333333,False
燃氣,通霄電廠,通複GT6-1,K3,106000,2025-04-06 10:05:00,2025-04-06 13:59:00,3.9,False
燃氣,通霄電廠,通複GT6-1,K3,106000,2025-04-13 09:23:00,2025-04-13 15:06:00,5.716666666666667,False
燃氣,通霄電廠,通複GT6-1,K6,106000,2025-04-18 23:38:00,2025-04-30 23:59:00,288.35,False
燃氣,通霄電廠,通複GT6-2,K6,106000,2025-04-19 00:15:00,2025-04-30 23:59:00,287.73333333333335,False
燃氣,通霄電廠,通複ST6,K6,109200,2025-04-18 23:49:00,2025-04-30 23:59:00,288.1666666666667,False
燃氣,通霄電廠,通霄GT9-1,K6,30142,2025-04-01 08:00:00,2025-04-01 14:12:00,6.2,False
燃氣,通霄電廠,通霄GT9-1,K6,30142,2025-04-09 13:00:00,2025-04-09 14:40:00,1.6666666666666667,False
燃氣,通霄電廠,通霄GT9-1,K6,30142,2025-04-17 07:00:00,2025-04-24 10:50:00,171.83333333333334,False
燃氣,通霄電廠,通霄GT9-2,K6,30142,2025-04-01 08:00:00,2025-04-01 14:12:00,6.2,False
燃氣,通霄電廠,通霄GT9-2,K6,30142,2025-04-09 13:00:00,2025-04-09 14:40:00,1.6666666666666667,False
燃氣,通霄電廠,通霄GT9-2,K6,30142,2025-04-10 07:22:00,2025-04-10 14:00:00,6.633333333333334,False
燃氣,通霄電廠,通霄GT9-3,K6,30142,2025-04-01 08:00:00,2025-04-01 14:12:00,6.2,False
燃氣,通霄電廠,通霄GT9-3,K6,30142,2025-04-09 13:00:00,2025-04-09 14:40:00,1.6666666666666667,False
燃氣,通霄電廠,通霄GT9-3,K6,30142,2025-04-11 08:00:00,2025-04-11 11:30:00,3.5,False
燃氣,通霄電廠,通霄GT9-4,K6,30142,2025-04-01 08:00:00,2025-04-01 14:12:00,6.2,False
燃氣,通霄電廠,通霄GT9-4,K6,30142,2025-04-09 13:00:00,2025-04-09 14:40:00,1.6666666666666667,False
燃氣,通霄電廠,通霄GT9-4,K6,30142,2025-04-17 07:00:00,2025-04-24 10:50:00,171.83333333333334,False
燃氣,通霄電廠,通霄GT9-4,KK,1142,2025-04-30 09:00:00,2025-04-30 17:45:00,8.75,False
燃氣,通霄電廠,通霄GT9-5,K6,30142,2025-04-01 08:00:00,2025-04-01 14:12:00,6.2,False
燃氣,通霄電廠,通霄GT9-5,K6,30142,2025-04-09 13:00:00,2025-04-09 14:40:00,1.6666666666666667,False
燃氣,通霄電廠,通霄GT9-5,KK,142,2025-04-18 08:56:00,2025-04-18 17:10:00,8.233333333333333,False
燃氣,通霄電廠,通霄GT9-6,K6,30142,2025-04-01 08:00:00,2025-04-01 14:12:00,6.2,False
燃氣,通霄電廠,通霄GT9-6,K6,30142,2025-04-09 13:00:00,2025-04-09 14:40:00,1.6666666666666667,False
燃煤,台中電廠,#1,K5,220000,2025-04-01 00:00:00,2025-04-07 06:03:00,150.05,False
燃煤,台中電廠,#1,K5,240000,2025-04-07 06:03:00,2025-04-07 06:39:00,0.6,False
燃煤,台中電廠,#1,K5,80000,2025-04-07 06:39:00,2025-04-10 13:30:00,78.85,False
燃煤,台中電廠,#1,K5,40000,2025-04-10 13:30:00,2025-04-10 20:10:00,6.666666666666667,False
燃煤,台中電廠,#1,K5,220000,2025-04-10 20:10:00,2025-04-14 06:25:00,82.25,False
燃煤,台中電廠,#1,K5,300000,2025-04-14 06:25:00,2025-04-14 06:55:00,0.5,False
燃煤,台中電廠,#1,K5,220000,2025-04-14 06:55:00,2025-04-14 15:02:00,8.116666666666667,False
燃煤,台中電廠,#1,KK,20000,2025-04-14 15:02:00,2025-04-14 21:22:00,6.333333333333333,False
燃煤,台中電廠,#1,K5,220000,2025-04-14 21:22:00,2025-04-15 14:00:00,16.633333333333333,False
燃煤,台中電廠,#1,KK,30000,2025-04-15 14:00:00,2025-04-15 23:59:00,9.983333333333333,False
燃煤,台中電廠,#1,K5,200000,2025-04-15 23:59:00,2025-04-18 08:00:00,56.016666666666666,False
燃煤,台中電廠,#1,K5,160000,2025-04-18 08:00:00,2025-04-18 15:00:00,7.0,False
燃煤,台中電廠,#1,K5,180000,2025-04-18 15:00:00,2025-04-21 06:02:00,63.03333333333333,False
燃煤,台中電廠,#1,K5,190000,2025-04-21 06:02:00,2025-04-21 06:33:00,0.5166666666666667,False
燃煤,台中電廠,#1,K5,170000,2025-04-21 06:33:00,2025-04-24 13:11:00,78.63333333333334,False
燃煤,台中電廠,#1,KK,20000,2025-04-24 13:11:00,2025-04-24 20:40:00,7.483333333333333,False
燃煤,台中電廠,#1,K5,170000,2025-04-24 20:40:00,2025-04-28 06:29:00,81.81666666666666,False
燃煤,台中電廠,#1,K5,190000,2025-04-28 06:29:00,2025-04-28 06:48:00,0.31666666666666665,False
燃煤,台中電廠,#1,K5,90000,2025-04-28 06:48:00,2025-04-28 14:00:00,7.2,False
燃煤,台中電廠,#1,KK,20000,2025-04-28 14:00:00,2025-04-28 19:00:00,5.0,False
燃煤,台中電廠,#1,K5,90000,2025-04-28 19:00:00,2025-04-29 14:30:00,19.5,False
燃煤,台中電廠,#1,KK,20000,2025-04-29 14:30:00,2025-04-29 19:21:00,4.85,False
燃煤,台中電廠,#1,K5,110000,2025-04-29 19:21:00,2025-04-30 14:00:00,18.65,False
燃煤,台中電廠,#1,KK,20000,2025-04-30 14:00:00,2025-04-30 18:55:00,4.916666666666667,False
燃煤,台中電廠,#1,K5,50000,2025-04-30 18:55:00,2025-04-30 23:59:00,5.066666666666666,False
燃煤,台中電廠,#2,K5,240000,2025-04-01 00:00:00,2025-04-07 06:39:00,150.65,False
燃煤,台中電廠,#2,K5,250000,2025-04-07 06:39:00,2025-04-07 07:14:00,0.5833333333333334,False
燃煤,台中電廠,#2,K5,200000,2025-04-07 07:14:00,2025-04-14 06:00:00,166.76666666666668,False
燃煤,台中電廠,#2,K5,290000,2025-04-14 06:00:00,2025-04-14 06:25:00,0.4166666666666667,False
燃煤,台中電廠,#2,KK,30000,2025-04-14 14:00:00,2025-04-14 21:22:00,7.366666666666666,False
燃煤,台中電廠,#2,K5,200000,2025-04-14 21:22:00,2025-04-16 14:00:00,40.63333333333333,False
燃煤,台中電廠,#2,KK,20000,2025-04-16 14:00:00,2025-04-16 23:33:00,9.55,False
燃煤,台中電廠,#2,K5,160000,2025-04-16 23:33:00,2025-04-18 16:36:00,41.05,False
燃煤,台中電廠,#2,K5,90000,2025-04-18 16:36:00,2025-04-18 17:27:00,0.85,False
燃煤,台中電廠,#2,K5,200000,2025-04-18 17:27:00,2025-04-21 06:33:00,61.1,False
燃煤,台中電廠,#2,K5,190000,2025-04-21 06:33:00,2025-04-21 07:04:00,0.5166666666666667,False
燃煤,台中電廠,#2,K5,170000,2025-04-21 07:04:00,2025-04-21 14:30:00,7.433333333333334,False
燃煤,台中電廠,#2,KK,10000,2025-04-21 14:30:00,2025-04-21 18:00:00,3.5,False
燃煤,台中電廠,#2,K5,170000,2025-04-21 18:00:00,2025-04-22 14:00:00,20.0,False
燃煤,台中電廠,#2,KK,10000,2025-04-22 14:00:00,2025-04-22 18:12:00,4.2,False
燃煤,台中電廠,#2,K5,170000,2025-04-22 18:12:00,2025-04-23 13:30:00,19.3,False
燃煤,台中電廠,#2,KK,10000,2025-04-23 13:30:00,2025-04-23 17:24:00,3.9,False
燃煤,台中電廠,#2,K5,170000,2025-04-23 17:24:00,2025-04-28 05:55:00,108.51666666666667,False
燃煤,台中電廠,#2,K5,200000,2025-04-28 05:55:00,2025-04-28 06:28:00,0.55,False
燃煤,台中電廠,#2,K5,250000,2025-04-28 06:28:00,2025-04-30 23:59:00,65.51666666666667,False
燃煤,台中電廠,#3,K6,550000,2025-04-01 00:00:00,2025-04-01 00:01:00,0.016666666666666666,False
燃煤,台中電廠,#3,K21,230000,2025-04-01 00:01:00,2025-04-02 08:06:00,32.083333333333336,False
燃煤,台中電廠,#3,K6,550000,2025-04-02 08:06:00,2025-04-02 10:16:00,2.1666666666666665,False
燃煤,台中電廠,#3,K21,230000,2025-04-02 10:16:00,2025-04-03 10:41:00,24.416666666666668,False
燃煤,台中電廠,#3,K6,550000,2025-04-03 10:41:00,2025-04-03 12:46:00,2.0833333333333335,False
燃煤,台中電廠,#3,K21,230000,2025-04-03 12:46:00,2025-04-03 23:02:00,10.266666666666667,False
燃煤,台中電廠,#3,K5,200000,2025-04-04 00:00:00,2025-04-08 05:57:00,101.95,False
燃煤,台中電廠,#3,K5,190000,2025-04-08 05:57:00,2025-04-08 06:19:00,0.36666666666666664,False
燃煤,台中電廠,#3,K5,160000,2025-04-08 06:19:00,2025-04-15 06:15:00,167.93333333333334,False
燃煤,台中電廠,#3,K5,200000,2025-04-15 06:15:00,2025-04-15 06:32:00,0.2833333333333333,False
燃煤,台中電廠,#3,K5,220000,2025-04-15 06:32:00,2025-04-18 17:00:00,82.46666666666667,False
燃煤,台中電廠,#3,K5,40000,2025-04-18 17:00:00,2025-04-19 00:00:00,7.0,False
燃煤,台中電廠,#3,K5,200000,2025-04-19 00:00:00,2025-04-22 06:00:00,78.0,False
燃煤,台中電廠,#3,K5,150000,2025-04-22 06:00:00,2025-04-22 06:29:00,0.48333333333333334,False
燃煤,台中電廠,#3,K5,180000,2025-04-22 06:29:00,2025-04-23 00:00:00,17.516666666666666,False
燃煤,台中電廠,#3,K5,140000,2025-04-23 00:00:00,2025-04-24 00:00:00,24.0,False
燃煤,台中電廠,#3,K5,180000,2025-04-24 00:00:00,2025-04-28 13:40:00,109.66666666666667,False
燃煤,台中電廠,#3,KK,10000,2025-04-28 13:40:00,2025-04-28 16:50:00,3.1666666666666665,False
燃煤,台中電廠,#3,K5,180000,2025-04-28 16:50:00,2025-04-29 06:08:00,13.3,False
燃煤,台中電廠,#3,K5,290000,2025-04-29 06:08:00,2025-04-29 06:27:00,0.31666666666666665,False
燃煤,台中電廠,#3,K5,180000,2025-04-29 06:27:00,2025-04-29 13:50:00,7.383333333333334,False
燃煤,台中電廠,#3,KK,10000,2025-04-29 13:50:00,2025-04-29 18:13:00,4.383333333333334,False
燃煤,台中電廠,#3,K5,180000,2025-04-29 18:13:00,2025-04-30 13:58:00,19.75,False
燃煤,台中電廠,#3,KK,10000,2025-04-30 13:58:00,2025-04-30 17:35:00,3.6166666666666667,False
燃煤,台中電廠,#3,K5,80000,2025-04-30 17:35:00,2025-04-30 23:59:00,6.4,False
燃煤,台中電廠,#4,K5,290000,2025-04-01 00:00:00,2025-04-02 00:00:00,24.0,False
燃煤,台中電廠,#4,K5,210000,2025-04-02 00:00:00,2025-04-07 00:00:00,120.0,False
燃煤,台中電廠,#4,K5,170000,2025-04-07 00:00:00,2025-04-07 16:20:00,16.333333333333332,False
燃煤,台中電廠,#4,K5,100000,2025-04-07 16:20:00,2025-04-08 06:20:00,14.0,False
燃煤,台中電廠,#4,K5,200000,2025-04-08 06:20:00,2025-04-08 06:42:00,0.36666666666666664,False
燃煤,台中電廠,#4,K5,160000,2025-04-08 06:42:00,2025-04-11 13:30:00,78.8,False
燃煤,台中電廠,#4,KK,80000,2025-04-11 13:30:00,2025-04-11 20:55:00,7.416666666666667,False
燃煤,台中電廠,#4,K5,230000,2025-04-11 20:55:00,2025-04-15 06:00:00,81.08333333333333,False
燃煤,台中電廠,#4,K5,200000,2025-04-15 06:00:00,2025-04-15 06:15:00,0.25,False
燃煤,台中電廠,#4,K5,170000,2025-04-15 06:15:00,2025-04-22 06:29:00,168.23333333333332,False
燃煤,台中電廠,#4,K5,150000,2025-04-22 06:29:00,2025-04-22 06:51:00,0.36666666666666664,False
燃煤,台中電廠,#4,K5,130000,2025-04-22 06:51:00,2025-04-25 00:00:00,65.15,False
燃煤,台中電廠,#4,K6,550000,2025-04-25 00:00:00,2025-04-29 07:30:00,103.5,False
燃煤,台中電廠,#4,K6,130000,2025-04-29 07:30:00,2025-04-30 23:59:00,40.483333333333334,False
燃油,台中電廠,台中GAS#4,K6,54000,2025-04-21 09:00:00,2025-04-25 15:12:00,102.2,False
燃煤,台中電廠,#5,K5,300000,2025-04-01 00:00:00,2025-04-06 03:17:00,123.28333333333333,False
燃煤,台中電廠,#5,K5,330000,2025-04-06 03:17:00,2025-04-07 22:00:00,42.71666666666667,False
燃煤,台中電廠,#5,K5,250000,2025-04-07 22:00:00,2025-04-09 06:15:00,32.25,False
燃煤,台中電廠,#5,K5,75000,2025-04-09 06:15:00,2025-04-09 06:35:00,0.3333333333333333,False
燃煤,台中電廠,#5,K5,150000,2025-04-09 06:35:00,2025-04-10 14:00:00,31.416666666666668,False
燃煤,台中電廠,#5,KK,13000,2025-04-10 14:00:00,2025-04-10 21:50:00,7.833333333333333,False
燃煤,台中電廠,#5,K5,300000,2025-04-10 21:50:00,2025-04-23 06:02:00,296.2,False
燃煤,台中電廠,#5,K5,125000,2025-04-23 06:02:00,2025-04-23 06:16:00,0.23333333333333334,False
燃煤,台中電廠,#5,K5,150000,2025-04-23 06:16:00,2025-04-24 08:53:00,26.616666666666667,False
燃煤,台中電廠,#5,K5,100000,2025-04-24 08:53:00,2025-04-25 00:00:00,15.116666666666667,False
燃煤,台中電廠,#5,K5,250000,2025-04-25 00:00:00,2025-04-26 00:00:00,24.0,False
燃煤,台中電廠,#5,K5,300000,2025-04-26 00:00:00,2025-04-26 16:33:00,16.55,False
燃煤,台中電廠,#5,K5,250000,2025-04-26 16:33:00,2025-04-30 06:38:00,86.08333333333333,False
燃煤,台中電廠,#5,K5,300000,2025-04-30 06:38:00,2025-04-30 23:59:00,17.35,False
燃煤,台中電廠,#6,K5,300000,2025-04-01 00:00:00,2025-04-07 18:28:00,162.46666666666667,False
燃煤,台中電廠,#6,K5,35000,2025-04-07 18:28:00,2025-04-07 19:46:00,1.3,False
燃煤,台中電廠,#6,K5,150000,2025-04-07 19:46:00,2025-04-09 05:50:00,34.06666666666667,False
燃煤,台中電廠,#6,K5,90000,2025-04-09 05:50:00,2025-04-09 06:15:00,0.4166666666666667,False
燃煤,台中電廠,#6,K5,135000,2025-04-09 06:15:00,2025-04-09 06:41:00,0.43333333333333335,False
燃煤,台中電廠,#6,K5,220000,2025-04-09 06:41:00,2025-04-09 11:35:00,4.9,False
燃煤,台中電廠,#6,K5,300000,2025-04-09 11:35:00,2025-04-23 06:16:00,330.68333333333334,False
燃煤,台中電廠,#6,K5,125000,2025-04-23 06:16:00,2025-04-23 06:40:00,0.4,False
燃煤,台中電廠,#6,K5,250000,2025-04-23 06:40:00,2025-04-30 06:12:00,167.53333333333333,False
燃煤,台中電廠,#6,K5,300000,2025-04-30 06:12:00,2025-04-30 23:59:00,17.783333333333335,False
燃煤,台中電廠,#7,K5,300000,2025-04-01 00:00:00,2025-04-01 13:30:00,13.5,False
燃煤,台中電廠,#7,KK,30000,2025-04-01 13:30:00,2025-04-01 17:50:00,4.333333333333333,False
燃煤,台中電廠,#7,K5,300000,2025-04-01 17:50:00,2025-04-02 14:00:00,20.166666666666668,False
燃煤,台中電廠,#7,KK,3000,2025-04-02 14:00:00,2025-04-02 21:03:00,7.05,False
燃煤,台中電廠,#7,K5,300000,2025-04-02 21:03:00,2025-04-03 06:23:00,9.333333333333334,False
燃煤,台中電廠,#7,K5,230000,2025-04-03 06:23:00,2025-04-03 06:40:00,0.2833333333333333,False
燃煤,台中電廠,#7,K5,250000,2025-04-03 06:40:00,2025-04-10 06:20:00,167.66666666666666,False
燃煤,台中電廠,#7,K5,50000,2025-04-10 06:20:00,2025-04-10 06:38:00,0.3,False
燃煤,台中電廠,#7,K5,250000,2025-04-10 06:38:00,2025-04-11 20:23:00,37.75,False
燃煤,台中電廠,#7,K5,90000,2025-04-11 20:23:00,2025-04-11 22:00:00,1.6166666666666667,False
燃煤,台中電廠,#7,K5,300000,2025-04-11 22:00:00,2025-04-17 06:06:00,128.1,False
燃煤,台中電廠,#7,K5,200000,2025-04-17 06:06:00,2025-04-17 06:27:00,0.35,False
燃煤,台中電廠,#7,K5,250000,2025-04-17 06:27:00,2025-04-17 14:00:00,7.55,False
燃煤,台中電廠,#7,KK,25000,2025-04-17 14:00:00,2025-04-17 23:59:00,9.983333333333333,False
燃煤,台中電廠,#7,K5,250000,2025-04-17 23:59:00,2025-04-18 14:00:00,14.016666666666667,False
燃煤,台中電廠,#7,KK,5000,2025-04-18 14:00:00,2025-04-18 20:45:00,6.75,False
燃煤,台中電廠,#7,K5,250000,2025-04-18 20:45:00,2025-04-24 06:21:00,129.6,False
燃煤,台中電廠,#7,K5,150000,2025-04-24 06:21:00,2025-04-24 06:37:00,0.26666666666666666,False
燃煤,台中電廠,#7,K5,250000,2025-04-24 06:37:00,2025-04-30 23:59:00,161.36666666666667,False
燃煤,台中電廠,#8,K5,300000,2025-04-01 00:00:00,2025-04-03 06:01:00,54.016666666666666,False
燃煤,台中電廠,#8,K5,250000,2025-04-03 06:01:00,2025-04-10 05:59:00,167.96666666666667,False
燃煤,台中電廠,#8,K5,50000,2025-04-10 05:59:00,2025-04-10 06:20:00,0.35,False
燃煤,台中電廠,#8,K5,300000,2025-04-10 06:20:00,2025-04-17 05:45:00,167.41666666666666,False
燃煤,台中電廠,#8,K5,200000,2025-04-17 05:45:00,2025-04-17 06:05:00,0.3333333333333333,False
燃煤,台中電廠,#8,K5,250000,2025-04-17 06:05:00,2025-04-18 14:00:00,31.916666666666668,False
燃煤,台中電廠,#8,KK,20000,2025-04-18 14:00:00,2025-04-18 20:45:00,6.75,False
燃煤,台中電廠,#8,K5,250000,2025-04-18 20:45:00,2025-04-21 13:13:00,64.46666666666667,False
燃煤,台中電廠,#8,KK,20000,2025-04-21 13:13:00,2025-04-21 23:26:00,10.216666666666667,False
燃煤,台中電廠,#8,K5,150000,2025-04-21 23:26:00,2025-04-24 06:20:00,54.9,False
燃煤,台中電廠,#8,K5,300000,2025-04-24 06:20:00,2025-04-30 23:59:00,161.65,False
燃煤,台中電廠,#9,K10,550000,2025-04-01 00:00:00,2025-04-10 00:00:00,216.0,False
燃煤,台中電廠,#9,K10,470000,2025-04-11 09:59:00,2025-04-11 10:33:00,0.5666666666666667,False
燃煤,台中電廠,#9,K5,300000,2025-04-12 00:00:00,2025-04-21 08:30:00,224.5,False
燃煤,台中電廠,#9,KK,100000,2025-04-21 08:30:00,2025-04-21 15:00:00,6.5,False
燃煤,台中電廠,#9,K5,100000,2025-04-21 15:00:00,2025-04-22 10:30:00,19.5,False
燃煤,台中電廠,#9,KK,250000,2025-04-22 10:30:00,2025-04-22 15:52:00,5.366666666666666,False
燃煤,台中電廠,#9,K5,200000,2025-04-22 15:52:00,2025-04-23 09:40:00,17.8,False
燃煤,台中電廠,#9,KK,90000,2025-04-23 09:40:00,2025-04-23 15:07:00,5.45,False
燃煤,台中電廠,#9,K5,150000,2025-04-23 15:07:00,2025-04-25 14:00:00,46.88333333333333,False
燃煤,台中電廠,#9,K5,90000,2025-04-25 14:00:00,2025-04-25 18:37:00,4.616666666666666,False
燃煤,台中電廠,#9,K5,300000,2025-04-25 18:37:00,2025-04-30 23:59:00,125.36666666666666,False
燃煤,台中電廠,#10,K10,550000,2025-04-01 00:00:00,2025-04-14 00:00:00,312.0,False
燃煤,台中電廠,#10,K5,550000,2025-04-14 00:00:00,2025-04-15 00:00:00,24.0,False
燃煤,台中電廠,#10,K10,550000,2025-04-15 00:00:00,2025-04-30 23:59:00,383.98333333333335,False
燃煤,興達電廠,#3,K2,550000,2025-04-01 00:00:00,2025-04-07 00:00:00,144.0,False
燃煤,興達電廠,#3,K21,340000,2025-04-07 10:22:00,2025-04-08 00:00:00,13.633333333333333,False
燃煤,興達電廠,#3,K21,240000,2025-04-08 00:00:00,2025-04-08 20:51:00,20.85,False
燃煤,興達電廠,#3,K5,280000,2025-04-08 20:51:00,2025-04-08 23:59:00,3.1333333333333333,False
燃煤,興達電廠,#3,K2,550000,2025-04-09 00:00:00,2025-04-20 17:38:00,281.6333333333333,False
燃煤,興達電廠,#3,K1,320000,2025-04-20 17:38:00,2025-04-21 00:00:00,6.366666666666666,False
燃煤,興達電廠,#3,K22,550000,2025-04-21 22:15:00,2025-04-30 23:59:00,217.73333333333332,True
燃煤,興達電廠,#4,K2,550000,2025-04-01 00:00:00,2025-04-20 12:36:00,468.6,False
燃煤,興達電廠,#4,K1,390000,2025-04-20 12:36:00,2025-04-21 00:00:00,11.4,False
燃煤,興達電廠,#4,K5,290000,2025-04-23 00:00:00,2025-04-24 00:00:00,24.0,False
燃煤,興達電廠,#4,K5,328000,2025-04-24 00:00:00,2025-04-24 20:52:00,20.866666666666667,False
燃煤,興達電廠,#4,K2,550000,2025-04-24 20:52:00,2025-04-30 23:59:00,147.11666666666667,False
燃氣,興達電廠,興複GT2-1,K10,90830,2025-04-01 00:00:00,2025-04-30 23:59:00,719.9833333333333,False
燃氣,興達電廠,興複GT2-2,K10,90830,2025-04-01 00:00:00,2025-04-30 23:59:00,719.9833333333333,False
燃氣,興達電廠,興複GT2-3,K10,90830,2025-04-01 00:00:00,2025-04-30 23:59:00,719.9833333333333,False
燃氣,興達電廠,興複ST2,K10,172700,2025-04-01 00:00:00,2025-04-30 23:59:00,719.9833333333333,False
燃氣,興達電廠,興複GT3-3,K6,90830,2025-04-21 08:33:00,2025-04-21 15:49:00,7.266666666666667,False
燃氣,南部電廠,南複GT2-1,K10,86500,2025-04-01 00:00:00,2025-04-30 23:59:00,719.9833333333333,False
燃氣,南部電廠,南複GT2-2,K10,86500,2025-04-01 00:00:00,2025-04-30 23:59:00,719.9833333333333,False
燃氣,南部電廠,南複ST2,K10,100000,2025-04-01 00:00:00,2025-04-30 23:59:00,719.9833333333333,False
燃氣,南部電廠,南複ST1,K6,100000,2025-04-25 11:06:00,2025-04-26 10:52:00,23.766666666666666,False
燃煤,大林電廠,#1,KK,400000,2025-04-14 06:00:00,2025-04-14 12:03:00,6.05,False
燃煤,大林電廠,#2,K5,80000,2025-04-10 17:30:00,2025-04-10 19:13:00,1.7166666666666666,False
燃煤,大林電廠,#2,K5,200000,2025-04-13 21:55:00,2025-04-13 23:15:00,1.3333333333333333,False
燃煤,大林電廠,#2,K5,200000,2025-04-14 00:33:00,2025-04-14 01:35:00,1.0333333333333334,False
燃煤,大林電廠,#2,K5,200000,2025-04-15 01:35:00,2025-04-15 03:23:00,1.8,False
燃煤,大林電廠,#2,KK,400000,2025-04-27 08:00:00,2025-04-27 13:00:00,5.0,False
燃油,尖山電廠,#2,K6,10443,2025-04-07 08:40:00,2025-04-11 15:30:00,102.83333333333333,False
燃油,尖山電廠,#3,K6,10443,2025-04-28 09:40:00,2025-04-30 17:00:00,55.333333333333336,False
燃油,尖山電廠,#4,K6,10443,2025-04-14 09:50:00,2025-04-18 15:00:00,101.16666666666667,False
燃油,尖山電廠,#5,K6,11000,2025-04-15 10:00:00,2025-04-15 16:23:00,6.383333333333334,False
燃油,尖山電廠,#5,K6,11000,2025-04-21 10:00:00,2025-04-25 16:30:00,102.5,False
燃油,尖山電廠,#6,K6,11000,2025-04-16 10:15:00,2025-04-16 16:40:00,6.416666666666667,False
燃油,尖山電廠,#6,K6,11000,2025-04-28 09:40:00,2025-04-30 23:59:00,62.31666666666667,False
燃油,尖山電廠,#7,K6,11000,2025-04-17 08:00:00,2025-04-17 16:44:00,8.733333333333333,False
燃油,尖山電廠,#8,K6,11000,2025-04-18 10:00:00,2025-04-19 13:00:00,27.0,False
燃油,尖山電廠,#9,K10,11000,2025-04-01 00:00:00,2025-04-10 11:35:00,227.58333333333334,False
燃油,尖山電廠,#10,K6,11000,2025-04-21 09:30:00,2025-04-26 10:30:00,121.0,False
燃油,塔山電廠,塔山#4,K10,7900,2025-04-01 00:00:00,2025-04-11 16:41:00,256.68333333333334,False
燃油,塔山電廠,塔山#6,K10,8250,2025-04-01 00:00:00,2025-04-25 19:11:00,595.1833333333333,False
燃油,塔山電廠,塔山#6,K6,8250,2025-04-26 00:00:00,2025-04-30 23:59:00,119.98333333333333,False
燃油,塔山電廠,塔山#10,K10,8250,2025-04-01 00:00:00,2025-04-30 23:59:00,719.9833333333333,False
燃油,塔山電廠,麒麟#5,K6,1540,2025-04-01 00:00:00,2025-04-15 10:07:00,346.1166666666667,False
燃油,塔山電廠,麒麟#8,K6,1000,2025-04-12 00:00:00,2025-04-30 23:59:00,455.98333333333335,False
燃油,協和電廠,南竿#12,K6,2500,2025-04-01 00:00:00,2025-04-30 23:59:00,719.9833333333333,False
燃油,協和電廠,珠山#2,K10,3850,2025-04-01 00:00:00,2025-04-07 21:21:00,165.35,False
抽蓄水力,明潭電廠,明潭#4,K6,267000,2025-04-10 09:40:00,2025-04-16 14:35:00,148.91666666666666,False
抽蓄水力,明潭電廠,明潭#6,K10,267000,2025-04-01 00:00:00,2025-04-30 23:59:00,719.9833333333333,False
抽蓄水力,大觀電廠,大觀(二)#2,K10,250000,2025-04-01 00:00:00,2025-04-30 23:59:00,719.9833333333333,False
抽蓄水力,大觀電廠,大觀(二)#4,K6,250000,2025-04-28 09:42:00,2025-04-30 23:59:00,62.28333333333333,False
燃油,琉球電廠,#4,KK,1500,2025-04-01 00:00:00,2025-04-30 23:59:00,719.9833333333333,False
燃油,綠島電廠,#3,K2,500,2025-04-01 00:00:00,2025-04-30 23:59:00,719.9833333333333,False
燃油,綠島電廠,#4,K2,500,2025-04-01 00:00:00,2025-04-30 23:59:00,719.9833333333333,False
燃油,綠島電廠,#6,K10,1500,2025-04-21 00:00:00,2025-04-30 23:59:00,239.98333333333332,False
燃油,東引電廠,#5,K10,1500,2025-04-01 00:00:00,2025-04-30 23:59:00,719.9833333333333,False
燃油,莒光電廠,#3,K7,1500,2025-04-01 00:00:00,2025-04-30 23:59:00,719.9833333333333,True
燃油,莒光電廠,#4,K7,1500,2025-04-01 00:00:00,2025-04-30 23:59:00,719.9833333333333,True
燃油,協和電廠,#3,K5,360000,2025-05-01 00:00:00,2025-05-31 23:59:00,743.9833333333333,False
燃油,協和電廠,#4,K5,360000,2025-05-01 00:00:00,2025-05-31 23:59:00,743.9833333333333,False
燃煤,林口電廠,#1,K10,800000,2025-05-01 00:00:00,2025-05-19 09:09:00,441.15,False
燃煤,林口電廠,#2,K5,40760,2025-05-04 08:30:00,2025-05-04 10:00:00,1.5,False
燃煤,林口電廠,#3,K5,68950,2025-05-04 10:05:00,2025-05-04 11:26:00,1.35,False
燃煤,林口電廠,#2,K5,56158,2025-05-11 08:33:00,2025-05-11 09:55:00,1.3666666666666667,False
燃煤,林口電廠,#3,K5,67150,2025-05-11 09:56:00,2025-05-11 11:43:00,1.7833333333333334,False
燃煤,林口電廠,#1,K5,606000,2025-05-19 09:09:00,2025-05-20 00:12:00,15.05,False
燃煤,林口電廠,#1,K10,800000,2025-05-20 00:12:00,2025-05-20 03:17:00,3.0833333333333335,False
燃煤,林口電廠,#1,K2,538627,2025-05-20 03:17:00,2025-05-20 13:40:00,10.383333333333333,False
燃煤,林口電廠,#1,K5,456360,2025-05-20 13:40:00,2025-05-20 16:44:00,3.066666666666667,False
燃煤,林口電廠,#1,K10,800000,2025-05-20 16:44:00,2025-05-25 10:18:00,113.56666666666666,False
燃煤,林口電廠,#3,K5,68800,2025-05-25 07:56:00,2025-05-25 09:59:00,2.05,False
燃煤,林口電廠,#2,K5,65410,2025-05-25 10:10:00,2025-05-25 11:39:00,1.4833333333333334,False
燃煤,林口電廠,#1,K2,486255,2025-05-25 10:18:00,2025-05-25 19:31:00,9.216666666666667,False
燃氣,大潭電廠,潭複GT1-1,K6,153500,2025-05-01 00:00:00,2025-05-09 09:36:00,201.6,False
燃氣,大潭電廠,潭複GT1-1,K6,153500,2025-05-09 09:50:00,2025-05-09 18:37:00,8.783333333333333,False
燃氣,大潭電廠,潭複GT1-1,K6,153500,2025-05-09 19:01:00,2025-05-10 09:28:00,14.45,False
燃氣,大潭電廠,潭複GT1-1,K6,153500,2025-05-10 12:56:00,2025-05-10 15:38:00,2.7,False
燃氣,大潭電廠,潭複GT1-1,K7,153500,2025-05-18 15:00:00,2025-05-30 22:00:00,295.0,True
燃氣,大潭電廠,潭複GT1-2,K7,153500,2025-05-18 15:00:00,2025-05-30 00:00:00,273.0,True
燃氣,大潭電廠,潭複GT1-2,K6,153500,2025-05-30 00:00:00,2025-05-31 23:59:00,47.983333333333334,False
燃氣,大潭電廠,潭複GT1-3,K10,153500,2025-05-01 00:00:00,2025-05-03 19:19:00,67.31666666666666,False
燃氣,大潭電廠,潭複GT1-3,K10,153500,2025-05-03 19:25:00,2025-05-05 09:53:00,38.46666666666667,False
燃氣,大潭電廠,潭複GT1-3,K10,153500,2025-05-05 19:07:00,2025-05-06 09:08:00,14.016666666666667,False
燃氣,大潭電廠,潭複GT1-3,K10,153500,2025-05-06 19:39:00,2025-05-07 09:43:00,14.066666666666666,False
燃氣,大潭電廠,潭複GT1-3,K10,153500,2025-05-07 17:55:00,2025-05-08 09:38:00,15.716666666666667,False
燃氣,大潭電廠,潭複GT1-3,K10,153500,2025-05-08 16:31:00,2025-05-12 10:37:00,90.1,False
燃氣,大潭電廠,潭複GT1-3,K7,153500,2025-05-18 15:00:00,2025-05-30 22:00:00,295.0,True
燃氣,大潭電廠,潭複GT2-2,K6,153500,2025-05-01 00:00:00,2025-05-06 20:59:00,140.98333333333332,False
燃氣,大潭電廠,潭複GT4-1,K6,233900,2025-05-29 00:25:00,2025-05-29 17:11:00,16.766666666666666,False
燃氣,大潭電廠,潭複GT5-1,K5,116950,2025-05-13 06:00:00,2025-05-13 15:12:00,9.2,False
燃氣,大潭電廠,潭複GT5-1,K6,233900,2025-05-27 00:00:00,2025-05-28 18:24:00,42.4,False
燃氣,大潭電廠,潭複GT5-1,K5,116950,2025-05-29 00:00:00,2025-05-29 14:30:00,14.5,False
燃氣,大潭電廠,潭複GT5-2,K6,233900,2025-05-04 00:34:00,2025-05-05 19:29:00,42.916666666666664,False
燃氣,大潭電廠,潭複GT5-2,K5,116950,2025-05-13 06:00:00,2025-05-13 15:12:00,9.2,False
燃氣,大潭電廠,潭複GT8-1,K5,183198,2025-05-10 09:00:00,2025-05-10 11:19:00,2.316666666666667,False
燃氣,大潭電廠,潭複GT8-2,K5,183198,2025-05-10 09:00:00,2025-05-10 11:19:00,2.316666666666667,False
燃氣,大潭電廠,潭複GT9-1,K6,366395,2025-05-06 20:43:00,2025-05-15 02:22:00,197.65,False
燃氣,大潭電廠,潭複ST1,K7,282200,2025-05-01 00:00:00,2025-05-31 23:59:00,743.9833333333333,True
燃氣,大潭電廠,潭複ST5,K5,128450,2025-05-13 06:00:00,2025-05-13 15:12:00,9.2,False
燃氣,大潭電廠,潭複ST8,K5,195420,2025-05-10 09:00:00,2025-05-10 11:19:00,2.316666666666667,False
燃氣,大潭電廠,潭複ST9,K7,390839,2025-05-07 14:13:00,2025-05-07 19:39:00,5.433333333333334,True
燃氣,通霄電廠,通複GT2-1,K5,40100,2025-05-06 08:00:00,2025-05-07 14:14:00,30.233333333333334,False
燃氣,通霄電廠,通複GT2-1,K6,290100,2025-05-26 14:11:00,2025-05-31 23:59:00,129.8,False
燃氣,通霄電廠,通複GT2-2,K5,39100,2025-05-08 08:10:00,2025-05-09 13:17:00,29.116666666666667,False
燃氣,通霄電廠,通複GT2-2,K6,290100,2025-05-26 14:57:00,2025-05-31 23:59:00,129.03333333333333,False
燃氣,通霄電廠,通複ST2,K3,312400,2025-05-26 14:34:00,2025-05-31 23:59:00,129.41666666666666,False
燃氣,通霄電廠,通複GT3-1,K7,290100,2025-05-13 10:59:00,2025-05-13 15:23:00,4.4,True
燃氣,通霄電廠,通複GT3-1,K4,290100,2025-05-27 13:00:00,2025-05-27 17:42:00,4.7,True
燃氣,通霄電廠,通複GT3-1,K21,70100,2025-05-28 08:00:00,2025-05-28 16:30:00,8.5,False
燃氣,通霄電廠,通複GT3-2,K7,290100,2025-05-13 10:59:00,2025-05-13 17:22:00,6.383333333333334,True
燃氣,通霄電廠,通複ST3,K7,312400,2025-05-13 10:59:00,2025-05-13 15:54:00,4.916666666666667,True
燃氣,通霄電廠,通複GT6-1,K6,106000,2025-05-01 00:00:00,2025-05-03 09:36:00,57.6,False
燃氣,通霄電廠,通複GT6-1,K6,106000,2025-05-11 00:19:00,2025-05-13 13:16:00,60.95,False
燃氣,通霄電廠,通複GT6-1,K3,106000,2025-05-30 09:47:00,2025-05-30 22:03:00,12.266666666666667,False
燃氣,通霄電廠,通複GT6-1,K5,6000,2025-05-27 00:00:00,2025-05-31 23:59:00,119.98333333333333,False
燃氣,通霄電廠,通複GT6-2,K6,106000,2025-05-01 00:00:00,2025-05-04 04:25:00,76.41666666666667,False
燃氣,通霄電廠,通複GT6-2,K5,1000,2025-05-27 00:00:00,2025-05-31 23:59:00,119.98333333333333,False
燃氣,通霄電廠,通複ST6,K6,109200,2025-05-01 00:00:00,2025-05-03 12:56:00,60.93333333333333,False
燃氣,通霄電廠,通霄GT9-1,K6,30142,2025-05-12 09:00:00,2025-05-15 19:50:00,82.83333333333333,False
燃氣,通霄電廠,通霄GT9-2,K6,30142,2025-05-26 06:49:00,2025-05-29 18:34:00,83.75,False
燃氣,通霄電廠,通霄GT9-3,K6,30142,2025-05-30 08:00:00,2025-05-31 23:59:00,39.983333333333334,False
燃氣,通霄電廠,通霄GT9-4,K6,30142,2025-05-16 07:00:00,2025-05-20 18:17:00,107.28333333333333,False
燃氣,通霄電廠,通霄GT9-5,K6,30142,2025-05-06 08:19:00,2025-05-07 10:46:00,26.45,False
燃氣,通霄電廠,通霄GT9-5,K6,30142,2025-05-08 08:00:00,2025-05-08 16:00:00,8.0,False
燃氣,通霄電廠,通霄GT9-6,K6,30142,2025-05-06 08:19:00,2025-05-07 10:46:00,26.45,False
燃氣,通霄電廠,通霄GT9-6,K6,30142,2025-05-08 08:00:00,2025-05-08 16:00:00,8.0,False
燃煤,台中電廠,#1,K5,250000,2025-05-01 00:00:00,2025-05-05 06:31:00,102.51666666666667,False
燃煤,台中電廠,#1,K5,180000,2025-05-05 06:31:00,2025-05-05 06:47:00,0.26666666666666666,False
燃煤,台中電廠,#1,K5,200000,2025-05-05 06:47:00,2025-05-12 06:27:00,167.66666666666666,False
燃煤,台中電廠,#1,K5,250000,2025-05-12 06:27:00,2025-05-12 06:52:00,0.4166666666666667,False
燃煤,台中電廠,#1,K5,290000,2025-05-12 06:52:00,2025-05-22 08:30:00,241.63333333333333,False
燃煤,台中電廠,#1,K5,150000,2025-05-22 08:30:00,2025-05-22 15:00:00,6.5,False
燃煤,台中電廠,#1,K5,250000,2025-05-22 15:00:00,2025-05-27 06:30:00,111.5,False
燃煤,台中電廠,#1,K5,360000,2025-05-27 06:30:00,2025-05-27 19:10:00,12.666666666666666,False
燃煤,台中電廠,#1,K5,200000,2025-05-27 19:10:00,2025-05-31 23:59:00,100.81666666666666,False
燃煤,台中電廠,#2,K5,250000,2025-05-01 00:00:00,2025-05-05 06:10:00,102.16666666666667,False
燃煤,台中電廠,#2,K5,143000,2025-05-05 06:10:00,2025-05-05 06:30:00,0.3333333333333333,False
燃煤,台中電廠,#2,K5,245000,2025-05-05 06:30:00,2025-05-12 05:55:00,167.41666666666666,False
燃煤,台中電廠,#2,K5,300000,2025-05-12 05:55:00,2025-05-12 06:27:00,0.5333333333333333,False
燃煤,台中電廠,#2,K5,136000,2025-05-12 06:27:00,2025-05-12 15:00:00,8.55,False
燃煤,台中電廠,#2,K5,290000,2025-05-12 17:00:00,2025-05-14 17:50:00,48.833333333333336,False
燃煤,台中電廠,#2,K5,245000,2025-05-14 17:50:00,2025-05-15 18:40:00,24.833333333333332,False
燃煤,台中電廠,#2,K5,200000,2025-05-15 18:40:00,2025-05-16 17:40:00,23.0,False
燃煤,台中電廠,#2,K5,50000,2025-05-16 17:40:00,2025-05-17 00:00:00,6.333333333333333,False
燃煤,台中電廠,#2,K5,200000,2025-05-17 00:00:00,2025-05-19 00:00:00,48.0,False
燃煤,台中電廠,#2,K5,40000,2025-05-19 00:00:00,2025-05-19 10:10:00,10.166666666666666,False
燃煤,台中電廠,#2,K5,180000,2025-05-19 10:10:00,2025-05-26 06:25:00,164.25,False
燃煤,台中電廠,#2,K5,283000,2025-05-26 06:25:00,2025-05-26 06:52:00,0.45,False
燃煤,台中電廠,#2,K5,250000,2025-05-26 06:52:00,2025-05-28 14:00:00,55.13333333333333,False
燃煤,台中電廠,#2,KK,25000,2025-05-28 14:00:00,2025-05-28 23:32:00,9.533333333333333,False
燃煤,台中電廠,#2,K5,95000,2025-05-28 23:32:00,2025-05-29 13:00:00,13.466666666666667,False
燃煤,台中電廠,#2,K5,250000,2025-05-29 19:39:00,2025-05-31 23:59:00,52.333333333333336,False
燃煤,台中電廠,#3,K5,250000,2025-05-01 00:00:00,2025-05-06 06:00:00,126.0,False
燃煤,台中電廠,#3,K5,155000,2025-05-06 06:00:00,2025-05-06 06:25:00,0.4166666666666667,False
燃煤,台中電廠,#3,K5,135000,2025-05-06 06:25:00,2025-05-06 14:00:00,7.583333333333333,False
燃煤,台中電廠,#3,KK,11000,2025-05-06 14:00:00,2025-05-06 18:53:00,4.883333333333334,False
燃煤,台中電廠,#3,K5,90000,2025-05-06 18:53:00,2025-05-07 13:20:00,18.45,False
燃煤,台中電廠,#3,KK,10000,2025-05-07 13:20:00,2025-05-07 20:23:00,7.05,False
燃煤,台中電廠,#3,K5,195000,2025-05-07 20:23:00,2025-05-08 14:00:00,17.616666666666667,False
燃煤,台中電廠,#3,KK,5000,2025-05-08 14:00:00,2025-05-08 21:12:00,7.2,False
燃煤,台中電廠,#3,K5,290000,2025-05-08 21:12:00,2025-05-09 21:51:00,24.65,False
燃煤,台中電廠,#3,K6,550000,2025-05-09 21:51:00,2025-05-12 00:00:00,50.15,False
燃煤,台中電廠,#3,K5,200000,2025-05-13 00:00:00,2025-05-13 06:00:00,6.0,False
燃煤,台中電廠,#3,K5,209000,2025-05-13 06:00:00,2025-05-13 06:21:00,0.35,False
燃煤,台中電廠,#3,K5,290000,2025-05-13 06:21:00,2025-05-14 15:05:00,32.733333333333334,False
燃煤,台中電廠,#3,KK,11000,2025-05-14 15:05:00,2025-05-14 17:18:00,2.216666666666667,False
燃煤,台中電廠,#3,K5,245000,2025-05-14 17:18:00,2025-05-20 18:22:00,145.06666666666666,False
燃煤,台中電廠,#3,K5,100000,2025-05-20 18:22:00,2025-05-20 21:38:00,3.2666666666666666,False
燃煤,台中電廠,#3,K5,250000,2025-05-20 21:38:00,2025-05-27 06:00:00,152.36666666666667,False
燃煤,台中電廠,#3,K5,290000,2025-05-27 06:00:00,2025-05-27 06:18:00,0.3,False
燃煤,台中電廠,#3,K5,250000,2025-05-27 06:18:00,2025-05-30 21:13:00,86.91666666666667,False
燃煤,台中電廠,#3,K22,550000,2025-05-30 21:13:00,2025-05-31 23:59:00,26.766666666666666,True
燃煤,台中電廠,#4,K5,240000,2025-05-01 00:00:00,2025-05-05 14:00:00,110.0,False
燃煤,台中電廠,#4,KK,7000,2025-05-05 14:00:00,2025-05-05 22:05:00,8.083333333333334,False
燃煤,台中電廠,#4,K5,90000,2025-05-05 22:05:00,2025-05-06 06:25:00,8.333333333333334,False
燃煤,台中電廠,#4,K5,146000,2025-05-06 06:25:00,2025-05-06 06:47:00,0.36666666666666664,False
燃煤,台中電廠,#4,K5,150000,2025-05-06 06:47:00,2025-05-12 00:00:00,137.21666666666667,False
燃煤,台中電廠,#4,K5,220000,2025-05-13 00:00:00,2025-05-13 06:22:00,6.366666666666666,False
燃煤,台中電廠,#4,K5,225000,2025-05-13 06:22:00,2025-05-13 06:38:00,0.26666666666666666,False
燃煤,台中電廠,#4,K5,250000,2025-05-13 06:38:00,2025-05-27 06:18:00,335.6666666666667,False
燃煤,台中電廠,#4,K5,290000,2025-05-27 06:18:00,2025-05-27 06:42:00,0.4,False
燃煤,台中電廠,#4,K5,250000,2025-05-27 06:42:00,2025-05-31 23:59:00,113.28333333333333,False
燃煤,台中電廠,#5,K5,300000,2025-05-01 00:00:00,2025-05-07 06:08:00,150.13333333333333,False
燃煤,台中電廠,#5,K5,90000,2025-05-07 06:08:00,2025-05-07 06:26:00,0.3,False
燃煤,台中電廠,#5,K5,150000,2025-05-07 06:26:00,2025-05-13 14:00:00,151.56666666666666,False
燃煤,台中電廠,#5,KK,20000,2025-05-13 14:00:00,2025-05-13 18:47:00,4.783333333333333,False
燃煤,台中電廠,#5,K5,200000,2025-05-13 18:47:00,2025-05-14 06:05:00,11.3,False
燃煤,台中電廠,#5,K5,300000,2025-05-14 06:05:00,2025-05-14 06:22:00,0.2833333333333333,False
燃煤,台中電廠,#5,K5,100000,2025-05-14 06:22:00,2025-05-14 14:00:00,7.633333333333334,False
燃煤,台中電廠,#5,KK,2000,2025-05-14 14:00:00,2025-05-14 21:16:00,7.266666666666667,False
燃煤,台中電廠,#5,K5,300000,2025-05-14 21:16:00,2025-05-21 14:00:00,160.73333333333332,False
燃煤,台中電廠,#5,KK,2000,2025-05-21 14:00:00,2025-05-21 22:20:00,8.333333333333334,False
燃煤,台中電廠,#5,K5,250000,2025-05-21 22:20:00,2025-05-28 06:00:00,151.66666666666666,False
燃煤,台中電廠,#5,K5,200000,2025-05-28 06:00:00,2025-05-28 06:15:00,0.25,False
燃煤,台中電廠,#5,K5,300000,2025-05-28 06:15:00,2025-05-31 23:59:00,89.73333333333333,False
燃煤,台中電廠,#6,K5,300000,2025-05-01 00:00:00,2025-05-07 06:26:00,150.43333333333334,False
燃煤,台中電廠,#6,K5,100000,2025-05-07 06:26:00,2025-05-07 06:53:00,0.45,False
燃煤,台中電廠,#6,K5,250000,2025-05-07 06:53:00,2025-05-14 06:23:00,167.5,False
燃煤,台中電廠,#6,K5,300000,2025-05-14 06:23:00,2025-05-14 06:35:00,0.2,False
燃煤,台中電廠,#6,K5,250000,2025-05-14 06:35:00,2025-05-15 14:00:00,31.416666666666668,False
燃煤,台中電廠,#6,KK,2000,2025-05-15 14:00:00,2025-05-15 18:16:00,4.266666666666667,False
燃煤,台中電廠,#6,K5,300000,2025-05-15 18:16:00,2025-05-16 14:00:00,19.733333333333334,False
燃煤,台中電廠,#6,KK,2000,2025-05-16 14:00:00,2025-05-16 19:29:00,5.483333333333333,False
燃煤,台中電廠,#6,K5,300000,2025-05-16 19:29:00,2025-05-19 13:05:00,65.6,False
燃煤,台中電廠,#6,KK,30000,2025-05-19 13:05:00,2025-05-19 20:32:00,7.45,False
燃煤,台中電廠,#6,K5,100000,2025-05-19 20:32:00,2025-05-22 14:00:00,65.46666666666667,False
燃煤,台中電廠,#6,KK,3000,2025-05-22 14:00:00,2025-05-22 22:05:00,8.083333333333334,False
燃煤,台中電廠,#6,K5,300000,2025-05-22 22:05:00,2025-05-27 17:11:00,115.1,False
燃煤,台中電廠,#6,K5,200000,2025-05-27 17:11:00,2025-05-28 06:35:00,13.4,False
燃煤,台中電廠,#6,K5,300000,2025-05-28 06:35:00,2025-05-31 23:59:00,89.4,False
燃煤,台中電廠,#7,K5,250000,2025-05-01 00:00:00,2025-05-01 06:18:00,6.3,False
燃煤,台中電廠,#7,K5,300000,2025-05-01 06:18:00,2025-05-08 06:05:00,167.78333333333333,False
燃煤,台中電廠,#7,K5,200000,2025-05-08 06:05:00,2025-05-08 06:25:00,0.3333333333333333,False
燃煤,台中電廠,#7,K5,300000,2025-05-08 06:25:00,2025-05-23 14:02:00,367.6166666666667,False
燃煤,台中電廠,#7,KK,4000,2025-05-23 14:02:00,2025-05-23 22:00:00,7.966666666666667,False
燃煤,台中電廠,#7,K5,300000,2025-05-23 22:00:00,2025-05-27 14:00:00,88.0,False
燃煤,台中電廠,#7,KK,30000,2025-05-27 14:00:00,2025-05-27 22:15:00,8.25,False
燃煤,台中電廠,#7,K5,150000,2025-05-27 22:15:00,2025-05-28 14:00:00,15.75,False
燃煤,台中電廠,#7,KK,30000,2025-05-28 14:00:00,2025-05-28 19:10:00,5.166666666666667,False
燃煤,台中電廠,#7,K5,100000,2025-05-28 19:10:00,2025-05-29 06:16:00,11.1,False
燃煤,台中電廠,#7,K5,150000,2025-05-29 06:16:00,2025-05-29 06:34:00,0.3,False
燃煤,台中電廠,#7,K5,7000,2025-05-29 06:34:00,2025-05-29 13:00:00,6.433333333333334,False
燃煤,台中電廠,#7,KK,7000,2025-05-29 13:00:00,2025-05-29 18:48:00,5.8,False
燃煤,台中電廠,#7,K5,300000,2025-05-29 18:48:00,2025-05-31 23:59:00,53.18333333333333,False
燃煤,台中電廠,#8,K5,250000,2025-05-01 00:00:00,2025-05-01 06:36:00,6.6,False
燃煤,台中電廠,#8,K5,300000,2025-05-01 06:36:00,2025-05-07 09:37:00,147.01666666666668,False
燃煤,台中電廠,#8,K5,50000,2025-05-07 09:37:00,2025-05-07 18:16:00,8.65,False
燃煤,台中電廠,#8,K5,200000,2025-05-07 18:16:00,2025-05-08 06:39:00,12.383333333333333,False
燃煤,台中電廠,#8,K5,300000,2025-05-08 06:39:00,2025-05-20 14:00:00,295.35,False
燃煤,台中電廠,#8,KK,7000,2025-05-20 14:00:00,2025-05-20 21:15:00,7.25,False
燃煤,台中電廠,#8,K5,2000,2025-05-20 21:15:00,2025-05-21 13:15:00,16.0,False
燃煤,台中電廠,#8,KK,2000,2025-05-21 13:15:00,2025-05-21 20:00:00,6.75,False
燃煤,台中電廠,#8,K5,180000,2025-05-21 20:00:00,2025-05-22 14:00:00,18.0,False
燃煤,台中電廠,#8,KK,2000,2025-05-22 14:00:00,2025-05-22 18:56:00,4.933333333333334,False
燃煤,台中電廠,#8,K5,150000,2025-05-22 18:56:00,2025-05-23 14:02:00,19.1,False
燃煤,台中電廠,#8,KK,2000,2025-05-23 14:02:00,2025-05-23 19:30:00,5.466666666666667,False
燃煤,台中電廠,#8,K5,300000,2025-05-23 19:30:00,2025-05-26 14:00:00,66.5,False
燃煤,台中電廠,#8,KK,120000,2025-05-26 14:00:00,2025-05-26 22:45:00,8.75,False
燃煤,台中電廠,#8,K5,300000,2025-05-26 22:45:00,2025-05-31 23:59:00,121.23333333333333,False
燃煤,台中電廠,#9,K5,250000,2025-05-01 00:00:00,2025-05-02 14:00:00,38.0,False
燃煤,台中電廠,#9,K5,240000,2025-05-02 14:00:00,2025-05-06 00:00:00,82.0,False
燃煤,台中電廠,#9,K5,100000,2025-05-06 00:00:00,2025-05-07 00:00:00,24.0,False
燃煤,台中電廠,#9,K5,150000,2025-05-07 00:00:00,2025-05-07 10:55:00,10.916666666666666,False
燃煤,台中電廠,#9,KK,100000,2025-05-07 10:55:00,2025-05-07 21:00:00,10.083333333333334,False
燃煤,台中電廠,#9,K5,250000,2025-05-07 21:00:00,2025-05-08 13:00:00,16.0,False
燃煤,台中電廠,#9,KK,100000,2025-05-08 13:00:00,2025-05-08 21:00:00,8.0,False
燃煤,台中電廠,#9,K5,100000,2025-05-08 21:00:00,2025-05-09 05:59:00,8.983333333333333,False
燃煤,台中電廠,#9,K5,200000,2025-05-09 05:59:00,2025-05-09 06:25:00,0.43333333333333335,False
燃煤,台中電廠,#9,K5,240000,2025-05-09 06:25:00,2025-05-09 13:00:00,6.583333333333333,False
燃煤,台中電廠,#9,KK,100000,2025-05-09 13:00:00,2025-05-09 17:35:00,4.583333333333333,False
燃煤,台中電廠,#9,K5,250000,2025-05-09 17:35:00,2025-05-16 14:44:00,165.15,False
燃煤,台中電廠,#9,K7,550000,2025-05-16 14:44:00,2025-05-17 00:00:00,9.266666666666667,True
燃煤,台中電廠,#9,K5,250000,2025-05-17 00:00:00,2025-05-21 00:00:00,96.0,False
燃煤,台中電廠,#9,K5,110000,2025-05-21 00:00:00,2025-05-23 00:00:00,48.0,False
燃煤,台中電廠,#9,K5,100000,2025-05-23 00:00:00,2025-05-26 09:00:00,81.0,False
燃煤,台中電廠,#9,KK,250000,2025-05-26 09:00:00,2025-05-26 21:00:00,12.0,False
燃煤,台中電廠,#9,K5,250000,2025-05-26 21:00:00,2025-05-29 05:58:00,56.96666666666667,False
燃煤,台中電廠,#9,K5,130000,2025-05-29 05:58:00,2025-05-29 06:15:00,0.2833333333333333,False
燃煤,台中電廠,#9,K5,250000,2025-05-29 06:15:00,2025-05-30 00:00:00,17.75,False
燃煤,台中電廠,#9,K5,350000,2025-05-30 00:00:00,2025-05-31 17:57:00,41.95,False
燃煤,台中電廠,#9,K5,50000,2025-05-31 17:57:00,2025-05-31 23:59:00,6.033333333333333,False
燃煤,台中電廠,#10,K10,550000,2025-05-01 00:00:00,2025-05-31 23:59:00,743.9833333333333,False
燃煤,興達電廠,#3,K2,550000,2025-05-01 00:00:00,2025-05-21 11:27:00,491.45,False
燃煤,興達電廠,#3,K1,250000,2025-05-21 11:28:00,2025-05-22 00:00:00,12.533333333333333,False
燃煤,興達電廠,#3,K5,250000,2025-05-22 00:00:00,2025-05-23 22:31:00,46.516666666666666,False
燃煤,興達電廠,#3,K2,550000,2025-05-23 22:31:00,2025-05-31 23:59:00,193.46666666666667,False
燃煤,興達電廠,#4,K2,550000,2025-05-01 00:00:00,2025-05-21 05:35:00,485.5833333333333,False
燃煤,興達電廠,#4,K1,150000,2025-05-21 05:36:00,2025-05-22 00:00:00,18.4,False
燃煤,興達電廠,#4,K5,150000,2025-05-22 00:00:00,2025-05-23 00:00:00,24.0,False
燃煤,興達電廠,#4,K5,250000,2025-05-23 00:00:00,2025-05-23 15:53:00,15.883333333333333,False
燃煤,興達電廠,#4,K2,550000,2025-05-23 15:53:00,2025-05-31 23:59:00,200.1,False
燃氣,興達電廠,興複GT2-1,K10,90830,2025-05-01 00:00:00,2025-05-31 23:59:00,743.9833333333333,False
燃氣,興達電廠,興複GT2-2,K10,90830,2025-05-01 00:00:00,2025-05-31 23:59:00,743.9833333333333,False
燃氣,興達電廠,興複GT2-3,K10,90830,2025-05-01 00:00:00,2025-05-31 23:59:00,743.9833333333333,False
燃氣,興達電廠,興複ST2,K10,172700,2025-05-01 00:00:00,2025-05-31 23:59:00,743.9833333333333,False
燃氣,興達電廠,興複GT3-2,K6,90830,2025-05-06 08:51:00,2025-05-06 10:38:00,1.7833333333333334,False
燃氣,興達電廠,興複GT3-3,K6,90830,2025-05-20 08:45:00,2025-05-20 11:24:00,2.65,False
燃氣,興達電廠,興複GT1-3,K6,90830,2025-05-24 14:52:00,2025-05-24 15:38:00,0.7666666666666667,False
燃氣,興達電廠,興複GT5-3,K6,90830,2025-05-26 16:55:00,2025-05-31 23:59:00,127.06666666666666,False
燃氣,興達電廠,興複GT5-3,K2,90830,2025-05-26 16:55:00,2025-05-27 00:00:00,7.083333333333333,False
燃氣,興達電廠,興複GT5-1,K6,90830,2025-05-30 00:30:00,2025-05-30 16:19:00,15.816666666666666,False
燃氣,南部電廠,南複GT2-1,K10,86500,2025-05-01 00:00:00,2025-05-07 16:01:00,160.01666666666668,False
燃氣,南部電廠,南複GT2-1,K21,86500,2025-05-07 17:19:00,2025-05-10 10:31:00,65.2,False
燃氣,南部電廠,南複GT1-1,K4,86500,2025-05-09 12:36:00,2025-05-09 13:58:00,1.3666666666666667,True
燃氣,南部電廠,南複GT1-1,K6,86500,2025-05-26 20:24:00,2025-05-26 22:13:00,1.8166666666666667,False
燃氣,南部電廠,南複GT1-2,K4,86500,2025-05-09 12:36:00,2025-05-09 13:58:00,1.3666666666666667,True
燃氣,南部電廠,南複ST1,K4,100000,2025-05-09 12:36:00,2025-05-09 13:58:00,1.3666666666666667,True
燃氣,南部電廠,南複GT2-1,K21,86500,2025-05-10 19:36:00,2025-05-12 09:56:00,38.333333333333336,False
燃氣,南部電廠,南複GT2-1,K21,86500,2025-05-12 18:48:00,2025-05-13 09:36:00,14.8,False
燃氣,南部電廠,南複GT2-1,K7,86500,2025-05-14 11:20:00,2025-05-14 14:26:00,3.1,True
燃氣,南部電廠,南複GT2-1,K6,86500,2025-05-29 08:00:00,2025-05-29 11:29:00,3.4833333333333334,False
燃氣,南部電廠,南複GT2-2,K10,86500,2025-05-01 00:00:00,2025-05-16 16:50:00,376.8333333333333,False
燃氣,南部電廠,南複GT2-2,K21,86500,2025-05-16 22:54:00,2025-05-17 11:50:00,12.933333333333334,False
燃氣,南部電廠,南複GT2-2,K6,86500,2025-05-26 07:37:00,2025-05-26 13:59:00,6.366666666666666,False
燃氣,南部電廠,南複GT2-2,K6,86500,2025-05-29 08:00:00,2025-05-29 11:29:00,3.4833333333333334,False
燃氣,南部電廠,南複ST2,K10,100000,2025-05-01 00:00:00,2025-05-13 12:52:00,300.8666666666667,False
燃氣,南部電廠,南複ST2,K21,100000,2025-05-13 13:45:00,2025-05-13 19:45:00,6.0,False
燃氣,南部電廠,南複ST2,K7,100000,2025-05-14 11:20:00,2025-05-14 17:07:00,5.783333333333333,True
燃氣,南部電廠,南複ST2,K6,100000,2025-05-26 09:20:00,2025-05-26 11:48:00,2.466666666666667,False
燃煤,大林電廠,#1,K5,100000,2025-05-13 09:01:00,2025-05-13 09:21:00,0.3333333333333333,False
燃煤,大林電廠,#1,K5,160000,2025-05-22 14:38:00,2025-05-22 15:48:00,1.1666666666666667,False
燃煤,大林電廠,#1,K5,400000,2025-05-24 09:07:00,2025-05-24 12:30:00,3.3833333333333333,False
燃煤,大林電廠,#1,K5,100000,2025-05-26 08:40:00,2025-05-26 09:00:00,0.3333333333333333,False
燃煤,大林電廠,#1,K5,100000,2025-05-26 11:31:00,2025-05-26 11:49:00,0.3,False
燃煤,大林電廠,#1,K5,150000,2025-05-30 05:56:00,2025-05-30 15:25:00,9.483333333333333,False
燃煤,大林電廠,#1,K5,100000,2025-05-31 19:30:00,2025-05-31 19:49:00,0.31666666666666665,False
燃煤,大林電廠,#2,K5,160000,2025-05-09 12:36:00,2025-05-09 15:42:00,3.1,False
燃煤,大林電廠,#2,K5,200000,2025-05-12 19:05:00,2025-05-12 21:06:00,2.0166666666666666,False
燃煤,大林電廠,#2,K5,200000,2025-05-13 22:00:00,2025-05-14 00:46:00,2.7666666666666666,False
燃煤,大林電廠,#2,K5,400000,2025-05-25 08:00:00,2025-05-25 13:30:00,5.5,False
燃氣,大林電廠,#6,K5,150000,2025-05-02 06:00:00,2025-05-02 14:25:00,8.416666666666666,False
燃氣,大林電廠,#6,K5,150000,2025-05-05 09:00:00,2025-05-05 14:25:00,5.416666666666667,False
燃氣,大林電廠,#6,K5,85000,2025-05-06 18:07:00,2025-05-06 21:00:00,2.8833333333333333,False
燃氣,大林電廠,#6,K5,320000,2025-05-10 08:00:00,2025-05-10 14:45:00,6.75,False
燃氣,大林電廠,#6,K5,150000,2025-05-30 08:00:00,2025-05-30 10:06:00,2.1,False
燃油,尖山電廠,#1,K6,10443,2025-05-05 09:00:00,2025-05-10 06:00:00,117.0,False
燃油,尖山電廠,#1,K6,10443,2025-05-15 09:20:00,2025-05-15 16:54:00,7.566666666666666,False
燃油,尖山電廠,#1,K6,10443,2025-05-19 08:51:00,2025-05-21 13:45:00,52.9,False
燃油,尖山電廠,#2,K6,10443,2025-05-14 09:40:00,2025-05-14 16:38:00,6.966666666666667,False
燃油,尖山電廠,#2,K6,10443,2025-05-26 08:30:00,2025-05-31 15:00:00,126.5,False
燃油,尖山電廠,#3,K6,10443,2025-05-13 08:40:00,2025-05-13 18:12:00,9.533333333333333,False
燃油,尖山電廠,#4,K6,10443,2025-05-05 09:00:00,2025-05-10 19:25:00,130.41666666666666,False
燃油,尖山電廠,#4,K6,10443,2025-05-21 07:05:00,2025-05-21 13:45:00,6.666666666666667,False
燃油,尖山電廠,#5,K6,11000,2025-05-29 08:30:00,2025-05-29 15:50:00,7.333333333333333,False
燃油,尖山電廠,#6,K6,11000,2025-05-28 08:40:00,2025-05-28 15:10:00,6.5,False
燃油,尖山電廠,#6,K6,11000,2025-05-01 00:00:00,2025-05-02 16:00:00,40.0,False
燃油,尖山電廠,#7,K6,11000,2025-05-27 08:00:00,2025-05-27 15:00:00,7.0,False
燃油,尖山電廠,#8,K6,11000,2025-05-22 08:00:00,2025-05-22 19:09:00,11.15,False
燃油,塔山電廠,塔山#2,K10,7900,2025-05-18 00:00:00,2025-05-31 23:59:00,335.98333333333335,False
燃油,塔山電廠,塔山#6,K6,8250,2025-05-01 00:00:00,2025-05-31 23:59:00,743.9833333333333,False
燃油,塔山電廠,塔山#10,K10,11150,2025-05-01 00:00:00,2025-05-12 00:00:00,264.0,False
燃油,塔山電廠,塔山#10,K6,11150,2025-05-12 00:00:00,2025-05-15 00:00:00,72.0,False
燃油,塔山電廠,麒麟#8,K6,1000,2025-05-01 00:00:00,2025-05-02 00:00:00,24.0,False
燃油,塔山電廠,麒麟#9,K6,1000,2025-05-12 00:00:00,2025-05-31 23:59:00,479.98333333333335,False
燃油,協和電廠,南竿#12,K6,2500,2025-05-01 00:00:00,2025-05-31 23:59:00,743.9833333333333,False
燃油,協和電廠,南竿#13,K6,1500,2025-05-27 08:00:00,2025-05-31 23:59:00,111.98333333333333,False
燃油,協和電廠,南竿#10,K6,1500,2025-05-01 00:00:00,2025-05-19 15:29:00,447.48333333333335,False
抽蓄水力,明潭電廠,明潭#6,K10,267000,2025-05-01 00:00:00,2025-05-24 16:25:00,568.4166666666666,False
抽蓄水力,大觀電廠,大觀(二)#2,K10,250000,2025-05-01 00:00:00,2025-05-13 14:50:00,302.8333333333333,False
抽蓄水力,大觀電廠,大觀(二)#4,K6,250000,2025-05-01 00:00:00,2025-05-03 18:15:00,66.25,False
燃油,琉球電廠,#4,KK,1500,2025-05-01 00:00:00,2025-05-31 23:59:00,743.9833333333333,False
燃油,綠島電廠,#6,K10,1000,2025-05-01 00:00:00,2025-05-31 23:59:00,743.9833333333333,False
燃油,東引電廠,#5,K10,1500,2025-05-01 00:00:00,2025-05-09 23:59:00,215.98333333333332,False
燃油,莒光電廠,#3,K7,1500,2025-05-01 00:00:00,2025-05-31 23:59:00,743.9833333333333,True
燃油,莒光電廠,#4,K7,1500,2025-05-01 00:00:00,2025-05-31 23:59:00,743.9833333333333,True
燃油,協和電廠,#3,K5,360000,2025-06-01 00:00:00,2025-06-30 23:59:00,719.9833333333333,False
燃油,協和電廠,#4,K5,360000,2025-06-01 00:00:00,2025-06-30 23:59:00,719.9833333333333,False
燃煤,林口電廠,#3,K5,51500,2025-06-01 07:53:00,2025-06-01 09:21:00,1.4666666666666666,False
燃煤,林口電廠,#2,K5,43232,2025-06-01 09:21:00,2025-06-01 10:57:00,1.6,False
燃煤,林口電廠,#1,K5,4000,2025-06-02 11:00:00,2025-06-02 11:15:00,0.25,False
燃煤,林口電廠,#2,K5,114049,2025-06-05 17:54:00,2025-06-05 20:56:00,3.033333333333333,False
燃煤,林口電廠,#1,K5,51933,2025-06-07 09:36:00,2025-06-07 11:19:00,1.7166666666666666,False
燃煤,林口電廠,#2,K5,57473,2025-06-08 08:30:00,2025-06-08 10:00:00,1.5,False
燃煤,林口電廠,#3,K5,57450,2025-06-08 10:10:00,2025-06-08 11:37:00,1.45,False
燃煤,林口電廠,#1,K5,51200,2025-06-14 07:48:00,2025-06-14 09:25:00,1.6166666666666667,False
燃煤,林口電廠,#1,K5,6730,2025-06-15 00:00:00,2025-06-15 10:10:00,10.166666666666666,False
燃煤,林口電廠,#3,K5,50650,2025-06-15 08:30:00,2025-06-15 09:22:00,0.8666666666666667,False
燃煤,林口電廠,#2,K5,60684,2025-06-15 09:48:00,2025-06-15 11:16:00,1.4666666666666666,False
燃煤,林口電廠,#2,K5,45584,2025-06-22 08:30:00,2025-06-22 10:00:00,1.5,False
燃煤,林口電廠,#3,K5,87350,2025-06-22 10:10:00,2025-06-22 11:45:00,1.5833333333333333,False
燃煤,林口電廠,#1,K5,44325,2025-06-28 09:35:00,2025-06-28 11:40:00,2.0833333333333335,False
燃煤,林口電廠,#2,K5,69703,2025-06-29 07:53:00,2025-06-29 09:21:00,1.4666666666666666,False
燃煤,林口電廠,#3,K5,60700,2025-06-29 09:21:00,2025-06-29 10:57:00,1.6,False
燃氣,大潭電廠,潭複GT1-1,K6,153500,2025-06-28 08:00:00,2025-06-28 16:59:00,8.983333333333333,False
燃氣,大潭電廠,潭複GT1-2,K6,153500,2025-06-01 00:00:00,2025-06-03 18:00:00,66.0,False
燃氣,大潭電廠,潭複GT1-2,K6,153500,2025-06-28 08:00:00,2025-06-28 16:59:00,8.983333333333333,False
燃氣,大潭電廠,潭複GT1-3,K6,153500,2025-06-28 08:00:00,2025-06-28 16:59:00,8.983333333333333,False
燃氣,大潭電廠,潭複GT8-1,K7,366395,2025-06-03 04:06:00,2025-06-05 19:40:00,63.56666666666667,True
燃氣,大潭電廠,潭複GT8-1,K5,183198,2025-06-08 00:00:00,2025-06-14 04:59:00,148.98333333333332,False
燃氣,大潭電廠,潭複GT8-1,K6,366395,2025-06-14 04:59:00,2025-06-14 09:24:00,4.416666666666667,False
燃氣,大潭電廠,潭複GT8-1,K7,366395,2025-06-14 12:02:00,2025-06-14 14:02:00,2.0,True
燃氣,大潭電廠,潭複GT8-1,K5,183198,2025-06-14 09:24:00,2025-06-14 12:02:00,2.6333333333333333,False
燃氣,大潭電廠,潭複GT8-1,K5,183198,2025-06-14 14:02:00,2025-06-30 23:59:00,393.95,False
燃氣,大潭電廠,潭複GT8-2,K7,366395,2025-06-03 04:45:00,2025-06-03 15:33:00,10.8,True
燃氣,大潭電廠,潭複GT8-2,K7,366395,2025-06-14 12:02:00,2025-06-15 18:57:00,30.916666666666668,True
燃氣,大潭電廠,潭複ST1,K7,282200,2025-06-01 00:00:00,2025-06-30 23:59:00,719.9833333333333,True
燃氣,大潭電廠,潭複ST8,K7,390839,2025-06-03 04:44:00,2025-06-03 16:03:00,11.316666666666666,True
燃氣,大潭電廠,潭複ST8,K7,390839,2025-06-14 12:02:00,2025-06-14 14:28:00,2.433333333333333,True
燃氣,通霄電廠,通複GT2-1,K6,290100,2025-06-01 00:00:00,2025-06-25 09:06:00,585.1,False
燃氣,通霄電廠,通複GT2-1,K21,290100,2025-06-25 09:06:00,2025-06-30 23:59:00,134.88333333333333,False
燃氣,通霄電廠,通複GT2-2,K6,290100,2025-06-01 00:00:00,2025-06-24 10:00:00,562.0,False
燃氣,通霄電廠,通複GT2-2,K21,290100,2025-06-24 08:00:00,2025-06-30 12:00:00,148.0,False
燃氣,通霄電廠,通複ST2,K3,312400,2025-06-01 00:00:00,2025-06-24 17:59:00,569.9833333333333,False
燃氣,通霄電廠,通複GT3-1,KK,68100,2025-06-05 09:34:00,2025-06-05 18:40:00,9.1,False
燃氣,通霄電廠,通複GT3-1,K5,3100,2025-06-24 08:00:00,2025-06-25 21:00:00,37.0,False
燃氣,通霄電廠,通複GT3-2,K5,7100,2025-06-24 08:00:00,2025-06-25 21:00:00,37.0,False
燃氣,通霄電廠,通複GT6-1,K5,6000,2025-06-01 00:00:00,2025-06-30 23:59:00,719.9833333333333,False
燃氣,通霄電廠,通複GT6-1,K2,106000,2025-06-04 05:43:00,2025-06-04 17:19:00,11.6,False
燃氣,通霄電廠,通複GT6-1,KK,36000,2025-06-09 09:15:00,2025-06-10 08:55:00,23.666666666666668,False
燃氣,通霄電廠,通複GT6-2,K5,1000,2025-06-01 00:00:00,2025-06-30 23:59:00,719.9833333333333,False
燃氣,通霄電廠,通複GT6-2,K2,106000,2025-06-04 05:20:00,2025-06-04 14:10:00,8.833333333333334,False
燃氣,通霄電廠,通複GT6-2,K6,106000,2025-06-04 16:35:00,2025-06-10 13:57:00,141.36666666666667,False
燃氣,通霄電廠,通複GT6-2,KK,36000,2025-06-16 09:15:00,2025-06-18 13:27:00,52.2,False
燃氣,通霄電廠,通複ST6,K2,109200,2025-06-04 05:23:00,2025-06-04 18:20:00,12.95,False
燃氣,通霄電廠,通霄GT9-3,K6,30142,2025-06-01 00:00:00,2025-06-03 18:39:00,66.65,False
燃氣,通霄電廠,通霄GT9-5,K6,30142,2025-06-04 07:00:00,2025-06-07 19:00:00,84.0,False
燃氣,通霄電廠,通霄GT9-6,K6,30142,2025-06-24 07:15:00,2025-06-30 23:59:00,160.73333333333332,False
燃煤,台中電廠,#1,K5,150000,2025-06-01 00:00:00,2025-06-02 06:21:00,30.35,False
燃煤,台中電廠,#1,K5,170000,2025-06-02 06:21:00,2025-06-02 06:52:00,0.5166666666666667,False
燃煤,台中電廠,#1,K5,200000,2025-06-02 06:52:00,2025-06-09 06:33:00,167.68333333333334,False
燃煤,台中電廠,#1,K5,190000,2025-06-09 06:33:00,2025-06-09 06:57:00,0.4,False
燃煤,台中電廠,#1,K5,120000,2025-06-09 06:57:00,2025-06-09 14:56:00,7.983333333333333,False
燃煤,台中電廠,#1,K5,11000,2025-06-09 14:56:00,2025-06-09 22:00:00,7.066666666666666,False
燃煤,台中電廠,#1,K5,100000,2025-06-09 22:00:00,2025-06-10 09:11:00,11.183333333333334,False
燃煤,台中電廠,#1,KK,47000,2025-06-10 09:11:00,2025-06-10 18:00:00,8.816666666666666,False
燃煤,台中電廠,#1,K5,100000,2025-06-10 18:00:00,2025-06-12 09:30:00,39.5,False
燃煤,台中電廠,#1,K5,15000,2025-06-12 09:30:00,2025-06-13 00:00:00,14.5,False
燃煤,台中電廠,#1,K5,100000,2025-06-13 00:00:00,2025-06-16 06:28:00,78.46666666666667,False
燃煤,台中電廠,#1,K5,200000,2025-06-16 06:28:00,2025-06-16 06:47:00,0.31666666666666665,False
燃煤,台中電廠,#1,K5,10000,2025-06-16 06:47:00,2025-06-17 00:00:00,17.216666666666665,False
燃煤,台中電廠,#1,K5,150000,2025-06-17 00:00:00,2025-06-25 13:30:00,205.5,False
燃煤,台中電廠,#1,KK,50000,2025-06-25 13:30:00,2025-06-25 20:10:00,6.666666666666667,False
燃煤,台中電廠,#1,K5,150000,2025-06-25 20:10:00,2025-06-26 13:30:00,17.333333333333332,False
燃煤,台中電廠,#1,KK,10000,2025-06-26 13:30:00,2025-06-26 18:40:00,5.166666666666667,False
燃煤,台中電廠,#1,K5,200000,2025-06-26 18:40:00,2025-06-27 15:00:00,20.333333333333332,False
燃煤,台中電廠,#1,KK,100000,2025-06-27 15:00:00,2025-06-27 20:24:00,5.4,False
燃煤,台中電廠,#1,K5,250000,2025-06-27 20:24:00,2025-06-30 06:10:00,57.766666666666666,False
燃煤,台中電廠,#1,K5,230000,2025-06-30 06:10:00,2025-06-30 06:35:00,0.4166666666666667,False
燃煤,台中電廠,#1,K5,110000,2025-06-30 06:35:00,2025-06-30 13:00:00,6.416666666666667,False
燃煤,台中電廠,#1,KK,10000,2025-06-30 13:00:00,2025-06-30 19:15:00,6.25,False
燃煤,台中電廠,#1,K5,10000,2025-06-30 19:15:00,2025-06-30 23:59:00,4.733333333333333,False
燃煤,台中電廠,#2,K5,150000,2025-06-01 00:00:00,2025-06-02 05:57:00,29.95,False
燃煤,台中電廠,#2,K5,100000,2025-06-02 05:57:00,2025-06-09 06:11:00,168.23333333333332,False
燃煤,台中電廠,#2,K5,170000,2025-06-09 06:11:00,2025-06-09 06:33:00,0.36666666666666664,False
燃煤,台中電廠,#2,K5,100000,2025-06-09 06:33:00,2025-06-16 05:54:00,167.35,False
燃煤,台中電廠,#2,K5,195000,2025-06-16 05:54:00,2025-06-16 06:28:00,0.5666666666666667,False
燃煤,台中電廠,#2,K5,90000,2025-06-16 06:28:00,2025-06-30 06:36:00,336.1333333333333,False
燃煤,台中電廠,#2,K5,230000,2025-06-30 06:36:00,2025-06-30 07:06:00,0.5,False
燃煤,台中電廠,#2,K5,90000,2025-06-30 07:06:00,2025-06-30 23:59:00,16.883333333333333,False
燃煤,台中電廠,#3,K22,550000,2025-06-01 00:00:00,2025-06-01 13:27:00,13.45,True
燃煤,台中電廠,#3,K5,100000,2025-06-01 13:27:00,2025-06-03 06:42:00,41.25,False
燃煤,台中電廠,#3,K5,90000,2025-06-03 06:42:00,2025-06-07 20:16:00,109.56666666666666,False
燃煤,台中電廠,#3,K5,10000,2025-06-07 20:16:00,2025-06-07 21:38:00,1.3666666666666667,False
燃煤,台中電廠,#3,K5,110000,2025-06-07 21:38:00,2025-06-10 06:00:00,56.36666666666667,False
燃煤,台中電廠,#3,K5,95000,2025-06-10 06:00:00,2025-06-10 06:24:00,0.4,False
燃煤,台中電廠,#3,K5,73000,2025-06-10 06:24:00,2025-06-13 00:00:00,65.6,False
燃煤,台中電廠,#3,K5,50000,2025-06-14 00:00:00,2025-06-24 06:25:00,246.41666666666666,False
燃煤,台中電廠,#3,K5,32000,2025-06-24 06:25:00,2025-06-24 06:51:00,0.43333333333333335,False
燃煤,台中電廠,#3,K5,100000,2025-06-24 06:51:00,2025-06-27 08:00:00,73.15,False
燃煤,台中電廠,#3,KK,45000,2025-06-27 08:00:00,2025-06-27 11:33:00,3.55,False
燃煤,台中電廠,#3,K5,100000,2025-06-27 11:33:00,2025-06-27 16:00:00,4.45,False
燃煤,台中電廠,#3,K5,250000,2025-06-27 16:00:00,2025-06-30 23:59:00,79.98333333333333,False
燃煤,台中電廠,#4,K5,100000,2025-06-01 00:00:00,2025-06-03 06:23:00,54.38333333333333,False
燃煤,台中電廠,#4,K5,130000,2025-06-03 06:23:00,2025-06-10 06:24:00,168.01666666666668,False
燃煤,台中電廠,#4,K5,100000,2025-06-10 06:24:00,2025-06-10 06:44:00,0.3333333333333333,False
燃煤,台中電廠,#4,K5,80000,2025-06-10 06:44:00,2025-06-11 13:30:00,30.766666666666666,False
燃煤,台中電廠,#4,KK,7000,2025-06-11 13:30:00,2025-06-11 19:00:00,5.5,False
燃煤,台中電廠,#4,K5,100000,2025-06-11 19:00:00,2025-06-12 14:00:00,19.0,False
燃煤,台中電廠,#4,KK,7000,2025-06-12 14:00:00,2025-06-12 19:15:00,5.25,False
燃煤,台中電廠,#4,K5,5000,2025-06-12 19:15:00,2025-06-13 00:00:00,4.75,False
燃煤,台中電廠,#4,K5,250000,2025-06-14 00:00:00,2025-06-16 00:00:00,48.0,False
燃煤,台中電廠,#4,K5,100000,2025-06-16 00:00:00,2025-06-24 05:41:00,197.68333333333334,False
燃煤,台中電廠,#4,K5,50000,2025-06-24 05:41:00,2025-06-24 06:25:00,0.7333333333333333,False
燃煤,台中電廠,#4,K5,100000,2025-06-24 06:25:00,2025-06-30 23:59:00,161.56666666666666,False
燃煤,台中電廠,#5,K5,250000,2025-06-01 00:00:00,2025-06-04 06:33:00,78.55,False
燃煤,台中電廠,#5,K5,180000,2025-06-04 06:33:00,2025-06-06 13:40:00,55.11666666666667,False
燃煤,台中電廠,#5,KK,3000,2025-06-06 13:40:00,2025-06-06 21:52:00,8.2,False
燃煤,台中電廠,#5,K5,250000,2025-06-06 21:52:00,2025-06-11 06:02:00,104.16666666666667,False
燃煤,台中電廠,#5,K5,50000,2025-06-11 06:02:00,2025-06-11 06:18:00,0.26666666666666666,False
燃煤,台中電廠,#5,K5,150000,2025-06-11 06:18:00,2025-06-24 12:00:00,317.7,False
燃煤,台中電廠,#5,KK,3000,2025-06-24 12:00:00,2025-06-24 19:53:00,7.883333333333334,False
燃煤,台中電廠,#5,K5,2000,2025-06-24 19:53:00,2025-06-25 06:30:00,10.616666666666667,False
燃煤,台中電廠,#5,K5,60000,2025-06-25 06:30:00,2025-06-25 06:46:00,0.26666666666666666,False
燃煤,台中電廠,#5,K5,100000,2025-06-25 06:46:00,2025-06-25 14:00:00,7.233333333333333,False
燃煤,台中電廠,#5,KK,10000,2025-06-25 14:00:00,2025-06-25 19:40:00,5.666666666666667,False
燃煤,台中電廠,#5,K5,150000,2025-06-25 19:40:00,2025-06-26 13:30:00,17.833333333333332,False
燃煤,台中電廠,#5,KK,3000,2025-06-26 13:30:00,2025-06-26 18:15:00,4.75,False
燃煤,台中電廠,#5,K5,300000,2025-06-26 18:15:00,2025-06-30 23:59:00,101.73333333333333,False
燃煤,台中電廠,#6,K5,250000,2025-06-01 00:00:00,2025-06-04 06:00:00,78.0,False
燃煤,台中電廠,#6,K5,300000,2025-06-04 06:00:00,2025-06-04 06:16:00,0.26666666666666666,False
燃煤,台中電廠,#6,K5,250000,2025-06-04 06:16:00,2025-06-11 06:18:00,168.03333333333333,False
燃煤,台中電廠,#6,K5,50000,2025-06-11 06:18:00,2025-06-11 06:34:00,0.26666666666666666,False
燃煤,台中電廠,#6,K5,300000,2025-06-11 06:34:00,2025-06-18 06:03:00,167.48333333333332,False
燃煤,台中電廠,#6,K5,150000,2025-06-18 06:03:00,2025-06-24 00:00:00,137.95,False
燃煤,台中電廠,#6,K5,50000,2025-06-25 00:00:00,2025-06-25 05:57:00,5.95,False
燃煤,台中電廠,#6,K5,60000,2025-06-25 05:57:00,2025-06-25 06:30:00,0.55,False
燃煤,台中電廠,#6,K5,150000,2025-06-25 06:30:00,2025-06-30 23:59:00,137.48333333333332,False
燃煤,台中電廠,#7,K5,200000,2025-06-01 00:00:00,2025-06-05 06:05:00,102.08333333333333,False
燃煤,台中電廠,#7,K5,100000,2025-06-05 06:05:00,2025-06-05 06:28:00,0.38333333333333336,False
燃煤,台中電廠,#7,K5,230000,2025-06-05 06:28:00,2025-06-11 21:53:00,159.41666666666666,False
燃煤,台中電廠,#7,K5,30000,2025-06-11 21:53:00,2025-06-12 00:00:00,2.1166666666666667,False
燃煤,台中電廠,#7,K5,50000,2025-06-12 00:00:00,2025-06-12 06:07:00,6.116666666666666,False
燃煤,台中電廠,#7,K5,100000,2025-06-12 06:07:00,2025-06-12 06:24:00,0.2833333333333333,False
燃煤,台中電廠,#7,K5,200000,2025-06-12 06:24:00,2025-06-19 06:19:00,167.91666666666666,False
燃煤,台中電廠,#7,K5,50000,2025-06-19 06:19:00,2025-06-19 06:35:00,0.26666666666666666,False
燃煤,台中電廠,#7,K5,150000,2025-06-19 06:35:00,2025-06-26 06:00:00,167.41666666666666,False
燃煤,台中電廠,#7,K5,120000,2025-06-26 06:00:00,2025-06-26 06:18:00,0.3,False
燃煤,台中電廠,#7,K5,250000,2025-06-26 06:18:00,2025-06-30 23:59:00,113.68333333333334,False
燃煤,台中電廠,#8,K5,200000,2025-06-01 00:00:00,2025-06-05 05:46:00,101.76666666666667,False
燃煤,台中電廠,#8,K5,100000,2025-06-05 05:46:00,2025-06-05 06:05:00,0.31666666666666665,False
燃煤,台中電廠,#8,K5,250000,2025-06-05 06:05:00,2025-06-12 06:24:00,168.31666666666666,False
燃煤,台中電廠,#8,K5,100000,2025-06-12 06:24:00,2025-06-12 06:38:00,0.23333333333333334,False
燃煤,台中電廠,#8,K5,150000,2025-06-12 06:38:00,2025-06-19 06:01:00,167.38333333333333,False
燃煤,台中電廠,#8,K5,50000,2025-06-19 06:01:00,2025-06-19 06:18:00,0.2833333333333333,False
燃煤,台中電廠,#8,K5,150000,2025-06-19 06:18:00,2025-06-26 06:18:00,168.0,False
燃煤,台中電廠,#8,K5,120000,2025-06-26 06:18:00,2025-06-26 06:30:00,0.2,False
燃煤,台中電廠,#8,K5,250000,2025-06-26 06:30:00,2025-06-30 23:59:00,113.48333333333333,False
燃煤,台中電廠,#9,K5,250000,2025-06-01 00:00:00,2025-06-02 11:48:00,35.8,False
燃煤,台中電廠,#9,K5,100000,2025-06-02 11:48:00,2025-06-03 00:00:00,12.2,False
燃煤,台中電廠,#9,K5,90000,2025-06-03 00:00:00,2025-06-03 13:30:00,13.5,False
燃煤,台中電廠,#9,KK,30000,2025-06-03 13:30:00,2025-06-03 20:00:00,6.5,False
燃煤,台中電廠,#9,K5,90000,2025-06-03 20:00:00,2025-06-04 14:00:00,18.0,False
燃煤,台中電廠,#9,KK,40000,2025-06-04 14:00:00,2025-06-04 18:33:00,4.55,False
燃煤,台中電廠,#9,K5,90000,2025-06-04 18:33:00,2025-06-05 14:00:00,19.45,False
燃煤,台中電廠,#9,KK,100000,2025-06-05 14:00:00,2025-06-05 17:50:00,3.8333333333333335,False
燃煤,台中電廠,#9,K5,30000,2025-06-05 17:50:00,2025-06-06 06:00:00,12.166666666666666,False
燃煤,台中電廠,#9,K5,90000,2025-06-06 06:00:00,2025-06-12 09:00:00,147.0,False
燃煤,台中電廠,#9,K5,50000,2025-06-12 09:00:00,2025-06-12 15:05:00,6.083333333333333,False
燃煤,台中電廠,#9,K5,30000,2025-06-12 15:05:00,2025-06-13 00:00:00,8.916666666666666,False
燃煤,台中電廠,#9,K5,90000,2025-06-13 00:00:00,2025-06-13 06:30:00,6.5,False
燃煤,台中電廠,#9,K5,30000,2025-06-13 06:30:00,2025-06-13 11:35:00,5.083333333333333,False
燃煤,台中電廠,#9,K5,400000,2025-06-13 11:35:00,2025-06-13 20:14:00,8.65,False
燃煤,台中電廠,#9,K7,550000,2025-06-13 20:14:00,2025-06-16 16:30:00,68.26666666666667,True
燃煤,台中電廠,#9,K5,70000,2025-06-17 00:00:00,2025-06-18 14:00:00,38.0,False
燃煤,台中電廠,#9,KK,30000,2025-06-18 14:00:00,2025-06-18 22:00:00,8.0,False
燃煤,台中電廠,#9,K5,90000,2025-06-18 22:00:00,2025-06-19 13:00:00,15.0,False
燃煤,台中電廠,#9,KK,30000,2025-06-19 13:00:00,2025-06-19 22:50:00,9.833333333333334,False
燃煤,台中電廠,#9,K5,30000,2025-06-19 22:50:00,2025-06-20 06:00:00,7.166666666666667,False
燃煤,台中電廠,#9,K5,90000,2025-06-20 06:00:00,2025-06-20 14:00:00,8.0,False
燃煤,台中電廠,#9,KK,30000,2025-06-20 14:00:00,2025-06-20 18:40:00,4.666666666666667,False
燃煤,台中電廠,#9,K5,30000,2025-06-20 18:40:00,2025-06-21 08:00:00,13.333333333333334,False
燃煤,台中電廠,#9,KK,100000,2025-06-21 08:00:00,2025-06-21 15:55:00,7.916666666666667,False
燃煤,台中電廠,#9,K5,20000,2025-06-21 15:55:00,2025-06-23 09:00:00,41.083333333333336,False
燃煤,台中電廠,#9,KK,90000,2025-06-23 09:00:00,2025-06-23 21:10:00,12.166666666666666,False
燃煤,台中電廠,#9,K5,20000,2025-06-23 21:10:00,2025-06-24 14:00:00,16.833333333333332,False
燃煤,台中電廠,#9,KK,20000,2025-06-24 14:00:00,2025-06-24 19:55:00,5.916666666666667,False
燃煤,台中電廠,#9,K5,20000,2025-06-24 19:55:00,2025-06-25 11:00:00,15.083333333333334,False
燃煤,台中電廠,#9,KK,50000,2025-06-25 11:00:00,2025-06-25 19:10:00,8.166666666666666,False
燃煤,台中電廠,#9,K5,10000,2025-06-25 19:10:00,2025-06-27 06:00:00,34.833333333333336,False
燃煤,台中電廠,#9,K5,100000,2025-06-27 06:00:00,2025-06-27 13:00:00,7.0,False
燃煤,台中電廠,#9,KK,50000,2025-06-27 13:00:00,2025-06-27 22:00:00,9.0,False
燃煤,台中電廠,#9,K5,100000,2025-06-27 22:00:00,2025-06-30 00:00:00,50.0,False
燃煤,台中電廠,#9,K5,90000,2025-06-30 00:00:00,2025-06-30 23:59:00,23.983333333333334,False
燃煤,台中電廠,#10,K10,550000,2025-06-01 00:00:00,2025-06-30 23:59:00,719.9833333333333,False
燃煤,興達電廠,#3,K2,550000,2025-06-01 00:00:00,2025-06-30 23:59:00,719.9833333333333,False
燃煤,興達電廠,#4,K2,550000,2025-06-01 00:00:00,2025-06-30 23:59:00,719.9833333333333,False
燃氣,興達電廠,興複GT2-1,K10,90830,2025-06-01 00:00:00,2025-06-21 15:00:00,495.0,False
燃氣,興達電廠,興複GT2-2,K10,90830,2025-06-01 00:00:00,2025-06-26 16:00:00,616.0,False
燃氣,興達電廠,興複GT2-3,K10,90830,2025-06-01 00:00:00,2025-06-26 16:00:00,616.0,False
燃氣,興達電廠,興複ST2,K10,172700,2025-06-01 00:00:00,2025-06-20 00:00:00,456.0,False
燃氣,興達電廠,興複GT5-3,K6,90830,2025-06-01 00:00:00,2025-06-07 16:00:00,160.0,False
燃氣,興達電廠,興複GT5-2,K6,90830,2025-06-07 00:04:00,2025-06-07 15:48:00,15.733333333333333,False
燃氣,興達電廠,興複GT5-3,K7,90830,2025-06-07 16:00:00,2025-06-30 23:59:00,559.9833333333333,True
燃氣,興達電廠,興複GT1-2,K6,90830,2025-06-09 07:51:00,2025-06-09 10:52:00,3.0166666666666666,False
燃氣,興達電廠,興複ST1,K6,172700,2025-06-11 09:47:00,2025-06-11 13:45:00,3.966666666666667,False
燃氣,興達電廠,興複GT1-1,K5,90830,2025-06-17 17:00:00,2025-06-19 00:00:00,31.0,False
燃氣,興達電廠,興複GT1-2,K5,90830,2025-06-17 17:00:00,2025-06-19 00:00:00,31.0,False
燃氣,興達電廠,興複GT1-3,K5,90830,2025-06-17 17:00:00,2025-06-19 00:00:00,31.0,False
燃氣,興達電廠,興複ST1,K5,150000,2025-06-17 17:00:00,2025-06-19 00:00:00,31.0,False
燃氣,興達電廠,興新複GT1-1,K8,417137,2025-06-01 00:00:00,2025-06-01 13:05:00,13.083333333333334,False
燃氣,興達電廠,興新複GT1-1,K4,417137,2025-06-03 15:13:00,2025-06-03 17:40:00,2.45,True
燃氣,興達電廠,興新複GT1-1,K8,417137,2025-06-16 22:51:00,2025-06-18 03:26:00,28.583333333333332,False
燃氣,興達電廠,興新複GT1-1,K8,417137,2025-06-21 01:29:00,2025-06-24 15:17:00,85.8,False
燃氣,興達電廠,興新複GT1-1,K8,417137,2025-06-29 06:35:00,2025-06-29 13:14:00,6.65,False
燃氣,興達電廠,興新複GT1-2,K8,417137,2025-06-01 00:00:00,2025-06-01 14:22:00,14.366666666666667,False
燃氣,興達電廠,興新複GT1-2,K4,417137,2025-06-03 15:13:00,2025-06-03 22:37:00,7.4,True
燃氣,興達電廠,興新複GT1-2,K8,417137,2025-06-16 22:51:00,2025-06-17 10:45:00,11.9,False
燃氣,興達電廠,興新複GT1-2,K8,417137,2025-06-20 21:47:00,2025-06-24 17:31:00,91.73333333333333,False
燃氣,興達電廠,興新複GT1-2,K8,417137,2025-06-24 20:26:00,2025-06-24 21:15:00,0.8166666666666667,False
燃氣,興達電廠,興新複GT1-2,K8,417137,2025-06-30 03:59:00,2025-06-30 13:16:00,9.283333333333333,False
燃氣,興達電廠,興新複ST1,K8,393000,2025-06-01 00:00:00,2025-06-01 14:52:00,14.866666666666667,False
燃氣,興達電廠,興新複ST1,K4,393000,2025-06-03 15:12:00,2025-06-03 19:09:00,3.95,True
燃氣,興達電廠,興新複ST1,K8,393000,2025-06-16 22:51:00,2025-06-17 05:05:00,6.233333333333333,False
燃氣,興達電廠,興新複ST1,K8,393000,2025-06-20 21:02:00,2025-06-24 17:02:00,92.0,False
燃氣,興達電廠,興新複ST1,K8,393000,2025-06-29 06:04:00,2025-06-29 10:44:00,4.666666666666667,False
燃氣,南部電廠,南複GT1-2,K6,86500,2025-06-23 07:44:00,2025-06-23 10:59:00,3.25,False
燃氣,南部電廠,南複ST2,K6,100000,2025-06-25 09:13:00,2025-06-25 10:16:00,1.05,False
燃煤,大林電廠,#1,K5,100000,2025-06-01 08:24:00,2025-06-01 09:06:00,0.7,False
燃煤,大林電廠,#1,K5,560000,2025-06-01 22:00:00,2025-06-02 13:17:00,15.283333333333333,False
燃煤,大林電廠,#1,K5,560000,2025-06-02 15:16:00,2025-06-03 10:52:00,19.6,False
燃煤,大林電廠,#1,K5,40000,2025-06-03 10:52:00,2025-06-05 10:30:00,47.63333333333333,False
燃煤,大林電廠,#1,K5,10000,2025-06-10 16:26:00,2025-06-10 23:59:00,7.55,False
燃煤,大林電廠,#1,K6,800000,2025-06-12 23:11:00,2025-06-15 13:58:00,62.78333333333333,False
燃煤,大林電廠,#1,K6,800000,2025-06-28 00:12:00,2025-06-28 05:51:00,5.65,False
燃煤,大林電廠,#2,K5,560000,2025-06-16 06:34:00,2025-06-17 00:47:00,18.216666666666665,False
燃煤,大林電廠,#2,K5,240000,2025-06-22 08:00:00,2025-06-22 10:24:00,2.4,False
燃煤,大林電廠,#2,K5,100000,2025-06-24 01:08:00,2025-06-24 02:00:00,0.8666666666666667,False
燃氣,大林電廠,#6,K5,150000,2025-06-07 06:00:00,2025-06-07 23:08:00,17.133333333333333,False
燃氣,大林電廠,#6,K5,320000,2025-06-12 08:53:00,2025-06-13 07:13:00,22.333333333333332,False
燃油,尖山電廠,#3,K6,10443,2025-06-23 08:30:00,2025-06-30 23:59:00,183.48333333333332,False
燃油,尖山電廠,#9,K6,11000,2025-06-03 09:21:00,2025-06-03 14:30:00,5.15,False
燃油,尖山電廠,#10,K6,11000,2025-06-04 08:30:00,2025-06-04 14:30:00,6.0,False
燃油,尖山電廠,#11,K6,11000,2025-06-05 09:00:00,2025-06-05 15:00:00,6.0,False
燃油,尖山電廠,#12,K6,11000,2025-06-10 08:04:00,2025-06-10 11:35:00,3.5166666666666666,False
燃油,塔山電廠,塔山#2,K10,7900,2025-06-01 00:00:00,2025-06-24 16:53:00,568.8833333333333,False
燃油,塔山電廠,塔山#6,K6,8250,2025-06-01 00:00:00,2025-06-28 14:42:00,662.7,False
燃油,塔山電廠,塔山#10,K6,11150,2025-06-30 00:00:00,2025-06-30 23:59:00,23.983333333333334,False
燃油,塔山電廠,麒麟#9,K6,1000,2025-06-01 00:00:00,2025-06-02 12:53:00,36.88333333333333,False
燃油,協和電廠,南竿#13,K6,1500,2025-06-01 00:00:00,2025-06-10 10:20:00,226.33333333333334,False
燃油,協和電廠,南竿#13,K6,1500,2025-06-25 08:00:00,2025-06-30 23:59:00,135.98333333333332,False
燃油,協和電廠,南竿#11,K16,2500,2025-06-21 13:45:00,2025-06-22 14:45:00,25.0,False
燃油,協和電廠,南竿#10,K16,1500,2025-06-21 13:25:00,2025-06-21 15:31:00,2.1,False
燃油,協和電廠,南竿#13,K16,1500,2025-06-21 13:41:00,2025-06-21 14:05:00,0.4,False
燃油,協和電廠,南竿#12,K6,2500,2025-06-01 00:00:00,2025-06-30 23:59:00,719.9833333333333,False
抽蓄水力,明潭電廠,明潭#5,K6,267000,2025-06-06 09:25:00,2025-06-06 11:51:00,2.433333333333333,False
抽蓄水力,明潭電廠,明潭#5,K6,267000,2025-06-13 09:00:00,2025-06-13 14:58:00,5.966666666666667,False
抽蓄水力,大觀電廠,大觀(二)#3,K6,250000,2025-06-26 06:00:00,2025-06-30 23:59:00,113.98333333333333,False
燃油,琉球電廠,#4,KK,1500,2025-06-01 00:00:00,2025-06-30 23:59:00,719.9833333333333,False
燃油,綠島電廠,#6,K10,1000,2025-06-01 00:00:00,2025-06-30 23:59:00,719.9833333333333,False
燃油,莒光電廠,#3,K7,1500,2025-06-01 00:00:00,2025-06-30 23:59:00,719.9833333333333,True
燃油,莒光電廠,#4,K7,1500,2025-06-01 00:00:00,2025-06-30 23:59:00,719.9833333333333,True
燃油,七美電廠,#2,K10,1000,2025-06-11 00:00:00,2025-06-30 23:59:00,479.98333333333335,False
燃油,望安電廠,#1,K10,1000,2025-06-24 00:00:00,2025-06-30 23:59:00,167.98333333333332,False
燃油,協和電廠,#3,K5,360000,2025-07-01 00:00:00,2025-07-25 11:42:00,587.7,False
燃油,協和電廠,#3,K2,500000,2025-07-25 11:42:00,2025-07-27 12:00:00,48.3,False
燃油,協和電廠,#3,K3,500000,2025-07-27 12:00:00,2025-07-31 23:59:00,107.98333333333333,False
燃油,協和電廠,#4,K5,360000,2025-07-01 00:00:00,2025-07-18 17:56:00,425.93333333333334,False
燃油,協和電廠,#4,K3,500000,2025-07-18 17:56:00,2025-07-25 09:00:00,159.06666666666666,False
燃油,協和電廠,#4,K5,360000,2025-07-25 09:00:00,2025-07-31 23:59:00,158.98333333333332,False
燃煤,林口電廠,#2,K5,80702,2025-07-06 08:00:00,2025-07-06 09:42:00,1.7,False
燃煤,林口電廠,#3,K5,72200,2025-07-06 10:05:00,2025-07-06 11:45:00,1.6666666666666667,False
燃煤,林口電廠,#2,K22,800000,2025-07-10 13:29:00,2025-07-18 06:18:00,184.81666666666666,True
燃煤,林口電廠,#1,K5,54633,2025-07-12 08:26:00,2025-07-12 10:09:00,1.7166666666666666,False
燃煤,林口電廠,#3,K5,63650,2025-07-13 09:00:00,2025-07-13 10:33:00,1.55,False
燃煤,林口電廠,#1,K5,61250,2025-07-19 08:28:00,2025-07-19 10:13:00,1.75,False
燃煤,林口電廠,#3,K5,71150,2025-07-20 08:59:00,2025-07-20 10:41:00,1.7,False
燃煤,林口電廠,#2,K5,30732,2025-07-27 08:31:00,2025-07-27 09:24:00,0.8833333333333333,False
燃煤,林口電廠,#3,K5,54950,2025-07-27 09:24:00,2025-07-27 10:28:00,1.0666666666666667,False
燃氣,大潭電廠,潭複GT1-1,K6,153500,2025-07-14 08:30:00,2025-07-14 19:56:00,11.433333333333334,False
燃氣,大潭電廠,潭複GT1-2,K6,153500,2025-07-14 08:30:00,2025-07-14 19:56:00,11.433333333333334,False
燃氣,大潭電廠,潭複GT1-3,K6,153500,2025-07-14 08:30:00,2025-07-14 19:56:00,11.433333333333334,False
燃氣,大潭電廠,潭複GT2-1,K5,76750,2025-07-10 06:05:00,2025-07-10 16:41:00,10.6,False
燃氣,大潭電廠,潭複GT2-1,K5,76750,2025-07-11 05:40:00,2025-07-11 20:16:00,14.6,False
燃氣,大潭電廠,潭複GT2-1,K6,153500,2025-07-31 07:31:00,2025-07-31 11:50:00,4.316666666666666,False
燃氣,大潭電廠,潭複GT2-2,K5,76750,2025-07-10 06:05:00,2025-07-10 16:41:00,10.6,False
燃氣,大潭電廠,潭複GT2-2,K5,76750,2025-07-11 05:40:00,2025-07-11 20:16:00,14.6,False
燃氣,大潭電廠,潭複GT2-3,K5,76750,2025-07-10 06:05:00,2025-07-10 16:41:00,10.6,False
燃氣,大潭電廠,潭複GT2-3,K5,76750,2025-07-11 05:40:00,2025-07-11 20:16:00,14.6,False
燃氣,大潭電廠,潭複GT3-1,K5,116950,2025-07-04 23:00:00,2025-07-05 17:36:00,18.6,False
燃氣,大潭電廠,潭複GT3-1,K5,116950,2025-07-24 05:30:00,2025-07-24 16:58:00,11.466666666666667,False
燃氣,大潭電廠,潭複GT3-1,K5,116950,2025-07-25 05:01:00,2025-07-25 18:17:00,13.266666666666667,False
燃氣,大潭電廠,潭複GT3-2,K5,116950,2025-07-04 23:00:00,2025-07-05 17:36:00,18.6,False
燃氣,大潭電廠,潭複GT3-2,K5,116950,2025-07-24 05:30:00,2025-07-24 16:58:00,11.466666666666667,False
燃氣,大潭電廠,潭複GT3-2,K5,116950,2025-07-25 05:01:00,2025-07-25 18:17:00,13.266666666666667,False
燃氣,大潭電廠,潭複GT4-1,K5,116950,2025-07-29 05:30:00,2025-07-29 14:30:00,9.0,False
燃氣,大潭電廠,潭複GT4-1,K5,116950,2025-07-30 05:05:00,2025-07-30 18:32:00,13.45,False
燃氣,大潭電廠,潭複GT4-1,K5,116950,2025-07-06 17:29:00,2025-07-06 17:48:00,0.31666666666666665,False
燃氣,大潭電廠,潭複GT4-2,K5,116950,2025-07-29 05:30:00,2025-07-29 14:30:00,9.0,False
燃氣,大潭電廠,潭複GT4-2,K5,116950,2025-07-30 05:05:00,2025-07-30 18:32:00,13.45,False
燃氣,大潭電廠,潭複GT4-2,K5,116950,2025-07-06 17:29:00,2025-07-06 17:48:00,0.31666666666666665,False
燃氣,大潭電廠,潭複GT4-2,K6,233900,2025-07-09 23:39:00,2025-07-10 16:15:00,16.6,False
燃氣,大潭電廠,潭複GT4-2,K6,233900,2025-07-24 00:58:00,2025-07-24 20:47:00,19.816666666666666,False
燃氣,大潭電廠,潭複GT5-1,K6,233900,2025-07-06 00:07:00,2025-07-06 15:34:00,15.45,False
燃氣,大潭電廠,潭複GT5-2,K5,116950,2025-07-21 19:28:00,2025-07-21 21:21:00,1.8833333333333333,False
燃氣,大潭電廠,潭複GT6-1,K5,116950,2025-07-13 08:00:00,2025-07-13 20:01:00,12.016666666666667,False
燃氣,大潭電廠,潭複GT6-1,K5,116950,2025-07-22 03:52:00,2025-07-23 18:59:00,39.11666666666667,False
燃氣,大潭電廠,潭複GT6-1,K5,116950,2025-07-07 11:58:00,2025-07-07 12:29:00,0.5166666666666667,False
燃氣,大潭電廠,潭複GT6-2,K5,116950,2025-07-13 08:00:00,2025-07-13 20:01:00,12.016666666666667,False
燃氣,大潭電廠,潭複GT6-2,K5,116950,2025-07-22 03:52:00,2025-07-23 18:59:00,39.11666666666667,False
燃氣,大潭電廠,潭複GT6-2,K6,233900,2025-07-18 05:10:00,2025-07-18 16:34:00,11.4,False
燃氣,大潭電廠,潭複GT8-1,K5,183198,2025-07-01 00:00:00,2025-07-04 00:00:00,72.0,False
燃氣,大潭電廠,潭複GT8-1,K5,183198,2025-07-04 03:10:00,2025-07-04 09:45:00,6.583333333333333,False
燃氣,大潭電廠,潭複GT8-2,K5,183198,2025-07-03 00:00:00,2025-07-03 06:53:00,6.883333333333334,False
燃氣,大潭電廠,潭複GT8-2,K5,183198,2025-07-04 03:10:00,2025-07-04 09:45:00,6.583333333333333,False
燃氣,大潭電廠,潭複GT9-1,K5,183198,2025-07-03 23:16:00,2025-07-04 02:32:00,3.2666666666666666,False
燃氣,大潭電廠,潭複GT9-1,K5,183198,2025-07-09 10:07:00,2025-07-09 10:52:00,0.75,False
燃氣,大潭電廠,潭複GT9-1,K6,366395,2025-07-18 23:34:00,2025-07-23 10:15:00,106.68333333333334,False
燃氣,大潭電廠,潭複GT9-2,K6,366395,2025-07-03 23:08:00,2025-07-09 09:35:00,130.45,False
燃氣,大潭電廠,潭複ST1,K7,282200,2025-07-01 00:00:00,2025-07-31 23:59:00,743.9833333333333,True
燃氣,大潭電廠,潭複ST2,K5,141100,2025-07-10 06:05:00,2025-07-10 16:41:00,10.6,False
燃氣,大潭電廠,潭複ST2,K5,141100,2025-07-11 05:40:00,2025-07-11 20:16:00,14.6,False
燃氣,大潭電廠,潭複ST3,K5,128450,2025-07-04 23:00:00,2025-07-05 17:36:00,18.6,False
燃氣,大潭電廠,潭複ST3,K5,128450,2025-07-24 05:30:00,2025-07-24 16:58:00,11.466666666666667,False
燃氣,大潭電廠,潭複ST3,K5,128450,2025-07-25 05:01:00,2025-07-25 18:17:00,13.266666666666667,False
燃氣,大潭電廠,潭複ST4,K5,128450,2025-07-29 05:30:00,2025-07-29 14:30:00,9.0,False
燃氣,大潭電廠,潭複ST4,K5,128450,2025-07-30 05:05:00,2025-07-30 18:32:00,13.45,False
燃氣,大潭電廠,潭複ST4,K5,128450,2025-07-06 17:29:00,2025-07-06 17:48:00,0.31666666666666665,False
燃氣,大潭電廠,潭複ST6,K5,128450,2025-07-13 08:00:00,2025-07-13 20:01:00,12.016666666666667,False
燃氣,大潭電廠,潭複ST6,K5,128450,2025-07-22 03:52:00,2025-07-23 18:59:00,39.11666666666667,False
燃氣,大潭電廠,潭複ST8,K5,195420,2025-07-03 00:00:00,2025-07-03 06:53:00,6.883333333333334,False
燃氣,大潭電廠,潭複ST8,K5,195420,2025-07-04 03:10:00,2025-07-04 09:45:00,6.583333333333333,False
燃氣,大潭電廠,潭複ST8,K7,390839,2025-07-05 07:57:00,2025-07-05 16:33:00,8.6,True
燃氣,通霄電廠,通複GT1-2,K6,290100,2025-07-04 21:56:00,2025-07-07 12:32:00,62.6,False
燃氣,通霄電廠,通複GT2-1,K21,290100,2025-07-01 00:00:00,2025-07-01 14:36:00,14.6,False
燃氣,通霄電廠,通複GT2-2,KK,290100,2025-07-17 00:00:00,2025-07-19 15:39:00,63.65,False
燃氣,通霄電廠,通複GT3-1,KK,5100,2025-07-25 09:30:00,2025-07-25 18:00:00,8.5,False
燃氣,通霄電廠,通複GT3-2,KK,8100,2025-07-25 09:30:00,2025-07-25 18:00:00,8.5,False
燃氣,通霄電廠,通複ST3,KK,31400,2025-07-25 09:30:00,2025-07-25 18:00:00,8.5,False
燃氣,通霄電廠,通複GT6-1,K5,6000,2025-07-01 00:00:00,2025-07-15 10:14:00,346.23333333333335,False
燃氣,通霄電廠,通複GT6-1,K6,106000,2025-07-09 00:02:00,2025-07-15 18:22:00,162.33333333333334,False
燃氣,通霄電廠,通複GT6-1,KK,36000,2025-07-16 09:58:00,2025-07-18 13:15:00,51.28333333333333,False
燃氣,通霄電廠,通複GT6-1,K5,11000,2025-07-19 00:00:00,2025-07-31 23:59:00,311.98333333333335,False
燃氣,通霄電廠,通複GT6-1,K4,106000,2025-07-24 22:42:00,2025-07-25 23:14:00,24.533333333333335,True
燃氣,通霄電廠,通複GT6-1,K6,106000,2025-07-24 00:00:00,2025-07-24 20:03:00,20.05,False
燃氣,通霄電廠,通複GT6-2,K5,1000,2025-07-01 00:00:00,2025-07-15 10:14:00,346.23333333333335,False
燃氣,通霄電廠,通複GT6-2,KK,6000,2025-07-01 09:00:00,2025-07-01 19:15:00,10.25,False
燃氣,通霄電廠,通複ST6,KK,9200,2025-07-01 09:00:00,2025-07-01 19:15:00,10.25,False
燃氣,通霄電廠,通霄GT9-1,KK,13142,2025-07-08 09:12:00,2025-07-08 16:34:00,7.366666666666666,False
燃氣,通霄電廠,通霄GT9-2,KK,16142,2025-07-24 09:18:00,2025-07-24 17:27:00,8.15,False
燃氣,通霄電廠,通霄GT9-3,KK,4142,2025-07-18 09:03:00,2025-07-18 12:02:00,2.9833333333333334,False
燃氣,通霄電廠,通霄GT9-6,K6,30142,2025-07-01 00:00:00,2025-07-02 18:12:00,42.2,False
燃氣,通霄電廠,通霄GT9-6,KK,13142,2025-07-04 09:18:00,2025-07-04 17:55:00,8.616666666666667,False
燃氣,通霄電廠,通霄GT9-6,K6,30142,2025-07-24 07:00:00,2025-07-24 15:00:00,8.0,False
燃氣,通霄電廠,通霄GT9-6,K6,30142,2025-07-25 07:00:00,2025-07-25 15:15:00,8.25,False
燃煤,台中電廠,#1,K5,150000,2025-07-01 00:00:00,2025-07-07 06:00:00,150.0,False
燃煤,台中電廠,#1,K5,288000,2025-07-07 06:00:00,2025-07-07 06:30:00,0.5,False
燃煤,台中電廠,#1,K5,150000,2025-07-07 06:30:00,2025-07-10 12:00:00,77.5,False
燃煤,台中電廠,#1,KK,7000,2025-07-10 12:00:00,2025-07-10 21:00:00,9.0,False
燃煤,台中電廠,#1,K5,200000,2025-07-10 21:00:00,2025-07-14 06:00:00,81.0,False
燃煤,台中電廠,#1,K5,120000,2025-07-14 06:00:00,2025-07-14 06:35:00,0.5833333333333334,False
燃煤,台中電廠,#1,K5,150000,2025-07-14 06:35:00,2025-07-15 11:00:00,28.416666666666668,False
燃煤,台中電廠,#1,KK,50000,2025-07-15 11:00:00,2025-07-15 17:50:00,6.833333333333333,False
燃煤,台中電廠,#1,K5,150000,2025-07-15 17:50:00,2025-07-17 00:00:00,30.166666666666668,False
燃煤,台中電廠,#1,K5,150000,2025-07-18 00:00:00,2025-07-18 15:00:00,15.0,False
燃煤,台中電廠,#1,K5,32000,2025-07-18 15:00:00,2025-07-18 21:00:00,6.0,False
燃煤,台中電廠,#1,K5,50000,2025-07-18 21:00:00,2025-07-19 06:13:00,9.216666666666667,False
燃煤,台中電廠,#1,K5,170000,2025-07-19 06:13:00,2025-07-19 09:36:00,3.3833333333333333,False
燃煤,台中電廠,#1,K5,150000,2025-07-19 09:36:00,2025-07-21 06:23:00,44.78333333333333,False
燃煤,台中電廠,#1,K5,300000,2025-07-21 06:23:00,2025-07-21 06:50:00,0.45,False
燃煤,台中電廠,#1,K5,200000,2025-07-21 06:50:00,2025-07-28 06:33:00,167.71666666666667,False
燃煤,台中電廠,#1,K5,150000,2025-07-28 06:33:00,2025-07-28 06:58:00,0.4166666666666667,False
燃煤,台中電廠,#1,K5,200000,2025-07-28 06:58:00,2025-07-31 23:59:00,89.01666666666667,False
燃煤,台中電廠,#2,K5,100000,2025-07-01 00:00:00,2025-07-06 12:47:00,132.78333333333333,False
燃煤,台中電廠,#2,K5,150000,2025-07-06 12:47:00,2025-07-07 00:00:00,11.216666666666667,False
燃煤,台中電廠,#2,K5,296000,2025-07-07 00:00:00,2025-07-07 06:30:00,6.5,False
燃煤,台中電廠,#2,K5,266000,2025-07-07 06:30:00,2025-07-07 07:00:00,0.5,False
燃煤,台中電廠,#2,K5,150000,2025-07-07 07:00:00,2025-07-09 11:36:00,52.6,False
燃煤,台中電廠,#2,K6,525000,2025-07-09 11:36:00,2025-07-11 02:57:00,39.35,False
燃煤,台中電廠,#2,K5,195000,2025-07-12 00:00:00,2025-07-14 06:35:00,54.583333333333336,False
燃煤,台中電廠,#2,K5,72000,2025-07-14 06:35:00,2025-07-14 07:03:00,0.4666666666666667,False
燃煤,台中電廠,#2,K5,150000,2025-07-14 07:03:00,2025-07-17 00:00:00,64.95,False
燃煤,台中電廠,#2,K5,150000,2025-07-18 00:00:00,2025-07-21 05:54:00,77.9,False
燃煤,台中電廠,#2,K5,296000,2025-07-21 05:54:00,2025-07-21 06:22:00,0.4666666666666667,False
燃煤,台中電廠,#2,K5,200000,2025-07-21 06:22:00,2025-07-28 06:07:00,167.75,False
燃煤,台中電廠,#2,K5,150000,2025-07-28 06:07:00,2025-07-28 06:33:00,0.43333333333333335,False
燃煤,台中電廠,#2,K5,200000,2025-07-28 06:33:00,2025-07-31 23:59:00,89.43333333333334,False
燃煤,台中電廠,#3,K5,100000,2025-07-01 00:00:00,2025-07-01 06:00:00,6.0,False
燃煤,台中電廠,#3,K5,96000,2025-07-01 06:00:00,2025-07-01 06:18:00,0.3,False
燃煤,台中電廠,#3,K5,50000,2025-07-01 06:18:00,2025-07-02 13:00:00,30.7,False
燃煤,台中電廠,#3,KK,30000,2025-07-02 13:00:00,2025-07-02 19:16:00,6.266666666666667,False
燃煤,台中電廠,#3,K5,100000,2025-07-02 19:16:00,2025-07-08 06:00:00,130.73333333333332,False
燃煤,台中電廠,#3,K5,245000,2025-07-08 06:00:00,2025-07-08 06:24:00,0.4,False
燃煤,台中電廠,#3,K5,150000,2025-07-08 06:24:00,2025-07-10 09:00:00,50.6,False
燃煤,台中電廠,#3,K5,40000,2025-07-10 09:00:00,2025-07-10 16:00:00,7.0,False
燃煤,台中電廠,#3,K5,195000,2025-07-10 16:00:00,2025-07-15 06:00:00,110.0,False
燃煤,台中電廠,#3,K5,135000,2025-07-15 06:00:00,2025-07-15 06:21:00,0.35,False
燃煤,台中電廠,#3,K5,96000,2025-07-15 06:21:00,2025-07-17 00:00:00,41.65,False
燃煤,台中電廠,#3,K5,145000,2025-07-18 00:00:00,2025-07-22 06:24:00,102.4,False
燃煤,台中電廠,#3,K5,247000,2025-07-22 06:24:00,2025-07-22 06:41:00,0.2833333333333333,False
燃煤,台中電廠,#3,K5,195000,2025-07-22 06:41:00,2025-07-29 06:01:00,167.33333333333334,False
燃煤,台中電廠,#3,K5,200000,2025-07-29 06:01:00,2025-07-29 06:23:00,0.36666666666666664,False
燃煤,台中電廠,#3,K5,250000,2025-07-29 06:23:00,2025-07-30 10:33:00,28.166666666666668,False
燃煤,台中電廠,#3,KK,25000,2025-07-30 10:33:00,2025-07-30 20:20:00,9.783333333333333,False
燃煤,台中電廠,#3,K5,100000,2025-07-30 20:20:00,2025-07-31 13:45:00,17.416666666666668,False
燃煤,台中電廠,#3,KK,72000,2025-07-31 13:45:00,2025-07-31 17:16:00,3.5166666666666666,False
燃煤,台中電廠,#3,K5,39000,2025-07-31 17:16:00,2025-07-31 23:59:00,6.716666666666667,False
燃煤,台中電廠,#4,K5,100000,2025-07-01 00:00:00,2025-07-01 06:39:00,6.65,False
燃煤,台中電廠,#4,K5,70000,2025-07-01 06:39:00,2025-07-03 10:50:00,52.18333333333333,False
燃煤,台中電廠,#4,K5,50000,2025-07-03 18:30:00,2025-07-04 09:40:00,15.166666666666666,False
燃煤,台中電廠,#4,KK,6000,2025-07-04 09:40:00,2025-07-04 15:00:00,5.333333333333333,False
燃煤,台中電廠,#4,K5,40000,2025-07-04 15:00:00,2025-07-08 06:25:00,87.41666666666667,False
燃煤,台中電廠,#4,K5,142000,2025-07-08 06:25:00,2025-07-08 06:47:00,0.36666666666666664,False
燃煤,台中電廠,#4,K5,100000,2025-07-08 06:47:00,2025-07-10 09:00:00,50.21666666666667,False
燃煤,台中電廠,#4,K5,17000,2025-07-10 09:00:00,2025-07-10 16:00:00,7.0,False
燃煤,台中電廠,#4,K5,150000,2025-07-10 16:00:00,2025-07-15 06:21:00,110.35,False
燃煤,台中電廠,#4,K5,126000,2025-07-15 06:21:00,2025-07-15 06:42:00,0.35,False
燃煤,台中電廠,#4,K5,100000,2025-07-15 06:42:00,2025-07-17 00:00:00,41.3,False
燃煤,台中電廠,#4,K5,150000,2025-07-18 00:00:00,2025-07-22 06:02:00,102.03333333333333,False
燃煤,台中電廠,#4,K5,244000,2025-07-22 06:02:00,2025-07-22 06:23:00,0.35,False
燃煤,台中電廠,#4,K5,240000,2025-07-22 06:23:00,2025-07-28 10:45:00,148.36666666666667,False
燃煤,台中電廠,#4,KK,50000,2025-07-28 10:45:00,2025-07-28 16:27:00,5.7,False
燃煤,台中電廠,#4,K5,145000,2025-07-28 16:27:00,2025-07-29 06:23:00,13.933333333333334,False
燃煤,台中電廠,#4,K5,195000,2025-07-29 06:23:00,2025-07-29 06:41:00,0.3,False
燃煤,台中電廠,#4,K5,236000,2025-07-29 06:41:00,2025-07-29 14:11:00,7.5,False
燃煤,台中電廠,#4,KK,47000,2025-07-29 14:11:00,2025-07-29 20:03:00,5.866666666666666,False
燃煤,台中電廠,#4,K5,200000,2025-07-29 20:03:00,2025-07-31 23:59:00,51.93333333333333,False
燃油,台中電廠,台中GAS#3,K6,53700,2025-07-11 00:00:00,2025-07-11 15:05:00,15.083333333333334,False
燃煤,台中電廠,#5,K5,150000,2025-07-01 00:00:00,2025-07-02 06:02:00,30.033333333333335,False
燃煤,台中電廠,#5,K5,15000,2025-07-02 06:02:00,2025-07-02 06:18:00,0.26666666666666666,False
燃煤,台中電廠,#5,K5,300000,2025-07-02 06:18:00,2025-07-09 06:03:00,167.75,False
燃煤,台中電廠,#5,K5,200000,2025-07-09 06:03:00,2025-07-09 06:19:00,0.26666666666666666,False
燃煤,台中電廠,#5,K5,180000,2025-07-09 06:19:00,2025-07-14 15:50:00,129.51666666666668,False
燃煤,台中電廠,#5,K5,120000,2025-07-14 15:50:00,2025-07-15 00:00:00,8.166666666666666,False
燃煤,台中電廠,#5,K5,150000,2025-07-15 00:00:00,2025-07-16 00:00:00,24.0,False
燃煤,台中電廠,#5,K5,100000,2025-07-16 00:00:00,2025-07-16 06:37:00,6.616666666666666,False
燃煤,台中電廠,#5,K5,100000,2025-07-16 06:37:00,2025-07-18 00:00:00,41.38333333333333,False
燃煤,台中電廠,#5,K5,250000,2025-07-18 00:00:00,2025-07-23 06:04:00,126.06666666666666,False
燃煤,台中電廠,#5,K5,150000,2025-07-23 06:04:00,2025-07-23 06:25:00,0.35,False
燃煤,台中電廠,#5,K5,300000,2025-07-23 06:25:00,2025-07-30 06:18:00,167.88333333333333,False
燃煤,台中電廠,#5,K5,200000,2025-07-30 06:18:00,2025-07-31 23:59:00,41.68333333333333,False
燃煤,台中電廠,#6,K5,150000,2025-07-01 00:00:00,2025-07-02 06:18:00,30.3,False
燃煤,台中電廠,#6,K5,15000,2025-07-02 06:18:00,2025-07-02 06:33:00,0.25,False
燃煤,台中電廠,#6,K5,50000,2025-07-02 06:33:00,2025-07-02 14:00:00,7.45,False
燃煤,台中電廠,#6,KK,3000,2025-07-02 14:00:00,2025-07-02 23:00:00,9.0,False
燃煤,台中電廠,#6,K5,2000,2025-07-02 23:00:00,2025-07-03 08:13:00,9.216666666666667,False
燃煤,台中電廠,#6,K5,8000,2025-07-03 08:13:00,2025-07-03 09:45:00,1.5333333333333334,False
燃煤,台中電廠,#6,K5,25000,2025-07-03 09:45:00,2025-07-03 14:00:00,4.25,False
燃煤,台中電廠,#6,KK,2000,2025-07-03 14:00:00,2025-07-03 22:29:00,8.483333333333333,False
燃煤,台中電廠,#6,K5,150000,2025-07-03 22:29:00,2025-07-04 14:00:00,15.516666666666667,False
燃煤,台中電廠,#6,KK,3000,2025-07-04 14:00:00,2025-07-04 21:30:00,7.5,False
燃煤,台中電廠,#6,K5,250000,2025-07-04 21:30:00,2025-07-08 13:00:00,87.5,False
燃煤,台中電廠,#6,KK,6000,2025-07-08 13:00:00,2025-07-08 20:11:00,7.183333333333334,False
燃煤,台中電廠,#6,K5,200000,2025-07-08 20:11:00,2025-07-09 06:35:00,10.4,False
燃煤,台中電廠,#6,K5,30000,2025-07-09 06:35:00,2025-07-09 11:00:00,4.416666666666667,False
燃煤,台中電廠,#6,KK,3000,2025-07-09 11:00:00,2025-07-09 19:00:00,8.0,False
燃煤,台中電廠,#6,K5,200000,2025-07-09 19:00:00,2025-07-10 10:00:00,15.0,False
燃煤,台中電廠,#6,KK,8000,2025-07-10 10:00:00,2025-07-10 16:31:00,6.516666666666667,False
燃煤,台中電廠,#6,K5,150000,2025-07-10 16:31:00,2025-07-13 18:10:00,73.65,False
燃煤,台中電廠,#6,K5,200000,2025-07-13 18:10:00,2025-07-13 20:00:00,1.8333333333333333,False
燃煤,台中電廠,#6,K5,100000,2025-07-13 20:00:00,2025-07-14 13:40:00,17.666666666666668,False
燃煤,台中電廠,#6,KK,3000,2025-07-14 13:40:00,2025-07-14 21:36:00,7.933333333333334,False
燃煤,台中電廠,#6,K5,100000,2025-07-14 21:36:00,2025-07-15 11:00:00,13.4,False
燃煤,台中電廠,#6,KK,10000,2025-07-15 11:00:00,2025-07-15 16:35:00,5.583333333333333,False
燃煤,台中電廠,#6,K5,50000,2025-07-15 16:35:00,2025-07-16 06:15:00,13.666666666666666,False
燃煤,台中電廠,#6,K5,200000,2025-07-16 06:15:00,2025-07-18 00:00:00,41.75,False
燃煤,台中電廠,#6,K5,150000,2025-07-18 00:00:00,2025-07-18 10:00:00,10.0,False
燃煤,台中電廠,#6,K5,100000,2025-07-18 10:00:00,2025-07-19 00:00:00,14.0,False
燃煤,台中電廠,#6,K5,250000,2025-07-19 00:00:00,2025-07-21 00:00:00,48.0,False
燃煤,台中電廠,#6,K5,300000,2025-07-21 00:00:00,2025-07-21 08:00:00,8.0,False
燃煤,台中電廠,#6,K5,200000,2025-07-21 08:00:00,2025-07-23 06:25:00,46.416666666666664,False
燃煤,台中電廠,#6,K5,150000,2025-07-23 06:25:00,2025-07-23 06:38:00,0.21666666666666667,False
燃煤,台中電廠,#6,K5,180000,2025-07-23 06:38:00,2025-07-26 06:30:00,71.86666666666666,False
燃煤,台中電廠,#6,K5,150000,2025-07-26 06:30:00,2025-07-26 11:30:00,5.0,False
燃煤,台中電廠,#6,K5,200000,2025-07-26 11:30:00,2025-07-28 08:41:00,45.18333333333333,False
燃煤,台中電廠,#6,K5,150000,2025-07-28 08:41:00,2025-07-29 11:20:00,26.65,False
燃煤,台中電廠,#6,K5,300000,2025-07-29 11:20:00,2025-07-30 06:39:00,19.316666666666666,False
燃煤,台中電廠,#6,K5,200000,2025-07-30 06:39:00,2025-07-31 21:59:00,39.333333333333336,False
燃煤,台中電廠,#6,K6,550000,2025-07-31 21:59:00,2025-07-31 23:59:00,2.0,False
燃煤,台中電廠,#7,K5,150000,2025-07-01 00:00:00,2025-07-03 05:46:00,53.766666666666666,False
燃煤,台中電廠,#7,K5,7000,2025-07-03 05:46:00,2025-07-03 06:18:00,0.5333333333333333,False
燃煤,台中電廠,#7,K5,300000,2025-07-03 06:18:00,2025-07-08 13:00:00,126.7,False
燃煤,台中電廠,#7,KK,8000,2025-07-08 13:00:00,2025-07-08 21:05:00,8.083333333333334,False
燃煤,台中電廠,#7,K5,150000,2025-07-08 21:05:00,2025-07-09 13:25:00,16.333333333333332,False
燃煤,台中電廠,#7,K5,70000,2025-07-09 13:25:00,2025-07-09 15:30:00,2.0833333333333335,False
燃煤,台中電廠,#7,K5,90000,2025-07-09 15:30:00,2025-07-10 05:48:00,14.3,False
燃煤,台中電廠,#7,K5,25000,2025-07-10 05:48:00,2025-07-10 06:13:00,0.4166666666666667,False
燃煤,台中電廠,#7,K5,150000,2025-07-10 06:13:00,2025-07-18 17:16:00,203.05,False
燃煤,台中電廠,#7,K5,25000,2025-07-18 17:16:00,2025-07-19 00:00:00,6.733333333333333,False
燃煤,台中電廠,#7,K5,250000,2025-07-19 00:00:00,2025-07-21 00:00:00,48.0,False
燃煤,台中電廠,#7,K5,300000,2025-07-21 00:00:00,2025-07-21 17:36:00,17.6,False
燃煤,台中電廠,#7,K5,200000,2025-07-21 17:36:00,2025-07-24 06:36:00,61.0,False
燃煤,台中電廠,#7,K5,100000,2025-07-24 06:36:00,2025-07-24 06:51:00,0.25,False
燃煤,台中電廠,#7,K5,300000,2025-07-24 06:51:00,2025-07-31 06:00:00,167.15,False
燃煤,台中電廠,#7,K5,200000,2025-07-31 06:00:00,2025-07-31 06:20:00,0.3333333333333333,False
燃煤,台中電廠,#7,K5,100000,2025-07-31 06:20:00,2025-07-31 23:59:00,17.65,False
燃煤,台中電廠,#8,K5,150000,2025-07-01 00:00:00,2025-07-03 06:18:00,54.3,False
燃煤,台中電廠,#8,K5,40000,2025-07-03 06:18:00,2025-07-03 06:41:00,0.38333333333333336,False
燃煤,台中電廠,#8,K5,2000,2025-07-03 06:41:00,2025-07-09 12:00:00,149.31666666666666,False
燃煤,台中電廠,#8,KK,150000,2025-07-09 12:00:00,2025-07-09 20:00:00,8.0,False
燃煤,台中電廠,#8,K5,3000,2025-07-09 20:00:00,2025-07-10 06:13:00,10.216666666666667,False
燃煤,台中電廠,#8,K5,50000,2025-07-10 06:13:00,2025-07-10 06:32:00,0.31666666666666665,False
燃煤,台中電廠,#8,K5,200000,2025-07-10 06:32:00,2025-07-24 06:19:00,335.78333333333336,False
燃煤,台中電廠,#8,K5,100000,2025-07-24 06:19:00,2025-07-24 06:34:00,0.25,False
燃煤,台中電廠,#8,K5,200000,2025-07-24 06:34:00,2025-07-29 08:40:00,122.1,False
燃煤,台中電廠,#8,K5,300000,2025-07-29 08:40:00,2025-07-29 12:00:00,3.3333333333333335,False
燃煤,台中電廠,#8,K5,290000,2025-07-29 12:00:00,2025-07-31 06:20:00,42.333333333333336,False
燃煤,台中電廠,#8,K5,200000,2025-07-31 06:20:00,2025-07-31 06:32:00,0.2,False
燃煤,台中電廠,#8,K5,100000,2025-07-31 06:32:00,2025-07-31 23:59:00,17.45,False
燃煤,台中電廠,#9,K5,100000,2025-07-01 00:00:00,2025-07-01 13:00:00,13.0,False
燃煤,台中電廠,#9,KK,5000,2025-07-01 13:00:00,2025-07-01 20:20:00,7.333333333333333,False
燃煤,台中電廠,#9,K5,50000,2025-07-01 20:20:00,2025-07-04 05:45:00,57.416666666666664,False
燃煤,台中電廠,#9,K5,70000,2025-07-04 05:45:00,2025-07-04 06:10:00,0.4166666666666667,False
燃煤,台中電廠,#9,K5,100000,2025-07-04 06:10:00,2025-07-09 11:00:00,124.83333333333333,False
燃煤,台中電廠,#9,KK,30000,2025-07-09 11:00:00,2025-07-09 20:14:00,9.233333333333333,False
燃煤,台中電廠,#9,K5,70000,2025-07-09 20:14:00,2025-07-10 15:00:00,18.766666666666666,False
燃煤,台中電廠,#9,KK,2000,2025-07-10 15:00:00,2025-07-10 17:00:00,2.0,False
燃煤,台中電廠,#9,K5,90000,2025-07-10 17:00:00,2025-07-11 06:03:00,13.05,False
燃煤,台中電廠,#9,K5,100000,2025-07-11 06:03:00,2025-07-11 06:31:00,0.4666666666666667,False
燃煤,台中電廠,#9,K5,90000,2025-07-11 06:31:00,2025-07-11 13:00:00,6.483333333333333,False
燃煤,台中電廠,#9,KK,10000,2025-07-11 13:00:00,2025-07-11 16:29:00,3.4833333333333334,False
燃煤,台中電廠,#9,K5,90000,2025-07-11 16:29:00,2025-07-14 14:00:00,69.51666666666667,False
燃煤,台中電廠,#9,KK,5000,2025-07-14 14:00:00,2025-07-14 22:00:00,8.0,False
燃煤,台中電廠,#9,K5,90000,2025-07-14 22:00:00,2025-07-15 08:32:00,10.533333333333333,False
燃煤,台中電廠,#9,KK,5000,2025-07-15 08:32:00,2025-07-15 16:07:00,7.583333333333333,False
燃煤,台中電廠,#9,K5,90000,2025-07-15 16:07:00,2025-07-16 12:00:00,19.883333333333333,False
燃煤,台中電廠,#9,KK,10000,2025-07-16 12:00:00,2025-07-18 00:00:00,36.0,False
燃煤,台中電廠,#9,K5,10000,2025-07-18 00:00:00,2025-07-18 12:00:00,12.0,False
燃煤,台中電廠,#9,KK,10000,2025-07-18 12:00:00,2025-07-19 00:00:00,12.0,False
燃煤,台中電廠,#9,K5,10000,2025-07-19 00:00:00,2025-07-24 00:00:00,120.0,False
燃煤,台中電廠,#9,KK,10000,2025-07-24 00:00:00,2025-07-26 00:00:00,48.0,False
燃煤,台中電廠,#9,K5,90000,2025-07-26 00:00:00,2025-07-26 06:32:00,6.533333333333333,False
燃煤,台中電廠,#9,K5,90000,2025-07-26 06:05:00,2025-07-26 06:32:00,0.45,False
燃煤,台中電廠,#9,K5,100000,2025-07-26 06:32:00,2025-07-31 23:59:00,137.45,False
燃煤,台中電廠,#10,K10,550000,2025-07-01 00:00:00,2025-07-31 23:59:00,743.9833333333333,False
燃煤,興達電廠,#3,K2,550000,2025-07-01 00:00:00,2025-07-31 23:59:00,743.9833333333333,False
燃煤,興達電廠,#4,K2,550000,2025-07-01 00:00:00,2025-07-31 23:59:00,743.9833333333333,False
燃氣,興達電廠,興複GT5-3,K7,90830,2025-07-01 00:00:00,2025-07-09 14:15:00,206.25,True
燃氣,興達電廠,興複GT3-2,K6,90830,2025-07-08 08:50:00,2025-07-08 10:26:00,1.6,False
燃氣,興達電廠,興複GT5-1,K6,90830,2025-07-11 00:06:00,2025-07-21 16:01:00,255.91666666666666,False
燃氣,興達電廠,興複ST2,K6,172700,2025-07-17 09:42:00,2025-07-17 16:55:00,7.216666666666667,False
燃氣,興達電廠,興複GT5-2,K6,90830,2025-07-22 00:00:00,2025-07-31 23:59:00,239.98333333333332,False
燃氣,興達電廠,興新複GT1-1,K6,425648,2025-07-12 08:05:00,2025-07-13 12:41:00,28.6,False
燃氣,興達電廠,興新複GT1-2,K6,425648,2025-07-13 07:48:00,2025-07-14 13:58:00,30.166666666666668,False
燃氣,興達電廠,興新複ST1,K6,448703,2025-07-13 07:23:00,2025-07-13 15:14:00,7.85,False
燃氣,南部電廠,南複ST2,K7,100000,2025-07-05 09:09:00,2025-07-05 09:49:00,0.6666666666666666,True
燃氣,南部電廠,南複GT3-1,K6,86500,2025-07-09 00:06:00,2025-07-18 14:51:00,230.75,False
燃氣,南部電廠,南複GT2-2,K6,86500,2025-07-22 07:53:00,2025-07-22 10:40:00,2.783333333333333,False
燃氣,南部電廠,南複GT1-1,K6,86500,2025-07-23 06:26:00,2025-07-23 13:49:00,7.383333333333334,False
燃氣,南部電廠,南複GT3-2,K6,86500,2025-07-27 00:34:00,2025-07-31 23:59:00,119.41666666666667,False
燃煤,大林電廠,#1,K5,100000,2025-07-02 09:55:00,2025-07-02 10:25:00,0.5,False
燃煤,大林電廠,#1,K5,100000,2025-07-02 13:55:00,2025-07-02 14:25:00,0.5,False
燃煤,大林電廠,#1,K5,100000,2025-07-11 09:36:00,2025-07-11 10:20:00,0.7333333333333333,False
燃煤,大林電廠,#1,K5,100000,2025-07-11 13:28:00,2025-07-11 13:44:00,0.26666666666666666,False
燃煤,大林電廠,#1,K5,560000,2025-07-24 22:00:00,2025-07-25 12:50:00,14.833333333333334,False
燃煤,大林電廠,#2,K5,400000,2025-07-27 08:00:00,2025-07-27 12:58:00,4.966666666666667,False
燃氣,大林電廠,#6,K5,250000,2025-07-06 09:15:00,2025-07-07 08:30:00,23.25,False
燃油,尖山電廠,#2,K6,10443,2025-07-14 08:30:00,2025-07-26 18:00:00,297.5,False
燃油,尖山電廠,#3,K6,10443,2025-07-01 00:00:00,2025-07-04 20:30:00,92.5,False
燃油,尖山電廠,#4,K6,10443,2025-07-01 10:10:00,2025-07-03 16:39:00,54.483333333333334,False
燃油,尖山電廠,#12,K6,11000,2025-07-28 08:30:00,2025-07-30 16:20:00,55.833333333333336,False
燃油,塔山電廠,塔山#10,K6,11150,2025-07-01 00:00:00,2025-07-03 00:00:00,48.0,False
燃油,協和電廠,南竿#13,K6,1500,2025-07-01 00:00:00,2025-07-02 14:50:00,38.833333333333336,False
燃油,協和電廠,南竿#12,K6,2500,2025-07-01 00:00:00,2025-07-31 23:59:00,743.9833333333333,False
抽蓄水力,明潭電廠,明潭#6,K6,267000,2025-07-14 08:15:00,2025-07-14 16:06:00,7.85,False
抽蓄水力,大觀電廠,大觀(二)#3,K6,250000,2025-07-01 00:00:00,2025-07-07 17:50:00,161.83333333333334,False
燃油,琉球電廠,#4,KK,1500,2025-07-01 00:00:00,2025-07-31 23:59:00,743.9833333333333,False
燃油,綠島電廠,#7,K10,1000,2025-07-01 00:00:00,2025-07-31 23:59:00,743.9833333333333,False
燃油,綠島電廠,#6,K10,1000,2025-07-01 00:00:00,2025-07-09 23:59:00,215.98333333333332,False
燃油,綠島電廠,#9,K10,1500,2025-07-10 00:00:00,2025-07-29 23:59:00,479.98333333333335,False
燃油,七美電廠,#2,K10,1000,2025-07-01 00:00:00,2025-07-09 23:59:00,215.98333333333332,False
燃油,望安電廠,#1,K10,1000,2025-07-01 00:00:00,2025-07-25 23:59:00,599.9833333333333,False
燃油,莒光電廠,#7,K10,1000,2025-07-04 00:00:00,2025-07-31 23:59:00,671.9833333333333,False
燃油,莒光電廠,#3,K7,1500,2025-07-01 00:00:00,2025-07-31 23:59:00,743.9833333333333,True
燃油,莒光電廠,#4,K7,1500,2025-07-01 00:00:00,2025-07-31 23:59:00,743.9833333333333,True
地熱,仁澤地熱發電站,#1,K6,840,2025-07-01 08:54:00,2025-07-30 15:37:00,702.7166666666667,False
燃油,協和電廠,#3,K3,500000,2025-08-01 00:00:00,2025-08-04 02:15:00,74.25,False
燃油,協和電廠,#4,K5,360000,2025-08-01 00:00:00,2025-08-31 23:59:00,743.9833333333333,False
燃油,協和電廠,#3,K5,360000,2025-08-04 02:15:00,2025-08-31 23:59:00,669.7333333333333,False
燃煤,林口電廠,#2,K5,58952,2025-08-02 13:00:00,2025-08-02 15:18:00,2.3,False
燃煤,林口電廠,#1,K5,51467,2025-08-03 07:51:00,2025-08-03 09:25:00,1.5666666666666667,False
燃煤,林口電廠,#1,K2,800000,2025-08-06 07:47:00,2025-08-06 11:54:00,4.116666666666666,False
燃煤,林口電廠,#3,K5,39400,2025-08-10 08:48:00,2025-08-10 09:45:00,0.95,False
燃煤,林口電廠,#2,K5,66864,2025-08-10 09:45:00,2025-08-10 12:06:00,2.35,False
燃煤,林口電廠,#1,K5,548270,2025-08-12 02:05:00,2025-08-13 01:53:00,23.8,False
燃煤,林口電廠,#1,K5,7333,2025-08-15 07:30:00,2025-08-15 12:27:00,4.95,False
燃煤,林口電廠,#2,K22,800000,2025-08-16 03:02:00,2025-08-17 22:58:00,43.93333333333333,True
燃煤,林口電廠,#1,K5,40725,2025-08-17 08:18:00,2025-08-17 09:55:00,1.6166666666666667,False
燃煤,林口電廠,#3,K5,48666,2025-08-17 10:53:00,2025-08-17 12:39:00,1.7666666666666666,False
燃煤,林口電廠,#1,K5,245857,2025-08-22 13:00:00,2025-08-23 01:24:00,12.4,False
燃煤,林口電廠,#3,K5,53100,2025-08-24 08:40:00,2025-08-24 10:40:00,2.0,False
燃煤,林口電廠,#1,K5,47500,2025-08-30 08:30:00,2025-08-30 09:57:00,1.45,False
燃煤,林口電廠,#3,K5,45700,2025-08-31 09:12:00,2025-08-31 10:30:00,1.3,False
燃氣,大潭電廠,潭複ST1,K7,282200,2025-08-01 00:00:00,2025-08-31 23:59:00,743.9833333333333,True
燃氣,大潭電廠,潭複GT2-1,K6,153500,2025-08-31 05:30:00,2025-08-31 23:59:00,18.483333333333334,False
燃氣,大潭電廠,潭複GT4-1,K6,233900,2025-08-05 00:04:00,2025-08-05 17:05:00,17.016666666666666,False
燃氣,大潭電廠,潭複GT3-2,K6,233900,2025-08-15 23:17:00,2025-08-16 17:28:00,18.183333333333334,False
燃氣,大潭電廠,潭複GT6-2,K6,233900,2025-08-17 06:42:00,2025-08-18 00:06:00,17.4,False
燃氣,大潭電廠,潭複GT5-1,K5,116950,2025-08-30 12:49:00,2025-08-30 17:57:00,5.133333333333334,False
燃氣,大潭電廠,潭複GT9-1,K5,183198,2025-08-17 06:30:00,2025-08-17 10:50:00,4.333333333333333,False
燃氣,大潭電廠,潭複GT9-2,K5,183198,2025-08-17 06:30:00,2025-08-17 10:50:00,4.333333333333333,False
燃氣,大潭電廠,潭複ST9,K5,195420,2025-08-17 06:30:00,2025-08-17 10:50:00,4.333333333333333,False
燃氣,大潭電廠,潭複GT7-1,K5,150000,2025-08-19 09:52:00,2025-08-19 16:20:00,6.466666666666667,False
燃氣,大潭電廠,潭複GT7-2,K5,150000,2025-08-19 09:52:00,2025-08-19 16:20:00,6.466666666666667,False
燃氣,大潭電廠,潭複ST7,K5,156571,2025-08-19 09:52:00,2025-08-19 16:20:00,6.466666666666667,False
燃氣,大潭電廠,潭複GT7-1,K5,150000,2025-08-20 10:00:00,2025-08-20 15:37:00,5.616666666666666,False
燃氣,大潭電廠,潭複GT7-2,K5,150000,2025-08-20 10:00:00,2025-08-20 15:37:00,5.616666666666666,False
燃氣,大潭電廠,潭複ST7,K5,156571,2025-08-20 10:00:00,2025-08-20 15:37:00,5.616666666666666,False
燃氣,大潭電廠,潭複GT9-1,K5,183198,2025-08-22 13:25:00,2025-08-22 14:29:00,1.0666666666666667,False
燃氣,大潭電廠,潭複GT9-2,K5,183198,2025-08-22 13:25:00,2025-08-22 14:29:00,1.0666666666666667,False
燃氣,大潭電廠,潭複ST9,K5,195420,2025-08-22 13:25:00,2025-08-22 14:29:00,1.0666666666666667,False
燃氣,大潭電廠,潭複GT9-1,K5,183198,2025-08-28 09:00:00,2025-08-28 09:44:00,0.7333333333333333,False
燃氣,大潭電廠,潭複GT9-2,K5,183198,2025-08-28 09:00:00,2025-08-28 09:44:00,0.7333333333333333,False
燃氣,大潭電廠,潭複ST9,K5,195420,2025-08-28 09:00:00,2025-08-28 09:44:00,0.7333333333333333,False
燃氣,大潭電廠,潭複GT7-2,K5,150000,2025-08-29 15:50:00,2025-08-29 17:03:00,1.2166666666666666,False
燃氣,通霄電廠,通複GT2-1,KK,10100,2025-08-04 00:00:00,2025-08-06 09:00:00,57.0,False
燃氣,通霄電廠,通複GT3-1,KK,15100,2025-08-07 00:00:00,2025-08-08 11:20:00,35.333333333333336,False
燃氣,通霄電廠,通複GT3-1,K6,290100,2025-08-13 00:00:00,2025-08-15 19:40:00,67.66666666666667,False
燃氣,通霄電廠,通複GT3-2,K6,446300,2025-08-05 19:19:00,2025-08-06 05:43:00,10.4,False
燃氣,通霄電廠,通複GT3-2,K7,445000,2025-08-09 19:54:00,2025-08-10 13:32:00,17.633333333333333,True
燃氣,通霄電廠,通複GT3-2,K6,290100,2025-08-13 00:00:00,2025-08-15 19:40:00,67.66666666666667,False
燃氣,通霄電廠,通複ST3,K4,312400,2025-08-05 19:18:00,2025-08-05 19:56:00,0.6333333333333333,True
燃氣,通霄電廠,通複ST3,K6,312400,2025-08-13 00:00:00,2025-08-15 19:40:00,67.66666666666667,False
燃氣,通霄電廠,通複GT6-1,K5,11000,2025-08-01 00:00:00,2025-08-31 23:59:00,743.9833333333333,False
燃氣,通霄電廠,通霄GT9-3,KK,22142,2025-08-21 09:40:00,2025-08-21 17:12:00,7.533333333333333,False
燃氣,通霄電廠,通霄GT9-6,K6,30142,2025-08-27 09:24:00,2025-08-30 16:28:00,79.06666666666666,False
燃煤,台中電廠,#1,K5,290000,2025-08-01 00:00:00,2025-08-04 06:18:00,78.3,False
燃煤,台中電廠,#1,K5,200000,2025-08-04 06:18:00,2025-08-04 06:36:00,0.3,False
燃煤,台中電廠,#1,K5,150000,2025-08-04 06:36:00,2025-08-11 06:47:00,168.18333333333334,False
燃煤,台中電廠,#1,K5,50000,2025-08-11 06:47:00,2025-08-12 09:30:00,26.716666666666665,False
燃煤,台中電廠,#1,K5,25000,2025-08-12 09:30:00,2025-08-12 16:30:00,7.0,False
燃煤,台中電廠,#1,K5,50000,2025-08-12 16:30:00,2025-08-18 06:12:00,133.7,False
燃煤,台中電廠,#1,K5,130000,2025-08-18 06:12:00,2025-08-18 06:33:00,0.35,False
燃煤,台中電廠,#1,K5,150000,2025-08-18 06:33:00,2025-08-20 15:21:00,56.8,False
燃煤,台中電廠,#1,K5,100000,2025-08-20 15:21:00,2025-08-21 11:37:00,20.266666666666666,False
燃煤,台中電廠,#1,K5,170000,2025-08-21 11:37:00,2025-08-24 17:15:00,77.63333333333334,False
燃煤,台中電廠,#1,K5,42000,2025-08-24 17:15:00,2025-08-24 19:21:00,2.1,False
燃煤,台中電廠,#1,K5,100000,2025-08-24 19:21:00,2025-08-25 06:00:00,10.65,False
燃煤,台中電廠,#1,K5,132000,2025-08-25 06:00:00,2025-08-25 06:32:00,0.5333333333333333,False
燃煤,台中電廠,#1,K5,50000,2025-08-25 06:32:00,2025-08-26 12:00:00,29.466666666666665,False
燃煤,台中電廠,#1,KK,10000,2025-08-26 12:00:00,2025-08-26 19:00:00,7.0,False
燃煤,台中電廠,#1,K5,100000,2025-08-26 19:00:00,2025-08-31 23:59:00,124.98333333333333,False
燃煤,台中電廠,#2,K5,250000,2025-08-01 00:00:00,2025-08-01 11:40:00,11.666666666666666,False
燃煤,台中電廠,#2,KK,50000,2025-08-01 11:40:00,2025-08-01 21:00:00,9.333333333333334,False
燃煤,台中電廠,#2,K5,200000,2025-08-01 21:00:00,2025-08-04 05:54:00,56.9,False
燃煤,台中電廠,#2,K5,170000,2025-08-04 05:54:00,2025-08-04 06:17:00,0.38333333333333336,False
燃煤,台中電廠,#2,K5,200000,2025-08-04 06:17:00,2025-08-11 06:00:00,167.71666666666667,False
燃煤,台中電廠,#2,K5,150000,2025-08-11 06:00:00,2025-08-11 06:29:00,0.48333333333333334,False
燃煤,台中電廠,#2,K5,100000,2025-08-11 06:29:00,2025-08-18 00:00:00,161.51666666666668,False
燃煤,台中電廠,#2,K5,120000,2025-08-18 00:00:00,2025-08-18 07:06:00,7.1,False
燃煤,台中電廠,#2,K5,300000,2025-08-18 07:06:00,2025-08-21 00:00:00,64.9,False
燃煤,台中電廠,#2,K5,280000,2025-08-21 00:00:00,2025-08-21 15:15:00,15.25,False
燃煤,台中電廠,#2,K5,150000,2025-08-21 15:15:00,2025-08-25 06:33:00,87.3,False
燃煤,台中電廠,#2,K5,95000,2025-08-25 06:33:00,2025-08-25 06:54:00,0.35,False
燃煤,台中電廠,#2,K5,150000,2025-08-25 06:54:00,2025-08-25 14:00:00,7.1,False
燃煤,台中電廠,#2,K5,150000,2025-08-25 21:11:00,2025-08-31 23:59:00,146.8,False
燃煤,台中電廠,#3,K5,200000,2025-08-01 00:00:00,2025-08-01 11:08:00,11.133333333333333,False
燃煤,台中電廠,#3,KK,45000,2025-08-01 11:08:00,2025-08-01 19:30:00,8.366666666666667,False
燃煤,台中電廠,#3,K5,200000,2025-08-01 19:30:00,2025-08-05 06:00:00,82.5,False
燃煤,台中電廠,#3,K5,246000,2025-08-05 06:00:00,2025-08-05 06:18:00,0.3,False
燃煤,台中電廠,#3,K5,145000,2025-08-05 06:18:00,2025-08-11 18:40:00,156.36666666666667,False
燃煤,台中電廠,#3,K5,150000,2025-08-11 18:40:00,2025-08-12 00:00:00,5.333333333333333,False
燃煤,台中電廠,#3,K5,100000,2025-08-12 00:00:00,2025-08-12 06:27:00,6.45,False
燃煤,台中電廠,#3,K5,36000,2025-08-12 06:27:00,2025-08-12 06:46:00,0.31666666666666665,False
燃煤,台中電廠,#3,K5,100000,2025-08-12 06:46:00,2025-08-15 13:10:00,78.4,False
燃煤,台中電廠,#3,KK,50000,2025-08-15 13:10:00,2025-08-15 18:50:00,5.666666666666667,False
燃煤,台中電廠,#3,K5,45000,2025-08-15 18:50:00,2025-08-16 21:53:00,27.05,False
燃煤,台中電廠,#3,K5,7000,2025-08-16 21:53:00,2025-08-16 23:00:00,1.1166666666666667,False
燃煤,台中電廠,#3,K5,95000,2025-08-16 23:00:00,2025-08-19 06:00:00,55.0,False
燃煤,台中電廠,#3,K5,145000,2025-08-19 06:00:00,2025-08-19 06:17:00,0.2833333333333333,False
燃煤,台中電廠,#3,K5,200000,2025-08-19 06:17:00,2025-08-26 06:00:00,167.71666666666667,False
燃煤,台中電廠,#3,K5,50000,2025-08-26 06:00:00,2025-08-26 06:22:00,0.36666666666666664,False
燃煤,台中電廠,#3,K5,100000,2025-08-26 06:22:00,2025-08-28 13:40:00,55.3,False
燃煤,台中電廠,#3,K5,50000,2025-08-28 13:40:00,2025-08-29 00:00:00,10.333333333333334,False
燃煤,台中電廠,#3,K5,100000,2025-08-29 00:00:00,2025-08-31 23:59:00,71.98333333333333,False
燃煤,台中電廠,#4,K5,240000,2025-08-01 00:00:00,2025-08-04 14:04:00,86.06666666666666,False
燃煤,台中電廠,#4,K5,50000,2025-08-04 14:04:00,2025-08-04 15:06:00,1.0333333333333334,False
燃煤,台中電廠,#4,K5,100000,2025-08-04 15:06:00,2025-08-05 06:18:00,15.2,False
燃煤,台中電廠,#4,K5,240000,2025-08-05 06:18:00,2025-08-05 06:47:00,0.48333333333333334,False
燃煤,台中電廠,#4,K5,150000,2025-08-05 06:47:00,2025-08-12 05:55:00,167.13333333333333,False
燃煤,台中電廠,#4,K5,41000,2025-08-12 05:55:00,2025-08-12 06:27:00,0.5333333333333333,False
燃煤,台中電廠,#4,K5,140000,2025-08-12 06:27:00,2025-08-19 06:39:00,168.2,False
燃煤,台中電廠,#4,K5,100000,2025-08-19 06:39:00,2025-08-20 10:50:00,28.183333333333334,False
燃煤,台中電廠,#4,KK,50000,2025-08-20 10:50:00,2025-08-20 15:30:00,4.666666666666667,False
燃煤,台中電廠,#4,K5,100000,2025-08-20 15:30:00,2025-08-21 13:45:00,22.25,False
燃煤,台中電廠,#4,KK,6000,2025-08-21 13:45:00,2025-08-21 21:25:00,7.666666666666667,False
燃煤,台中電廠,#4,K5,180000,2025-08-21 21:25:00,2025-08-26 06:23:00,104.96666666666667,False
燃煤,台中電廠,#4,K5,72000,2025-08-26 06:23:00,2025-08-26 06:40:00,0.2833333333333333,False
燃煤,台中電廠,#4,K5,150000,2025-08-26 06:40:00,2025-08-31 23:59:00,137.31666666666666,False
燃煤,台中電廠,#5,K5,250000,2025-08-01 00:00:00,2025-08-06 06:13:00,126.21666666666667,False
燃煤,台中電廠,#5,K5,150000,2025-08-06 06:13:00,2025-08-06 06:29:00,0.26666666666666666,False
燃煤,台中電廠,#5,K5,250000,2025-08-06 06:29:00,2025-08-13 06:27:00,167.96666666666667,False
燃煤,台中電廠,#5,K5,150000,2025-08-13 06:27:00,2025-08-20 06:24:00,167.95,False
燃煤,台中電廠,#5,K5,100000,2025-08-20 06:24:00,2025-08-20 06:36:00,0.2,False
燃煤,台中電廠,#5,K5,170000,2025-08-20 06:36:00,2025-08-22 14:00:00,55.4,False
燃煤,台中電廠,#5,KK,110000,2025-08-22 14:00:00,2025-08-22 22:05:00,8.083333333333334,False
燃煤,台中電廠,#5,K5,200000,2025-08-22 22:05:00,2025-08-24 00:00:00,25.916666666666668,False
燃煤,台中電廠,#5,K5,240000,2025-08-24 00:00:00,2025-08-24 17:43:00,17.716666666666665,False
燃煤,台中電廠,#5,K5,170000,2025-08-24 17:43:00,2025-08-27 06:22:00,60.65,False
燃煤,台中電廠,#5,K5,100000,2025-08-27 06:22:00,2025-08-27 06:41:00,0.31666666666666665,False
燃煤,台中電廠,#5,K5,200000,2025-08-27 06:41:00,2025-08-31 23:59:00,113.3,False
燃煤,台中電廠,#6,K6,550000,2025-08-01 00:00:00,2025-08-06 02:47:00,122.78333333333333,False
燃煤,台中電廠,#6,K5,190000,2025-08-06 02:47:00,2025-08-13 06:08:00,171.35,False
燃煤,台中電廠,#6,K5,150000,2025-08-13 06:08:00,2025-08-18 11:35:00,125.45,False
燃煤,台中電廠,#6,KK,100000,2025-08-18 11:35:00,2025-08-18 16:20:00,4.75,False
燃煤,台中電廠,#6,K5,150000,2025-08-18 16:20:00,2025-08-19 11:15:00,18.916666666666668,False
燃煤,台中電廠,#6,KK,4000,2025-08-19 11:15:00,2025-08-19 19:29:00,8.233333333333333,False
燃煤,台中電廠,#6,K5,50000,2025-08-19 19:29:00,2025-08-20 06:00:00,10.516666666666667,False
燃煤,台中電廠,#6,K5,100000,2025-08-20 06:00:00,2025-08-20 06:24:00,0.4,False
燃煤,台中電廠,#6,K5,170000,2025-08-20 06:24:00,2025-08-27 06:07:00,167.71666666666667,False
燃煤,台中電廠,#6,K5,100000,2025-08-27 06:07:00,2025-08-27 06:22:00,0.25,False
燃煤,台中電廠,#6,K5,200000,2025-08-27 06:22:00,2025-08-31 23:59:00,113.61666666666666,False
燃煤,台中電廠,#7,K5,250000,2025-08-01 00:00:00,2025-08-07 06:20:00,150.33333333333334,False
燃煤,台中電廠,#7,K5,200000,2025-08-07 06:20:00,2025-08-07 06:35:00,0.25,False
燃煤,台中電廠,#7,K5,250000,2025-08-07 06:35:00,2025-08-07 19:01:00,12.433333333333334,False
燃煤,台中電廠,#7,K5,30000,2025-08-07 19:01:00,2025-08-08 00:00:00,4.983333333333333,False
燃煤,台中電廠,#7,K5,250000,2025-08-08 00:00:00,2025-08-09 00:00:00,24.0,False
燃煤,台中電廠,#7,K5,130000,2025-08-09 00:00:00,2025-08-14 06:00:00,126.0,False
燃煤,台中電廠,#7,K5,100000,2025-08-14 06:00:00,2025-08-14 06:25:00,0.4166666666666667,False
燃煤,台中電廠,#7,K5,150000,2025-08-14 06:25:00,2025-08-14 13:30:00,7.083333333333333,False
燃煤,台中電廠,#7,KK,6000,2025-08-14 13:30:00,2025-08-14 19:25:00,5.916666666666667,False
燃煤,台中電廠,#7,K5,3000,2025-08-14 19:25:00,2025-08-15 02:10:00,6.75,False
燃煤,台中電廠,#7,K5,50000,2025-08-15 02:10:00,2025-08-15 13:33:00,11.383333333333333,False
燃煤,台中電廠,#7,K5,150000,2025-08-15 13:33:00,2025-08-21 06:37:00,137.06666666666666,False
燃煤,台中電廠,#7,K5,180000,2025-08-21 06:37:00,2025-08-26 06:00:00,119.38333333333334,False
燃煤,台中電廠,#7,K5,150000,2025-08-26 06:00:00,2025-08-26 11:23:00,5.383333333333334,False
燃煤,台中電廠,#7,K5,100000,2025-08-26 11:23:00,2025-08-27 17:45:00,30.366666666666667,False
燃煤,台中電廠,#7,K5,30000,2025-08-27 17:45:00,2025-08-27 21:10:00,3.4166666666666665,False
燃煤,台中電廠,#7,K5,100000,2025-08-27 21:10:00,2025-08-28 06:20:00,9.166666666666666,False
燃煤,台中電廠,#7,K5,150000,2025-08-28 06:20:00,2025-08-29 14:36:00,32.266666666666666,False
燃煤,台中電廠,#7,K5,200000,2025-08-29 14:36:00,2025-08-30 17:00:00,26.4,False
燃煤,台中電廠,#7,K5,150000,2025-08-30 17:00:00,2025-08-31 23:59:00,30.983333333333334,False
燃煤,台中電廠,#8,K5,250000,2025-08-01 00:00:00,2025-08-07 06:00:00,150.0,False
燃煤,台中電廠,#8,K5,200000,2025-08-07 06:00:00,2025-08-14 05:40:00,167.66666666666666,False
燃煤,台中電廠,#8,K5,100000,2025-08-14 05:40:00,2025-08-14 06:00:00,0.3333333333333333,False
燃煤,台中電廠,#8,K5,150000,2025-08-14 06:00:00,2025-08-21 06:17:00,168.28333333333333,False
燃煤,台中電廠,#8,K5,170000,2025-08-21 06:17:00,2025-08-27 11:00:00,148.71666666666667,False
燃煤,台中電廠,#8,KK,3000,2025-08-27 11:00:00,2025-08-27 19:05:00,8.083333333333334,False
燃煤,台中電廠,#8,K5,100000,2025-08-27 19:05:00,2025-08-28 11:15:00,16.166666666666668,False
燃煤,台中電廠,#8,KK,3000,2025-08-28 11:15:00,2025-08-28 19:01:00,7.766666666666667,False
燃煤,台中電廠,#8,K5,150000,2025-08-28 19:01:00,2025-08-29 14:00:00,18.983333333333334,False
燃煤,台中電廠,#8,KK,3000,2025-08-29 14:00:00,2025-08-29 17:20:00,3.3333333333333335,False
燃煤,台中電廠,#8,K5,200000,2025-08-29 17:20:00,2025-08-31 23:59:00,54.65,False
燃煤,台中電廠,#9,K5,90000,2025-08-01 00:00:00,2025-08-01 05:41:00,5.683333333333334,False
燃煤,台中電廠,#9,K5,400000,2025-08-01 05:41:00,2025-08-01 21:39:00,15.966666666666667,False
燃煤,台中電廠,#9,K6,550000,2025-08-01 21:39:00,2025-08-07 00:00:00,122.35,False
燃煤,台中電廠,#9,K5,90000,2025-08-08 00:00:00,2025-08-08 17:00:00,17.0,False
燃煤,台中電廠,#9,KK,20000,2025-08-08 17:00:00,2025-08-09 00:00:00,7.0,False
燃煤,台中電廠,#9,K5,20000,2025-08-09 00:00:00,2025-08-09 08:00:00,8.0,False
燃煤,台中電廠,#9,KK,20000,2025-08-09 08:00:00,2025-08-09 18:34:00,10.566666666666666,False
燃煤,台中電廠,#9,K5,350000,2025-08-09 18:34:00,2025-08-10 10:30:00,15.933333333333334,False
燃煤,台中電廠,#9,K5,340000,2025-08-10 10:30:00,2025-08-10 17:36:00,7.1,False
燃煤,台中電廠,#9,K5,50000,2025-08-10 17:36:00,2025-08-11 08:00:00,14.4,False
燃煤,台中電廠,#9,KK,15000,2025-08-11 08:00:00,2025-08-11 20:59:00,12.983333333333333,False
燃煤,台中電廠,#9,K5,50000,2025-08-11 20:59:00,2025-08-12 10:20:00,13.35,False
燃煤,台中電廠,#9,KK,3000,2025-08-12 10:20:00,2025-08-12 14:19:00,3.9833333333333334,False
燃煤,台中電廠,#9,K5,50000,2025-08-12 14:19:00,2025-08-13 07:03:00,16.733333333333334,False
燃煤,台中電廠,#9,KK,30000,2025-08-13 07:03:00,2025-08-13 13:22:00,6.316666666666666,False
燃煤,台中電廠,#9,K5,20000,2025-08-13 13:22:00,2025-08-14 09:40:00,20.3,False
燃煤,台中電廠,#9,KK,3000,2025-08-14 09:40:00,2025-08-14 15:48:00,6.133333333333334,False
燃煤,台中電廠,#9,K5,35000,2025-08-14 15:48:00,2025-08-15 10:15:00,18.45,False
燃煤,台中電廠,#9,KK,2000,2025-08-15 10:15:00,2025-08-15 15:10:00,4.916666666666667,False
燃煤,台中電廠,#9,K5,50000,2025-08-15 15:10:00,2025-08-16 10:15:00,19.083333333333332,False
燃煤,台中電廠,#9,KK,4000,2025-08-16 10:15:00,2025-08-16 14:50:00,4.583333333333333,False
燃煤,台中電廠,#9,K5,15000,2025-08-16 14:50:00,2025-08-18 00:25:00,33.583333333333336,False
燃煤,台中電廠,#9,K5,80000,2025-08-18 00:25:00,2025-08-25 15:42:00,183.28333333333333,False
燃煤,台中電廠,#9,K5,130000,2025-08-25 15:42:00,2025-08-28 00:00:00,56.3,False
燃煤,台中電廠,#9,K5,50000,2025-08-28 00:00:00,2025-08-29 10:17:00,34.28333333333333,False
燃煤,台中電廠,#9,K5,90000,2025-08-29 10:17:00,2025-08-30 00:00:00,13.716666666666667,False
燃煤,台中電廠,#9,K5,90000,2025-08-30 05:41:00,2025-08-30 06:21:00,0.6666666666666666,False
燃煤,台中電廠,#10,K10,550000,2025-08-01 00:00:00,2025-08-31 23:59:00,743.9833333333333,False
燃煤,興達電廠,#3,K2,550000,2025-08-01 00:00:00,2025-08-31 23:59:00,743.9833333333333,False
燃煤,興達電廠,#4,K2,550000,2025-08-01 00:00:00,2025-08-31 23:59:00,743.9833333333333,False
燃氣,興達電廠,興複GT5-2,K6,90830,2025-08-01 00:00:00,2025-08-01 13:45:00,13.75,False
燃氣,興達電廠,興複GT1-2,K6,90830,2025-08-05 09:23:00,2025-08-05 11:19:00,1.9333333333333333,False
燃氣,興達電廠,興新複GT1-1,K6,425648,2025-08-10 07:54:00,2025-08-10 13:58:00,6.066666666666666,False
燃氣,興達電廠,興新複GT1-2,K6,425648,2025-08-10 07:53:00,2025-08-10 14:40:00,6.783333333333333,False
燃氣,興達電廠,興新複GT1-2,K6,425648,2025-08-29 22:27:00,2025-08-31 03:47:00,29.333333333333332,False
燃氣,興達電廠,興新複ST1,K6,448703,2025-08-10 07:41:00,2025-08-10 14:25:00,6.733333333333333,False
燃氣,南部電廠,南複GT3-2,K6,86500,2025-08-01 00:00:00,2025-08-06 12:10:00,132.16666666666666,False
燃氣,南部電廠,南複GT3-2,K21,86500,2025-08-06 12:10:00,2025-08-06 13:57:00,1.7833333333333334,False
燃氣,南部電廠,南複GT1-1,K6,86500,2025-08-11 00:29:00,2025-08-11 17:46:00,17.283333333333335,False
燃煤,大林電廠,#1,K5,100000,2025-08-21 13:27:00,2025-08-21 16:27:00,3.0,False
燃煤,大林電廠,#1,K5,560000,2025-08-22 22:00:00,2025-08-23 12:30:00,14.5,False
燃煤,大林電廠,#2,K5,200000,2025-08-09 06:30:00,2025-08-09 16:43:00,10.216666666666667,False
燃煤,大林電廠,#2,K5,400000,2025-08-24 07:00:00,2025-08-24 13:51:00,6.85,False
燃氣,大林電廠,#6,K5,200000,2025-08-04 11:14:00,2025-08-05 14:15:00,27.016666666666666,False
燃油,尖山電廠,#1,K6,10443,2025-08-06 08:45:00,2025-08-16 15:00:00,246.25,False
燃油,尖山電廠,#1,K6,10443,2025-08-30 23:12:00,2025-08-31 23:59:00,24.783333333333335,False
燃油,尖山電廠,#10,K6,11000,2025-08-25 08:40:00,2025-08-25 19:35:00,10.916666666666666,False
燃油,尖山電廠,#10,K6,11000,2025-08-26 09:39:00,2025-08-26 14:35:00,4.933333333333334,False
燃油,協和電廠,南竿#12,K10,2500,2025-08-01 00:00:00,2025-08-31 23:59:00,743.9833333333333,False
抽蓄水力,明潭電廠,明潭#2,K6,267000,2025-08-06 08:00:00,2025-08-06 14:04:00,6.066666666666666,False
抽蓄水力,明潭電廠,明潭#5,K6,267000,2025-08-19 14:20:00,2025-08-19 15:30:00,1.1666666666666667,False
抽蓄水力,明潭電廠,明潭#5,K6,267000,2025-08-20 14:50:00,2025-08-20 15:35:00,0.75,False
抽蓄水力,明潭電廠,明潭#6,K6,267000,2025-08-21 10:22:00,2025-08-21 11:00:00,0.6333333333333333,False
燃油,琉球電廠,#4,KK,1500,2025-08-01 00:00:00,2025-08-31 23:59:00,743.9833333333333,False
燃油,綠島電廠,#7,K10,1000,2025-08-01 00:00:00,2025-08-31 23:59:00,743.9833333333333,False
燃油,七美電廠,#4,K10,1000,2025-08-06 00:00:00,2025-08-31 23:59:00,623.9833333333333,False
燃油,望安電廠,#2,K10,1000,2025-08-14 00:00:00,2025-08-31 23:59:00,431.98333333333335,False
燃油,東引電廠,#5,K7,1500,2025-08-07 00:00:00,2025-08-31 23:59:00,599.9833333333333,True
燃油,莒光電廠,#7,K10,1000,2025-08-01 00:00:00,2025-08-23 23:59:00,551.9833333333333,False
燃油,莒光電廠,#3,K7,1500,2025-08-01 00:00:00,2025-08-31 23:59:00,743.9833333333333,True
燃油,莒光電廠,#4,K7,1500,2025-08-01 00:00:00,2025-08-31 23:59:00,743.9833333333333,True
燃油,協和電廠,#3,K5,360000,2025-09-01 00:00:00,2025-09-30 23:59:00,719.9833333333333,False
燃油,協和電廠,#4,K5,360000,2025-09-01 00:00:00,2025-09-26 20:38:00,620.6333333333333,False
燃油,協和電廠,#4,K6,500000,2025-09-26 20:38:00,2025-09-29 11:47:00,63.15,False
燃油,協和電廠,#4,K5,360000,2025-09-29 11:47:00,2025-09-30 23:59:00,36.2,False
燃煤,林口電廠,#1,K5,52700,2025-09-06 08:39:00,2025-09-06 10:24:00,1.75,False
燃煤,林口電廠,#2,K5,57878,2025-09-07 07:58:00,2025-09-07 09:48:00,1.8333333333333333,False
燃煤,林口電廠,#3,K5,43766,2025-09-07 09:49:00,2025-09-07 11:25:00,1.6,False
燃煤,林口電廠,#1,K5,48533,2025-09-13 09:09:00,2025-09-13 10:30:00,1.35,False
燃煤,林口電廠,#3,K5,54533,2025-09-14 08:30:00,2025-09-14 10:00:00,1.5,False
燃煤,林口電廠,#2,K5,800000,2025-09-15 09:47:00,2025-09-30 23:59:00,374.2,False
燃煤,林口電廠,#1,K22,800000,2025-09-17 01:32:00,2025-09-23 16:55:00,159.38333333333333,True
燃煤,林口電廠,#3,K5,63350,2025-09-29 09:25:00,2025-09-29 11:00:00,1.5833333333333333,False
燃氣,大潭電廠,潭複ST1,K7,282200,2025-09-01 00:00:00,2025-09-30 23:59:00,719.9833333333333,True
燃氣,大潭電廠,潭複GT2-1,K6,153500,2025-09-01 00:00:00,2025-09-01 10:16:00,10.266666666666667,False
燃氣,大潭電廠,潭複GT1-1,K6,153500,2025-09-06 00:00:00,2025-09-06 17:40:00,17.666666666666668,False
燃氣,大潭電廠,潭複GT1-2,K6,153500,2025-09-06 00:00:00,2025-09-06 17:40:00,17.666666666666668,False
燃氣,大潭電廠,潭複GT1-3,K6,153500,2025-09-06 00:00:00,2025-09-06 17:40:00,17.666666666666668,False
燃氣,大潭電廠,潭複GT2-1,K5,76750,2025-09-14 08:30:00,2025-09-14 17:30:00,9.0,False
燃氣,大潭電廠,潭複GT2-2,K5,76750,2025-09-14 08:30:00,2025-09-14 17:30:00,9.0,False
燃氣,大潭電廠,潭複GT2-3,K5,76750,2025-09-14 08:30:00,2025-09-14 17:30:00,9.0,False
燃氣,大潭電廠,潭複ST2,K5,141100,2025-09-14 08:30:00,2025-09-14 17:30:00,9.0,False
燃氣,大潭電廠,潭複GT3-2,K5,116950,2025-09-05 13:25:00,2025-09-05 14:10:00,0.75,False
燃氣,大潭電廠,潭複GT4-1,K5,116950,2025-09-10 00:01:00,2025-09-29 01:07:00,457.1,False
燃氣,大潭電廠,潭複GT4-1,K6,233900,2025-09-29 01:07:00,2025-09-29 15:32:00,14.416666666666666,False
燃氣,大潭電廠,潭複GT6-1,K5,116950,2025-09-01 09:15:00,2025-09-01 20:30:00,11.25,False
燃氣,大潭電廠,潭複GT6-2,K5,116950,2025-09-01 09:15:00,2025-09-01 20:30:00,11.25,False
燃氣,大潭電廠,潭複ST6,K5,128450,2025-09-01 09:15:00,2025-09-01 20:30:00,11.25,False
燃氣,大潭電廠,潭複GT5-1,K7,233900,2025-09-30 13:56:00,2025-09-30 23:59:00,10.05,True
燃氣,大潭電廠,潭複GT7-1,K7,300000,2025-09-19 21:21:00,2025-09-20 05:04:00,7.716666666666667,True
燃氣,大潭電廠,潭複GT9-2,K7,366395,2025-09-21 17:17:00,2025-09-26 11:31:00,114.23333333333333,True
燃氣,大潭電廠,潭複GT7-1,K5,150000,2025-09-30 09:07:00,2025-09-30 14:25:00,5.3,False
燃氣,大潭電廠,潭複GT7-2,K5,150000,2025-09-30 09:07:00,2025-09-30 14:25:00,5.3,False
燃氣,大潭電廠,潭複ST7,K5,156571,2025-09-30 09:07:00,2025-09-30 14:25:00,5.3,False
燃氣,通霄電廠,通複GT6-1,K5,11000,2025-09-01 00:00:00,2025-09-30 23:59:00,719.9833333333333,False
燃氣,通霄電廠,通複GT6-1,K5,160600,2025-09-27 18:27:00,2025-09-27 20:33:00,2.1,False
燃氣,通霄電廠,通霄GT9-2,K7,30142,2025-09-12 17:29:00,2025-09-30 23:59:00,438.5,True
燃氣,通霄電廠,通霄GT9-6,K6,30142,2025-09-30 08:50:00,2025-09-30 11:00:00,2.1666666666666665,False
燃煤,台中電廠,#1,K5,8000,2025-09-01 00:00:00,2025-09-01 18:15:00,18.25,False
燃煤,台中電廠,#1,K5,150000,2025-09-01 18:15:00,2025-09-01 21:03:00,2.8,False
燃煤,台中電廠,#1,K5,100000,2025-09-01 21:03:00,2025-09-02 00:01:00,2.966666666666667,False
燃煤,台中電廠,#1,K5,300000,2025-09-02 00:01:00,2025-09-02 09:49:00,9.8,False
燃煤,台中電廠,#1,K5,200000,2025-09-02 09:49:00,2025-09-15 06:38:00,308.81666666666666,False
燃煤,台中電廠,#1,K5,150000,2025-09-15 06:38:00,2025-09-20 22:25:00,135.78333333333333,False
燃煤,台中電廠,#1,K5,50000,2025-09-20 22:25:00,2025-09-21 00:00:00,1.5833333333333333,False
燃煤,台中電廠,#1,K5,150000,2025-09-21 00:00:00,2025-09-22 06:00:00,30.0,False
燃煤,台中電廠,#1,K5,250000,2025-09-22 06:00:00,2025-09-22 06:30:00,0.5,False
燃煤,台中電廠,#1,K5,150000,2025-09-22 06:30:00,2025-09-29 06:31:00,168.01666666666668,False
燃煤,台中電廠,#1,K5,30000,2025-09-29 06:31:00,2025-09-29 07:16:00,0.75,False
燃煤,台中電廠,#1,K5,50000,2025-09-29 07:16:00,2025-09-30 23:59:00,40.71666666666667,False
燃煤,台中電廠,#2,K5,10000,2025-09-01 00:00:00,2025-09-01 18:15:00,18.25,False
燃煤,台中電廠,#2,K5,150000,2025-09-01 18:15:00,2025-09-01 21:03:00,2.8,False
燃煤,台中電廠,#2,K5,70000,2025-09-01 21:03:00,2025-09-02 00:01:00,2.966666666666667,False
燃煤,台中電廠,#2,K5,290000,2025-09-02 00:01:00,2025-09-02 09:49:00,9.8,False
燃煤,台中電廠,#2,K5,100000,2025-09-02 09:49:00,2025-09-05 18:52:00,81.05,False
燃煤,台中電廠,#2,K5,30000,2025-09-05 18:52:00,2025-09-05 21:38:00,2.7666666666666666,False
燃煤,台中電廠,#2,K5,250000,2025-09-05 21:38:00,2025-09-08 05:50:00,56.2,False
燃煤,台中電廠,#2,K5,130000,2025-09-08 05:50:00,2025-09-08 06:20:00,0.5,False
燃煤,台中電廠,#2,K5,50000,2025-09-08 06:20:00,2025-09-11 00:00:00,65.66666666666667,False
燃煤,台中電廠,#2,K5,30000,2025-09-11 00:00:00,2025-09-11 01:00:00,1.0,False
燃煤,台中電廠,#2,K5,50000,2025-09-11 01:00:00,2025-09-15 06:59:00,101.98333333333333,False
燃煤,台中電廠,#2,K5,80000,2025-09-15 06:59:00,2025-09-15 12:35:00,5.6,False
燃煤,台中電廠,#2,K5,20000,2025-09-15 12:35:00,2025-09-15 12:54:00,0.31666666666666665,False
燃煤,台中電廠,#2,K5,250000,2025-09-15 12:54:00,2025-09-29 05:30:00,328.6,False
燃煤,台中電廠,#2,K5,50000,2025-09-29 05:30:00,2025-09-29 06:31:00,1.0166666666666666,False
燃煤,台中電廠,#2,K5,80000,2025-09-29 06:31:00,2025-09-30 23:59:00,41.46666666666667,False
燃煤,台中電廠,#3,K5,50000,2025-09-01 00:00:00,2025-09-01 18:15:00,18.25,False
燃煤,台中電廠,#3,K5,150000,2025-09-01 18:15:00,2025-09-01 21:03:00,2.8,False
燃煤,台中電廠,#3,K5,50000,2025-09-01 21:03:00,2025-09-02 00:01:00,2.966666666666667,False
燃煤,台中電廠,#3,K5,290000,2025-09-02 00:01:00,2025-09-02 09:49:00,9.8,False
燃煤,台中電廠,#3,K5,200000,2025-09-02 09:49:00,2025-09-02 14:00:00,4.183333333333334,False
燃煤,台中電廠,#3,KK,5000,2025-09-02 14:00:00,2025-09-02 22:30:00,8.5,False
燃煤,台中電廠,#3,K5,100000,2025-09-02 22:30:00,2025-09-03 06:39:00,8.15,False
燃煤,台中電廠,#3,K5,150000,2025-09-03 06:39:00,2025-09-06 18:53:00,84.23333333333333,False
燃煤,台中電廠,#3,K5,100000,2025-09-06 18:53:00,2025-09-07 00:00:00,5.116666666666666,False
燃煤,台中電廠,#3,K5,150000,2025-09-07 00:00:00,2025-09-09 06:20:00,54.333333333333336,False
燃煤,台中電廠,#3,K5,50000,2025-09-09 06:20:00,2025-09-09 06:39:00,0.31666666666666665,False
燃煤,台中電廠,#3,K5,150000,2025-09-09 06:39:00,2025-09-21 14:03:00,295.4,False
燃煤,台中電廠,#3,K5,190000,2025-09-22 00:00:00,2025-09-28 00:00:00,144.0,False
燃煤,台中電廠,#3,K5,250000,2025-09-28 00:00:00,2025-09-28 05:35:00,5.583333333333333,False
燃煤,台中電廠,#3,K6,550000,2025-09-28 05:35:00,2025-09-30 23:59:00,66.4,False
燃煤,台中電廠,#4,K5,50000,2025-09-01 00:00:00,2025-09-01 18:15:00,18.25,False
燃煤,台中電廠,#4,K5,150000,2025-09-01 18:15:00,2025-09-01 21:03:00,2.8,False
燃煤,台中電廠,#4,K5,70000,2025-09-01 21:03:00,2025-09-02 00:01:00,2.966666666666667,False
燃煤,台中電廠,#4,K5,290000,2025-09-02 00:01:00,2025-09-02 09:49:00,9.8,False
燃煤,台中電廠,#4,K5,100000,2025-09-02 09:49:00,2025-09-03 06:59:00,21.166666666666668,False
燃煤,台中電廠,#4,K5,150000,2025-09-03 06:59:00,2025-09-03 07:22:00,0.38333333333333336,False
燃煤,台中電廠,#4,K5,100000,2025-09-03 07:22:00,2025-09-03 13:11:00,5.816666666666666,False
燃煤,台中電廠,#4,KK,10000,2025-09-03 13:11:00,2025-09-03 21:34:00,8.383333333333333,False
燃煤,台中電廠,#4,K5,150000,2025-09-03 21:34:00,2025-09-08 15:07:00,113.55,False
燃煤,台中電廠,#4,K5,20000,2025-09-08 15:07:00,2025-09-09 00:00:00,8.883333333333333,False
燃煤,台中電廠,#4,K5,50000,2025-09-09 00:00:00,2025-09-09 06:20:00,6.333333333333333,False
燃煤,台中電廠,#4,K5,80000,2025-09-09 06:20:00,2025-09-13 00:00:00,89.66666666666667,False
燃煤,台中電廠,#4,K5,190000,2025-09-13 00:00:00,2025-09-14 06:00:00,30.0,False
燃煤,台中電廠,#4,K5,200000,2025-09-14 06:00:00,2025-09-14 21:31:00,15.516666666666667,False
燃煤,台中電廠,#4,K5,100000,2025-09-14 21:31:00,2025-09-20 20:10:00,142.65,False
燃煤,台中電廠,#4,K5,70000,2025-09-20 20:10:00,2025-09-20 22:00:00,1.8333333333333333,False
燃煤,台中電廠,#4,K5,200000,2025-09-20 22:00:00,2025-09-30 06:03:00,224.05,False
燃煤,台中電廠,#4,K5,50000,2025-09-30 06:03:00,2025-09-30 06:24:00,0.35,False
燃煤,台中電廠,#4,K5,10000,2025-09-30 06:24:00,2025-09-30 23:59:00,17.583333333333332,False
燃油,台中電廠,台中GAS#1,K6,53700,2025-09-30 19:45:00,2025-09-30 23:30:00,3.75,False
燃煤,台中電廠,#5,K5,100000,2025-09-01 00:00:00,2025-09-03 06:20:00,54.333333333333336,False
燃煤,台中電廠,#5,K5,150000,2025-09-03 06:20:00,2025-09-03 06:37:00,0.2833333333333333,False
燃煤,台中電廠,#5,K5,200000,2025-09-03 06:37:00,2025-09-04 13:05:00,30.466666666666665,False
燃煤,台中電廠,#5,KK,3000,2025-09-04 13:05:00,2025-09-04 22:05:00,9.0,False
燃煤,台中電廠,#5,K5,100000,2025-09-04 22:05:00,2025-09-09 13:30:00,111.41666666666667,False
燃煤,台中電廠,#5,KK,50000,2025-09-09 13:30:00,2025-09-09 15:25:00,1.9166666666666667,False
燃煤,台中電廠,#5,K5,200000,2025-09-09 15:25:00,2025-09-19 10:00:00,234.58333333333334,False
燃煤,台中電廠,#5,KK,5000,2025-09-19 10:00:00,2025-09-19 18:10:00,8.166666666666666,False
燃煤,台中電廠,#5,K5,3000,2025-09-19 18:10:00,2025-09-20 06:29:00,12.316666666666666,False
燃煤,台中電廠,#5,K5,40000,2025-09-20 06:29:00,2025-09-20 06:52:00,0.38333333333333336,False
燃煤,台中電廠,#5,K5,200000,2025-09-20 06:52:00,2025-09-24 15:00:00,104.13333333333334,False
燃煤,台中電廠,#5,KK,3000,2025-09-24 15:00:00,2025-09-24 17:00:00,2.0,False
燃煤,台中電廠,#5,K5,200000,2025-09-24 17:00:00,2025-09-25 07:05:00,14.083333333333334,False
燃煤,台中電廠,#5,K5,240000,2025-09-25 07:05:00,2025-09-25 07:22:00,0.2833333333333333,False
燃煤,台中電廠,#5,K5,100000,2025-09-25 07:22:00,2025-09-30 19:30:00,132.13333333333333,False
燃煤,台中電廠,#5,K7,550000,2025-09-30 19:30:00,2025-09-30 23:59:00,4.483333333333333,True
燃煤,台中電廠,#6,K5,100000,2025-09-01 00:00:00,2025-09-03 06:00:00,54.0,False
燃煤,台中電廠,#6,K5,150000,2025-09-03 06:00:00,2025-09-03 06:19:00,0.31666666666666665,False
燃煤,台中電廠,#6,K5,100000,2025-09-03 06:19:00,2025-09-03 14:20:00,8.016666666666667,False
燃煤,台中電廠,#6,K5,20000,2025-09-03 14:20:00,2025-09-03 18:00:00,3.6666666666666665,False
燃煤,台中電廠,#6,K5,200000,2025-09-03 18:00:00,2025-09-05 13:08:00,43.13333333333333,False
燃煤,台中電廠,#6,KK,3000,2025-09-05 13:08:00,2025-09-05 22:00:00,8.866666666666667,False
燃煤,台中電廠,#6,K5,200000,2025-09-05 22:00:00,2025-09-09 15:04:00,89.06666666666666,False
燃煤,台中電廠,#6,K5,15000,2025-09-09 15:04:00,2025-09-09 18:00:00,2.933333333333333,False
燃煤,台中電廠,#6,K5,200000,2025-09-09 18:00:00,2025-09-17 09:52:00,183.86666666666667,False
燃煤,台中電廠,#6,KK,3000,2025-09-17 09:52:00,2025-09-17 19:05:00,9.216666666666667,False
燃煤,台中電廠,#6,K5,3000,2025-09-17 19:05:00,2025-09-18 09:05:00,14.0,False
燃煤,台中電廠,#6,KK,3000,2025-09-18 09:05:00,2025-09-18 19:36:00,10.516666666666667,False
燃煤,台中電廠,#6,K5,100000,2025-09-18 19:36:00,2025-09-20 07:15:00,35.65,False
燃煤,台中電廠,#6,K5,200000,2025-09-20 07:15:00,2025-09-25 06:40:00,119.41666666666667,False
燃煤,台中電廠,#6,K5,250000,2025-09-25 06:40:00,2025-09-25 07:05:00,0.4166666666666667,False
燃煤,台中電廠,#6,K5,300000,2025-09-25 07:05:00,2025-09-30 23:59:00,136.9,False
燃煤,台中電廠,#7,K5,100000,2025-09-01 00:00:00,2025-09-01 13:30:00,13.5,False
燃煤,台中電廠,#7,K5,30000,2025-09-01 13:30:00,2025-09-01 23:00:00,9.5,False
燃煤,台中電廠,#7,K5,20000,2025-09-01 23:00:00,2025-09-02 00:00:00,1.0,False
燃煤,台中電廠,#7,K5,100000,2025-09-02 00:00:00,2025-09-04 05:57:00,53.95,False
燃煤,台中電廠,#7,K5,180000,2025-09-04 05:57:00,2025-09-04 06:23:00,0.43333333333333335,False
燃煤,台中電廠,#7,K5,200000,2025-09-04 06:23:00,2025-09-12 00:00:00,185.61666666666667,False
燃煤,台中電廠,#7,K5,50000,2025-09-12 00:00:00,2025-09-13 00:00:00,24.0,False
燃煤,台中電廠,#7,K5,230000,2025-09-13 00:00:00,2025-09-13 21:51:00,21.85,False
燃煤,台中電廠,#7,K5,250000,2025-09-13 21:51:00,2025-09-14 13:32:00,15.683333333333334,False
燃煤,台中電廠,#7,K5,60000,2025-09-14 13:32:00,2025-09-14 23:00:00,9.466666666666667,False
燃煤,台中電廠,#7,K5,50000,2025-09-14 23:00:00,2025-09-20 09:52:00,130.86666666666667,False
燃煤,台中電廠,#7,K5,230000,2025-09-20 09:52:00,2025-09-20 12:25:00,2.55,False
燃煤,台中電廠,#7,K5,20000,2025-09-20 12:25:00,2025-09-20 17:06:00,4.683333333333334,False
燃煤,台中電廠,#7,K5,200000,2025-09-20 17:06:00,2025-09-25 06:00:00,108.9,False
燃煤,台中電廠,#7,K5,250000,2025-09-25 06:00:00,2025-09-25 06:20:00,0.3333333333333333,False
燃煤,台中電廠,#7,K5,300000,2025-09-25 06:20:00,2025-09-30 22:26:00,136.1,False
燃煤,台中電廠,#7,K6,550000,2025-09-30 22:26:00,2025-09-30 23:59:00,1.55,False
燃煤,台中電廠,#8,K5,150000,2025-09-01 00:00:00,2025-09-04 06:33:00,78.55,False
燃煤,台中電廠,#8,K5,200000,2025-09-04 06:33:00,2025-09-04 13:35:00,7.033333333333333,False
燃煤,台中電廠,#8,K5,20000,2025-09-04 13:35:00,2025-09-04 19:36:00,6.016666666666667,False
燃煤,台中電廠,#8,K5,100000,2025-09-04 19:36:00,2025-09-05 19:52:00,24.266666666666666,False
燃煤,台中電廠,#8,K5,200000,2025-09-05 19:52:00,2025-09-07 15:25:00,43.55,False
燃煤,台中電廠,#8,K5,150000,2025-09-07 15:25:00,2025-09-08 15:20:00,23.916666666666668,False
燃煤,台中電廠,#8,K5,80000,2025-09-08 15:20:00,2025-09-13 15:30:00,120.16666666666667,False
燃煤,台中電廠,#8,K5,230000,2025-09-13 15:30:00,2025-09-13 19:55:00,4.416666666666667,False
燃煤,台中電廠,#8,K5,150000,2025-09-13 19:55:00,2025-09-20 09:30:00,157.58333333333334,False
燃煤,台中電廠,#8,K5,110000,2025-09-20 09:30:00,2025-09-20 09:52:00,0.36666666666666664,False
燃煤,台中電廠,#8,K5,250000,2025-09-20 09:52:00,2025-09-25 06:25:00,116.55,False
燃煤,台中電廠,#8,K5,230000,2025-09-25 06:25:00,2025-09-25 06:38:00,0.21666666666666667,False
燃煤,台中電廠,#8,K5,200000,2025-09-25 06:38:00,2025-09-30 23:59:00,137.35,False
燃煤,台中電廠,#9,K5,80000,2025-09-01 00:00:00,2025-09-01 21:03:00,21.05,False
燃煤,台中電廠,#9,K5,120000,2025-09-01 21:03:00,2025-09-02 09:49:00,12.766666666666667,False
燃煤,台中電廠,#9,K5,80000,2025-09-02 09:49:00,2025-09-05 06:25:00,68.6,False
燃煤,台中電廠,#9,KK,80000,2025-09-05 11:50:00,2025-09-11 09:20:00,141.5,False
燃煤,台中電廠,#9,KK,50000,2025-09-11 09:20:00,2025-09-11 17:10:00,7.833333333333333,False
燃煤,台中電廠,#9,KK,50000,2025-09-12 09:00:00,2025-09-12 17:21:00,8.35,False
燃煤,台中電廠,#9,K5,50000,2025-09-13 00:00:00,2025-09-13 05:20:00,5.333333333333333,False
燃煤,台中電廠,#9,K5,60000,2025-09-13 05:20:00,2025-09-13 06:27:00,1.1166666666666667,False
燃煤,台中電廠,#9,K5,50000,2025-09-13 06:27:00,2025-09-20 05:32:00,167.08333333333334,False
燃煤,台中電廠,#9,K5,80000,2025-09-20 05:32:00,2025-09-20 06:32:00,1.0,False
燃煤,台中電廠,#9,K5,100000,2025-09-20 06:32:00,2025-09-26 05:36:00,143.06666666666666,False
燃煤,台中電廠,#9,K5,90000,2025-09-26 05:36:00,2025-09-26 06:19:00,0.7166666666666667,False
燃煤,台中電廠,#9,K5,50000,2025-09-26 06:19:00,2025-09-30 23:59:00,113.66666666666667,False
燃煤,台中電廠,#10,K10,550000,2025-09-01 00:00:00,2025-09-29 10:29:00,682.4833333333333,False
燃煤,台中電廠,#10,K10,430000,2025-09-29 10:29:00,2025-09-30 00:00:00,13.516666666666667,False
燃煤,台中電廠,#10,K5,250000,2025-09-30 00:00:00,2025-09-30 16:50:00,16.833333333333332,False
燃煤,台中電廠,#10,K5,50000,2025-09-30 16:50:00,2025-09-30 23:59:00,7.15,False
燃煤,興達電廠,#3,K2,550000,2025-09-01 00:00:00,2025-09-15 00:03:00,336.05,False
燃煤,興達電廠,#3,K1,150000,2025-09-15 00:03:00,2025-09-16 00:00:00,23.95,False
燃煤,興達電廠,#3,K5,150000,2025-09-16 00:00:00,2025-09-23 00:00:00,168.0,False
燃煤,興達電廠,#3,K2,550000,2025-09-23 00:00:00,2025-09-23 05:59:00,5.983333333333333,False
燃煤,興達電廠,#3,K1,260000,2025-09-23 05:59:00,2025-09-24 00:00:00,18.016666666666666,False
燃煤,興達電廠,#3,K2,550000,2025-09-28 00:00:00,2025-09-30 23:59:00,71.98333333333333,False
燃煤,興達電廠,#4,K2,550000,2025-09-01 00:00:00,2025-09-10 00:00:00,216.0,False
燃煤,興達電廠,#4,K2,150000,2025-09-11 00:00:00,2025-09-11 23:59:00,23.983333333333334,False
燃煤,興達電廠,#4,K2,550000,2025-09-12 00:00:00,2025-09-15 01:50:00,73.83333333333333,False
燃煤,興達電廠,#4,K1,100000,2025-09-15 01:50:00,2025-09-17 00:00:00,46.166666666666664,False
燃煤,興達電廠,#4,K5,10000,2025-09-18 00:00:00,2025-09-19 00:00:00,24.0,False
燃煤,興達電廠,#4,K5,50000,2025-09-19 04:34:00,2025-09-23 00:00:00,91.43333333333334,False
燃煤,興達電廠,#4,K2,550000,2025-09-29 13:31:00,2025-09-30 23:59:00,34.46666666666667,False
燃氣,興達電廠,興複GT2-2,K6,90830,2025-09-03 09:00:00,2025-09-03 12:29:00,3.4833333333333334,False
燃氣,興達電廠,興複GT5-3,K4,90830,2025-09-07 21:36:00,2025-09-08 00:00:00,2.4,True
燃氣,興達電廠,興複GT5-3,K7,90830,2025-09-07 21:36:00,2025-09-09 00:00:00,26.4,True
燃氣,興達電廠,興複GT2-2,K6,90830,2025-09-08 09:06:00,2025-09-08 10:46:00,1.6666666666666667,False
燃氣,興達電廠,興複GT2-2,K6,90830,2025-09-12 23:45:00,2025-09-13 13:37:00,13.866666666666667,False
燃氣,興達電廠,興複GT3-1,K5,30830,2025-09-14 08:05:00,2025-09-14 09:30:00,1.4166666666666667,False
燃氣,興達電廠,興複GT3-2,K5,30830,2025-09-14 08:05:00,2025-09-14 09:30:00,1.4166666666666667,False
燃氣,興達電廠,興複GT3-3,K5,30830,2025-09-14 08:05:00,2025-09-14 09:30:00,1.4166666666666667,False
燃氣,興達電廠,興複ST3,K5,52700,2025-09-14 08:05:00,2025-09-14 09:30:00,1.4166666666666667,False
燃氣,興達電廠,興複GT2-1,K5,30830,2025-09-27 08:00:00,2025-09-27 09:43:00,1.7166666666666666,False
燃氣,興達電廠,興複GT2-2,K5,30830,2025-09-27 08:00:00,2025-09-27 09:43:00,1.7166666666666666,False
燃氣,興達電廠,興複GT2-3,K5,30830,2025-09-27 08:00:00,2025-09-27 09:43:00,1.7166666666666666,False
燃氣,興達電廠,興複ST2,K5,47700,2025-09-27 08:00:00,2025-09-27 09:43:00,1.7166666666666666,False
燃氣,興達電廠,興複ST1,K6,172700,2025-09-28 08:27:00,2025-09-28 11:15:00,2.8,False
燃氣,南部電廠,南複ST2,K6,100000,2025-09-05 00:21:00,2025-09-08 16:38:00,88.28333333333333,False
燃氣,南部電廠,南複ST2,K5,100000,2025-09-11 20:14:00,2025-09-30 23:59:00,459.75,False
燃煤,大林電廠,#1,K5,560000,2025-09-02 22:01:00,2025-09-03 21:54:00,23.883333333333333,False
燃煤,大林電廠,#1,K5,100000,2025-09-12 12:59:00,2025-09-12 13:39:00,0.6666666666666666,False
燃煤,大林電廠,#1,K5,50000,2025-09-14 20:48:00,2025-09-14 22:21:00,1.55,False
燃煤,大林電廠,#1,K5,100000,2025-09-15 01:52:00,2025-09-15 13:05:00,11.216666666666667,False
燃煤,大林電廠,#1,K5,100000,2025-09-23 17:08:00,2025-09-23 18:20:00,1.2,False
燃煤,大林電廠,#1,K5,100000,2025-09-23 21:00:00,2025-09-23 21:40:00,0.6666666666666666,False
燃煤,大林電廠,#1,K5,100000,2025-09-25 20:35:00,2025-09-25 21:30:00,0.9166666666666666,False
燃煤,大林電廠,#1,K5,560000,2025-09-28 23:00:00,2025-09-29 13:00:00,14.0,False
燃煤,大林電廠,#1,K5,100000,2025-09-30 22:21:00,2025-09-30 23:15:00,0.9,False
燃煤,大林電廠,#2,K5,100000,2025-09-08 13:40:00,2025-09-08 16:41:00,3.0166666666666666,False
燃煤,大林電廠,#2,K5,400000,2025-09-14 08:00:00,2025-09-14 10:30:00,2.5,False
燃煤,大林電廠,#2,K5,100000,2025-09-17 00:32:00,2025-09-17 07:00:00,6.466666666666667,False
燃煤,大林電廠,#2,K5,20000,2025-09-27 14:07:00,2025-09-30 07:05:00,64.96666666666667,False
燃油,尖山電廠,#1,K6,10443,2025-09-01 00:00:00,2025-09-02 19:40:00,43.666666666666664,False
燃油,尖山電廠,#4,K6,10443,2025-09-08 08:51:00,2025-09-19 17:30:00,272.65,False
燃油,尖山電廠,#11,K6,11000,2025-09-05 09:26:00,2025-09-05 12:06:00,2.6666666666666665,False
燃油,協和電廠,南竿#8,K10,1540,2025-09-08 08:41:00,2025-09-30 23:59:00,543.3,False
燃油,協和電廠,南竿#12,K10,2500,2025-09-01 00:00:00,2025-09-30 23:59:00,719.9833333333333,False
燃油,塔山電廠,塔山#9,K10,11150,2025-09-15 04:39:00,2025-09-30 23:59:00,379.3333333333333,False
抽蓄水力,明潭電廠,明潭#4,K6,267000,2025-09-04 08:31:00,2025-09-16 13:15:00,292.73333333333335,False
抽蓄水力,明潭電廠,明潭#6,K6,267000,2025-09-30 14:30:00,2025-09-30 16:30:00,2.0,False
抽蓄水力,大觀電廠,大觀(二)#1,K6,250000,2025-09-24 09:32:00,2025-09-30 15:54:00,150.36666666666667,False
燃油,琉球電廠,#4,KK,1500,2025-09-01 00:00:00,2025-09-30 23:59:00,719.9833333333333,False
燃油,綠島電廠,#1,K7,2000,2025-09-15 00:00:00,2025-09-30 23:59:00,383.98333333333335,True
燃油,綠島電廠,#7,K10,1000,2025-09-01 00:00:00,2025-09-30 23:59:00,719.9833333333333,False
燃油,綠島電廠,#9,K10,1500,2025-09-01 00:00:00,2025-09-30 23:59:00,719.9833333333333,False
燃油,七美電廠,#4,K10,1000,2025-09-01 00:00:00,2025-09-10 23:59:00,239.98333333333332,False
燃油,望安電廠,#2,K10,1000,2025-09-01 00:00:00,2025-09-11 23:59:00,263.98333333333335,False
燃油,東引電廠,#5,K7,1500,2025-09-30 10:00:00,2025-09-30 23:59:00,13.983333333333333,True
燃油,協和電廠,#3,K5,360000,2025-10-01 00:00:00,2025-10-09 11:30:00,203.5,False
燃油,協和電廠,#4,K5,360000,2025-10-01 00:00:00,2025-10-31 12:12:00,732.2,False
燃油,協和電廠,#3,K6,500000,2025-10-09 11:30:00,2025-10-13 05:58:00,90.46666666666667,False
燃油,協和電廠,#3,K5,360000,2025-10-13 05:58:00,2025-10-23 10:51:00,244.88333333333333,False
燃油,協和電廠,#3,K3,500000,2025-10-23 10:51:00,2025-10-27 04:52:00,90.01666666666667,False
燃油,協和電廠,#3,K5,360000,2025-10-27 04:52:00,2025-10-31 23:59:00,115.11666666666666,False
燃油,協和電廠,#4,K3,500000,2025-10-31 12:12:00,2025-10-31 23:59:00,11.783333333333333,False
燃煤,林口電廠,#2,K7,800000,2025-10-01 00:00:00,2025-10-30 23:59:00,719.9833333333333,True
燃煤,林口電廠,#1,K5,62400,2025-10-04 08:25:00,2025-10-04 09:52:00,1.45,False
燃煤,林口電廠,#3,K5,54850,2025-10-05 08:36:00,2025-10-05 10:10:00,1.5666666666666667,False
燃煤,林口電廠,#1,K5,54850,2025-10-11 09:34:00,2025-10-11 12:20:00,2.7666666666666666,False
燃煤,林口電廠,#3,K5,47733,2025-10-12 08:41:00,2025-10-12 10:19:00,1.6333333333333333,False
燃煤,林口電廠,#3,K5,86350,2025-10-25 15:47:00,2025-10-25 17:06:00,1.3166666666666667,False
燃煤,林口電廠,#3,K5,40900,2025-10-26 08:32:00,2025-10-26 10:16:00,1.7333333333333334,False
燃煤,林口電廠,#2,K10,800000,2025-10-31 00:00:00,2025-10-31 23:59:00,23.983333333333334,False
燃氣,大潭電廠,潭複GT1-1,K10,153500,2025-10-01 00:00:00,2025-10-31 23:59:00,743.9833333333333,False
燃氣,大潭電廠,潭複GT1-2,K6,153500,2025-10-16 00:00:00,2025-10-16 16:58:00,16.966666666666665,False
燃氣,大潭電廠,潭複GT2-2,K6,153500,2025-10-08 23:44:00,2025-10-09 14:39:00,14.916666666666666,False
燃氣,大潭電廠,潭複GT5-1,K7,233900,2025-10-01 00:00:00,2025-10-01 08:45:00,8.75,True
燃氣,大潭電廠,潭複GT5-1,K5,116950,2025-10-27 00:00:00,2025-10-29 13:24:00,61.4,False
燃氣,大潭電廠,潭複GT5-1,K6,233900,2025-10-29 13:24:00,2025-10-30 13:55:00,24.516666666666666,False
燃氣,大潭電廠,潭複GT5-1,K5,116950,2025-10-30 13:55:00,2025-10-31 12:20:00,22.416666666666668,False
燃氣,大潭電廠,潭複GT5-2,K5,116950,2025-10-27 00:00:00,2025-10-29 13:24:00,61.4,False
燃氣,大潭電廠,潭複GT5-2,K6,233900,2025-10-29 13:24:00,2025-10-30 13:55:00,24.516666666666666,False
燃氣,大潭電廠,潭複GT5-2,K5,116950,2025-10-30 13:55:00,2025-10-31 12:20:00,22.416666666666668,False
燃氣,大潭電廠,潭複GT6-1,K6,233900,2025-10-22 23:23:00,2025-10-23 21:59:00,22.6,False
燃氣,大潭電廠,潭複GT7-1,K5,150000,2025-10-02 10:07:00,2025-10-02 12:00:00,1.8833333333333333,False
燃氣,大潭電廠,潭複GT7-1,K5,150000,2025-10-03 08:43:00,2025-10-03 16:17:00,7.566666666666666,False
燃氣,大潭電廠,潭複GT7-1,K5,150000,2025-10-13 19:03:00,2025-10-13 21:00:00,1.95,False
燃氣,大潭電廠,潭複GT7-1,K6,300000,2025-10-18 00:22:00,2025-10-31 11:10:00,322.8,False
燃氣,大潭電廠,潭複GT7-2,K5,150000,2025-10-02 10:07:00,2025-10-02 12:00:00,1.8833333333333333,False
燃氣,大潭電廠,潭複GT7-2,K5,150000,2025-10-03 08:43:00,2025-10-03 16:17:00,7.566666666666666,False
燃氣,大潭電廠,潭複GT7-2,K6,300000,2025-10-18 00:22:00,2025-10-31 11:10:00,322.8,False
燃氣,大潭電廠,潭複GT8-1,K5,183198,2025-10-02 10:10:00,2025-10-02 10:50:00,0.6666666666666666,False
燃氣,大潭電廠,潭複GT8-1,K5,183198,2025-10-17 09:10:00,2025-10-17 11:12:00,2.033333333333333,False
燃氣,大潭電廠,潭複GT8-1,K5,183198,2025-10-23 13:41:00,2025-10-27 00:00:00,82.31666666666666,False
燃氣,大潭電廠,潭複GT8-1,K5,183198,2025-10-29 03:00:00,2025-10-31 23:59:00,68.98333333333333,False
燃氣,大潭電廠,潭複GT8-2,K5,183198,2025-10-02 10:10:00,2025-10-02 10:50:00,0.6666666666666666,False
燃氣,大潭電廠,潭複GT8-2,K5,183198,2025-10-17 09:10:00,2025-10-17 11:12:00,2.033333333333333,False
燃氣,大潭電廠,潭複GT8-2,K5,183198,2025-10-25 09:33:00,2025-10-27 07:28:00,45.916666666666664,False
燃氣,大潭電廠,潭複GT9-1,K5,183198,2025-10-02 10:10:00,2025-10-02 10:50:00,0.6666666666666666,False
燃氣,大潭電廠,潭複GT9-1,K5,183198,2025-10-15 09:06:00,2025-10-15 10:29:00,1.3833333333333333,False
燃氣,大潭電廠,潭複GT9-1,K5,183198,2025-10-16 08:48:00,2025-10-16 10:35:00,1.7833333333333334,False
燃氣,大潭電廠,潭複GT9-2,K5,183198,2025-10-02 10:10:00,2025-10-02 10:50:00,0.6666666666666666,False
燃氣,大潭電廠,潭複GT9-2,K5,183198,2025-10-15 09:06:00,2025-10-15 10:29:00,1.3833333333333333,False
燃氣,大潭電廠,潭複GT9-2,K5,183198,2025-10-16 08:48:00,2025-10-16 10:35:00,1.7833333333333334,False
燃氣,大潭電廠,潭複ST1,K7,282200,2025-10-01 00:00:00,2025-10-31 23:59:00,743.9833333333333,True
燃氣,大潭電廠,潭複ST5,K5,128450,2025-10-27 00:00:00,2025-10-29 13:24:00,61.4,False
燃氣,大潭電廠,潭複ST5,K6,256900,2025-10-29 13:24:00,2025-10-30 13:55:00,24.516666666666666,False
燃氣,大潭電廠,潭複ST5,K5,128450,2025-10-30 13:55:00,2025-10-31 12:20:00,22.416666666666668,False
燃氣,大潭電廠,潭複ST7,K5,156571,2025-10-02 10:07:00,2025-10-02 12:00:00,1.8833333333333333,False
燃氣,大潭電廠,潭複ST7,K5,156571,2025-10-03 08:43:00,2025-10-03 16:17:00,7.566666666666666,False
燃氣,大潭電廠,潭複ST7,K6,313142,2025-10-18 00:22:00,2025-10-31 11:10:00,322.8,False
燃氣,大潭電廠,潭複ST8,K5,195420,2025-10-02 10:10:00,2025-10-02 10:50:00,0.6666666666666666,False
燃氣,大潭電廠,潭複ST8,K5,195420,2025-10-17 09:10:00,2025-10-17 11:12:00,2.033333333333333,False
燃氣,大潭電廠,潭複ST9,K5,195420,2025-10-02 10:10:00,2025-10-02 10:50:00,0.6666666666666666,False
燃氣,大潭電廠,潭複ST9,K5,195420,2025-10-15 09:06:00,2025-10-15 10:29:00,1.3833333333333333,False
燃氣,大潭電廠,潭複ST9,K5,195420,2025-10-16 08:48:00,2025-10-16 10:35:00,1.7833333333333334,False
燃氣,通霄電廠,通複GT1-1,KK,8100,2025-10-02 09:00:00,2025-10-02 18:30:00,9.5,False
燃氣,通霄電廠,通複GT1-1,K6,446300,2025-10-26 00:12:00,2025-10-26 14:36:00,14.4,False
燃氣,通霄電廠,通複GT1-2,KK,6100,2025-10-02 09:00:00,2025-10-02 18:30:00,9.5,False
燃氣,通霄電廠,通複ST1,KK,34400,2025-10-02 09:00:00,2025-10-02 18:30:00,9.5,False
燃氣,通霄電廠,通複GT2-1,KK,1100,2025-10-03 09:00:00,2025-10-03 18:20:00,9.333333333333334,False
燃氣,通霄電廠,通複GT2-2,KK,5100,2025-10-03 09:00:00,2025-10-03 18:20:00,9.333333333333334,False
燃氣,通霄電廠,通複ST2,KK,27400,2025-10-03 09:00:00,2025-10-03 18:20:00,9.333333333333334,False
燃氣,通霄電廠,通複GT6-1,K5,11000,2025-10-01 00:00:00,2025-10-31 23:59:00,743.9833333333333,False
燃氣,通霄電廠,通霄GT9-2,K7,30142,2025-10-01 00:00:00,2025-10-13 14:58:00,302.96666666666664,True
燃氣,通霄電廠,通霄GT9-2,K6,30142,2025-10-22 08:10:00,2025-10-23 15:18:00,31.133333333333333,False
燃氣,通霄電廠,通霄GT9-6,KK,6142,2025-10-07 10:06:00,2025-10-07 17:45:00,7.65,False
燃氣,通霄電廠,通霄GT9-6,K6,30142,2025-10-14 14:00:00,2025-10-14 14:48:00,0.8,False
燃氣,通霄電廠,通霄GT9-6,K6,30142,2025-10-18 00:03:00,2025-10-27 18:58:00,234.91666666666666,False
燃氣,通霄電廠,通霄GT9-6,K6,30142,2025-10-28 14:00:00,2025-10-31 23:59:00,81.98333333333333,False
燃煤,台中電廠,#1,K5,100000,2025-10-01 00:00:00,2025-10-06 06:01:00,126.01666666666667,False
燃煤,台中電廠,#1,K5,240000,2025-10-06 06:01:00,2025-10-06 06:35:00,0.5666666666666667,False
燃煤,台中電廠,#1,K5,140000,2025-10-06 06:35:00,2025-10-13 06:19:00,167.73333333333332,False
燃煤,台中電廠,#1,K5,200000,2025-10-13 06:19:00,2025-10-13 06:48:00,0.48333333333333334,False
燃煤,台中電廠,#1,K5,120000,2025-10-13 06:48:00,2025-10-20 06:10:00,167.36666666666667,False
燃煤,台中電廠,#1,K5,280000,2025-10-20 06:10:00,2025-10-20 06:42:00,0.5333333333333333,False
燃煤,台中電廠,#1,K5,260000,2025-10-20 06:42:00,2025-10-23 08:00:00,73.3,False
燃煤,台中電廠,#1,KK,280000,2025-10-23 08:00:00,2025-10-23 16:00:00,8.0,False
燃煤,台中電廠,#1,K5,320000,2025-10-23 16:00:00,2025-10-23 17:32:00,1.5333333333333334,False
燃煤,台中電廠,#1,K2,550000,2025-10-23 17:32:00,2025-10-31 23:59:00,198.45,False
燃煤,台中電廠,#2,K5,100000,2025-10-01 00:00:00,2025-10-06 06:35:00,126.58333333333333,False
燃煤,台中電廠,#2,K5,230000,2025-10-06 06:35:00,2025-10-06 07:05:00,0.5,False
燃煤,台中電廠,#2,K5,140000,2025-10-06 07:05:00,2025-10-13 06:00:00,166.91666666666666,False
燃煤,台中電廠,#2,K5,200000,2025-10-13 06:00:00,2025-10-13 06:18:00,0.3,False
燃煤,台中電廠,#2,K5,120000,2025-10-13 06:18:00,2025-10-18 23:26:00,137.13333333333333,False
燃煤,台中電廠,#2,K6,550000,2025-10-18 23:26:00,2025-10-31 23:59:00,312.55,False
燃煤,台中電廠,#3,K6,550000,2025-10-01 00:00:00,2025-10-20 00:00:00,456.0,False
燃煤,台中電廠,#3,K2,550000,2025-10-20 00:00:00,2025-10-31 23:59:00,287.98333333333335,False
燃煤,台中電廠,#4,K5,5000,2025-10-01 00:00:00,2025-10-01 11:56:00,11.933333333333334,False
燃煤,台中電廠,#4,K5,10000,2025-10-01 11:56:00,2025-10-01 16:00:00,4.066666666666666,False
燃煤,台中電廠,#4,K5,15000,2025-10-01 16:00:00,2025-10-02 11:20:00,19.333333333333332,False
燃煤,台中電廠,#4,KK,7000,2025-10-02 11:20:00,2025-10-02 16:13:00,4.883333333333334,False
燃煤,台中電廠,#4,K5,12000,2025-10-02 16:13:00,2025-10-03 14:00:00,21.783333333333335,False
燃煤,台中電廠,#4,KK,6000,2025-10-03 14:00:00,2025-10-03 19:30:00,5.5,False
燃煤,台中電廠,#4,K5,14000,2025-10-03 19:30:00,2025-10-07 06:01:00,82.51666666666667,False
燃煤,台中電廠,#4,K5,15000,2025-10-07 06:01:00,2025-10-07 06:26:00,0.4166666666666667,False
燃煤,台中電廠,#4,K5,14000,2025-10-07 06:26:00,2025-10-14 06:17:00,167.85,False
燃煤,台中電廠,#4,K5,12000,2025-10-14 06:17:00,2025-10-21 06:00:00,167.71666666666667,False
燃煤,台中電廠,#4,K5,23000,2025-10-21 06:00:00,2025-10-21 06:24:00,0.4,False
燃煤,台中電廠,#4,K5,28000,2025-10-21 06:24:00,2025-10-28 06:00:00,167.6,False
燃煤,台中電廠,#4,K5,29000,2025-10-28 06:00:00,2025-10-28 06:24:00,0.4,False
燃煤,台中電廠,#4,K5,28000,2025-10-28 06:24:00,2025-10-31 09:12:00,74.8,False
燃煤,台中電廠,#4,K2,550000,2025-10-31 09:12:00,2025-10-31 23:59:00,14.783333333333333,False
燃煤,台中電廠,#5,K10,550000,2025-10-01 00:00:00,2025-10-31 23:59:00,743.9833333333333,False
燃煤,台中電廠,#6,K5,2000,2025-10-01 00:00:00,2025-10-01 05:57:00,5.95,False
燃煤,台中電廠,#6,K5,10000,2025-10-01 05:57:00,2025-10-01 06:20:00,0.38333333333333336,False
燃煤,台中電廠,#6,K5,200000,2025-10-01 06:20:00,2025-10-08 06:02:00,167.7,False
燃煤,台中電廠,#6,K5,130000,2025-10-08 06:02:00,2025-10-08 06:23:00,0.35,False
燃煤,台中電廠,#6,K5,300000,2025-10-08 06:23:00,2025-10-15 06:02:00,167.65,False
燃煤,台中電廠,#6,K5,50000,2025-10-15 06:02:00,2025-10-15 06:20:00,0.3,False
燃煤,台中電廠,#6,K5,200000,2025-10-15 06:20:00,2025-10-18 06:01:00,71.68333333333334,False
燃煤,台中電廠,#6,K5,150000,2025-10-18 06:01:00,2025-10-18 06:25:00,0.4,False
燃煤,台中電廠,#6,K5,300000,2025-10-18 06:25:00,2025-10-31 23:59:00,329.56666666666666,False
燃煤,台中電廠,#7,K6,550000,2025-10-01 00:00:00,2025-10-31 23:59:00,743.9833333333333,False
燃煤,台中電廠,#8,K5,80000,2025-10-01 00:00:00,2025-10-03 06:44:00,54.733333333333334,False
燃煤,台中電廠,#8,K5,200000,2025-10-03 06:44:00,2025-10-03 07:12:00,0.4666666666666667,False
燃煤,台中電廠,#8,K5,250000,2025-10-03 07:12:00,2025-10-09 06:08:00,142.93333333333334,False
燃煤,台中電廠,#8,K5,290000,2025-10-09 06:08:00,2025-10-09 06:25:00,0.2833333333333333,False
燃煤,台中電廠,#8,K5,250000,2025-10-09 06:25:00,2025-10-14 13:17:00,126.86666666666666,False
燃煤,台中電廠,#8,K5,70000,2025-10-14 13:17:00,2025-10-14 18:00:00,4.716666666666667,False
燃煤,台中電廠,#8,K5,50000,2025-10-14 18:00:00,2025-10-16 06:00:00,36.0,False
燃煤,台中電廠,#8,K5,200000,2025-10-16 06:00:00,2025-10-16 06:34:00,0.5666666666666667,False
燃煤,台中電廠,#8,K5,300000,2025-10-16 06:34:00,2025-10-20 14:16:00,103.7,False
燃煤,台中電廠,#8,KK,90000,2025-10-20 14:16:00,2025-10-20 18:50:00,4.566666666666666,False
燃煤,台中電廠,#8,K5,250000,2025-10-20 18:50:00,2025-10-21 13:32:00,18.7,False
燃煤,台中電廠,#8,KK,250000,2025-10-21 13:32:00,2025-10-21 18:50:00,5.3,False
燃煤,台中電廠,#8,K5,300000,2025-10-21 18:50:00,2025-10-31 23:59:00,245.15,False
燃煤,台中電廠,#9,K5,50000,2025-10-01 00:00:00,2025-10-02 14:00:00,38.0,False
燃煤,台中電廠,#9,KK,50000,2025-10-02 14:00:00,2025-10-02 19:23:00,5.383333333333334,False
燃煤,台中電廠,#9,K5,70000,2025-10-02 19:23:00,2025-10-03 06:02:00,10.65,False
燃煤,台中電廠,#9,K5,100000,2025-10-03 06:02:00,2025-10-06 00:00:00,65.96666666666667,False
燃煤,台中電廠,#9,K5,290000,2025-10-06 00:00:00,2025-10-11 05:55:00,125.91666666666667,False
燃煤,台中電廠,#9,K5,300000,2025-10-11 05:55:00,2025-10-11 06:17:00,0.36666666666666664,False
燃煤,台中電廠,#9,K5,290000,2025-10-11 06:17:00,2025-10-17 05:58:00,143.68333333333334,False
燃煤,台中電廠,#9,K5,90000,2025-10-17 05:58:00,2025-10-17 06:25:00,0.45,False
燃煤,台中電廠,#9,K5,290000,2025-10-17 06:25:00,2025-10-21 23:08:00,112.71666666666667,False
燃煤,台中電廠,#9,K2,550000,2025-10-21 23:08:00,2025-10-29 23:37:00,192.48333333333332,False
燃煤,台中電廠,#9,K5,300000,2025-10-30 00:00:00,2025-10-31 05:50:00,29.833333333333332,False
燃煤,台中電廠,#9,K5,290000,2025-10-31 05:50:00,2025-10-31 06:22:00,0.5333333333333333,False
燃煤,台中電廠,#9,K5,280000,2025-10-31 06:22:00,2025-10-31 23:59:00,17.616666666666667,False
燃煤,台中電廠,#10,K5,150000,2025-10-01 00:00:00,2025-10-03 06:31:00,54.516666666666666,False
燃煤,台中電廠,#10,K5,170000,2025-10-03 06:31:00,2025-10-03 06:43:00,0.2,False
燃煤,台中電廠,#10,K5,120000,2025-10-03 06:43:00,2025-10-06 00:00:00,65.28333333333333,False
燃煤,台中電廠,#10,K5,200000,2025-10-06 00:00:00,2025-10-06 13:00:00,13.0,False
燃煤,台中電廠,#10,K5,100000,2025-10-06 13:00:00,2025-10-06 13:38:00,0.6333333333333333,False
燃煤,台中電廠,#10,K5,220000,2025-10-06 13:38:00,2025-10-09 08:26:00,66.8,False
燃煤,台中電廠,#10,KK,5000,2025-10-09 08:26:00,2025-10-09 19:28:00,11.033333333333333,False
燃煤,台中電廠,#10,K5,290000,2025-10-09 19:28:00,2025-10-11 06:18:00,34.833333333333336,False
燃煤,台中電廠,#10,K5,220000,2025-10-11 06:18:00,2025-10-11 06:37:00,0.31666666666666665,False
燃煤,台中電廠,#10,K5,280000,2025-10-11 06:37:00,2025-10-14 09:39:00,75.03333333333333,False
燃煤,台中電廠,#10,K5,180000,2025-10-14 09:39:00,2025-10-14 11:23:00,1.7333333333333334,False
燃煤,台中電廠,#10,K5,6000,2025-10-14 11:23:00,2025-10-15 06:29:00,19.1,False
燃煤,台中電廠,#10,K5,200000,2025-10-15 06:29:00,2025-10-16 14:00:00,31.516666666666666,False
燃煤,台中電廠,#10,KK,6000,2025-10-16 14:00:00,2025-10-16 21:56:00,7.933333333333334,False
燃煤,台中電廠,#10,K5,50000,2025-10-16 21:56:00,2025-10-17 06:26:00,8.5,False
燃煤,台中電廠,#10,K5,100000,2025-10-17 06:26:00,2025-10-17 06:53:00,0.45,False
燃煤,台中電廠,#10,K5,150000,2025-10-17 06:53:00,2025-10-17 13:05:00,6.2,False
燃煤,台中電廠,#10,KK,10000,2025-10-17 13:05:00,2025-10-17 21:50:00,8.75,False
燃煤,台中電廠,#10,K5,280000,2025-10-17 21:50:00,2025-10-20 13:30:00,63.666666666666664,False
燃煤,台中電廠,#10,KK,10000,2025-10-20 13:30:00,2025-10-20 17:00:00,3.5,False
燃煤,台中電廠,#10,K5,250000,2025-10-20 17:00:00,2025-10-22 16:00:00,47.0,False
燃煤,台中電廠,#10,KK,15000,2025-10-22 16:00:00,2025-10-22 20:06:00,4.1,False
燃煤,台中電廠,#10,K5,300000,2025-10-22 20:06:00,2025-10-24 06:01:00,33.916666666666664,False
燃煤,台中電廠,#10,K5,290000,2025-10-24 06:01:00,2025-10-24 06:22:00,0.35,False
燃煤,台中電廠,#10,K5,300000,2025-10-24 06:22:00,2025-10-30 15:17:00,152.91666666666666,False
燃煤,台中電廠,#10,K5,290000,2025-10-30 20:45:00,2025-10-31 23:59:00,27.233333333333334,False
燃煤,興達電廠,#3,K2,550000,2025-10-01 00:00:00,2025-10-31 23:59:00,743.9833333333333,False
燃煤,興達電廠,#4,K10,550000,2025-10-01 00:00:00,2025-10-31 23:59:00,743.9833333333333,False
燃氣,興達電廠,興複ST1,K7,172700,2025-10-03 11:12:00,2025-10-03 13:22:00,2.1666666666666665,True
燃氣,興達電廠,興複GT2-2,K6,90830,2025-10-09 08:31:00,2025-10-09 10:49:00,2.3,False
燃氣,興達電廠,興複GT3-1,K2,90830,2025-10-31 20:50:00,2025-10-31 23:59:00,3.15,False
燃氣,興達電廠,興複GT3-2,K2,90830,2025-10-31 20:50:00,2025-10-31 23:59:00,3.15,False
燃氣,興達電廠,興複GT3-3,K2,90830,2025-10-31 20:50:00,2025-10-31 23:59:00,3.15,False
燃氣,興達電廠,興複ST3,K2,172700,2025-10-31 20:50:00,2025-10-31 23:59:00,3.15,False
燃氣,興達電廠,興複GT3-1,K10,90830,2025-10-31 20:50:00,2025-10-31 23:59:00,3.15,False
燃氣,興達電廠,興複GT3-2,K10,90830,2025-10-31 20:50:00,2025-10-31 23:59:00,3.15,False
燃氣,興達電廠,興複GT3-3,K10,90830,2025-10-31 20:50:00,2025-10-31 23:59:00,3.15,False
燃氣,興達電廠,興複ST3,K10,172700,2025-10-31 20:50:00,2025-10-31 23:59:00,3.15,False
燃氣,南部電廠,南複GT2-1,K5,86500,2025-10-01 00:00:00,2025-10-31 23:59:00,743.9833333333333,False
燃氣,南部電廠,南複GT2-2,K5,86500,2025-10-01 00:00:00,2025-10-31 23:59:00,743.9833333333333,False
燃氣,南部電廠,南複ST2,K5,100000,2025-10-01 00:00:00,2025-10-31 23:59:00,743.9833333333333,False
燃氣,南部電廠,南複ST3,K4,100000,2025-10-31 18:10:00,2025-10-31 21:36:00,3.433333333333333,True
燃氣,南部電廠,南複GT1-2,K6,86500,2025-10-31 07:32:00,2025-10-31 11:22:00,3.8333333333333335,False
燃煤,大林電廠,#1,K5,560000,2025-10-19 00:00:00,2025-10-19 18:29:00,18.483333333333334,False
燃煤,大林電廠,#1,K5,200000,2025-10-21 06:00:00,2025-10-21 13:45:00,7.75,False
燃煤,大林電廠,#1,K5,240000,2025-10-25 07:00:00,2025-10-25 14:11:00,7.183333333333334,False
燃煤,大林電廠,#2,K5,20000,2025-10-02 15:07:00,2025-10-03 07:03:00,15.933333333333334,False
燃煤,大林電廠,#2,K5,20000,2025-10-03 18:34:00,2025-10-07 16:07:00,93.55,False
燃煤,大林電廠,#2,K5,20000,2025-10-08 12:46:00,2025-10-08 14:31:00,1.75,False
燃煤,大林電廠,#2,K5,100000,2025-10-26 03:20:00,2025-10-26 03:45:00,0.4166666666666667,False
燃煤,大林電廠,#2,K5,560000,2025-10-26 21:54:00,2025-10-27 13:52:00,15.966666666666667,False
燃氣,大林電廠,#6,K5,70000,2025-10-18 19:05:00,2025-10-18 19:42:00,0.6166666666666667,False
燃氣,大林電廠,#6,K5,200000,2025-10-30 08:00:00,2025-10-30 13:17:00,5.283333333333333,False
燃氣,大林電廠,#6,K5,200000,2025-10-31 07:00:00,2025-10-31 13:33:00,6.55,False
燃油,尖山電廠,#3,K6,10443,2025-10-06 08:30:00,2025-10-23 11:00:00,410.5,False
燃油,尖山電廠,#8,K6,11000,2025-10-09 08:00:00,2025-10-09 15:15:00,7.25,False
燃油,尖山電廠,#9,K6,11000,2025-10-27 08:00:00,2025-10-31 15:30:00,103.5,False
燃油,尖山電廠,#11,K10,11000,2025-10-27 10:30:00,2025-10-31 23:59:00,109.48333333333333,False
燃油,塔山電廠,塔山#9,K10,11150,2025-10-01 00:00:00,2025-10-31 23:59:00,743.9833333333333,False
燃油,塔山電廠,塔山#1,K6,7900,2025-10-01 00:00:00,2025-10-20 10:35:00,466.5833333333333,False
燃油,塔山電廠,塔山#2,K6,7900,2025-10-20 00:00:00,2025-10-24 13:09:00,109.15,False
燃油,塔山電廠,塔山#3,K6,7900,2025-10-27 00:00:00,2025-10-31 17:11:00,113.18333333333334,False
燃油,協和電廠,南竿#8,K10,1540,2025-10-01 08:41:00,2025-10-16 22:54:00,374.21666666666664,False
燃油,協和電廠,南竿#12,K10,2500,2025-10-01 00:00:00,2025-10-31 23:59:00,743.9833333333333,False
抽蓄水力,明潭電廠,明潭#1,K6,267000,2025-10-24 10:07:00,2025-10-31 23:59:00,181.86666666666667,False
抽蓄水力,明潭電廠,明潭#2,K6,267000,2025-10-02 09:59:00,2025-10-02 13:23:00,3.4,False
抽蓄水力,明潭電廠,明潭#5,K6,267000,2025-10-08 08:46:00,2025-10-08 09:40:00,0.9,False
抽蓄水力,明潭電廠,明潭#5,K6,267000,2025-10-21 10:32:00,2025-10-31 23:59:00,253.45,False
抽蓄水力,大觀電廠,大觀(二)#1,K6,250000,2025-10-07 13:42:00,2025-10-13 13:53:00,144.18333333333334,False
燃油,琉球電廠,#4,KK,1500,2025-10-01 00:00:00,2025-10-31 23:59:00,743.9833333333333,False
燃油,綠島電廠,#1,K7,2000,2025-10-01 00:00:00,2025-10-31 23:59:00,743.9833333333333,True
燃油,綠島電廠,#7,K7,1000,2025-10-01 00:00:00,2025-10-31 23:59:00,743.9833333333333,True
燃油,蘭嶼電廠,#5,K7,1000,2025-10-01 00:00:00,2025-10-31 23:59:00,743.9833333333333,True
燃油,東引電廠,#5,K7,1500,2025-10-01 00:00:00,2025-10-31 23:59:00,743.9833333333333,True
燃油,莒光電廠,#3,K7,1500,2025-10-01 00:00:00,2025-10-31 23:59:00,743.9833333333333,True
燃油,莒光電廠,#4,K7,1500,2025-10-01 00:00:00,2025-10-31 23:59:00,743.9833333333333,True
地熱,仁澤地熱發電站,#1,K7,840,2025-10-24 08:58:00,2025-10-31 23:59:00,183.01666666666668,True
燃油,協和電廠,#3,K5,360000,2025-11-01 00:00:00,2025-11-14 10:33:00,322.55,False
燃油,協和電廠,#4,K3,500000,2025-11-01 00:00:00,2025-11-06 16:44:00,136.73333333333332,False
燃油,協和電廠,#4,K5,360000,2025-11-06 16:44:00,2025-11-30 23:59:00,583.25,False
燃油,協和電廠,#3,K3,500000,2025-11-14 10:33:00,2025-11-24 07:34:00,237.01666666666668,False
燃油,協和電廠,#3,K5,360000,2025-11-24 07:34:00,2025-11-30 23:59:00,160.41666666666666,False
燃煤,林口電廠,#2,K10,800000,2025-11-01 00:00:00,2025-11-30 23:59:00,719.9833333333333,False
燃煤,林口電廠,#3,K5,58200,2025-11-02 08:30:00,2025-11-02 10:00:00,1.5,False
燃煤,林口電廠,#1,K5,64825,2025-11-08 08:40:00,2025-11-08 11:35:00,2.9166666666666665,False
燃煤,林口電廠,#3,K5,58300,2025-11-09 08:30:00,2025-11-09 10:00:00,1.5,False
燃煤,林口電廠,#3,K5,72350,2025-11-16 08:35:00,2025-11-16 10:41:00,2.1,False
燃煤,林口電廠,#3,K5,53950,2025-11-23 08:31:00,2025-11-23 10:31:00,2.0,False
燃煤,林口電廠,#3,K5,56450,2025-11-30 08:30:00,2025-11-30 10:02:00,1.5333333333333334,False
燃氣,大潭電廠,潭複GT1-1,K10,153500,2025-11-01 00:00:00,2025-11-30 23:59:00,719.9833333333333,False
燃氣,大潭電廠,潭複GT2-1,K6,153500,2025-11-07 01:56:00,2025-11-20 12:52:00,322.93333333333334,False
燃氣,大潭電廠,潭複GT2-2,K6,153500,2025-11-07 01:56:00,2025-11-19 14:36:00,300.6666666666667,False
燃氣,大潭電廠,潭複GT2-3,K6,153500,2025-11-07 01:56:00,2025-11-20 20:45:00,330.81666666666666,False
燃氣,大潭電廠,潭複GT5-1,K6,233900,2025-11-14 00:00:00,2025-11-14 14:11:00,14.183333333333334,False
燃氣,大潭電廠,潭複GT5-1,K6,233900,2025-11-20 00:00:00,2025-11-29 21:48:00,237.8,False
燃氣,大潭電廠,潭複GT5-2,K6,233900,2025-11-20 00:00:00,2025-11-29 14:35:00,230.58333333333334,False
燃氣,大潭電廠,潭複GT6-1,K6,233900,2025-11-20 00:00:00,2025-11-20 17:46:00,17.766666666666666,False
燃氣,大潭電廠,潭複GT6-2,K6,233900,2025-11-01 23:24:00,2025-11-03 10:03:00,34.65,False
燃氣,大潭電廠,潭複GT7-1,K6,300000,2025-11-01 07:12:00,2025-11-02 16:14:00,33.03333333333333,False
燃氣,大潭電廠,潭複GT7-1,K6,300000,2025-11-03 07:46:00,2025-11-03 14:27:00,6.683333333333334,False
燃氣,大潭電廠,潭複GT7-1,K2,300000,2025-11-08 08:23:00,2025-11-08 11:09:00,2.7666666666666666,False
燃氣,大潭電廠,潭複GT7-1,K7,300000,2025-11-16 07:56:00,2025-11-17 08:54:00,24.966666666666665,True
燃氣,大潭電廠,潭複GT7-1,K6,300000,2025-11-20 21:00:00,2025-11-25 10:48:00,109.8,False
燃氣,大潭電廠,潭複GT7-2,K6,300000,2025-11-01 07:12:00,2025-11-02 05:25:00,22.216666666666665,False
燃氣,大潭電廠,潭複GT7-2,K6,300000,2025-11-03 02:17:00,2025-11-03 14:58:00,12.683333333333334,False
燃氣,大潭電廠,潭複GT7-2,K2,300000,2025-11-08 08:23:00,2025-11-08 11:09:00,2.7666666666666666,False
燃氣,大潭電廠,潭複GT7-2,K2,300000,2025-11-16 07:59:00,2025-11-16 14:03:00,6.066666666666666,False
燃氣,大潭電廠,潭複GT7-2,K6,300000,2025-11-20 21:00:00,2025-11-25 10:48:00,109.8,False
燃氣,大潭電廠,潭複GT8-1,K5,183198,2025-11-01 00:00:00,2025-11-29 22:59:00,694.9833333333333,False
燃氣,大潭電廠,潭複GT8-1,K10,366395,2025-11-29 22:59:00,2025-11-30 23:59:00,25.0,False
燃氣,大潭電廠,潭複GT8-2,K5,183198,2025-11-29 22:10:00,2025-11-30 02:43:00,4.55,False
燃氣,大潭電廠,潭複GT8-2,K10,366395,2025-11-30 02:43:00,2025-11-30 23:59:00,21.266666666666666,False
燃氣,大潭電廠,潭複GT9-1,K5,183198,2025-11-02 09:00:00,2025-11-02 20:00:00,11.0,False
燃氣,大潭電廠,潭複GT9-1,K7,366395,2025-11-27 00:00:00,2025-11-28 16:16:00,40.266666666666666,True
燃氣,大潭電廠,潭複GT9-2,K5,183198,2025-11-02 09:00:00,2025-11-02 20:00:00,11.0,False
燃氣,大潭電廠,潭複GT9-2,K7,366395,2025-11-25 10:46:00,2025-11-29 12:39:00,97.88333333333334,True
燃氣,大潭電廠,潭複GT9-2,K5,183198,2025-11-29 17:05:00,2025-11-29 18:22:00,1.2833333333333334,False
燃氣,大潭電廠,潭複ST1,K7,282200,2025-11-01 00:00:00,2025-11-30 23:59:00,719.9833333333333,True
燃氣,大潭電廠,潭複ST2,K6,282200,2025-11-07 01:56:00,2025-11-19 17:19:00,303.3833333333333,False
燃氣,大潭電廠,潭複ST5,K6,256900,2025-11-20 00:00:00,2025-11-29 16:32:00,232.53333333333333,False
燃氣,大潭電廠,潭複ST7,K6,313142,2025-11-01 07:12:00,2025-11-02 00:00:00,16.8,False
燃氣,大潭電廠,潭複ST7,K2,313142,2025-11-08 08:23:00,2025-11-08 11:09:00,2.7666666666666666,False
燃氣,大潭電廠,潭複ST7,K6,313142,2025-11-20 21:00:00,2025-11-25 10:48:00,109.8,False
燃氣,大潭電廠,潭複ST8,K5,195420,2025-11-29 22:10:00,2025-11-30 02:43:00,4.55,False
燃氣,大潭電廠,潭複ST8,K10,390839,2025-11-30 02:43:00,2025-11-30 23:59:00,21.266666666666666,False
燃氣,大潭電廠,潭複ST9,K5,195420,2025-11-02 09:00:00,2025-11-02 20:00:00,11.0,False
燃氣,大潭電廠,潭複ST9,K7,390839,2025-11-27 07:30:00,2025-11-28 19:35:00,36.083333333333336,True
燃氣,通霄電廠,通複GT6-1,K5,11000,2025-11-01 00:00:00,2025-11-30 23:59:00,719.9833333333333,False
燃氣,通霄電廠,通複GT6-1,K6,106000,2025-11-15 06:00:00,2025-11-15 18:00:00,12.0,False
燃氣,通霄電廠,通複GT6-1,K6,106000,2025-11-16 00:00:00,2025-11-22 07:12:00,151.2,False
燃氣,通霄電廠,通複GT6-2,K6,106000,2025-11-15 06:00:00,2025-11-15 18:00:00,12.0,False
燃氣,通霄電廠,通複GT6-2,K6,106000,2025-11-16 00:00:00,2025-11-22 07:12:00,151.2,False
燃氣,通霄電廠,通複ST6,K6,109200,2025-11-15 06:00:00,2025-11-15 18:00:00,12.0,False
燃氣,通霄電廠,通複ST6,K7,109200,2025-11-15 18:00:00,2025-11-19 16:00:00,94.0,True
燃氣,通霄電廠,通複ST6,K6,109200,2025-11-16 00:00:00,2025-11-22 07:12:00,151.2,False
燃氣,通霄電廠,通霄GT9-1,K6,30142,2025-11-19 11:00:00,2025-11-25 16:11:00,149.18333333333334,False
燃氣,通霄電廠,通霄GT9-1,K4,30142,2025-11-26 18:05:00,2025-11-28 19:28:00,49.38333333333333,True
燃氣,通霄電廠,通霄GT9-1,K6,30142,2025-11-29 00:00:00,2025-11-30 23:59:00,47.983333333333334,False
燃氣,通霄電廠,通霄GT9-4,K6,30142,2025-11-14 07:00:00,2025-11-18 15:50:00,104.83333333333333,False
燃氣,通霄電廠,通霄GT9-5,K6,30142,2025-11-10 07:03:00,2025-11-14 14:50:00,103.78333333333333,False
燃氣,通霄電廠,通霄GT9-5,K5,30142,2025-11-19 08:00:00,2025-11-19 10:00:00,2.0,False
燃氣,通霄電廠,通霄GT9-6,K6,30142,2025-11-05 08:00:00,2025-11-05 11:15:00,3.25,False
燃氣,通霄電廠,通霄GT9-6,K6,30142,2025-11-26 07:00:00,2025-11-30 23:59:00,112.98333333333333,False
燃煤,台中電廠,#1,K2,550000,2025-11-01 00:00:00,2025-11-30 23:59:00,719.9833333333333,False
燃煤,台中電廠,#2,K6,550000,2025-11-01 00:00:00,2025-11-10 06:04:00,222.06666666666666,False
燃煤,台中電廠,#2,K5,240000,2025-11-10 06:04:00,2025-11-12 14:38:00,56.56666666666667,False
燃煤,台中電廠,#2,K2,550000,2025-11-12 14:38:00,2025-11-30 23:59:00,441.35,False
燃煤,台中電廠,#3,K2,550000,2025-11-01 00:00:00,2025-11-11 06:40:00,246.66666666666666,False
燃煤,台中電廠,#3,K5,280000,2025-11-11 06:40:00,2025-11-13 13:41:00,55.016666666666666,False
燃煤,台中電廠,#3,K2,550000,2025-11-13 13:41:00,2025-11-30 23:59:00,418.3,False
燃煤,台中電廠,#4,K2,550000,2025-11-01 00:00:00,2025-11-07 00:04:00,144.06666666666666,False
燃煤,台中電廠,#4,K5,240000,2025-11-07 00:04:00,2025-11-08 00:20:00,24.266666666666666,False
燃煤,台中電廠,#4,KK,220000,2025-11-08 00:20:00,2025-11-08 13:53:00,13.55,False
燃煤,台中電廠,#4,K5,270000,2025-11-08 13:53:00,2025-11-10 15:00:00,49.11666666666667,False
燃煤,台中電廠,#4,K5,5000,2025-11-10 15:00:00,2025-11-10 17:00:00,2.0,False
燃煤,台中電廠,#4,K5,220000,2025-11-10 17:00:00,2025-11-11 06:00:00,13.0,False
燃煤,台中電廠,#4,K5,290000,2025-11-11 06:00:00,2025-11-11 06:25:00,0.4166666666666667,False
燃煤,台中電廠,#4,K5,270000,2025-11-11 06:25:00,2025-11-13 13:24:00,54.983333333333334,False
燃煤,台中電廠,#4,K2,550000,2025-11-13 13:24:00,2025-11-17 00:00:00,82.6,False
燃煤,台中電廠,#4,K5,270000,2025-11-17 00:00:00,2025-11-17 09:00:00,9.0,False
燃煤,台中電廠,#4,KK,200000,2025-11-17 09:00:00,2025-11-17 16:35:00,7.583333333333333,False
燃煤,台中電廠,#4,K5,270000,2025-11-17 16:35:00,2025-11-25 06:01:00,181.43333333333334,False
燃煤,台中電廠,#4,K5,300000,2025-11-25 06:01:00,2025-11-25 06:25:00,0.4,False
燃煤,台中電廠,#4,K5,270000,2025-11-25 06:25:00,2025-11-30 23:59:00,137.56666666666666,False
燃煤,台中電廠,#5,K10,550000,2025-11-01 00:00:00,2025-11-30 23:59:00,719.9833333333333,False
燃煤,台中電廠,#6,K5,300000,2025-11-01 00:00:00,2025-11-10 09:00:00,225.0,False
燃煤,台中電廠,#6,KK,20000,2025-11-10 09:00:00,2025-11-10 18:25:00,9.416666666666666,False
燃煤,台中電廠,#6,K5,300000,2025-11-10 18:25:00,2025-11-30 23:59:00,485.56666666666666,False
燃煤,台中電廠,#7,K6,550000,2025-11-01 00:00:00,2025-11-09 11:17:00,203.28333333333333,False
燃煤,台中電廠,#7,K5,300000,2025-11-10 00:00:00,2025-11-10 08:30:00,8.5,False
燃煤,台中電廠,#7,K5,130000,2025-11-10 08:30:00,2025-11-10 10:53:00,2.3833333333333333,False
燃煤,台中電廠,#7,K5,300000,2025-11-10 10:53:00,2025-11-20 05:36:00,234.71666666666667,False
燃煤,台中電廠,#7,K5,290000,2025-11-20 05:36:00,2025-11-20 06:24:00,0.8,False
燃煤,台中電廠,#7,K5,300000,2025-11-20 06:24:00,2025-11-30 23:59:00,257.5833333333333,False
燃煤,台中電廠,#8,K5,300000,2025-11-01 00:00:00,2025-11-04 14:00:00,86.0,False
燃煤,台中電廠,#8,KK,300000,2025-11-04 14:00:00,2025-11-04 19:48:00,5.8,False
燃煤,台中電廠,#8,K5,300000,2025-11-04 19:48:00,2025-11-06 06:15:00,34.45,False
燃煤,台中電廠,#8,K5,250000,2025-11-06 06:15:00,2025-11-09 13:24:00,79.15,False
燃煤,台中電廠,#8,K6,550000,2025-11-09 13:24:00,2025-11-30 23:59:00,514.5833333333334,False
燃煤,台中電廠,#9,K5,280000,2025-11-01 00:00:00,2025-11-05 09:55:00,105.91666666666667,False
燃煤,台中電廠,#9,KK,290000,2025-11-05 09:55:00,2025-11-05 19:18:00,9.383333333333333,False
燃煤,台中電廠,#9,K5,300000,2025-11-05 19:18:00,2025-11-10 16:00:00,116.7,False
燃煤,台中電廠,#9,K5,5000,2025-11-10 16:00:00,2025-11-10 17:05:00,1.0833333333333333,False
燃煤,台中電廠,#9,K5,290000,2025-11-10 17:05:00,2025-11-14 09:05:00,88.0,False
燃煤,台中電廠,#9,KK,290000,2025-11-14 09:05:00,2025-11-14 17:05:00,8.0,False
燃煤,台中電廠,#9,K5,290000,2025-11-14 17:05:00,2025-11-18 11:43:00,90.63333333333334,False
燃煤,台中電廠,#9,K2,550000,2025-11-18 11:43:00,2025-11-24 09:14:00,141.51666666666668,False
燃煤,台中電廠,#9,K5,290000,2025-11-25 00:00:00,2025-11-28 09:00:00,81.0,False
燃煤,台中電廠,#9,KK,290000,2025-11-28 09:00:00,2025-11-28 17:35:00,8.583333333333334,False
燃煤,台中電廠,#9,K5,290000,2025-11-28 17:35:00,2025-11-30 23:59:00,54.4,False
燃煤,台中電廠,#10,K5,290000,2025-11-01 00:00:00,2025-11-03 00:00:00,48.0,False
燃煤,台中電廠,#10,K5,300000,2025-11-03 00:00:00,2025-11-05 11:00:00,59.0,False
燃煤,台中電廠,#10,K5,290000,2025-11-05 11:00:00,2025-11-06 08:52:00,21.866666666666667,False
燃煤,台中電廠,#10,KK,300000,2025-11-06 08:52:00,2025-11-07 06:23:00,21.516666666666666,False
燃煤,台中電廠,#10,K5,290000,2025-11-07 06:23:00,2025-11-10 10:50:00,76.45,False
燃煤,台中電廠,#10,KK,30000,2025-11-10 10:50:00,2025-11-10 18:00:00,7.166666666666667,False
燃煤,台中電廠,#10,K5,290000,2025-11-10 18:00:00,2025-11-17 14:00:00,164.0,False
燃煤,台中電廠,#10,KK,30000,2025-11-17 14:00:00,2025-11-17 16:10:00,2.1666666666666665,False
燃煤,台中電廠,#10,K5,290000,2025-11-17 16:10:00,2025-11-18 14:00:00,21.833333333333332,False
燃煤,台中電廠,#10,KK,50000,2025-11-18 14:00:00,2025-11-18 18:14:00,4.233333333333333,False
燃煤,台中電廠,#10,K5,290000,2025-11-18 18:14:00,2025-11-19 14:10:00,19.933333333333334,False
燃煤,台中電廠,#10,KK,7000,2025-11-19 14:10:00,2025-11-19 18:15:00,4.083333333333333,False
燃煤,台中電廠,#10,K5,290000,2025-11-19 18:15:00,2025-11-20 14:00:00,19.75,False
燃煤,台中電廠,#10,KK,6000,2025-11-20 14:00:00,2025-11-20 19:33:00,5.55,False
燃煤,台中電廠,#10,K5,290000,2025-11-20 19:33:00,2025-11-21 06:27:00,10.9,False
燃煤,台中電廠,#10,K5,80000,2025-11-21 06:27:00,2025-11-21 14:00:00,7.55,False
燃煤,台中電廠,#10,KK,5000,2025-11-21 14:00:00,2025-11-21 18:48:00,4.8,False
燃煤,台中電廠,#10,K5,2900000,2025-11-21 18:48:00,2025-11-25 16:04:00,93.26666666666667,False
燃煤,台中電廠,#10,K2,550000,2025-11-25 16:04:00,2025-11-28 00:00:00,55.93333333333333,False
燃煤,台中電廠,#10,KK,550000,2025-11-28 00:00:00,2025-11-29 00:00:00,24.0,False
燃煤,台中電廠,#10,K2,550000,2025-11-29 00:00:00,2025-11-30 23:59:00,47.983333333333334,False
燃煤,興達電廠,#4,K10,550000,2025-11-01 00:00:00,2025-11-30 23:59:00,719.9833333333333,False
燃氣,興達電廠,興複GT3-1,K10,90830,2025-11-01 00:00:00,2025-11-30 23:59:00,719.9833333333333,False
燃氣,興達電廠,興複GT3-2,K10,90830,2025-11-01 00:00:00,2025-11-30 23:59:00,719.9833333333333,False
燃氣,興達電廠,興複GT3-3,K10,90830,2025-11-01 00:00:00,2025-11-30 23:59:00,719.9833333333333,False
燃氣,興達電廠,興複ST3,K10,172700,2025-11-01 00:00:00,2025-11-30 23:59:00,719.9833333333333,False
燃氣,興達電廠,興複GT1-2,K6,90830,2025-11-05 09:05:00,2025-11-05 11:06:00,2.0166666666666666,False
燃氣,興達電廠,興複ST2,K7,172700,2025-11-20 11:22:00,2025-11-20 13:57:00,2.5833333333333335,True
燃氣,南部電廠,南複GT2-1,K5,86500,2025-11-01 00:00:00,2025-11-22 00:00:00,504.0,False
燃氣,南部電廠,南複GT2-2,K5,86500,2025-11-01 00:00:00,2025-11-22 00:00:00,504.0,False
燃氣,南部電廠,南複ST2,K5,100000,2025-11-01 00:00:00,2025-11-22 00:00:00,504.0,False
燃氣,南部電廠,南複ST2,K6,100000,2025-11-22 00:00:00,2025-11-30 23:59:00,215.98333333333332,False
燃氣,南部電廠,南複#4GT,K6,248000,2025-11-25 23:53:00,2025-11-30 23:59:00,120.1,False
燃煤,大林電廠,#1,K5,100000,2025-11-03 04:05:00,2025-11-03 05:01:00,0.9333333333333333,False
燃煤,大林電廠,#1,K5,100000,2025-11-05 08:09:00,2025-11-05 08:57:00,0.8,False
燃煤,大林電廠,#1,K5,400000,2025-11-09 06:00:00,2025-11-09 12:00:00,6.0,False
燃煤,大林電廠,#1,K5,100000,2025-11-14 00:10:00,2025-11-14 00:50:00,0.6666666666666666,False
燃煤,大林電廠,#1,K5,100000,2025-11-14 13:23:00,2025-11-14 13:52:00,0.48333333333333334,False
燃煤,大林電廠,#1,K5,560000,2025-11-18 23:00:00,2025-11-19 13:00:00,14.0,False
燃煤,大林電廠,#1,K5,200000,2025-11-28 22:18:00,2025-11-29 02:43:00,4.416666666666667,False
燃煤,大林電廠,#1,K5,100000,2025-11-29 13:39:00,2025-11-29 23:59:00,10.333333333333334,False
燃煤,大林電廠,#1,K5,560000,2025-11-30 05:00:00,2025-11-30 23:59:00,18.983333333333334,False
燃煤,大林電廠,#2,K5,10000,2025-11-10 15:41:00,2025-11-13 23:59:00,80.3,False
燃煤,大林電廠,#2,K5,20000,2025-11-15 03:22:00,2025-11-15 07:00:00,3.6333333333333333,False
燃煤,大林電廠,#2,K5,20000,2025-11-15 10:05:00,2025-11-16 01:01:00,14.933333333333334,False
燃煤,大林電廠,#2,K6,800000,2025-11-16 01:01:00,2025-11-18 05:00:00,51.983333333333334,False
燃煤,大林電廠,#2,K5,100000,2025-11-29 13:39:00,2025-11-29 23:59:00,10.333333333333334,False
燃氣,大林電廠,#6,K5,150000,2025-11-21 10:30:00,2025-11-22 21:48:00,35.3,False
燃氣,大林電廠,#6,K5,70000,2025-11-28 18:29:00,2025-11-28 19:40:00,1.1833333333333333,False
燃油,尖山電廠,#1,K6,10443,2025-11-24 08:30:00,2025-11-25 11:05:00,26.583333333333332,False
燃油,尖山電廠,#2,K6,10443,2025-11-20 08:30:00,2025-11-20 17:00:00,8.5,False
燃油,尖山電廠,#2,K6,10443,2025-11-24 10:00:00,2025-11-25 11:05:00,25.083333333333332,False
燃油,尖山電廠,#4,K6,10443,2025-11-17 08:30:00,2025-11-19 16:30:00,56.0,False
燃油,尖山電廠,#5,K6,11000,2025-11-18 10:25:00,2025-11-18 16:43:00,6.3,False
燃油,尖山電廠,#6,K6,11000,2025-11-10 08:40:00,2025-11-12 11:00:00,50.333333333333336,False
燃油,尖山電廠,#6,K6,11000,2025-11-13 08:09:00,2025-11-13 17:10:00,9.016666666666667,False
燃油,尖山電廠,#7,K6,11000,2025-11-19 09:30:00,2025-11-19 16:35:00,7.083333333333333,False
燃油,尖山電廠,#8,K6,11000,2025-11-05 09:00:00,2025-11-07 15:30:00,54.5,False
燃油,尖山電廠,#10,K6,11000,2025-11-21 10:15:00,2025-11-21 17:22:00,7.116666666666666,False
燃油,尖山電廠,#11,K10,11000,2025-11-01 00:00:00,2025-11-30 23:59:00,719.9833333333333,False
燃油,尖山電廠,#12,K6,11000,2025-11-13 09:19:00,2025-11-15 15:00:00,53.68333333333333,False
燃油,塔山電廠,塔山#9,K10,11150,2025-11-01 00:00:00,2025-11-04 19:32:00,91.53333333333333,False
燃油,塔山電廠,塔山#6,K6,8250,2025-11-03 00:00:00,2025-11-06 15:37:00,87.61666666666666,False
燃油,塔山電廠,塔山#5,K10,8250,2025-11-10 00:00:00,2025-11-30 23:59:00,503.98333333333335,False
燃油,塔山電廠,塔山#7,K6,8250,2025-11-10 00:00:00,2025-11-13 15:30:00,87.5,False
燃油,塔山電廠,麒麟#5,K6,1540,2025-11-10 00:25:00,2025-11-30 23:59:00,503.56666666666666,False
燃油,塔山電廠,塔山#8,K6,8250,2025-11-17 00:00:00,2025-11-20 15:05:00,87.08333333333333,False
燃油,協和電廠,南竿#12,K10,2500,2025-11-01 00:00:00,2025-11-30 23:59:00,719.9833333333333,False
抽蓄水力,明潭電廠,明潭#1,K6,267000,2025-11-01 00:00:00,2025-11-03 15:25:00,63.416666666666664,False
抽蓄水力,明潭電廠,明潭#3,K6,267000,2025-11-17 08:00:00,2025-11-28 14:00:00,270.0,False
抽蓄水力,明潭電廠,明潭#4,K6,267000,2025-11-18 09:00:00,2025-11-18 10:20:00,1.3333333333333333,False
抽蓄水力,明潭電廠,明潭#5,K6,267000,2025-11-01 00:00:00,2025-11-02 19:32:00,43.53333333333333,False
抽蓄水力,明潭電廠,明潭#5,K10,267000,2025-11-02 19:32:00,2025-11-30 23:59:00,676.45,False
抽蓄水力,大觀電廠,大觀(二)#3,K6,250000,2025-11-04 10:07:00,2025-11-12 11:45:00,193.63333333333333,False
燃油,琉球電廠,#4,KK,1500,2025-11-01 00:00:00,2025-11-30 23:59:00,719.9833333333333,False
燃油,綠島電廠,#1,K7,2000,2025-11-01 00:00:00,2025-11-27 23:59:00,647.9833333333333,True
燃油,綠島電廠,#7,K7,1000,2025-11-01 00:00:00,2025-11-30 23:59:00,719.9833333333333,True
燃油,綠島電廠,#8,K7,1500,2025-11-01 00:00:00,2025-11-30 23:59:00,719.9833333333333,True
燃油,蘭嶼電廠,#4,K10,1500,2025-11-01 00:00:00,2025-11-30 23:59:00,719.9833333333333,False
燃油,蘭嶼電廠,#5,K7,1000,2025-11-01 00:00:00,2025-11-20 23:59:00,479.98333333333335,True
燃油,虎井電廠,#1,KK,300,2025-11-01 00:00:00,2025-11-30 23:59:00,719.9833333333333,False
燃油,虎井電廠,#2,KK,300,2025-11-01 00:00:00,2025-11-30 23:59:00,719.9833333333333,False
燃油,東引電廠,#5,K7,288,2025-11-01 00:00:00,2025-11-05 23:59:00,119.98333333333333,True
燃油,莒光電廠,#3,K7,1500,2025-11-01 00:00:00,2025-11-30 23:59:00,719.9833333333333,True
燃油,莒光電廠,#4,K7,1500,2025-11-01 00:00:00,2025-11-30 23:59:00,719.9833333333333,True
地熱,仁澤地熱發電站,#1,K7,840,2025-11-12 15:12:00,2025-11-30 23:59:00,440.78333333333336,True
燃油,協和電廠,#3,K5,360000,2025-12-01 00:00:00,2025-12-31 23:59:00,743.9833333333333,False
燃油,協和電廠,#4,K5,360000,2025-12-01 00:00:00,2025-12-31 23:59:00,743.9833333333333,False
燃煤,林口電廠,#2,K10,800000,2025-12-01 00:00:00,2025-12-31 23:59:00,743.9833333333333,False
燃煤,林口電廠,#3,K5,58650,2025-12-07 07:50:00,2025-12-07 09:23:00,1.55,False
燃煤,林口電廠,#3,K5,38033,2025-12-14 10:47:00,2025-12-14 12:27:00,1.6666666666666667,False
燃煤,林口電廠,#3,K5,78350,2025-12-21 08:42:00,2025-12-21 10:49:00,2.1166666666666667,False
燃煤,林口電廠,#3,K5,62633,2025-12-28 08:31:00,2025-12-28 10:30:00,1.9833333333333334,False
燃氣,大潭電廠,潭複GT1-1,K10,153500,2025-12-01 00:00:00,2025-12-31 23:59:00,743.9833333333333,False
燃氣,大潭電廠,潭複GT1-2,K10,153500,2025-12-11 00:00:00,2025-12-31 23:59:00,503.98333333333335,False
燃氣,大潭電廠,潭複GT1-3,K6,153500,2025-12-23 07:00:00,2025-12-31 23:59:00,208.98333333333332,False
燃氣,大潭電廠,潭複GT3-1,K6,233900,2025-12-30 00:14:00,2025-12-30 20:51:00,20.616666666666667,False
燃氣,大潭電廠,潭複GT4-1,K5,116950,2025-12-23 19:33:00,2025-12-24 17:53:00,22.333333333333332,False
燃氣,大潭電廠,潭複GT4-2,K5,116950,2025-12-23 19:33:00,2025-12-24 17:53:00,22.333333333333332,False
燃氣,大潭電廠,潭複GT6-2,K6,233900,2025-12-05 00:15:00,2025-12-05 19:06:00,18.85,False
燃氣,大潭電廠,潭複GT7-1,K2,300000,2025-12-01 11:04:00,2025-12-01 14:32:00,3.466666666666667,False
燃氣,大潭電廠,潭複GT7-1,K2,300000,2025-12-01 21:01:00,2025-12-02 10:11:00,13.166666666666666,False
燃氣,大潭電廠,潭複GT7-1,K2,300000,2025-12-03 11:10:00,2025-12-03 13:37:00,2.45,False
燃氣,大潭電廠,潭複GT7-1,K2,300000,2025-12-03 21:04:00,2025-12-04 11:10:00,14.1,False
燃氣,大潭電廠,潭複GT7-2,K2,300000,2025-12-01 11:04:00,2025-12-01 14:32:00,3.466666666666667,False
燃氣,大潭電廠,潭複GT7-2,K2,300000,2025-12-01 21:01:00,2025-12-02 10:11:00,13.166666666666666,False
燃氣,大潭電廠,潭複GT7-2,K2,300000,2025-12-03 11:10:00,2025-12-03 13:37:00,2.45,False
燃氣,大潭電廠,潭複GT7-2,K2,300000,2025-12-03 21:04:00,2025-12-04 11:10:00,14.1,False
燃氣,大潭電廠,潭複GT8-1,K10,366395,2025-12-01 00:00:00,2025-12-31 23:59:00,743.9833333333333,False
燃氣,大潭電廠,潭複GT8-2,K10,366395,2025-12-01 00:00:00,2025-12-31 23:59:00,743.9833333333333,False
燃氣,大潭電廠,潭複GT9-1,K5,183198,2025-12-10 13:54:00,2025-12-10 16:51:00,2.95,False
燃氣,大潭電廠,潭複GT9-1,K6,366395,2025-12-12 00:16:00,2025-12-31 23:59:00,479.71666666666664,False
燃氣,大潭電廠,潭複GT9-2,K5,183198,2025-12-10 13:54:00,2025-12-10 16:51:00,2.95,False
燃氣,大潭電廠,潭複GT9-2,K7,366395,2025-12-10 16:51:00,2025-12-11 16:15:00,23.4,True
燃氣,大潭電廠,潭複GT9-2,K6,366395,2025-12-12 00:16:00,2025-12-31 23:59:00,479.71666666666664,False
燃氣,大潭電廠,潭複ST1,K7,282200,2025-12-01 00:00:00,2025-12-11 00:00:00,240.0,True
燃氣,大潭電廠,潭複ST1,K10,282200,2025-12-11 00:00:00,2025-12-31 23:59:00,503.98333333333335,False
燃氣,大潭電廠,潭複ST3,K5,128450,2025-12-30 05:00:00,2025-12-30 20:51:00,15.85,False
燃氣,大潭電廠,潭複ST3,K5,128450,2025-12-31 05:00:00,2025-12-31 14:18:00,9.3,False
燃氣,大潭電廠,潭複ST4,K5,128450,2025-12-23 19:33:00,2025-12-24 17:53:00,22.333333333333332,False
燃氣,大潭電廠,潭複ST7,K2,313142,2025-12-01 11:04:00,2025-12-01 14:32:00,3.466666666666667,False
燃氣,大潭電廠,潭複ST7,K2,313142,2025-12-01 21:01:00,2025-12-02 10:11:00,13.166666666666666,False
燃氣,大潭電廠,潭複ST7,K2,313142,2025-12-03 11:10:00,2025-12-03 13:37:00,2.45,False
燃氣,大潭電廠,潭複ST7,K2,313142,2025-12-03 21:04:00,2025-12-04 11:10:00,14.1,False
燃氣,大潭電廠,潭複ST8,K10,390839,2025-12-01 00:00:00,2025-12-31 23:59:00,743.9833333333333,False
燃氣,大潭電廠,潭複ST9,K5,195420,2025-12-10 13:54:00,2025-12-10 16:51:00,2.95,False
燃氣,大潭電廠,潭複ST9,K6,390839,2025-12-12 00:16:00,2025-12-31 23:59:00,479.71666666666664,False
燃氣,通霄電廠,通複GT1-1,K6,446300,2025-12-27 00:25:00,2025-12-27 15:42:00,15.283333333333333,False
燃氣,通霄電廠,通複GT2-1,K6,446300,2025-12-31 00:11:00,2025-12-31 23:59:00,23.8,False
燃氣,通霄電廠,通複GT6-1,K5,11000,2025-12-01 00:00:00,2025-12-31 23:59:00,743.9833333333333,False
燃氣,通霄電廠,通霄GT9-1,K6,30142,2025-12-01 00:00:00,2025-12-31 23:59:00,743.9833333333333,False
燃氣,通霄電廠,通霄GT9-2,K6,30142,2025-12-03 08:00:00,2025-12-06 14:20:00,78.33333333333333,False
燃氣,通霄電廠,通霄GT9-2,K6,30142,2025-12-08 09:08:00,2025-12-08 17:00:00,7.866666666666666,False
燃氣,通霄電廠,通霄GT9-3,K6,30142,2025-12-08 07:00:00,2025-12-11 14:40:00,79.66666666666667,False
燃氣,通霄電廠,通霄GT9-4,K6,30142,2025-12-08 09:08:00,2025-12-08 14:30:00,5.366666666666666,False
燃氣,通霄電廠,通霄GT9-4,K6,30142,2025-12-11 08:00:00,2025-12-11 12:00:00,4.0,False
燃氣,通霄電廠,通霄GT9-5,K6,30142,2025-12-06 12:53:00,2025-12-06 16:30:00,3.6166666666666667,False
燃氣,通霄電廠,通霄GT9-5,K6,30142,2025-12-09 00:00:00,2025-12-09 15:30:00,15.5,False
燃氣,通霄電廠,通霄GT9-5,K6,30142,2025-12-11 13:00:00,2025-12-23 15:05:00,290.0833333333333,False
燃氣,通霄電廠,通霄GT9-6,K6,30142,2025-12-01 00:00:00,2025-12-02 15:30:00,39.5,False
燃氣,通霄電廠,通霄GT9-6,K6,30142,2025-12-06 10:10:00,2025-12-06 12:53:00,2.716666666666667,False
燃煤,台中電廠,#1,K5,550000,2025-12-01 00:00:00,2025-12-31 23:59:00,743.9833333333333,False
燃煤,台中電廠,#2,K5,550000,2025-12-01 00:00:00,2025-12-31 23:59:00,743.9833333333333,False
燃煤,台中電廠,#3,K5,550000,2025-12-01 00:00:00,2025-12-31 23:59:00,743.9833333333333,False
燃煤,台中電廠,#4,K5,270000,2025-12-01 00:00:00,2025-12-20 09:08:00,465.1333333333333,False
燃煤,台中電廠,#4,K10,550000,2025-12-20 09:08:00,2025-12-31 23:59:00,278.85,False
燃煤,台中電廠,#5,K10,550000,2025-12-01 00:00:00,2025-12-20 16:42:00,472.7,False
燃煤,台中電廠,#5,K5,430000,2025-12-21 00:00:00,2025-12-21 09:08:00,9.133333333333333,False
燃煤,台中電廠,#5,K10,500000,2025-12-21 09:08:00,2025-12-21 10:48:00,1.6666666666666667,False
燃煤,台中電廠,#5,K5,300000,2025-12-21 10:48:00,2025-12-31 23:59:00,253.18333333333334,False
燃煤,台中電廠,#6,K5,300000,2025-12-01 00:00:00,2025-12-05 07:36:00,103.6,False
燃煤,台中電廠,#6,K2,550000,2025-12-05 07:36:00,2025-12-09 00:00:00,88.4,False
燃煤,台中電廠,#6,K6,550000,2025-12-09 00:00:00,2025-12-31 23:59:00,551.9833333333333,False
燃煤,台中電廠,#7,K5,200000,2025-12-01 00:00:00,2025-12-09 09:00:00,201.0,False
燃煤,台中電廠,#7,KK,250000,2025-12-09 09:00:00,2025-12-09 10:58:00,1.9666666666666666,False
燃煤,台中電廠,#7,K5,300000,2025-12-09 10:58:00,2025-12-11 08:50:00,45.86666666666667,False
燃煤,台中電廠,#7,KK,220000,2025-12-11 08:50:00,2025-12-11 17:17:00,8.45,False
燃煤,台中電廠,#7,K5,300000,2025-12-11 17:17:00,2025-12-31 23:59:00,486.7,False
燃煤,台中電廠,#8,K6,550000,2025-12-01 00:00:00,2025-12-05 06:28:00,102.46666666666667,False
燃煤,台中電廠,#8,K5,300000,2025-12-06 00:00:00,2025-12-20 20:18:00,356.3,False
燃煤,台中電廠,#8,K2,550000,2025-12-20 20:18:00,2025-12-31 23:59:00,267.68333333333334,False
燃煤,台中電廠,#9,K5,200000,2025-12-01 00:00:00,2025-12-12 08:45:00,272.75,False
燃煤,台中電廠,#9,KK,150000,2025-12-12 08:45:00,2025-12-12 17:43:00,8.966666666666667,False
燃煤,台中電廠,#9,K5,300000,2025-12-12 17:43:00,2025-12-31 23:59:00,462.26666666666665,False
燃煤,台中電廠,#10,K2,550000,2025-12-01 00:00:00,2025-12-09 23:16:00,215.26666666666668,False
燃煤,台中電廠,#10,K5,300000,2025-12-10 00:00:00,2025-12-10 18:11:00,18.183333333333334,False
燃煤,台中電廠,#10,K7,550000,2025-12-10 18:11:00,2025-12-20 15:34:00,237.38333333333333,True
燃煤,台中電廠,#10,K2,0,2025-12-20 15:34:00,2025-12-23 07:16:00,63.7,False
燃煤,台中電廠,#10,K5,300000,2025-12-23 07:16:00,2025-12-31 23:59:00,208.71666666666667,False
燃油,台中電廠,台中GAS#4,K6,54000,2025-12-30 13:10:00,2025-12-31 15:48:00,26.633333333333333,False
燃煤,興達電廠,#4,K10,550000,2025-12-01 00:00:00,2025-12-31 23:59:00,743.9833333333333,False
燃氣,興達電廠,興複GT3-1,K10,90830,2025-12-01 00:00:00,2025-12-31 23:59:00,743.9833333333333,False
燃氣,興達電廠,興複GT3-2,K10,90830,2025-12-01 00:00:00,2025-12-31 23:59:00,743.9833333333333,False
燃氣,興達電廠,興複GT3-3,K10,90830,2025-12-01 00:00:00,2025-12-31 23:59:00,743.9833333333333,False
燃氣,興達電廠,興複ST3,K10,172700,2025-12-01 00:00:00,2025-12-31 23:59:00,743.9833333333333,False
燃氣,興達電廠,興複GT2-2,K6,90830,2025-12-05 08:55:00,2025-12-05 11:28:00,2.55,False
燃氣,興達電廠,興新複GT1-1,K21,425647,2025-12-19 00:00:00,2025-12-30 14:08:00,278.1333333333333,False
燃氣,興達電廠,興新複GT1-2,K6,425650,2025-12-19 00:00:00,2025-12-30 11:00:00,275.0,False
燃氣,南部電廠,南複GT1-1,K6,86500,2025-12-20 08:00:00,2025-12-21 11:50:00,27.833333333333332,False
燃氣,南部電廠,南複GT1-2,K6,86500,2025-12-20 08:00:00,2025-12-21 11:50:00,27.833333333333332,False
燃氣,南部電廠,南複GT2-1,K6,86500,2025-12-01 00:00:00,2025-12-01 21:14:00,21.233333333333334,False
燃氣,南部電廠,南複GT2-1,K6,86500,2025-12-20 08:00:00,2025-12-21 11:50:00,27.833333333333332,False
燃氣,南部電廠,南複GT2-2,K6,86500,2025-12-01 00:00:00,2025-12-01 21:14:00,21.233333333333334,False
燃氣,南部電廠,南複GT2-2,K6,86500,2025-12-20 08:00:00,2025-12-21 11:50:00,27.833333333333332,False
燃氣,南部電廠,南複GT3-1,K6,86500,2025-12-20 08:00:00,2025-12-21 11:50:00,27.833333333333332,False
燃氣,南部電廠,南複GT3-2,K6,86500,2025-12-20 08:00:00,2025-12-21 11:50:00,27.833333333333332,False
燃氣,南部電廠,南複#4GT,K6,248000,2025-12-01 00:00:00,2025-12-02 17:00:00,41.0,False
燃氣,南部電廠,南複ST1,K6,100000,2025-12-20 08:00:00,2025-12-21 11:50:00,27.833333333333332,False
燃氣,南部電廠,南複ST2,K6,100000,2025-12-01 00:00:00,2025-12-01 21:14:00,21.233333333333334,False
燃氣,南部電廠,南複ST2,K6,100000,2025-12-20 08:00:00,2025-12-21 11:50:00,27.833333333333332,False
燃氣,南部電廠,南複ST3,K5,100000,2025-12-14 05:51:00,2025-12-14 07:08:00,1.2833333333333334,False
燃氣,南部電廠,南複ST3,K6,100000,2025-12-20 08:00:00,2025-12-21 11:50:00,27.833333333333332,False
燃煤,大林電廠,#1,K5,560000,2025-12-01 00:00:00,2025-12-01 01:41:00,1.6833333333333333,False
燃煤,大林電廠,#1,K5,600000,2025-12-03 00:59:00,2025-12-03 12:01:00,11.033333333333333,False
燃煤,大林電廠,#1,K5,200000,2025-12-03 14:27:00,2025-12-03 16:43:00,2.2666666666666666,False
燃煤,大林電廠,#1,K5,200000,2025-12-17 07:30:00,2025-12-17 10:41:00,3.183333333333333,False
燃煤,大林電廠,#1,K10,800000,2025-12-30 00:12:00,2025-12-31 23:59:00,47.78333333333333,False
燃煤,大林電廠,#2,K5,300000,2025-12-07 15:18:00,2025-12-07 18:52:00,3.566666666666667,False
燃煤,大林電廠,#2,K5,400000,2025-12-28 07:00:00,2025-12-28 13:55:00,6.916666666666667,False
燃氣,大林電廠,#6,K5,150000,2025-12-12 07:00:00,2025-12-13 18:33:00,35.55,False
燃氣,大林電廠,#6,K5,70000,2025-12-20 09:15:00,2025-12-20 09:40:00,0.4166666666666667,False
燃氣,大林電廠,#6,K5,50000,2025-12-24 17:47:00,2025-12-24 19:13:00,1.4333333333333333,False
燃油,尖山電廠,#1,K6,10443,2025-12-15 09:30:00,2025-12-15 11:50:00,2.3333333333333335,False
燃油,尖山電廠,#2,K6,10443,2025-12-15 09:30:00,2025-12-15 11:50:00,2.3333333333333335,False
燃油,尖山電廠,#3,K6,10443,2025-12-15 09:30:00,2025-12-15 11:50:00,2.3333333333333335,False
燃油,尖山電廠,#4,K6,10443,2025-12-15 09:30:00,2025-12-15 11:50:00,2.3333333333333335,False
燃油,尖山電廠,#5,K6,11000,2025-12-25 08:39:00,2025-12-25 16:20:00,7.683333333333334,False
燃油,尖山電廠,#5,K6,11000,2025-12-29 08:00:00,2025-12-31 23:59:00,63.983333333333334,False
燃油,尖山電廠,#6,K6,11000,2025-12-25 08:39:00,2025-12-25 16:20:00,7.683333333333334,False
燃油,尖山電廠,#7,K6,11000,2025-12-25 08:39:00,2025-12-25 16:20:00,7.683333333333334,False
燃油,尖山電廠,#8,K6,11000,2025-12-18 09:00:00,2025-12-19 16:30:00,31.5,False
燃油,尖山電廠,#8,K6,11000,2025-12-25 08:39:00,2025-12-25 16:20:00,7.683333333333334,False
燃油,尖山電廠,#9,K6,11000,2025-12-23 09:30:00,2025-12-23 16:20:00,6.833333333333333,False
燃油,尖山電廠,#10,K6,11000,2025-12-23 09:30:00,2025-12-23 16:20:00,6.833333333333333,False
燃油,尖山電廠,#11,K10,11000,2025-12-01 00:00:00,2025-12-31 23:59:00,743.9833333333333,False
燃油,尖山電廠,#12,K6,11000,2025-12-22 11:30:00,2025-12-24 18:38:00,55.13333333333333,False
燃油,塔山電廠,塔山#5,K10,8250,2025-12-01 00:00:00,2025-12-29 00:00:00,672.0,False
燃油,塔山電廠,麒麟#5,K6,1540,2025-12-01 00:00:00,2025-12-03 00:00:00,48.0,False
燃油,塔山電廠,塔山#6,K6,8250,2025-12-02 09:23:00,2025-12-06 00:00:00,86.61666666666666,False
燃油,塔山電廠,麒麟#6,K6,1540,2025-12-10 00:50:00,2025-12-31 23:59:00,527.15,False
燃油,協和電廠,南竿#12,K10,2500,2025-12-01 00:00:00,2025-12-31 23:59:00,743.9833333333333,False
抽蓄水力,明潭電廠,明潭#1,K6,267000,2025-12-12 08:06:00,2025-12-15 16:31:00,80.41666666666667,False
抽蓄水力,明潭電廠,明潭#1,K6,267000,2025-12-16 15:04:00,2025-12-16 16:25:00,1.35,False
抽蓄水力,明潭電廠,明潭#2,K6,267000,2025-12-18 08:14:00,2025-12-18 10:53:00,2.65,False
抽蓄水力,明潭電廠,明潭#3,K6,267000,2025-12-17 08:00:00,2025-12-17 14:30:00,6.5,False
抽蓄水力,明潭電廠,明潭#4,K6,267000,2025-12-16 08:33:00,2025-12-16 13:45:00,5.2,False
抽蓄水力,明潭電廠,明潭#5,K10,267000,2025-12-01 00:00:00,2025-12-31 23:59:00,743.9833333333333,False
抽蓄水力,明潭電廠,明潭#6,K6,267000,2025-12-22 09:20:00,2025-12-25 16:05:00,78.75,False
抽蓄水力,大觀電廠,大觀(二)#2,K6,250000,2025-12-08 10:02:00,2025-12-09 17:34:00,31.533333333333335,False
抽蓄水力,大觀電廠,大觀(二)#4,K6,250000,2025-12-04 10:09:00,2025-12-12 17:08:00,198.98333333333332,False
燃油,琉球電廠,#4,KK,1500,2025-12-01 00:00:00,2025-12-31 23:59:00,743.9833333333333,False
燃油,虎井電廠,#1,KK,300,2025-12-01 00:00:00,2025-12-31 23:59:00,743.9833333333333,False
燃油,虎井電廠,#2,KK,300,2025-12-01 00:00:00,2025-12-31 23:59:00,743.9833333333333,False
燃油,綠島電廠,#7,K7,1000,2025-12-01 00:00:00,2025-12-31 23:59:00,743.9833333333333,True
燃油,綠島電廠,#8,K7,1500,2025-12-01 00:00:00,2025-12-31 23:59:00,743.9833333333333,True
燃油,蘭嶼電廠,#4,K7,1500,2025-12-12 00:00:00,2025-12-31 23:59:00,479.98333333333335,True
燃油,蘭嶼電廠,#6,K10,1000,2025-12-07 00:00:00,2025-12-31 23:59:00,599.9833333333333,False
燃油,東引電廠,#5,K6,1500,2025-12-26 00:00:00,2025-12-28 23:59:00,71.98333333333333,False
燃油,莒光電廠,#3,K7,1500,2025-12-01 00:00:00,2025-12-31 23:59:00,743.9833333333333,True
燃油,莒光電廠,#4,K7,1500,2025-12-01 00:00:00,2025-12-31 23:59:00,743.9833333333333,True
地熱,仁澤地熱發電站,#1,K7,840,2025-12-01 00:00:00,2025-12-29 18:10:00,690.1666666666666,True
